tok0,tok1,tok2,n_active,both_idle,c2_rank,c3_rank,act,c2_s1,c2_s3,c3_s1,c3_s3
8,0,0,1,1,7,7,1,1,1,1,1
5,3,0,2,1,7,7,0,1,1,1,0
16,0,0,1,1,0,7,1,0,0,0,0
24,22,6,5,1,7,7,0,1,1,1,1
24,22,6,3,1,7,7,4,-1,-1,0,-1
24,22,6,3,1,7,0,2,1,1,-1,-1
24,22,0,2,0,7,0,0,0,0,0,0
19,10,7,6,1,7,7,2,1,1,-1,-1
19,10,7,5,0,7,7,3,-1,-1,1,1
19,10,7,4,1,7,7,2,2,1,-1,-1
19,10,7,3,0,7,7,3,-1,-1,0,0
19,10,0,2,0,7,7,4,0,-1,-1,-1
19,10,0,2,0,0,7,1,0,0,0,0
10,0,0,1,1,7,7,1,1,0,1,1
2,1,1,7,1,7,7,0,1,1,1,1
1,1,1,5,1,7,7,0,1,1,1,1
1,1,1,3,1,7,7,0,1,1,1,1
1,0,0,1,1,7,7,2,2,2,-1,-1
24,0,0,1,1,0,7,1,0,0,0,0
19,1,1,6,1,7,7,2,2,2,-1,-1
19,1,1,5,0,7,7,3,-1,-1,2,2
19,1,1,4,0,7,7,2,2,2,-1,-1
19,1,1,3,0,7,7,3,-1,-1,2,2
19,1,0,2,0,7,7,1,0,0,0,0
1,0,0,1,1,7,7,2,2,2,-1,-1
16,0,0,1,1,7,7,1,0,0,0,0
34,8,3,5,1,7,7,2,2,1,-1,-1
34,8,2,4,0,7,7,3,-1,-1,2,1
34,8,1,3,1,7,7,2,2,2,-1,-1
34,8,0,2,0,7,7,1,0,0,0,0
8,0,0,1,0,7,7,1,1,1,1,1
23,3,3,4,1,7,7,2,2,1,-1,-1
23,3,3,3,0,7,7,3,-1,-1,1,1
23,3,0,2,0,7,7,2,1,1,-1,-1
23,0,0,1,0,7,7,1,0,0,0,0
3,3,3,4,1,0,7,0,1,1,1,1
3,3,0,2,1,7,7,0,1,1,1,1
4,4,2,6,1,7,7,0,1,1,1,1
2,2,2,4,1,7,7,0,1,1,1,1
2,2,0,2,1,7,7,0,1,1,1,1
2,1,1,3,1,7,7,0,1,1,1,1
1,0,0,1,1,7,7,2,2,2,-1,-1
15,15,14,7,1,0,7,0,1,1,1,1
15,15,14,5,1,7,7,4,-1,-1,0,-1
15,15,14,5,1,7,0,2,1,1,-1,-1
15,15,14,4,0,7,0,3,-1,-1,1,2
15,15,14,3,0,7,7,4,2,-1,-1,-1
15,15,14,3,0,0,7,1,0,0,0,1
15,14,0,2,1,7,7,4,-1,-1,2,-1
15,14,0,2,1,7,0,0,0,0,0,0
16,5,3,3,1,7,7,1,0,0,0,1
5,3,0,2,1,7,7,4,-1,-1,2,-1
5,3,0,2,1,7,0,0,1,0,1,1
36,6,2,7,1,7,7,2,2,2,-1,-1
36,6,1,6,0,7,7,3,-1,-1,2,2
36,6,1,5,0,7,7,2,2,2,-1,-1
36,6,1,4,0,7,7,3,-1,-1,2,2
36,6,1,3,0,7,7,1,0,0,0,0
6,1,0,2,1,7,7,4,0,-1,-1,-1
6,1,0,2,1,0,7,4,-1,-1,0,-1
6,1,0,2,1,0,0,1,1,1,2,2
1,0,0,1,0,7,7,3,-1,-1,1,2
45,19,0,2,1,7,7,1,0,0,0,0
19,0,0,1,0,7,7,1,0,0,0,0
6,1,1,7,1,0,7,0,1,1,1,1
6,1,1,5,1,7,7,0,1,1,1,1
6,1,1,3,1,7,7,2,2,2,-1,-1
6,1,0,2,0,7,7,0,1,1,0,2
4,0,0,1,1,7,7,1,1,1,1,1
21,11,0,2,1,7,7,1,0,0,0,0
11,0,0,1,0,7,7,1,1,1,1,1
10,7,7,3,1,7,7,1,1,0,1,1
7,7,0,2,0,7,7,0,0,0,0,0
9,4,3,3,1,7,7,1,1,0,1,1
4,3,0,2,0,7,7,0,1,1,1,1
4,4,4,8,1,7,7,0,1,1,1,1
4,4,4,6,1,7,7,0,1,1,1,1
4,4,4,4,1,7,7,0,1,1,1,1
4,4,0,2,1,7,7,0,1,1,1,1
16,0,0,1,1,7,7,1,0,0,0,0
64,0,0,1,1,7,7,1,0,0,0,0
50,10,4,3,1,0,7,1,0,0,0,1
10,4,0,2,0,7,7,4,-1,-1,0,-1
10,4,0,2,0,7,0,2,1,1,-1,-1
10,0,0,1,0,7,0,1,1,0,1,1
10,3,1,5,1,7,7,2,2,2,-1,-1
10,3,1,4,0,7,7,3,-1,-1,2,1
10,3,1,3,0,7,7,2,1,1,-1,-1
10,1,0,2,0,7,7,3,-1,-1,1,2
10,0,0,1,0,7,7,1,1,0,1,1
40,24,0,2,1,7,7,1,0,0,0,0
24,0,0,1,1,7,7,1,0,0,0,0
4,4,4,4,1,7,7,0,1,1,1,1
4,4,0,2,1,7,7,0,1,1,1,1
8,0,0,1,1,7,7,1,1,1,1,1
8,2,2,5,1,7,7,0,1,1,1,1
8,2,2,3,1,7,7,2,2,2,-1,-1
8,2,0,2,0,7,7,1,1,1,1,1
2,0,0,1,1,7,7,2,2,2,-1,-1
22,22,10,4,1,0,7,0,0,0,0,1
22,22,0,2,1,7,7,4,-1,-1,2,-1
22,22,0,2,1,7,0,0,0,0,0,0
4,4,0,2,1,0,1,0,1,1,1,1
4,0,0,1,1,7,7,1,1,1,1,1
10,3,2,4,1,0,7,2,2,1,-1,-1
10,2,1,3,0,7,7,3,-1,-1,1,2
10,1,0,2,0,7,7,1,1,1,1,2
1,0,0,1,0,7,7,2,2,2,-1,-1
15,3,1,8,1,0,7,0,1,1,1,1
15,1,1,6,1,7,7,0,1,1,1,1
15,1,1,4,1,7,7,2,2,2,-1,-1
15,1,1,3,0,7,7,3,-1,-1,2,2
15,1,0,2,0,7,7,1,0,0,0,0
1,0,0,1,1,7,7,2,2,2,-1,-1
4,0,0,1,1,7,7,1,1,1,1,1
32,7,3,8,1,7,7,0,1,1,1,1
32,7,1,6,1,7,7,2,2,2,-1,-1
32,7,1,5,0,7,7,3,-1,-1,2,2
32,7,1,4,0,7,7,2,2,2,-1,-1
32,7,1,3,0,7,7,1,0,0,0,0
7,1,0,2,1,7,7,4,0,-1,-1,-1
7,1,0,2,1,0,7,1,1,1,1,1
1,0,0,1,1,7,7,2,2,2,-1,-1
48,0,0,1,1,7,7,1,0,0,0,0
18,1,1,7,1,0,7,0,1,1,1,1
18,1,1,5,1,7,7,2,2,2,-1,-1
18,1,1,4,0,7,7,3,-1,-1,2,2
18,1,1,3,0,7,7,2,2,2,-1,-1
18,1,0,2,0,7,7,1,0,0,0,0
1,0,0,1,0,7,7,2,2,2,-1,-1
5,4,3,5,1,7,7,0,1,1,1,1
5,2,2,3,1,7,7,2,2,2,-1,-1
5,2,0,2,0,7,7,0,1,1,0,2
32,0,0,1,1,0,7,1,0,0,0,0
12,0,0,1,1,7,7,1,1,1,1,1
4,4,0,2,1,7,7,0,1,1,1,1
16,0,0,1,1,7,7,1,0,0,0,0
8,3,2,6,1,7,7,0,1,1,1,1
8,1,1,4,1,7,7,2,2,2,-1,-1
8,1,1,3,0,7,7,3,-1,-1,2,2
8,1,0,2,0,7,7,2,2,2,-1,-1
8,0,0,1,0,7,7,1,1,1,1,1
16,16,0,2,1,7,7,0,0,0,0,0
4,3,3,5,1,7,7,0,1,1,1,1
3,3,3,3,1,7,7,0,1,1,1,1
3,0,0,1,1,7,7,1,1,1,1,1
8,3,2,6,1,7,7,0,1,1,1,1
8,1,1,4,1,7,7,2,2,2,-1,-1
8,1,1,3,0,7,7,3,-1,-1,2,2
8,1,0,2,0,7,7,2,2,2,-1,-1
8,0,0,1,0,7,7,1,1,1,1,1
4,0,0,1,1,7,7,1,1,1,1,1
17,7,0,2,1,7,7,1,0,0,0,0
7,0,0,1,0,7,7,1,1,1,1,1
12,4,4,4,1,7,7,2,2,1,-1,-1
12,4,4,3,0,7,7,3,-1,-1,1,1
12,4,0,2,0,7,7,2,1,1,-1,-1
12,0,0,1,0,7,7,1,1,1,1,1
24,22,6,5,1,7,7,0,1,1,1,1
24,22,6,3,1,7,7,4,-1,-1,0,-1
24,22,6,3,1,7,0,2,1,1,-1,-1
24,22,0,2,0,7,0,0,0,0,0,0
12,9,9,5,1,7,7,1,1,0,1,1
9,9,9,4,0,7,7,4,-1,-1,2,-1
9,9,9,4,0,7,0,1,1,0,1,2
9,9,9,3,0,7,7,4,-1,-1,2,-1
9,9,9,3,0,7,0,1,1,0,1,2
9,9,0,2,0,7,7,4,-1,-1,2,-1
9,9,0,2,0,7,0,0,0,0,0,0
14,5,5,3,1,0,7,1,0,0,0,1
5,5,0,2,1,7,7,4,-1,-1,2,-1
5,5,0,2,1,7,0,0,1,1,1,1
8,0,0,1,1,7,7,1,1,1,1,1
2,1,1,3,1,7,7,0,1,1,1,1
1,0,0,1,1,7,7,2,2,2,-1,-1
6,6,6,6,1,7,7,2,2,2,-1,-1
6,6,6,5,0,7,7,3,-1,-1,2,2
6,6,6,4,0,7,7,0,1,1,1,1
6,2,0,2,1,7,7,4,-1,-1,0,-1
6,2,0,2,1,7,0,2,1,1,-1,-1
2,0,0,1,0,7,7,3,-1,-1,2,1
10,2,2,4,1,0,7,2,2,2,-1,-1
10,2,2,3,0,7,7,3,-1,-1,2,1
10,2,0,2,0,7,7,1,1,1,1,2
2,0,0,1,0,7,7,2,2,2,-1,-1
16,0,0,1,1,7,7,1,0,0,0,0
2,2,0,2,1,0,7,0,2,1,2,1
16,4,4,3,1,7,7,1,0,0,0,0
4,4,0,2,1,7,7,0,1,1,1,1
1,1,1,4,1,0,7,0,2,1,2,1
1,1,0,2,1,7,7,0,1,1,1,1
17,4,2,4,1,0,7,2,2,1,-1,-1
17,2,1,3,0,7,7,3,-1,-1,1,2
17,1,0,2,0,7,7,1,0,0,0,0
1,0,0,1,0,7,7,2,2,2,-1,-1
24,0,0,1,1,7,7,1,0,0,0,0
48,0,0,1,1,7,7,1,0,0,0,0
4,2,2,5,1,0,7,0,1,1,2,2
2,2,2,3,0,7,7,3,-1,-1,1,2
2,2,0,2,0,7,7,0,1,1,1,1
20,2,2,7,1,0,7,0,1,1,1,1
20,2,2,5,1,7,7,2,2,2,-1,-1
20,2,2,4,0,7,7,3,-1,-1,2,2
20,2,2,3,0,7,7,2,2,2,-1,-1
20,2,0,2,0,7,7,1,0,0,0,0
2,0,0,1,1,7,7,2,2,2,-1,-1
24,0,0,1,1,7,7,1,0,0,0,0
48,0,0,1,1,7,7,1,0,0,0,0
16,16,0,2,1,7,7,0,0,0,0,0
22,10,6,6,1,7,7,0,1,1,1,0
22,10,3,4,0,7,7,4,0,-1,-1,-1
22,10,3,4,0,0,7,3,-1,-1,1,1
22,10,3,3,0,0,7,2,1,1,-1,-1
22,10,0,2,0,7,7,1,0,0,0,0
10,0,0,1,1,7,7,1,1,0,1,1
36,2,2,7,1,7,7,2,2,2,-1,-1
36,2,2,6,0,7,7,3,-1,-1,2,2
36,2,2,5,0,7,7,2,2,2,-1,-1
36,2,2,4,0,7,7,3,-1,-1,2,2
36,2,2,3,0,7,7,2,2,2,-1,-1
36,2,0,2,0,7,7,1,0,0,0,0
2,0,0,1,1,7,7,2,2,2,-1,-1
2,1,1,3,1,7,7,0,1,1,1,1
1,0,0,1,1,7,7,2,2,2,-1,-1
43,3,3,8,1,7,7,2,1,1,-1,-1
43,3,3,7,0,7,7,3,-1,-1,1,1
43,3,3,6,1,7,7,2,1,1,-1,-1
43,3,3,5,0,7,7,3,-1,-1,1,1
43,3,3,4,1,7,7,2,2,1,-1,-1
43,3,3,3,0,7,7,3,-1,-1,1,1
43,3,0,2,0,7,7,2,1,1,-1,-1
43,0,0,1,0,7,7,1,0,0,0,0
4,1,1,5,1,7,7,0,1,1,1,1
1,1,1,3,1,7,7,0,1,1,1,1
1,0,0,1,1,7,7,2,2,2,-1,-1
7,4,2,5,1,7,7,0,1,1,1,1
7,2,1,3,1,7,7,2,2,2,-1,-1
7,1,0,2,0,7,7,1,1,1,1,1
1,0,0,1,1,7,7,2,2,2,-1,-1
9,1,1,8,1,0,1,0,2,1,2,1
9,1,1,6,1,7,7,0,1,1,1,1
9,1,1,4,1,7,7,2,2,2,-1,-1
9,1,1,3,0,7,7,3,-1,-1,2,2
9,1,0,2,0,7,7,1,1,1,1,2
1,0,0,1,0,7,7,2,2,2,-1,-1
7,3,2,7,1,7,7,0,1,1,1,1
7,1,1,5,1,7,7,0,1,1,1,1
7,1,1,3,1,7,7,2,2,2,-1,-1
7,1,0,2,0,7,7,1,1,1,1,1
1,0,0,1,1,7,7,2,2,2,-1,-1
37,7,3,4,1,0,7,2,2,2,-1,-1
37,7,3,3,0,7,7,1,0,0,0,0
7,3,0,2,0,7,7,3,-1,-1,1,1
7,0,0,1,0,7,7,1,1,1,1,1
13,3,0,2,1,7,7,1,0,0,1,1
3,0,0,1,0,7,7,3,-1,-1,1,1
8,8,8,8,1,0,1,2,1,1,-1,-1
8,8,8,7,0,7,1,3,-1,-1,1,1
8,8,8,6,1,7,7,2,1,1,-1,-1
8,8,8,5,0,7,7,3,-1,-1,1,1
8,8,8,4,1,7,7,0,0,0,0,1
8,8,0,2,1,7,7,4,-1,-1,2,-1
8,8,0,2,1,7,0,0,0,0,0,0
8,8,4,4,1,7,7,2,2,2,-1,-1
8,8,4,3,0,7,7,3,-1,-1,2,0
8,8,0,2,0,7,7,4,0,-1,-1,-1
8,8,0,2,0,0,7,0,0,0,0,0
26,16,12,4,1,7,7,1,0,1,0,1
16,12,10,3,1,7,7,4,0,-1,-1,-1
16,12,10,3,1,0,7,4,-1,-1,0,-1
16,12,10,3,1,0,0,1,0,0,0,1
12,10,0,2,1,7,7,4,-1,-1,2,-1
12,10,0,2,1,7,0,0,0,0,0,0
14,5,2,6,1,7,7,2,2,2,-1,-1
14,5,1,5,0,7,7,3,-1,-1,2,2
14,5,1,4,0,7,7,2,2,1,-1,-1
14,5,1,3,0,7,7,1,0,0,0,1
5,1,0,2,1,7,7,4,-1,-1,2,-1
5,1,0,2,1,7,0,0,0,2,1,1
10,1,1,7,1,7,7,0,1,1,1,1
10,1,1,5,1,7,7,2,2,2,-1,-1
10,1,1,4,0,7,7,3,-1,-1,2,2
10,1,1,3,0,7,7,2,2,1,-1,-1
10,1,0,2,0,7,7,1,1,1,1,2
1,0,0,1,0,7,7,2,2,2,-1,-1
28,4,4,6,1,7,7,2,1,1,-1,-1
28,4,4,5,0,7,7,3,-1,-1,1,0
28,4,4,4,0,7,7,2,1,1,-1,-1
28,4,4,3,0,7,7,3,-1,-1,1,1
28,4,0,2,0,7,7,2,1,1,-1,-1
28,0,0,1,0,7,7,1,0,0,0,0
48,0,0,1,1,0,7,1,0,0,0,0
2,1,1,3,1,0,7,0,2,1,2,1
1,0,0,1,1,7,7,2,2,2,-1,-1
39,13,7,4,1,0,7,1,0,0,0,0
13,7,5,3,1,7,7,4,0,-1,-1,-1
13,7,5,3,1,0,7,4,-1,-1,0,-1
13,7,5,3,1,0,0,1,0,0,0,1
7,5,0,2,1,7,7,4,-1,-1,2,-1
7,5,0,2,1,7,0,0,0,0,0,0
34,7,7,3,1,7,7,1,0,0,0,0
7,7,0,2,0,7,7,4,0,-1,-1,-1
7,7,0,2,0,0,7,0,0,0,0,0
1,1,1,4,1,7,7,0,1,1,1,1
1,1,0,2,1,7,7,0,1,1,1,1
34,7,7,3,1,7,7,1,0,0,0,0
7,7,0,2,0,7,7,4,0,-1,-1,-1
7,7,0,2,0,0,7,0,0,0,0,0
11,5,3,7,1,7,7,0,1,1,1,1
11,5,1,5,1,7,7,2,2,2,-1,-1
11,5,1,4,0,7,7,3,-1,-1,2,2
11,5,1,3,0,7,7,2,2,2,-1,-1
11,5,0,2,0,7,7,1,1,1,1,1
5,0,0,1,1,7,7,1,1,1,1,1
8,4,3,7,1,7,7,0,1,1,1,1
8,3,2,5,1,7,7,0,1,1,1,1
8,2,2,3,1,7,7,2,2,2,-1,-1
8,2,0,2,0,7,7,1,1,1,1,1
2,0,0,1,1,7,7,2,2,2,-1,-1
2,1,1,3,1,7,7,0,1,1,1,1
1,0,0,1,1,7,7,2,2,2,-1,-1
6,6,2,4,1,7,7,0,1,1,1,1
6,6,0,2,1,7,7,0,1,1,1,1
5,1,1,8,1,7,7,0,1,1,1,1
5,1,1,6,1,7,7,0,1,1,1,1
5,1,1,4,1,7,7,0,1,1,1,1
5,1,0,2,1,7,7,0,1,1,0,2
15,4,2,6,1,7,7,0,1,1,1,1
15,1,1,4,1,7,7,2,2,2,-1,-1
15,1,1,3,0,7,7,3,-1,-1,2,2
15,1,0,2,0,7,7,1,0,0,0,0
1,0,0,1,1,7,7,2,2,2,-1,-1
18,6,0,2,1,0,1,1,0,0,0,0
6,0,0,1,0,7,7,1,1,1,1,1
12,4,0,2,1,7,7,1,1,1,1,1
4,0,0,1,1,7,7,1,1,1,1,1
17,7,0,2,1,7,7,1,0,0,0,0
7,0,0,1,0,7,7,1,1,1,1,1
8,8,8,6,1,7,7,0,0,0,0,1
8,8,8,4,1,7,7,4,-1,-1,2,-1
8,8,8,4,1,7,0,1,1,1,1,1
8,8,8,3,1,7,7,1,1,1,1,1
8,8,0,2,1,7,7,0,0,0,0,0
6,6,6,8,1,7,7,0,1,1,1,1
6,6,6,6,1,7,7,4,-1,-1,0,-1
6,6,6,6,1,7,0,2,1,1,-1,-1
6,6,6,5,0,7,7,3,-1,-1,1,1
6,6,6,4,1,7,7,4,-1,-1,0,-1
6,6,6,4,1,7,0,2,1,1,-1,-1
6,6,6,3,0,7,7,3,-1,-1,1,2
6,6,0,2,0,7,7,4,2,-1,-1,-1
6,6,0,2,0,0,7,0,1,1,1,1
47,12,5,3,1,7,7,1,0,0,0,0
12,5,0,2,1,7,7,4,0,-1,-1,-1
12,5,0,2,1,0,7,1,1,1,1,1
5,0,0,1,1,7,7,1,1,1,1,1
40,11,5,8,1,7,7,2,2,2,-1,-1
40,11,5,7,0,7,7,3,-1,-1,2,2
40,11,5,6,0,7,7,2,2,2,-1,-1
40,11,5,5,0,7,7,3,-1,-1,1,2
40,11,5,4,0,7,7,2,1,1,-1,-1
40,11,3,3,0,7,7,3,-1,-1,1,1
40,11,0,2,0,7,7,1,0,0,0,0
11,0,0,1,1,7,7,1,1,1,1,1
12,4,0,2,1,0,1,1,1,1,1,1
4,0,0,1,1,7,7,1,1,1,1,1
32,0,0,1,1,0,7,1,0,0,0,0
23,5,2,5,1,7,7,2,2,2,-1,-1
23,5,1,4,0,7,7,3,-1,-1,2,2
23,5,1,3,0,7,7,2,2,2,-1,-1
23,5,0,2,0,7,7,1,0,0,0,0
5,0,0,1,1,7,7,1,1,1,1,1
2,2,0,2,1,0,1,0,2,1,2,1
9,1,1,8,1,7,7,0,1,1,1,1
9,1,1,6,1,7,7,0,1,1,1,1
9,1,1,4,1,7,7,2,2,2,-1,-1
9,1,1,3,0,7,7,3,-1,-1,2,2
9,1,0,2,0,7,7,1,1,1,1,2
1,0,0,1,0,7,7,2,2,2,-1,-1
11,6,4,4,1,7,7,0,1,1,1,0
11,3,0,2,0,7,7,4,0,-1,-1,-1
11,3,0,2,0,0,7,3,-1,-1,1,1
11,0,0,1,0,0,7,1,1,1,1,1
32,0,0,1,1,7,7,1,0,0,0,0
29,14,9,5,1,7,7,0,0,0,0,1
29,14,9,3,0,7,7,4,-1,-1,2,-1
29,14,9,3,0,7,0,1,0,0,0,0
14,9,0,2,0,7,7,4,0,-1,-1,-1
14,9,0,2,0,0,7,0,0,0,0,0
6,1,1,3,1,7,7,0,1,1,1,2
1,0,0,1,0,7,7,3,-1,-1,1,2
17,7,0,2,1,7,7,1,0,0,0,0
7,0,0,1,0,7,7,1,1,1,1,1
23,6,3,3,1,7,7,1,0,0,0,0
6,3,0,2,1,7,7,4,2,-1,-1,-1
6,3,0,2,1,0,7,0,1,1,1,0
4,0,0,1,1,7,7,1,1,1,1,1
45,19,0,2,1,7,7,1,0,0,0,0
19,0,0,1,0,7,7,1,0,0,0,0
46,9,3,8,1,7,7,2,2,2,-1,-1
46,9,3,7,0,7,7,3,-1,-1,2,2
46,9,3,6,0,7,7,2,2,2,-1,-1
46,9,3,5,0,7,7,3,-1,-1,2,1
46,9,3,4,0,7,7,2,1,1,-1,-1
46,9,1,3,0,7,7,3,-1,-1,1,2
46,9,0,2,0,7,7,1,0,0,0,0
9,0,0,1,0,7,7,1,1,0,1,1
5,3,0,2,1,7,7,0,1,1,1,0
4,2,2,5,1,7,7,0,1,1,1,1
2,2,2,3,1,7,7,0,1,1,1,1
2,0,0,1,1,7,7,2,2,2,-1,-1
17,17,7,4,1,0,1,0,0,0,0,1
17,17,0,2,1,7,7,4,-1,-1,2,-1
17,17,0,2,1,7,0,0,0,0,0,0
24,22,6,5,1,0,7,0,1,1,1,1
24,22,6,3,1,7,7,4,-1,-1,0,-1
24,22,6,3,1,7,0,2,1,1,-1,-1
24,22,0,2,0,7,0,0,0,0,0,0
4,0,0,1,1,7,7,1,1,1,1,1
8,2,2,5,1,7,7,0,1,1,1,1
8,2,2,3,1,7,7,2,2,2,-1,-1
8,2,0,2,0,7,7,1,1,1,1,1
2,0,0,1,1,7,7,2,2,2,-1,-1
4,2,2,3,1,0,1,0,1,1,2,2
2,0,0,1,0,7,7,3,-1,-1,1,2
24,0,0,1,1,0,7,1,0,0,0,0
6,4,2,5,1,7,7,0,1,1,1,1
6,2,2,3,1,7,7,2,2,2,-1,-1
6,2,0,2,0,7,7,0,1,1,0,2
5,1,1,4,1,7,7,2,2,2,-1,-1
5,1,1,3,0,7,7,3,-1,-1,2,2
5,1,0,2,0,7,7,2,2,2,-1,-1
5,0,0,1,0,7,7,1,1,1,1,1
3,1,0,2,1,7,7,0,1,1,1,1
1,1,1,8,1,7,7,0,1,1,1,1
1,1,1,6,1,7,7,0,1,1,1,1
1,1,1,4,1,7,7,0,1,1,1,1
1,1,0,2,1,7,7,0,1,1,1,1
8,8,8,8,1,7,7,0,0,0,0,1
8,8,8,6,1,7,7,4,-1,-1,2,-1
8,8,8,6,1,7,0,1,1,1,1,1
8,8,8,5,1,7,7,0,0,0,0,1
8,8,8,3,1,7,7,4,-1,-1,2,-1
8,8,8,3,1,7,0,1,1,1,1,1
8,8,0,2,1,7,7,0,0,0,0,0
8,6,6,5,1,7,7,0,1,1,1,1
8,6,6,3,1,7,7,4,-1,-1,2,-1
8,6,6,3,1,7,0,2,1,1,-1,-1
8,6,0,2,0,7,0,3,-1,-1,1,0
8,0,0,1,1,7,7,1,1,1,1,1
2,1,1,3,1,7,7,0,1,1,1,1
1,0,0,1,1,7,7,2,2,2,-1,-1
39,12,6,5,1,0,7,2,2,2,-1,-1
39,12,6,4,0,7,7,3,-1,-1,2,0
39,12,6,3,0,7,7,4,0,-1,-1,-1
39,12,6,3,0,0,7,1,0,0,0,0
12,6,0,2,1,7,7,1,1,1,1,1
6,0,0,1,1,7,7,1,1,1,1,1
30,13,8,6,1,7,7,2,1,1,-1,-1
30,13,8,5,0,7,7,3,-1,-1,1,1
30,13,8,4,1,7,7,2,2,1,-1,-1
30,13,8,3,0,7,7,3,-1,-1,0,0
30,13,0,2,0,7,7,4,0,-1,-1,-1
30,13,0,2,0,0,7,1,0,0,0,0
13,0,0,1,0,7,7,1,0,0,0,0
20,2,2,7,1,0,7,0,1,1,1,1
20,2,2,5,1,7,7,2,2,2,-1,-1
20,2,2,4,0,7,7,3,-1,-1,2,2
20,2,2,3,0,7,7,2,2,2,-1,-1
20,2,0,2,0,7,7,1,0,0,0,0
2,0,0,1,1,7,7,2,2,2,-1,-1
45,19,0,2,1,0,7,1,0,0,0,0
19,0,0,1,0,7,7,1,0,0,0,0
10,9,9,7,1,7,7,1,1,0,1,2
9,9,9,6,0,7,7,4,-1,-1,2,-1
9,9,9,6,0,7,0,1,1,0,1,2
9,9,9,5,0,7,7,4,-1,-1,2,-1
9,9,9,5,0,7,0,1,1,0,1,2
9,9,9,4,0,7,7,4,-1,-1,2,-1
9,9,9,4,0,7,0,1,1,0,1,2
9,9,9,3,0,7,7,4,-1,-1,2,-1
9,9,9,3,0,7,0,1,1,0,1,2
9,9,0,2,0,7,7,4,-1,-1,2,-1
9,9,0,2,0,7,0,0,0,0,0,0
11,11,11,8,1,7,7,2,1,1,-1,-1
11,11,11,7,0,7,7,3,-1,-1,1,1
11,11,11,6,1,7,7,4,-1,-1,0,-1
11,11,11,6,1,7,0,2,1,1,-1,-1
11,11,11,5,0,7,0,3,-1,-1,1,0
11,11,11,4,0,7,7,4,2,-1,-1,-1
11,11,11,4,0,0,7,1,1,1,1,1
11,11,11,3,1,7,7,4,-1,-1,0,-1
11,11,11,3,1,7,0,2,0,0,-1,-1
11,11,0,2,0,7,7,3,-1,-1,0,2
11,0,0,1,0,7,7,1,1,1,1,1
7,2,1,5,1,7,7,0,1,1,1,1
7,1,1,3,1,7,7,2,2,2,-1,-1
7,1,0,2,0,7,7,1,1,1,1,1
1,0,0,1,1,7,7,2,2,2,-1,-1
7,5,4,3,1,0,7,1,1,1,1,1
5,4,0,2,1,7,7,0,1,1,1,0
10,6,0,2,1,7,7,0,0,0,0,0
13,5,3,5,1,0,7,2,2,1,-1,-1
13,5,3,4,0,7,7,3,-1,-1,1,1
13,5,1,3,0,7,7,2,1,1,-1,-1
13,5,0,2,0,7,7,1,0,0,0,0
5,0,0,1,1,7,7,1,1,1,1,1
50,10,4,3,1,7,7,1,0,0,0,1
10,4,0,2,0,7,7,4,-1,-1,0,-1
10,4,0,2,0,7,0,2,1,1,-1,-1
10,0,0,1,0,7,0,1,1,0,1,1
14,4,2,7,1,7,7,0,1,1,1,1
14,1,1,5,1,7,7,2,2,2,-1,-1
14,1,1,4,0,7,7,3,-1,-1,2,2
14,1,1,3,0,7,7,2,2,1,-1,-1
14,1,0,2,0,7,7,1,0,0,1,0
1,0,0,1,0,7,7,3,-1,-1,2,2
10,8,2,5,1,0,7,2,2,2,-1,-1
10,8,2,4,0,7,7,3,-1,-1,2,1
10,8,2,3,0,7,7,1,1,0,1,1
8,2,0,2,0,7,7,2,2,2,-1,-1
8,0,0,1,0,7,7,1,1,1,1,1
36,11,6,8,1,0,1,2,2,2,-1,-1
36,11,6,7,0,7,1,3,-1,-1,2,2
36,11,6,6,0,7,7,2,2,1,-1,-1
36,11,6,5,0,7,7,3,-1,-1,1,1
36,11,6,4,0,7,7,2,1,1,-1,-1
36,11,6,3,0,7,7,3,-1,-1,1,1
36,11,0,2,0,7,7,1,0,0,0,0
11,0,0,1,1,7,7,1,1,1,1,1
32,0,0,1,1,7,7,1,0,0,0,0
17,17,7,4,1,0,7,0,0,0,0,1
17,17,0,2,1,7,7,4,-1,-1,2,-1
17,17,0,2,1,7,0,0,0,0,0,0
25,1,1,8,1,0,7,0,1,1,1,1
25,1,1,6,1,7,7,2,2,2,-1,-1
25,1,1,5,0,7,7,3,-1,-1,2,2
25,1,1,4,0,7,7,2,2,2,-1,-1
25,1,1,3,0,7,7,3,-1,-1,2,2
25,1,0,2,0,7,7,1,0,0,0,0
1,0,0,1,0,7,7,3,-1,-1,2,2
64,0,0,1,1,7,7,1,0,0,0,0
36,28,0,2,1,7,7,1,0,0,0,0
28,0,0,1,1,7,7,1,0,0,0,0
10,2,0,2,1,7,7,1,1,1,1,2
2,0,0,1,0,7,7,2,2,2,-1,-1
34,14,0,2,1,0,7,1,0,0,0,0
14,0,0,1,0,7,7,1,0,0,0,0
64,0,0,1,1,7,7,1,0,0,0,0
8,0,0,1,1,7,7,1,1,1,1,1
5,4,1,5,1,7,7,0,1,1,1,1
5,1,1,3,1,7,7,2,2,2,-1,-1
5,1,0,2,0,7,7,0,1,1,0,2
2,1,1,3,1,7,7,0,1,1,1,1
1,0,0,1,1,7,7,2,2,2,-1,-1
24,14,10,3,1,0,7,1,0,0,0,0
14,10,0,2,1,7,7,4,2,-1,-1,-1
14,10,0,2,1,0,7,0,0,0,0,0
45,13,6,3,1,0,7,1,0,0,0,0
13,6,0,2,0,7,7,4,0,-1,-1,-1
13,6,0,2,0,0,7,1,0,0,0,0
6,0,0,1,1,7,7,1,1,1,1,1
1,1,1,4,1,7,7,0,1,1,1,1
1,1,0,2,1,7,7,0,1,1,1,1
64,0,0,1,1,7,7,1,0,0,0,0
23,10,6,5,1,0,1,0,1,1,1,1
23,10,4,3,1,7,7,4,-1,-1,0,-1
23,10,4,3,1,7,0,2,1,1,-1,-1
23,10,0,2,0,7,0,1,0,0,0,0
10,0,0,1,1,7,7,1,1,0,1,1
4,2,1,4,1,7,7,0,1,1,1,1
1,1,0,2,1,7,7,0,1,1,1,1
24,0,0,1,1,0,7,1,0,0,0,0
4,0,0,1,1,0,7,1,2,1,2,1
7,3,2,6,1,7,7,0,1,1,1,1
7,2,1,4,1,7,7,2,2,2,-1,-1
7,1,1,3,0,7,7,3,-1,-1,2,2
7,1,0,2,0,7,7,2,2,2,-1,-1
7,0,0,1,0,7,7,1,1,1,1,1
8,4,0,2,1,7,7,0,0,0,0,0
64,0,0,1,1,7,7,1,0,0,0,0
12,6,4,7,1,7,7,0,1,1,1,1
12,6,3,5,1,7,7,2,2,2,-1,-1
12,6,3,4,0,7,7,3,-1,-1,2,1
12,6,3,3,0,7,7,1,1,1,1,1
6,3,0,2,1,7,7,0,1,1,1,0
18,4,2,3,1,0,7,1,0,0,0,0
4,2,0,2,0,7,7,2,1,1,-1,-1
2,0,0,1,0,7,7,3,-1,-1,1,2
20,12,0,2,1,7,7,1,0,0,0,0
12,0,0,1,1,7,7,1,1,1,1,1
8,8,8,6,1,0,7,1,1,1,1,1
8,8,8,5,1,7,7,0,0,0,0,1
8,8,8,3,1,7,7,4,-1,-1,2,-1
8,8,8,3,1,7,0,1,1,1,1,1
8,8,0,2,1,7,7,0,0,0,0,0
19,5,0,2,1,7,7,1,0,0,0,0
5,0,0,1,1,7,7,1,1,1,1,1
8,8,8,6,1,7,7,0,0,0,0,1
8,8,8,4,1,7,7,4,-1,-1,2,-1
8,8,8,4,1,7,0,1,1,1,1,1
8,8,8,3,1,7,7,1,1,1,1,1
8,8,0,2,1,7,7,0,0,0,0,0
2,1,1,3,1,7,7,0,1,1,1,1
1,0,0,1,1,7,7,2,2,2,-1,-1
1,1,1,8,1,7,7,0,1,1,1,1
1,1,1,6,1,7,7,0,1,1,1,1
1,1,1,4,1,7,7,0,1,1,1,1
1,1,0,2,1,7,7,0,1,1,1,1
24,24,0,2,1,7,7,0,0,0,0,0
32,32,0,2,1,7,7,0,0,0,0,0
44,4,4,6,1,0,7,2,1,1,-1,-1
44,4,4,5,0,7,7,3,-1,-1,1,0
44,4,4,4,0,7,7,2,1,1,-1,-1
44,4,4,3,0,7,7,3,-1,-1,1,1
44,4,0,2,0,7,7,2,1,1,-1,-1
44,0,0,1,0,7,7,1,0,0,0,0
34,14,0,2,1,0,7,1,0,0,0,0
14,0,0,1,0,7,7,1,0,0,0,0
2,1,1,3,1,7,7,0,1,1,1,1
1,0,0,1,1,7,7,2,2,2,-1,-1
3,1,1,6,1,7,7,0,1,1,1,1
1,1,1,4,1,7,7,0,1,1,1,1
1,1,0,2,1,7,7,0,1,1,1,1
18,11,8,5,1,0,7,0,1,0,1,1
18,11,8,3,0,7,7,4,-1,-1,2,-1
18,11,8,3,0,7,0,1,0,0,0,1
11,8,0,2,0,7,7,4,-1,-1,2,-1
11,8,0,2,0,7,0,1,1,1,1,1
8,0,0,1,1,7,7,1,1,1,1,1
16,0,0,1,1,7,7,1,0,0,0,0
3,3,3,4,1,7,7,0,1,1,1,1
3,3,0,2,1,7,7,0,1,1,1,1
7,4,3,4,1,7,7,0,1,1,1,1
7,2,0,2,1,7,7,1,1,1,1,1
2,0,0,1,1,7,7,2,2,2,-1,-1
10,1,1,3,1,7,7,1,1,1,1,2
1,1,0,2,0,7,7,2,2,2,-1,-1
1,0,0,1,0,7,7,3,-1,-1,2,2
2,2,0,2,1,7,7,0,1,1,1,1
32,0,0,1,1,0,7,1,0,0,0,0
6,2,0,2,1,7,7,0,1,1,0,2
16,0,0,1,1,7,7,1,0,0,0,0
4,0,0,1,1,0,7,1,2,1,2,1
1,1,1,8,1,7,7,0,1,1,1,1
1,1,1,6,1,7,7,0,1,1,1,1
1,1,1,4,1,7,7,0,1,1,1,1
1,1,0,2,1,7,7,0,1,1,1,1
6,6,0,2,1,7,7,0,1,1,1,1
17,1,1,8,1,7,7,0,1,1,1,1
17,1,1,6,1,7,7,2,2,2,-1,-1
17,1,1,5,0,7,7,3,-1,-1,2,2
17,1,1,4,0,7,7,2,2,1,-1,-1
17,1,1,3,0,7,7,3,-1,-1,1,2
17,1,0,2,0,7,7,1,0,0,0,0
1,0,0,1,0,7,7,2,2,2,-1,-1
6,3,2,7,1,7,7,0,1,1,1,1
6,2,1,5,1,7,7,0,1,1,1,1
6,1,1,3,1,7,7,2,2,2,-1,-1
6,1,0,2,0,7,7,0,1,1,0,2
24,4,4,7,1,7,7,0,1,1,1,1
24,4,4,5,1,7,7,2,2,1,-1,-1
24,4,4,4,0,7,7,3,-1,-1,1,1
24,4,4,3,0,7,7,2,1,1,-1,-1
24,4,0,2,0,7,7,3,-1,-1,1,1
24,0,0,1,0,7,7,1,0,0,0,0
24,0,0,1,1,0,7,1,0,0,0,0
4,4,0,2,1,7,7,0,1,1,1,1
20,6,6,3,1,7,7,1,0,0,0,1
6,6,0,2,1,7,7,4,-1,-1,2,-1
6,6,0,2,1,7,0,0,1,1,1,1
2,1,1,7,1,0,7,0,2,1,2,1
1,1,1,5,1,7,7,0,1,1,1,1
1,1,1,3,1,7,7,0,1,1,1,1
1,0,0,1,1,7,7,2,2,2,-1,-1
15,5,2,5,1,7,7,2,2,2,-1,-1
15,5,1,4,0,7,7,3,-1,-1,2,2
15,5,1,3,0,7,7,2,2,2,-1,-1
15,5,0,2,0,7,7,1,0,0,0,0
5,0,0,1,1,7,7,1,1,1,1,1
22,22,10,4,1,7,7,0,0,0,0,1
22,22,0,2,1,7,7,4,-1,-1,2,-1
22,22,0,2,1,7,0,0,0,0,0,0
22,10,0,2,1,7,7,1,0,0,0,0
10,0,0,1,1,7,7,1,1,0,1,1
2,1,1,3,1,7,7,0,1,1,1,1
1,0,0,1,1,7,7,2,2,2,-1,-1
9,5,3,6,1,7,7,2,2,2,-1,-1
9,5,3,5,0,7,7,3,-1,-1,2,2
9,5,3,4,0,7,7,2,2,1,-1,-1
9,5,3,3,0,7,7,3,-1,-1,1,1
9,3,0,2,0,7,7,2,1,1,-1,-1
9,0,0,1,0,7,7,1,1,0,1,1
24,24,0,2,1,7,7,0,0,0,0,0
7,3,2,7,1,7,7,0,1,1,1,1
7,1,1,5,1,7,7,0,1,1,1,1
7,1,1,3,1,7,7,2,2,2,-1,-1
7,1,0,2,0,7,7,1,1,1,1,1
1,0,0,1,1,7,7,2,2,2,-1,-1
22,10,0,2,1,7,7,1,0,0,0,0
10,0,0,1,1,7,7,1,1,0,1,1
4,0,0,1,1,0,7,1,2,1,2,1
42,10,5,7,1,7,7,2,2,2,-1,-1
42,10,5,6,0,7,7,3,-1,-1,2,2
42,10,5,5,0,7,7,2,2,1,-1,-1
42,10,5,4,0,7,7,3,-1,-1,1,1
42,10,5,3,0,7,7,2,1,1,-1,-1
42,10,0,2,0,7,7,1,0,0,0,0
10,0,0,1,1,7,7,1,1,0,1,1
38,10,0,2,1,0,7,1,0,0,0,0
10,0,0,1,1,7,7,1,1,0,1,1
3,1,0,2,1,7,7,0,1,1,1,1
8,8,4,4,1,7,7,2,2,2,-1,-1
8,8,4,3,0,7,7,3,-1,-1,2,0
8,8,0,2,0,7,7,4,0,-1,-1,-1
8,8,0,2,0,0,7,0,0,0,0,0
16,16,0,2,1,0,7,0,0,0,0,0
6,1,1,7,1,7,7,0,1,1,1,1
6,1,1,5,1,7,7,0,1,1,1,1
6,1,1,3,1,7,7,2,2,2,-1,-1
6,1,0,2,0,7,7,0,1,1,0,2
48,0,0,1,1,7,7,1,0,0,0,0
30,3,3,7,1,7,7,0,1,1,1,1
30,3,3,5,1,7,7,2,2,1,-1,-1
30,3,3,4,0,7,7,3,-1,-1,1,1
30,3,3,3,0,7,7,2,1,1,-1,-1
30,3,0,2,0,7,7,3,-1,-1,1,1
30,0,0,1,0,7,7,1,0,0,0,0
2,1,1,3,1,0,7,0,2,1,2,1
1,0,0,1,1,7,7,2,2,2,-1,-1
2,2,1,7,1,7,7,0,1,1,1,1
1,1,1,5,1,7,7,0,1,1,1,1
1,1,1,3,1,7,7,0,1,1,1,1
1,0,0,1,1,7,7,2,2,2,-1,-1
33,15,0,2,1,7,7,1,0,0,0,0
15,0,0,1,0,7,7,1,0,0,0,0
12,10,10,3,1,7,7,1,1,0,1,1
10,10,0,2,0,7,7,4,-1,-1,2,-1
10,10,0,2,0,7,0,0,0,0,0,0
10,2,1,6,1,7,7,0,1,1,1,1
10,1,1,4,1,7,7,2,2,2,-1,-1
10,1,1,3,0,7,7,3,-1,-1,2,2
10,1,0,2,0,7,7,1,1,1,1,2
1,0,0,1,0,7,7,2,2,2,-1,-1
4,2,2,3,1,7,7,0,1,1,1,1
2,0,0,1,1,7,7,2,2,2,-1,-1
8,0,0,1,1,0,7,1,1,1,1,1
16,15,15,6,1,7,7,0,1,0,1,1
16,15,15,4,0,7,7,4,-1,-1,2,-1
16,15,15,4,0,7,0,1,0,0,0,1
15,15,6,3,1,7,7,4,-1,-1,0,-1
15,15,6,3,1,7,0,2,1,1,-1,-1
15,15,0,2,0,7,0,0,0,0,0,0
50,14,0,2,1,7,7,1,0,0,0,0
14,0,0,1,0,7,7,1,0,0,0,0
2,1,1,3,1,0,7,0,2,1,2,1
1,0,0,1,1,7,7,2,2,2,-1,-1
2,1,1,3,1,7,7,0,1,1,1,1
1,0,0,1,1,7,7,2,2,2,-1,-1
2,1,1,7,1,7,7,0,1,1,1,1
1,1,1,5,1,7,7,0,1,1,1,1
1,1,1,3,1,7,7,0,1,1,1,1
1,0,0,1,1,7,7,2,2,2,-1,-1
11,1,1,6,1,7,7,0,1,1,1,1
11,1,1,4,1,7,7,2,2,2,-1,-1
11,1,1,3,0,7,7,3,-1,-1,2,2
11,1,0,2,0,7,7,1,1,1,1,1
1,0,0,1,1,7,7,2,2,2,-1,-1
8,0,0,1,1,7,7,1,1,1,1,1
12,0,0,1,1,0,7,1,1,1,1,1
5,2,2,6,1,0,7,0,1,1,1,1
5,1,1,4,1,7,7,2,2,2,-1,-1
5,1,1,3,0,7,7,3,-1,-1,2,2
5,1,0,2,0,7,7,2,2,2,-1,-1
5,0,0,1,0,7,7,1,1,1,1,1
2,1,1,3,1,7,7,0,1,1,1,1
1,0,0,1,1,7,7,2,2,2,-1,-1
35,7,3,5,1,7,7,2,2,1,-1,-1
35,7,2,4,0,7,7,3,-1,-1,2,1
35,7,1,3,1,7,7,2,2,2,-1,-1
35,7,0,2,0,7,7,1,0,0,0,0
7,0,0,1,1,7,7,1,1,1,1,1
8,0,0,1,1,7,7,1,1,1,1,1
38,5,5,3,1,7,7,1,0,0,0,0
5,5,0,2,1,7,7,4,0,-1,-1,-1
5,5,0,2,1,0,7,0,1,1,1,1
11,11,11,6,1,7,7,0,1,0,1,1
11,11,11,4,0,7,7,4,-1,-1,2,-1
11,11,11,4,0,7,0,1,1,1,1,1
11,11,5,3,1,7,7,4,-1,-1,0,-1
11,11,5,3,1,7,0,2,1,1,-1,-1
11,11,0,2,0,7,0,0,0,0,0,0
8,8,8,6,1,7,7,0,0,0,0,1
8,8,8,4,1,7,7,4,-1,-1,2,-1
8,8,8,4,1,7,0,1,1,1,1,1
8,8,8,3,1,7,7,1,1,1,1,1
8,8,0,2,1,7,7,0,0,0,0,0
16,0,0,1,1,0,7,1,0,0,0,0
6,5,5,3,1,7,7,1,1,1,1,1
5,5,0,2,1,7,7,0,1,1,1,1
2,1,1,3,1,7,7,0,1,1,1,1
1,0,0,1,1,7,7,2,2,2,-1,-1
16,16,16,3,1,7,7,1,0,0,0,1
16,16,0,2,1,7,7,4,-1,-1,2,-1
16,16,0,2,1,7,0,0,0,0,0,0
64,0,0,1,1,7,7,1,0,0,0,0
10,4,3,8,1,0,7,0,1,1,1,1
10,2,2,6,1,7,7,0,1,1,1,1
10,1,1,4,1,7,7,2,2,2,-1,-1
10,1,1,3,0,7,7,3,-1,-1,2,2
10,1,0,2,0,7,7,1,1,1,1,2
1,0,0,1,0,7,7,2,2,2,-1,-1
13,6,4,8,1,0,1,0,1,1,1,1
13,6,2,6,1,7,7,2,2,2,-1,-1
13,6,2,5,0,7,7,3,-1,-1,2,2
13,6,1,4,0,7,7,2,2,1,-1,-1
13,6,1,3,0,7,7,1,0,0,0,1
6,1,0,2,1,7,7,4,-1,-1,2,-1
6,1,0,2,1,7,0,0,0,2,1,1
4,4,2,4,1,7,7,0,1,1,1,1
2,2,0,2,1,7,7,0,1,1,1,1
1,1,1,4,1,7,7,0,1,1,1,1
1,1,0,2,1,7,7,0,1,1,1,1
4,1,1,5,1,7,7,0,1,1,1,1
1,1,1,3,1,7,7,0,1,1,1,1
1,0,0,1,1,7,7,2,2,2,-1,-1
44,10,10,3,1,7,7,1,0,0,0,0
10,10,0,2,1,7,7,4,0,-1,-1,-1
10,10,0,2,1,0,7,0,0,0,0,0
64,0,0,1,1,0,7,1,0,0,0,0
36,7,2,6,1,7,7,2,2,2,-1,-1
36,7,1,5,0,7,7,3,-1,-1,2,2
36,7,1,4,0,7,7,2,2,2,-1,-1
36,7,1,3,0,7,7,1,0,0,0,0
7,1,0,2,1,7,7,4,0,-1,-1,-1
7,1,0,2,1,0,7,1,1,1,1,1
1,0,0,1,1,7,7,2,2,2,-1,-1
4,0,0,1,1,7,7,1,1,1,1,1
12,0,0,1,1,7,7,1,1,1,1,1
50,2,2,8,1,7,7,2,2,2,-1,-1
50,2,2,7,0,7,7,3,-1,-1,2,2
50,2,2,6,0,7,7,2,2,2,-1,-1
50,2,2,5,0,7,7,3,-1,-1,2,2
50,2,2,4,0,7,7,2,2,2,-1,-1
50,2,2,3,0,7,7,3,-1,-1,2,2
50,2,0,2,0,7,7,1,0,0,0,0
2,0,0,1,0,7,7,2,2,2,-1,-1
12,2,2,3,1,0,7,1,1,1,1,1
2,2,0,2,1,7,7,0,1,1,1,1
9,6,5,4,1,0,1,0,1,1,1,2
9,5,0,2,0,7,7,4,-1,-1,0,-1
9,5,0,2,0,7,0,0,0,0,0,0
6,2,0,2,1,0,7,0,1,1,0,2
7,5,4,3,1,7,7,1,1,1,1,1
5,4,0,2,1,7,7,0,1,1,1,0
20,14,14,3,1,7,7,1,0,0,0,1
14,14,0,2,1,7,7,4,-1,-1,2,-1
14,14,0,2,1,7,0,0,0,0,0,0
1,1,1,4,1,7,7,0,1,1,1,1
1,1,0,2,1,7,7,0,1,1,1,1
15,10,7,6,1,7,7,0,1,0,1,1
15,10,7,4,0,7,7,4,-1,-1,2,-1
15,10,7,4,0,7,0,1,0,0,0,1
10,7,5,3,1,7,7,4,-1,-1,2,-1
10,7,5,3,1,7,0,1,1,0,1,2
7,5,0,2,0,7,7,4,-1,-1,2,-1
7,5,0,2,0,7,0,0,0,0,0,0
11,5,0,2,1,7,7,1,1,1,1,1
5,0,0,1,1,7,7,1,1,1,1,1
2,1,1,3,1,7,7,0,1,1,1,1
1,0,0,1,1,7,7,2,2,2,-1,-1
50,2,2,8,1,7,7,2,2,2,-1,-1
50,2,2,7,0,7,7,3,-1,-1,2,2
50,2,2,6,0,7,7,2,2,2,-1,-1
50,2,2,5,0,7,7,3,-1,-1,2,2
50,2,2,4,0,7,7,2,2,2,-1,-1
50,2,2,3,0,7,7,3,-1,-1,2,2
50,2,0,2,0,7,7,1,0,0,0,0
2,0,0,1,0,7,7,2,2,2,-1,-1
64,0,0,1,1,7,7,1,0,0,0,0
28,1,1,5,1,0,7,2,2,2,-1,-1
28,1,1,4,0,7,7,3,-1,-1,2,2
28,1,1,3,0,7,7,2,2,2,-1,-1
28,1,0,2,0,7,7,1,0,0,0,0
1,0,0,1,1,7,7,2,2,2,-1,-1
3,1,0,2,1,7,7,0,1,1,1,1
8,6,6,5,1,7,7,0,1,1,1,1
8,6,6,3,1,7,7,4,-1,-1,2,-1
8,6,6,3,1,7,0,2,1,1,-1,-1
8,6,0,2,0,7,0,3,-1,-1,1,0
8,0,0,1,1,7,7,1,1,1,1,1
8,8,8,8,1,0,7,2,1,1,-1,-1
8,8,8,7,0,7,7,3,-1,-1,1,1
8,8,8,6,1,7,7,2,1,1,-1,-1
8,8,8,5,0,7,7,3,-1,-1,1,1
8,8,8,4,1,7,7,0,0,0,0,1
8,8,0,2,1,7,7,4,-1,-1,2,-1
8,8,0,2,1,7,0,0,0,0,0,0
5,1,1,8,1,7,7,0,1,1,1,1
5,1,1,6,1,7,7,0,1,1,1,1
5,1,1,4,1,7,7,0,1,1,1,1
5,1,0,2,1,7,7,0,1,1,0,2
41,7,0,2,1,7,7,1,0,0,0,0
7,0,0,1,0,7,7,1,1,1,1,1
4,4,4,6,1,7,7,0,1,1,1,1
4,4,4,4,1,7,7,0,1,1,1,1
4,4,0,2,1,7,7,0,1,1,1,1
16,4,2,5,1,7,7,2,2,1,-1,-1
16,4,1,4,0,7,7,3,-1,-1,1,1
16,1,1,3,0,7,7,2,1,2,-1,-1
16,1,0,2,0,7,7,1,0,0,0,0
1,0,0,1,1,7,7,2,2,2,-1,-1
42,11,5,6,1,7,7,2,2,1,-1,-1
42,11,5,5,0,7,7,3,-1,-1,2,1
42,11,5,4,1,7,7,2,2,2,-1,-1
42,11,5,3,0,7,7,1,0,0,0,0
11,5,0,2,1,7,7,4,0,-1,-1,-1
11,5,0,2,1,0,7,1,1,1,1,1
5,0,0,1,1,7,7,1,1,1,1,1
36,3,3,5,1,7,7,2,2,1,-1,-1
36,3,3,4,0,7,7,3,-1,-1,1,1
36,3,3,3,0,7,7,2,1,1,-1,-1
36,3,0,2,0,7,7,3,-1,-1,1,1
36,0,0,1,0,7,7,1,0,0,0,0
33,3,3,6,1,7,7,2,1,1,-1,-1
33,3,3,5,0,7,7,3,-1,-1,1,0
33,3,3,4,0,7,7,2,1,1,-1,-1
33,3,3,3,0,7,7,3,-1,-1,1,1
33,3,0,2,0,7,7,1,0,0,0,0
3,0,0,1,0,7,7,2,1,1,-1,-1
5,1,1,8,1,7,7,0,1,1,1,1
5,1,1,6,1,7,7,0,1,1,1,1
5,1,1,4,1,7,7,0,1,1,1,1
5,1,0,2,1,7,7,0,1,1,0,2
19,6,3,6,1,7,7,2,2,2,-1,-1
19,6,3,5,0,7,7,3,-1,-1,2,1
19,6,3,4,0,7,7,2,1,1,-1,-1
19,6,1,3,0,7,7,3,-1,-1,1,2
19,6,0,2,0,7,7,1,0,0,0,0
6,0,0,1,1,7,7,1,1,1,1,1
42,11,5,6,1,7,7,2,2,1,-1,-1
42,11,5,5,0,7,7,3,-1,-1,2,1
42,11,5,4,1,7,7,2,2,2,-1,-1
42,11,5,3,0,7,7,1,0,0,0,0
11,5,0,2,1,7,7,4,0,-1,-1,-1
11,5,0,2,1,0,7,1,1,1,1,1
5,0,0,1,1,7,7,1,1,1,1,1
13,6,4,7,1,7,7,0,1,1,1,1
13,6,2,5,1,7,7,2,2,2,-1,-1
13,6,2,4,0,7,7,3,-1,-1,2,2
13,6,2,3,0,7,7,2,2,2,-1,-1
13,6,0,2,0,7,7,1,0,0,0,0
6,0,0,1,1,7,7,1,1,1,1,1
5,1,1,8,1,7,7,0,1,1,1,1
5,1,1,6,1,7,7,0,1,1,1,1
5,1,1,4,1,7,7,0,1,1,1,1
5,1,0,2,1,7,7,0,1,1,0,2
13,4,2,8,1,0,7,0,1,1,1,1
13,1,1,6,1,7,7,0,1,1,1,1
13,1,1,4,1,7,7,2,2,2,-1,-1
13,1,1,3,0,7,7,3,-1,-1,2,2
13,1,0,2,0,7,7,1,0,0,1,0
1,0,0,1,0,7,7,3,-1,-1,2,2
6,1,1,3,1,0,7,0,1,1,2,1
1,0,0,1,0,7,7,3,-1,-1,1,2
45,19,0,2,1,7,7,1,0,0,0,0
19,0,0,1,0,7,7,1,0,0,0,0
17,15,0,2,1,7,7,0,0,0,0,0
7,1,1,6,1,7,7,0,1,1,1,1
7,1,1,4,1,7,7,2,2,2,-1,-1
7,1,1,3,0,7,7,3,-1,-1,2,2
7,1,0,2,0,7,7,2,2,2,-1,-1
7,0,0,1,0,7,7,1,1,1,1,1
2,2,2,8,1,7,7,0,1,1,1,1
2,2,2,6,1,7,7,0,1,1,1,1
2,2,2,4,1,7,7,0,1,1,1,1
2,2,0,2,1,7,7,0,1,1,1,1
6,6,0,2,1,0,1,0,1,1,1,1
11,11,10,7,1,7,7,2,1,1,-1,-1
11,11,10,6,0,7,7,3,-1,-1,1,1
11,11,10,5,1,7,7,2,2,2,-1,-1
11,11,10,4,0,7,7,3,-1,-1,2,0
11,11,10,3,0,7,7,4,0,-1,-1,-1
11,11,10,3,0,0,7,1,1,1,2,1
11,10,0,2,1,7,7,4,-1,-1,2,-1
11,10,0,2,1,7,0,2,0,0,-1,-1
11,0,0,1,0,7,0,3,-1,-1,0,0
25,7,0,2,1,7,7,1,0,0,0,0
7,0,0,1,0,7,7,1,1,1,1,1
9,2,1,3,1,7,7,1,1,1,1,2
2,1,0,2,0,7,7,2,2,2,-1,-1
1,0,0,1,0,7,7,3,-1,-1,2,2
4,2,2,5,1,7,7,0,1,1,1,1
2,2,2,3,1,7,7,0,1,1,1,1
2,0,0,1,1,7,7,2,2,2,-1,-1
16,0,0,1,1,7,7,1,0,0,0,0
15,3,3,4,1,7,7,2,2,1,-1,-1
15,3,3,3,0,7,7,3,-1,-1,1,1
15,3,0,2,0,7,7,2,1,1,-1,-1
15,0,0,1,0,7,7,1,0,0,0,0
14,10,0,2,1,7,7,0,0,0,0,0
32,0,0,1,1,7,7,1,0,0,0,0
2,1,1,3,1,0,7,0,2,1,2,1
1,0,0,1,1,7,7,2,2,2,-1,-1
32,8,8,5,1,7,7,1,0,0,0,0
8,8,8,4,1,7,7,4,0,-1,-1,-1
8,8,8,4,1,0,7,4,-1,-1,0,-1
8,8,8,4,1,0,0,1,1,1,1,0
8,8,8,3,0,7,7,2,0,0,-1,-1
8,8,0,2,0,7,7,3,-1,-1,0,0
8,0,0,1,0,7,7,1,1,1,1,1
33,8,4,5,1,7,7,2,2,1,-1,-1
33,8,2,4,0,7,7,3,-1,-1,2,1
33,8,1,3,1,7,7,2,2,2,-1,-1
33,8,0,2,0,7,7,1,0,0,0,0
8,0,0,1,0,7,7,1,1,1,1,1
21,9,5,8,1,7,7,2,2,2,-1,-1
21,9,5,7,0,7,7,3,-1,-1,2,2
21,9,5,6,0,7,7,2,2,2,-1,-1
21,9,5,5,0,7,7,3,-1,-1,1,2
21,9,5,4,0,7,7,2,1,1,-1,-1
21,9,4,3,0,7,7,4,-1,-1,0,-1
21,9,4,3,0,7,0,1,0,1,0,0
9,4,0,2,0,7,7,4,0,-1,-1,-1
9,4,0,2,0,0,7,3,-1,-1,1,1
9,0,0,1,0,0,7,1,1,0,1,1
32,0,0,1,1,7,7,1,0,0,0,0
2,2,1,6,1,0,7,0,2,1,2,1
1,1,1,4,1,7,7,0,1,1,1,1
1,1,0,2,1,7,7,0,1,1,1,1
6,6,0,2,1,0,1,0,1,1,1,1
12,2,2,3,1,7,7,1,1,1,1,1
2,2,0,2,1,7,7,0,1,1,1,1
12,0,0,1,1,0,7,1,1,1,1,1
3,3,3,8,1,0,1,0,1,1,1,1
3,3,3,6,1,7,7,0,1,1,1,1
3,3,3,4,1,7,7,0,1,1,1,1
3,3,0,2,1,7,7,0,1,1,1,1
7,3,3,4,1,7,7,2,2,1,-1,-1
7,3,3,3,0,7,7,3,-1,-1,1,1
7,3,0,2,0,7,7,2,1,1,-1,-1
7,0,0,1,0,7,7,1,1,1,1,1
48,4,4,5,1,0,7,2,2,1,-1,-1
48,4,4,4,0,7,7,3,-1,-1,1,1
48,4,4,3,0,7,7,2,1,1,-1,-1
48,4,0,2,0,7,7,3,-1,-1,1,1
48,0,0,1,0,7,7,1,0,0,0,0
6,6,6,6,1,7,7,2,2,2,-1,-1
6,6,6,5,0,7,7,3,-1,-1,2,2
6,6,6,4,0,7,7,0,1,1,1,1
6,2,0,2,1,7,7,4,-1,-1,0,-1
6,2,0,2,1,7,0,2,1,1,-1,-1
2,0,0,1,0,7,7,3,-1,-1,2,1
48,0,0,1,1,7,7,1,0,0,0,0
8,8,8,8,1,7,7,2,1,1,-1,-1
8,8,8,7,0,7,7,3,-1,-1,1,1
8,8,8,6,1,7,7,2,1,1,-1,-1
8,8,8,5,0,7,7,3,-1,-1,1,1
8,8,8,4,1,7,7,0,0,0,0,1
8,8,0,2,1,7,7,4,-1,-1,2,-1
8,8,0,2,1,7,0,0,0,0,0,0
8,0,0,1,1,0,7,1,1,1,1,1
9,7,7,6,1,7,7,2,1,1,-1,-1
9,7,7,5,0,7,7,3,-1,-1,1,1
9,7,7,4,1,7,7,1,1,0,1,1
7,7,3,3,0,7,7,4,-1,-1,0,-1
7,7,3,3,0,7,0,2,1,1,-1,-1
7,7,0,2,0,7,0,0,0,0,0,0
48,0,0,1,1,7,7,1,0,0,0,0
18,2,2,8,1,7,7,0,1,1,1,1
18,2,2,6,1,7,7,2,2,2,-1,-1
18,2,2,5,0,7,7,3,-1,-1,2,2
18,2,2,4,0,7,7,2,2,1,-1,-1
18,2,2,3,0,7,7,3,-1,-1,1,2
18,2,0,2,0,7,7,1,0,0,0,0
2,0,0,1,0,7,7,2,2,2,-1,-1
22,7,3,3,1,7,7,1,0,0,0,0
7,3,0,2,1,7,7,4,2,-1,-1,-1
7,3,0,2,1,0,7,0,0,0,0,0
18,2,2,8,1,7,7,0,1,1,1,1
18,2,2,6,1,7,7,2,2,2,-1,-1
18,2,2,5,0,7,7,3,-1,-1,2,2
18,2,2,4,0,7,7,2,2,1,-1,-1
18,2,2,3,0,7,7,3,-1,-1,1,2
18,2,0,2,0,7,7,1,0,0,0,0
2,0,0,1,0,7,7,2,2,2,-1,-1
32,0,0,1,1,7,7,1,0,0,0,0
1,1,1,4,1,7,7,0,1,1,1,1
1,1,0,2,1,7,7,0,1,1,1,1
1,1,1,4,1,0,7,0,2,1,2,1
1,1,0,2,1,7,7,0,1,1,1,1
16,0,0,1,1,7,7,1,0,0,0,0
32,13,7,6,1,7,7,2,1,1,-1,-1
32,13,7,5,0,7,7,3,-1,-1,1,1
32,13,7,4,1,7,7,2,2,1,-1,-1
32,13,7,3,0,7,7,3,-1,-1,0,0
32,13,0,2,0,7,7,4,0,-1,-1,-1
32,13,0,2,0,0,7,1,0,0,0,0
13,0,0,1,1,7,7,1,0,0,0,0
64,0,0,1,1,7,7,1,0,0,0,0
16,4,4,5,1,7,7,0,1,1,1,1
16,4,4,3,1,7,7,1,0,0,0,0
4,4,0,2,1,7,7,0,1,1,1,1
24,0,0,1,1,7,7,1,0,0,0,0
6,3,2,8,1,7,7,0,1,1,1,1
6,1,1,6,1,7,7,0,1,1,1,1
6,1,1,4,1,7,7,0,1,1,1,1
6,1,0,2,1,7,7,0,1,1,0,2
2,2,1,7,1,0,7,0,2,1,2,1
1,1,1,5,1,7,7,0,1,1,1,1
1,1,1,3,1,7,7,0,1,1,1,1
1,0,0,1,1,7,7,2,2,2,-1,-1
4,2,2,5,1,7,7,0,1,1,1,1
2,2,2,3,1,7,7,0,1,1,1,1
2,0,0,1,1,7,7,2,2,2,-1,-1
32,8,8,5,1,7,7,1,0,0,0,0
8,8,8,4,1,7,7,4,0,-1,-1,-1
8,8,8,4,1,0,7,4,-1,-1,0,-1
8,8,8,4,1,0,0,1,1,1,1,0
8,8,8,3,0,7,7,2,0,0,-1,-1
8,8,0,2,0,7,7,3,-1,-1,0,0
8,0,0,1,0,7,7,1,1,1,1,1
8,8,8,3,1,7,7,1,1,1,1,1
8,8,0,2,1,7,7,0,0,0,0,0
3,1,0,2,1,0,7,0,1,1,1,1
38,26,0,2,1,7,7,1,0,0,0,0
26,0,0,1,1,7,7,1,0,0,0,0
50,2,2,8,1,7,7,2,2,2,-1,-1
50,2,2,7,0,7,7,3,-1,-1,2,2
50,2,2,6,0,7,7,2,2,2,-1,-1
50,2,2,5,0,7,7,3,-1,-1,2,2
50,2,2,4,0,7,7,2,2,2,-1,-1
50,2,2,3,0,7,7,3,-1,-1,2,2
50,2,0,2,0,7,7,1,0,0,0,0
2,0,0,1,0,7,7,2,2,2,-1,-1
24,0,0,1,1,7,7,1,0,0,0,0
16,0,0,1,1,7,7,1,0,0,0,0
12,0,0,1,1,0,7,1,1,1,1,1
5,4,1,5,1,7,7,0,1,1,1,1
5,1,1,3,1,7,7,2,2,2,-1,-1
5,1,0,2,0,7,7,0,1,1,0,2
3,1,1,6,1,0,7,0,1,1,2,2
1,1,1,4,0,7,7,3,-1,-1,1,2
1,1,1,3,0,7,7,0,1,1,1,1
1,0,0,1,1,7,7,2,2,2,-1,-1
25,14,10,5,1,7,7,0,0,0,0,1
25,14,10,3,1,7,7,4,-1,-1,2,-1
25,14,10,3,1,7,0,1,0,0,0,0
14,10,0,2,0,7,7,4,-1,-1,0,-1
14,10,0,2,0,7,0,0,0,0,0,0
24,10,10,5,1,7,7,0,0,0,0,1
24,10,10,3,1,7,7,4,-1,-1,2,-1
24,10,10,3,1,7,0,1,0,0,0,0
10,10,0,2,1,7,7,4,2,-1,-1,-1
10,10,0,2,1,0,7,0,0,0,0,0
10,3,3,3,1,0,1,1,1,0,1,1
3,3,0,2,0,7,7,0,1,1,1,1
20,12,0,2,1,7,7,1,0,0,0,0
12,0,0,1,1,7,7,1,1,1,1,1
8,8,8,4,1,0,7,1,1,1,1,1
8,8,8,3,1,7,7,1,1,1,1,1
8,8,0,2,1,7,7,0,0,0,0,0
64,0,0,1,1,7,7,1,0,0,0,0
2,1,1,3,1,7,7,0,1,1,1,1
1,0,0,1,1,7,7,2,2,2,-1,-1
1,1,1,8,1,7,7,0,1,1,1,1
1,1,1,6,1,7,7,0,1,1,1,1
1,1,1,4,1,7,7,0,1,1,1,1
1,1,0,2,1,7,7,0,1,1,1,1
3,2,1,5,1,7,7,0,1,1,1,1
1,1,1,3,1,7,7,0,1,1,1,1
1,0,0,1,1,7,7,2,2,2,-1,-1
5,1,1,8,1,0,1,0,2,1,2,1
5,1,1,6,1,7,7,0,1,1,1,1
5,1,1,4,1,7,7,0,1,1,1,1
5,1,0,2,1,7,7,0,1,1,0,2
10,2,2,4,1,7,7,2,2,2,-1,-1
10,2,2,3,0,7,7,3,-1,-1,2,1
10,2,0,2,0,7,7,1,1,1,1,2
2,0,0,1,0,7,7,2,2,2,-1,-1
14,10,10,6,1,7,7,0,0,0,0,1
14,10,10,4,1,7,7,4,-1,-1,2,-1
14,10,10,4,1,7,0,1,0,0,0,1
10,10,10,3,1,7,7,4,-1,-1,2,-1
10,10,10,3,1,7,0,1,1,0,1,2
10,10,0,2,0,7,7,4,-1,-1,2,-1
10,10,0,2,0,7,0,0,0,0,0,0
6,5,5,3,1,0,7,1,1,1,1,1
5,5,0,2,1,7,7,0,1,1,1,1
2,2,2,8,1,0,7,0,2,1,2,1
2,2,2,6,1,7,7,0,1,1,1,1
2,2,2,4,1,7,7,0,1,1,1,1
2,2,0,2,1,7,7,0,1,1,1,1
36,14,14,3,1,7,7,1,0,0,0,0
14,14,0,2,1,7,7,4,0,-1,-1,-1
14,14,0,2,1,0,7,0,0,0,0,0
36,7,7,5,1,7,7,1,0,0,0,0
7,7,7,4,1,7,7,4,0,-1,-1,-1
7,7,7,4,1,0,7,4,-1,-1,0,-1
7,7,7,4,1,0,0,1,1,1,1,0
7,7,7,3,0,7,7,2,0,0,-1,-1
7,7,0,2,0,7,7,3,-1,-1,0,0
7,0,0,1,0,7,7,1,1,1,1,1
8,8,0,2,1,7,7,0,0,0,0,0
8,0,0,1,1,7,7,1,1,1,1,1
2,1,1,3,1,0,7,0,2,1,2,1
1,0,0,1,1,7,7,2,2,2,-1,-1
8,8,8,8,1,0,1,2,1,1,-1,-1
8,8,8,7,0,7,1,3,-1,-1,1,1
8,8,8,6,1,7,7,2,1,1,-1,-1
8,8,8,5,0,7,7,3,-1,-1,1,1
8,8,8,4,1,7,7,0,0,0,0,1
8,8,0,2,1,7,7,4,-1,-1,2,-1
8,8,0,2,1,7,0,0,0,0,0,0
4,2,2,3,1,7,7,0,1,1,1,1
2,0,0,1,1,7,7,2,2,2,-1,-1
22,13,13,3,1,7,7,1,0,0,0,0
13,13,0,2,1,7,7,4,2,-1,-1,-1
13,13,0,2,1,0,7,0,0,0,0,0
17,1,1,8,1,0,7,0,1,1,1,1
17,1,1,6,1,7,7,2,2,2,-1,-1
17,1,1,5,0,7,7,3,-1,-1,2,2
17,1,1,4,0,7,7,2,2,1,-1,-1
17,1,1,3,0,7,7,3,-1,-1,1,2
17,1,0,2,0,7,7,1,0,0,0,0
1,0,0,1,0,7,7,2,2,2,-1,-1
6,3,2,8,1,7,7,0,1,1,1,1
6,1,1,6,1,7,7,0,1,1,1,1
6,1,1,4,1,7,7,0,1,1,1,1
6,1,0,2,1,7,7,0,1,1,0,2
48,0,0,1,1,7,7,1,0,0,0,0
2,2,0,2,1,7,7,0,1,1,1,1
16,0,0,1,1,7,7,1,0,0,0,0
22,5,2,6,1,7,7,2,2,2,-1,-1
22,5,1,5,0,7,7,3,-1,-1,2,2
22,5,1,4,0,7,7,2,2,2,-1,-1
22,5,1,3,0,7,7,1,0,0,1,0
5,1,0,2,0,7,7,2,2,2,-1,-1
5,0,0,1,1,7,7,1,1,1,1,1
8,4,4,5,1,7,7,0,1,1,1,1
8,4,4,3,1,7,7,0,1,1,1,1
8,0,0,1,1,7,7,1,1,1,1,1
6,6,6,8,1,7,7,0,1,1,1,1
6,6,6,6,1,7,7,4,-1,-1,0,-1
6,6,6,6,1,7,0,2,1,1,-1,-1
6,6,6,5,0,7,7,3,-1,-1,1,1
6,6,6,4,1,7,7,4,-1,-1,0,-1
6,6,6,4,1,7,0,2,1,1,-1,-1
6,6,6,3,0,7,7,3,-1,-1,1,2
6,6,0,2,0,7,7,4,2,-1,-1,-1
6,6,0,2,0,0,7,0,1,1,1,1
28,4,4,6,1,7,7,2,1,1,-1,-1
28,4,4,5,0,7,7,3,-1,-1,1,0
28,4,4,4,0,7,7,2,1,1,-1,-1
28,4,4,3,0,7,7,3,-1,-1,1,1
28,4,0,2,0,7,7,2,1,1,-1,-1
28,0,0,1,0,7,7,1,0,0,0,0
4,2,1,8,1,7,7,0,1,1,1,1
1,1,1,6,1,7,7,0,1,1,1,1
1,1,1,4,1,7,7,0,1,1,1,1
1,1,0,2,1,7,7,0,1,1,1,1
4,0,0,1,1,7,7,1,1,1,1,1
10,3,1,5,1,0,7,2,2,2,-1,-1
10,3,1,4,0,7,7,3,-1,-1,2,1
10,3,1,3,0,7,7,2,1,1,-1,-1
10,1,0,2,0,7,7,3,-1,-1,1,2
10,0,0,1,0,7,7,1,1,0,1,1
2,2,2,4,1,0,7,0,2,1,2,1
2,2,0,2,1,7,7,0,1,1,1,1
3,3,1,4,1,7,7,0,1,1,1,1
1,1,0,2,1,7,7,0,1,1,1,1
10,2,1,6,1,7,7,0,1,1,1,1
10,1,1,4,1,7,7,2,2,2,-1,-1
10,1,1,3,0,7,7,3,-1,-1,2,2
10,1,0,2,0,7,7,1,1,1,1,2
1,0,0,1,0,7,7,2,2,2,-1,-1
1,1,1,8,1,7,7,0,1,1,1,1
1,1,1,6,1,7,7,0,1,1,1,1
1,1,1,4,1,7,7,0,1,1,1,1
1,1,0,2,1,7,7,0,1,1,1,1
4,4,2,6,1,0,1,0,1,1,2,2
4,2,2,4,0,7,7,3,-1,-1,1,2
4,2,2,3,0,7,7,0,1,1,1,1
2,0,0,1,1,7,7,2,2,2,-1,-1
20,6,3,5,1,0,1,2,2,1,-1,-1
20,6,2,4,0,7,1,3,-1,-1,2,1
20,6,1,3,1,7,7,2,2,2,-1,-1
20,6,0,2,0,7,7,1,0,0,0,0
6,0,0,1,1,7,7,1,1,1,1,1
1,1,1,8,1,7,7,0,1,1,1,1
1,1,1,6,1,7,7,0,1,1,1,1
1,1,1,4,1,7,7,0,1,1,1,1
1,1,0,2,1,7,7,0,1,1,1,1
19,6,3,6,1,7,7,2,2,2,-1,-1
19,6,3,5,0,7,7,3,-1,-1,2,1
19,6,3,4,0,7,7,2,1,1,-1,-1
19,6,1,3,0,7,7,3,-1,-1,1,2
19,6,0,2,0,7,7,1,0,0,0,0
6,0,0,1,1,7,7,1,1,1,1,1
12,0,0,1,1,0,7,1,1,1,1,1
6,3,2,4,1,7,7,2,2,1,-1,-1
6,3,1,3,0,7,7,3,-1,-1,1,1
6,1,0,2,0,7,7,2,1,1,-1,-1
1,0,0,1,0,7,7,3,-1,-1,1,2
12,11,3,5,1,0,1,2,2,1,-1,-1
12,11,3,4,0,7,1,3,-1,-1,1,2
12,11,3,3,0,7,7,2,1,1,-1,-1
12,11,0,2,0,7,7,0,0,0,0,0
34,15,15,3,1,7,7,1,0,0,0,0
15,15,0,2,0,7,7,4,0,-1,-1,-1
15,15,0,2,0,0,7,0,0,0,0,0
64,0,0,1,1,7,7,1,0,0,0,0
4,0,0,1,1,7,7,1,1,1,1,1
34,7,7,3,1,7,7,1,0,0,0,0
7,7,0,2,0,7,7,4,0,-1,-1,-1
7,7,0,2,0,0,7,0,0,0,0,0
12,0,0,1,1,7,7,1,1,1,1,1
8,8,8,8,1,0,7,1,1,1,1,1
8,8,8,7,1,7,7,0,0,0,0,1
8,8,8,5,1,7,7,4,-1,-1,2,-1
8,8,8,5,1,7,0,1,1,1,1,1
8,8,8,4,1,7,7,0,0,0,0,1
8,8,0,2,1,7,7,4,-1,-1,2,-1
8,8,0,2,1,7,0,0,0,0,0,0
2,1,1,3,1,0,7,0,2,1,2,1
1,0,0,1,1,7,7,2,2,2,-1,-1
4,4,0,2,1,7,7,0,1,1,1,1
6,3,3,7,1,0,1,0,1,1,1,1
6,3,3,5,1,7,7,0,1,1,1,1
6,3,3,3,1,7,7,0,1,1,1,1
6,0,0,1,1,7,7,1,1,1,1,1
11,3,1,4,1,7,7,2,2,1,-1,-1
11,1,1,3,0,7,7,3,-1,-1,2,1
11,1,0,2,1,7,7,2,2,2,-1,-1
11,0,0,1,0,7,7,1,1,1,1,1
4,0,0,1,1,0,7,1,2,1,2,1
2,2,0,2,1,0,7,0,2,1,2,1
8,0,0,1,1,0,7,1,1,1,1,1
4,0,0,1,1,7,7,1,1,1,1,1
32,0,0,1,1,7,7,1,0,0,0,0
37,11,0,2,1,0,7,1,0,0,0,0
11,0,0,1,0,7,7,1,1,1,1,1
34,7,7,3,1,7,7,1,0,0,0,0
7,7,0,2,0,7,7,4,0,-1,-1,-1
7,7,0,2,0,0,7,0,0,0,0,0
32,0,0,1,1,7,7,1,0,0,0,0
32,0,0,1,1,7,7,1,0,0,0,0
11,4,3,8,1,0,1,0,2,1,1,2
11,3,1,6,0,7,7,2,2,2,-1,-1
11,3,1,5,0,7,7,0,1,1,1,1
11,1,1,3,1,7,7,2,2,2,-1,-1
11,1,0,2,0,7,7,1,1,1,1,1
1,0,0,1,1,7,7,2,2,2,-1,-1
6,1,1,7,1,7,7,0,1,1,1,1
6,1,1,5,1,7,7,0,1,1,1,1
6,1,1,3,1,7,7,2,2,2,-1,-1
6,1,0,2,0,7,7,0,1,1,0,2
6,2,0,2,1,7,7,0,1,1,0,2
16,10,7,6,1,7,7,2,1,2,-1,-1
16,10,7,5,0,7,7,3,-1,-1,1,1
16,10,7,4,0,7,7,4,0,-1,-1,-1
16,10,7,4,0,0,7,1,0,0,0,1
10,7,5,3,1,7,7,4,-1,-1,2,-1
10,7,5,3,1,7,0,1,1,0,1,2
7,5,0,2,0,7,7,4,-1,-1,2,-1
7,5,0,2,0,7,0,0,0,0,0,0
8,6,6,5,1,7,7,0,1,1,1,1
8,6,6,3,1,7,7,4,-1,-1,2,-1
8,6,6,3,1,7,0,2,1,1,-1,-1
8,6,0,2,0,7,0,3,-1,-1,1,0
8,0,0,1,1,7,7,1,1,1,1,1
34,2,2,8,1,7,7,2,2,2,-1,-1
34,2,2,7,0,7,7,3,-1,-1,2,2
34,2,2,6,0,7,7,2,2,2,-1,-1
34,2,2,5,0,7,7,3,-1,-1,2,2
34,2,2,4,0,7,7,2,2,2,-1,-1
34,2,2,3,0,7,7,3,-1,-1,2,2
34,2,0,2,0,7,7,1,0,0,0,0
2,0,0,1,0,7,7,2,2,2,-1,-1
3,1,1,6,1,7,7,0,1,1,1,1
1,1,1,4,1,7,7,0,1,1,1,1
1,1,0,2,1,7,7,0,1,1,1,1
2,1,1,3,1,7,7,0,1,1,1,1
1,0,0,1,1,7,7,2,2,2,-1,-1
5,2,1,7,1,7,7,0,1,1,1,1
5,1,1,5,1,7,7,0,1,1,1,1
5,1,1,3,1,7,7,2,2,2,-1,-1
5,1,0,2,0,7,7,0,1,1,0,2
8,4,0,2,1,7,7,0,0,0,0,0
2,2,1,6,1,0,7,0,2,1,2,1
1,1,1,4,1,7,7,0,1,1,1,1
1,1,0,2,1,7,7,0,1,1,1,1
32,32,0,2,1,7,7,0,0,0,0,0
10,7,7,7,1,7,7,2,2,2,-1,-1
10,7,7,6,0,7,7,3,-1,-1,2,2
10,7,7,5,0,7,7,2,2,2,-1,-1
10,7,7,4,0,7,7,1,1,1,1,2
7,7,2,3,0,7,7,2,2,2,-1,-1
7,7,0,2,0,7,7,0,0,0,0,0
10,7,7,7,1,7,7,2,2,2,-1,-1
10,7,7,6,0,7,7,3,-1,-1,2,2
10,7,7,5,0,7,7,2,2,2,-1,-1
10,7,7,4,0,7,7,1,1,1,1,2
7,7,2,3,0,7,7,2,2,2,-1,-1
7,7,0,2,0,7,7,0,0,0,0,0
15,8,5,4,1,0,7,1,0,0,0,1
8,5,4,3,1,7,7,4,-1,-1,2,-1
8,5,4,3,1,7,0,1,1,1,1,1
5,4,0,2,1,7,7,0,1,1,1,0
24,0,0,1,1,7,7,1,0,0,0,0
17,16,5,5,1,0,7,0,1,1,1,1
17,16,5,3,1,7,7,4,-1,-1,0,-1
17,16,5,3,1,7,0,2,1,1,-1,-1
17,16,0,2,0,7,0,0,0,0,0,0
5,1,1,4,1,7,7,2,2,2,-1,-1
5,1,1,3,0,7,7,3,-1,-1,2,2
5,1,0,2,0,7,7,2,2,2,-1,-1
5,0,0,1,0,7,7,1,1,1,1,1
33,15,9,4,1,7,7,1,0,0,0,1
15,9,7,3,0,7,7,4,0,-1,-1,-1
15,9,7,3,0,0,7,4,-1,-1,0,-1
15,9,7,3,0,0,0,1,0,0,0,1
9,7,0,2,1,7,7,4,-1,-1,2,-1
9,7,0,2,1,7,0,0,0,0,0,0
30,17,17,3,1,7,7,1,0,0,0,0
17,17,0,2,0,7,7,4,0,-1,-1,-1
17,17,0,2,0,0,7,0,0,0,0,0
12,6,6,7,1,0,1,0,1,1,1,1
12,6,6,5,1,7,7,4,-1,-1,0,-1
12,6,6,5,1,7,0,2,1,1,-1,-1
12,6,6,4,0,7,0,3,-1,-1,1,2
12,6,6,3,0,7,7,4,2,-1,-1,-1
12,6,6,3,0,0,7,1,1,1,1,1
6,6,0,2,1,7,7,4,-1,-1,2,-1
6,6,0,2,1,7,0,2,1,1,-1,-1
6,0,0,1,0,7,7,3,-1,-1,1,0
48,0,0,1,1,7,7,1,0,0,0,0
6,2,0,2,1,7,7,0,1,1,0,2
4,0,0,1,1,7,7,1,1,1,1,1
8,0,0,1,1,7,7,1,1,1,1,1
6,3,2,8,1,7,7,0,1,1,1,1
6,1,1,6,1,7,7,0,1,1,1,1
6,1,1,4,1,7,7,0,1,1,1,1
6,1,0,2,1,7,7,0,1,1,0,2
1,1,1,4,1,0,7,0,2,1,2,1
1,1,0,2,1,7,7,0,1,1,1,1
5,2,1,3,1,7,7,0,1,1,1,2
1,0,0,1,0,7,7,3,-1,-1,1,2
33,13,7,6,1,0,7,2,1,2,-1,-1
33,13,7,5,0,7,7,3,-1,-1,1,1
33,13,7,4,0,7,7,4,0,-1,-1,-1
33,13,7,4,0,0,7,1,0,0,0,0
13,7,3,3,0,7,7,4,0,-1,-1,-1
13,7,3,3,0,0,7,1,0,1,0,1
7,3,0,2,0,7,7,4,-1,-1,0,-1
7,3,0,2,0,7,0,2,1,1,-1,-1
7,0,0,1,0,7,0,1,1,1,1,1
4,1,1,5,1,7,7,0,1,1,1,1
1,1,1,3,1,7,7,0,1,1,1,1
1,0,0,1,1,7,7,2,2,2,-1,-1
18,14,0,2,1,7,7,0,0,0,0,0
7,3,2,3,1,0,7,0,1,1,1,1
7,0,0,1,1,7,7,1,1,1,1,1
35,9,4,3,1,0,7,1,0,0,0,0
9,4,0,2,1,7,7,4,0,-1,-1,-1
9,4,0,2,1,0,7,4,-1,-1,0,-1
9,4,0,2,1,0,0,1,1,1,1,1
4,0,0,1,0,7,7,2,1,1,-1,-1
9,1,1,8,1,7,7,0,1,1,1,1
9,1,1,6,1,7,7,0,1,1,1,1
9,1,1,4,1,7,7,2,2,2,-1,-1
9,1,1,3,0,7,7,3,-1,-1,2,2
9,1,0,2,0,7,7,1,1,1,1,2
1,0,0,1,0,7,7,2,2,2,-1,-1
17,7,0,2,1,7,7,1,0,0,0,0
7,0,0,1,0,7,7,1,1,1,1,1
15,8,5,4,1,0,7,1,0,0,0,1
8,5,4,3,1,7,7,4,-1,-1,2,-1
8,5,4,3,1,7,0,1,1,1,1,1
5,4,0,2,1,7,7,0,1,1,1,0
24,4,4,7,1,0,7,0,1,1,1,1
24,4,4,5,1,7,7,2,2,1,-1,-1
24,4,4,4,0,7,7,3,-1,-1,1,1
24,4,4,3,0,7,7,2,1,1,-1,-1
24,4,0,2,0,7,7,3,-1,-1,1,1
24,0,0,1,0,7,7,1,0,0,0,0
12,12,0,2,1,7,7,0,0,0,0,0
4,2,2,3,1,0,1,0,1,1,2,2
2,0,0,1,0,7,7,3,-1,-1,1,2
5,2,1,7,1,7,7,0,1,1,1,1
5,1,1,5,1,7,7,0,1,1,1,1
5,1,1,3,1,7,7,2,2,2,-1,-1
5,1,0,2,0,7,7,0,1,1,0,2
4,2,1,8,1,0,7,0,1,1,2,2
1,1,1,6,0,7,7,3,-1,-1,1,2
1,1,1,5,0,7,7,0,1,1,1,1
1,1,1,3,1,7,7,0,1,1,1,1
1,0,0,1,1,7,7,2,2,2,-1,-1
32,0,0,1,1,0,7,1,0,0,0,0
34,5,5,7,1,0,1,0,1,1,1,1
34,5,5,5,1,7,7,4,-1,-1,0,-1
34,5,5,5,1,7,0,2,1,1,-1,-1
34,5,5,4,0,7,0,3,-1,-1,1,2
34,5,5,3,0,7,7,4,2,-1,-1,-1
34,5,5,3,0,0,7,1,0,0,0,0
5,5,0,2,0,7,7,4,0,-1,-1,-1
5,5,0,2,0,0,7,0,1,1,1,1
8,4,0,2,1,7,7,0,0,0,0,0
2,1,1,3,1,0,1,0,2,1,2,1
1,0,0,1,1,7,7,2,2,2,-1,-1
6,2,0,2,1,7,7,0,1,1,0,2
1,1,1,4,1,7,7,0,1,1,1,1
1,1,0,2,1,7,7,0,1,1,1,1
6,4,2,5,1,7,7,0,1,1,1,1
6,2,2,3,1,7,7,2,2,2,-1,-1
6,2,0,2,0,7,7,0,1,1,0,2
6,6,6,6,1,7,7,2,2,2,-1,-1
6,6,6,5,0,7,7,3,-1,-1,2,2
6,6,6,4,0,7,7,0,1,1,1,1
6,2,0,2,1,7,7,4,-1,-1,0,-1
6,2,0,2,1,7,0,2,1,1,-1,-1
2,0,0,1,0,7,7,3,-1,-1,2,1
5,1,1,4,1,7,7,2,2,2,-1,-1
5,1,1,3,0,7,7,3,-1,-1,2,2
5,1,0,2,0,7,7,2,2,2,-1,-1
5,0,0,1,0,7,7,1,1,1,1,1
34,7,7,3,1,7,7,1,0,0,0,0
7,7,0,2,0,7,7,4,0,-1,-1,-1
7,7,0,2,0,0,7,0,0,0,0,0
16,4,4,5,1,7,7,0,1,1,1,1
16,4,4,3,1,7,7,1,0,0,0,0
4,4,0,2,1,7,7,0,1,1,1,1
12,12,0,2,1,0,7,0,0,0,0,0
10,7,7,3,1,7,7,1,1,0,1,1
7,7,0,2,0,7,7,0,0,0,0,0
11,11,5,4,1,0,1,0,1,0,1,1
11,11,0,2,0,7,7,4,-1,-1,2,-1
11,11,0,2,0,7,0,0,0,0,0,0
8,1,1,5,1,7,7,0,1,1,1,1
8,1,1,3,1,7,7,2,2,2,-1,-1
8,1,0,2,0,7,7,1,1,1,1,1
1,0,0,1,1,7,7,2,2,2,-1,-1
2,1,1,7,1,7,7,0,1,1,1,1
1,1,1,5,1,7,7,0,1,1,1,1
1,1,1,3,1,7,7,0,1,1,1,1
1,0,0,1,1,7,7,2,2,2,-1,-1
49,3,3,6,1,7,7,2,1,1,-1,-1
49,3,3,5,0,7,7,3,-1,-1,1,0
49,3,3,4,0,7,7,2,1,1,-1,-1
49,3,3,3,0,7,7,3,-1,-1,1,1
49,3,0,2,0,7,7,1,0,0,0,0
3,0,0,1,0,7,7,2,1,1,-1,-1
16,15,15,6,1,0,7,0,1,0,1,1
16,15,15,4,0,7,7,4,-1,-1,2,-1
16,15,15,4,0,7,0,1,0,0,0,1
15,15,6,3,1,7,7,4,-1,-1,0,-1
15,15,6,3,1,7,0,2,1,1,-1,-1
15,15,0,2,0,7,0,0,0,0,0,0
2,2,2,8,1,7,7,0,1,1,1,1
2,2,1,6,1,7,7,0,1,1,1,1
1,1,1,4,1,7,7,0,1,1,1,1
1,1,0,2,1,7,7,0,1,1,1,1
1,1,1,8,1,7,7,0,1,1,1,1
1,1,1,6,1,7,7,0,1,1,1,1
1,1,1,4,1,7,7,0,1,1,1,1
1,1,0,2,1,7,7,0,1,1,1,1
64,0,0,1,1,0,7,1,0,0,0,0
4,2,2,5,1,7,7,0,1,1,1,1
2,2,2,3,1,7,7,0,1,1,1,1
2,0,0,1,1,7,7,2,2,2,-1,-1
8,6,6,5,1,7,7,0,1,1,1,1
8,6,6,3,1,7,7,4,-1,-1,2,-1
8,6,6,3,1,7,0,2,1,1,-1,-1
8,6,0,2,0,7,0,3,-1,-1,1,0
8,0,0,1,1,7,7,1,1,1,1,1
36,3,3,5,1,0,7,2,2,1,-1,-1
36,3,3,4,0,7,7,3,-1,-1,1,1
36,3,3,3,0,7,7,2,1,1,-1,-1
36,3,0,2,0,7,7,3,-1,-1,1,1
36,0,0,1,0,7,7,1,0,0,0,0
8,0,0,1,1,7,7,1,1,1,1,1
64,0,0,1,1,7,7,1,0,0,0,0
26,13,9,3,1,7,7,1,0,0,0,0
13,9,0,2,1,7,7,4,2,-1,-1,-1
13,9,0,2,1,0,7,0,0,0,0,0
7,1,0,2,1,7,7,1,1,1,1,1
1,0,0,1,1,7,7,2,2,2,-1,-1
4,4,4,3,1,7,7,0,1,1,1,1
4,0,0,1,1,7,7,1,1,1,1,1
4,2,1,8,1,7,7,0,1,1,1,1
1,1,1,6,1,7,7,0,1,1,1,1
1,1,1,4,1,7,7,0,1,1,1,1
1,1,0,2,1,7,7,0,1,1,1,1
16,16,16,4,1,7,7,1,0,0,0,1
16,16,16,3,1,7,7,4,-1,-1,2,-1
16,16,16,3,1,7,0,1,0,0,0,1
16,16,0,2,1,7,7,4,-1,-1,2,-1
16,16,0,2,1,7,0,0,0,0,0,0
2,1,1,7,1,7,7,0,1,1,1,1
1,1,1,5,1,7,7,0,1,1,1,1
1,1,1,3,1,7,7,0,1,1,1,1
1,0,0,1,1,7,7,2,2,2,-1,-1
18,6,0,2,1,7,7,1,0,0,0,0
6,0,0,1,0,7,7,1,1,1,1,1
2,1,1,3,1,7,7,0,1,1,1,1
1,0,0,1,1,7,7,2,2,2,-1,-1
36,3,3,5,1,7,7,2,2,1,-1,-1
36,3,3,4,0,7,7,3,-1,-1,1,1
36,3,3,3,0,7,7,2,1,1,-1,-1
36,3,0,2,0,7,7,3,-1,-1,1,1
36,0,0,1,0,7,7,1,0,0,0,0
37,11,0,2,1,7,7,1,0,0,0,0
11,0,0,1,0,7,7,1,1,1,1,1
4,0,0,1,1,7,7,1,1,1,1,1
23,5,5,6,1,0,7,0,1,1,1,1
23,5,5,4,1,7,7,4,-1,-1,0,-1
23,5,5,4,1,7,0,2,1,1,-1,-1
23,5,5,3,0,7,0,3,-1,-1,1,2
23,5,0,2,0,7,7,4,2,-1,-1,-1
23,5,0,2,0,0,7,1,0,0,0,0
5,0,0,1,1,7,7,1,1,1,1,1
4,0,0,1,1,7,7,1,1,1,1,1
1,1,1,4,1,0,1,0,2,1,2,1
1,1,0,2,1,7,7,0,1,1,1,1
28,20,0,2,1,7,7,1,0,0,0,0
20,0,0,1,1,7,7,1,0,0,0,0
4,1,1,5,1,7,7,0,1,1,1,1
1,1,1,3,1,7,7,0,1,1,1,1
1,0,0,1,1,7,7,2,2,2,-1,-1
26,1,1,7,1,7,7,2,2,2,-1,-1
26,1,1,6,0,7,7,3,-1,-1,2,2
26,1,1,5,0,7,7,2,2,2,-1,-1
26,1,1,4,0,7,7,3,-1,-1,2,2
26,1,1,3,0,7,7,2,2,2,-1,-1
26,1,0,2,0,7,7,1,0,0,1,0
1,0,0,1,0,7,7,3,-1,-1,2,2
12,12,12,4,1,7,7,1,1,0,1,1
12,12,12,3,0,7,7,4,-1,-1,2,-1
12,12,12,3,0,7,0,1,1,1,1,1
12,12,0,2,1,7,7,4,-1,-1,0,-1
12,12,0,2,1,7,0,2,0,0,-1,-1
12,0,0,1,0,7,7,3,-1,-1,0,2
1,1,1,8,1,7,7,0,1,1,1,1
1,1,1,6,1,7,7,0,1,1,1,1
1,1,1,4,1,7,7,0,1,1,1,1
1,1,0,2,1,7,7,0,1,1,1,1
2,2,0,2,1,7,7,0,1,1,1,1
18,4,2,3,1,7,7,1,0,0,0,0
4,2,0,2,0,7,7,2,1,1,-1,-1
2,0,0,1,0,7,7,3,-1,-1,1,2
8,0,0,1,1,7,7,1,1,1,1,1
1,1,1,8,1,0,7,0,2,1,2,1
1,1,1,6,1,7,7,0,1,1,1,1
1,1,1,4,1,7,7,0,1,1,1,1
1,1,0,2,1,7,7,0,1,1,1,1
16,9,7,3,1,7,7,1,0,0,0,1
9,7,0,2,1,7,7,4,-1,-1,2,-1
9,7,0,2,1,7,0,0,0,0,0,0
4,0,0,1,1,7,7,1,1,1,1,1
1,1,1,4,1,7,7,0,1,1,1,1
1,1,0,2,1,7,7,0,1,1,1,1
28,10,6,4,1,7,7,0,1,1,1,2
28,10,0,2,0,7,7,4,-1,-1,0,-1
28,10,0,2,0,7,0,1,0,0,0,0
10,0,0,1,1,7,7,1,1,0,1,1
3,1,1,6,1,7,7,0,1,1,1,1
1,1,1,4,1,7,7,0,1,1,1,1
1,1,0,2,1,7,7,0,1,1,1,1
16,0,0,1,1,7,7,1,0,0,0,0
15,5,2,5,1,7,7,2,2,2,-1,-1
15,5,1,4,0,7,7,3,-1,-1,2,2
15,5,1,3,0,7,7,2,2,2,-1,-1
15,5,0,2,0,7,7,1,0,0,0,0
5,0,0,1,1,7,7,1,1,1,1,1
8,2,2,5,1,7,7,0,1,1,1,1
8,2,2,3,1,7,7,2,2,2,-1,-1
8,2,0,2,0,7,7,1,1,1,1,1
2,0,0,1,1,7,7,2,2,2,-1,-1
32,0,0,1,1,7,7,1,0,0,0,0
6,5,5,3,1,0,7,1,1,1,1,1
5,5,0,2,1,7,7,0,1,1,1,1
11,1,1,6,1,7,7,0,1,1,1,1
11,1,1,4,1,7,7,2,2,2,-1,-1
11,1,1,3,0,7,7,3,-1,-1,2,2
11,1,0,2,0,7,7,1,1,1,1,1
1,0,0,1,1,7,7,2,2,2,-1,-1
1,1,1,4,1,7,7,0,1,1,1,1
1,1,0,2,1,7,7,0,1,1,1,1
12,2,1,4,1,7,7,2,2,2,-1,-1
12,1,1,3,0,7,7,3,-1,-1,2,2
12,1,0,2,0,7,7,2,2,2,-1,-1
12,0,0,1,0,7,7,1,1,1,1,1
12,12,0,2,1,7,7,0,0,0,0,0
32,8,4,6,1,7,7,2,2,2,-1,-1
32,8,4,5,0,7,7,3,-1,-1,2,2
32,8,4,4,0,7,7,2,2,2,-1,-1
32,8,4,3,0,7,7,1,0,0,0,0
8,4,0,2,1,7,7,4,0,-1,-1,-1
8,4,0,2,1,0,7,0,0,0,0,0
6,1,1,7,1,7,7,0,1,1,1,1
6,1,1,5,1,7,7,0,1,1,1,1
6,1,1,3,1,7,7,2,2,2,-1,-1
6,1,0,2,0,7,7,0,1,1,0,2
8,2,1,4,1,0,7,2,2,2,-1,-1
8,1,1,3,0,7,7,3,-1,-1,2,2
8,1,0,2,0,7,7,2,2,2,-1,-1
8,0,0,1,0,7,7,1,1,1,1,1
10,6,4,8,1,7,7,0,1,1,1,1
10,6,3,6,1,7,7,2,2,2,-1,-1
10,6,3,5,0,7,7,3,-1,-1,2,2
10,6,3,4,0,7,7,2,2,1,-1,-1
10,6,3,3,0,7,7,1,1,0,1,1
6,3,0,2,0,7,7,0,1,1,1,0
4,2,2,3,1,0,1,0,1,1,2,2
2,0,0,1,0,7,7,3,-1,-1,1,2
8,4,4,7,1,7,7,0,1,1,1,1
8,4,4,5,1,7,7,0,1,1,1,1
8,4,4,3,1,7,7,0,1,1,1,1
8,0,0,1,1,7,7,1,1,1,1,1
47,10,4,5,1,7,7,2,2,1,-1,-1
47,10,2,4,0,7,7,3,-1,-1,2,1
47,10,1,3,1,7,7,2,2,2,-1,-1
47,10,0,2,0,7,7,1,0,0,0,0
10,0,0,1,1,7,7,1,1,0,1,1
24,0,0,1,1,7,7,1,0,0,0,0
6,3,2,6,1,7,7,0,1,1,1,1
6,2,2,4,1,7,7,2,2,2,-1,-1
6,2,1,3,0,7,7,3,-1,-1,2,2
6,1,0,2,0,7,7,2,2,2,-1,-1
6,0,0,1,0,7,7,1,1,1,1,1
12,0,0,1,1,0,7,1,1,1,1,1
13,3,0,2,1,7,7,1,0,0,1,1
3,0,0,1,0,7,7,3,-1,-1,1,1
4,0,0,1,1,7,7,1,1,1,1,1
8,3,1,7,1,7,7,0,1,1,1,1
8,1,1,5,1,7,7,0,1,1,1,1
8,1,1,3,1,7,7,2,2,2,-1,-1
8,1,0,2,0,7,7,1,1,1,1,1
1,0,0,1,1,7,7,2,2,2,-1,-1
12,12,0,2,1,7,7,0,0,0,0,0
22,21,21,3,1,7,7,1,0,0,0,0
21,21,0,2,1,7,7,4,2,-1,-1,-1
21,21,0,2,1,0,7,0,0,0,0,0
1,1,1,4,1,0,1,0,2,1,2,1
1,1,0,2,1,7,7,0,1,1,1,1
64,0,0,1,1,7,7,1,0,0,0,0
7,2,1,5,1,7,7,0,1,1,1,1
7,1,1,3,1,7,7,2,2,2,-1,-1
7,1,0,2,0,7,7,1,1,1,1,1
1,0,0,1,1,7,7,2,2,2,-1,-1
11,2,1,5,1,0,7,2,2,2,-1,-1
11,1,1,4,0,7,7,3,-1,-1,2,2
11,1,1,3,0,7,7,2,2,2,-1,-1
11,1,0,2,0,7,7,1,1,1,1,1
1,0,0,1,1,7,7,2,2,2,-1,-1
3,2,1,5,1,7,7,0,1,1,1,1
1,1,1,3,1,7,7,0,1,1,1,1
1,0,0,1,1,7,7,2,2,2,-1,-1
1,1,1,4,1,7,7,0,1,1,1,1
1,1,0,2,1,7,7,0,1,1,1,1
16,15,15,6,1,7,7,0,1,0,1,1
16,15,15,4,0,7,7,4,-1,-1,2,-1
16,15,15,4,0,7,0,1,0,0,0,1
15,15,6,3,1,7,7,4,-1,-1,0,-1
15,15,6,3,1,7,0,2,1,1,-1,-1
15,15,0,2,0,7,0,0,0,0,0,0
8,8,8,3,1,7,7,1,1,1,1,1
8,8,0,2,1,7,7,0,0,0,0,0
24,0,0,1,1,0,7,1,0,0,0,0
32,0,0,1,1,7,7,1,0,0,0,0
12,1,1,5,1,7,7,2,2,2,-1,-1
12,1,1,4,0,7,7,3,-1,-1,2,2
12,1,1,3,0,7,7,2,2,2,-1,-1
12,1,0,2,0,7,7,1,1,1,1,1
1,0,0,1,1,7,7,2,2,2,-1,-1
48,0,0,1,1,7,7,1,0,0,0,0
4,4,2,6,1,7,7,0,1,1,1,1
2,2,2,4,1,7,7,0,1,1,1,1
2,2,0,2,1,7,7,0,1,1,1,1
4,0,0,1,1,7,7,1,1,1,1,1
9,1,1,8,1,7,7,0,1,1,1,1
9,1,1,6,1,7,7,0,1,1,1,1
9,1,1,4,1,7,7,2,2,2,-1,-1
9,1,1,3,0,7,7,3,-1,-1,2,2
9,1,0,2,0,7,7,1,1,1,1,2
1,0,0,1,0,7,7,2,2,2,-1,-1
3,1,0,2,1,0,7,0,1,1,1,1
11,11,5,4,1,7,7,0,1,0,1,1
11,11,0,2,0,7,7,4,-1,-1,2,-1
11,11,0,2,0,7,0,0,0,0,0,0
2,2,2,6,1,7,7,0,1,1,1,1
2,2,2,4,1,7,7,0,1,1,1,1
2,2,0,2,1,7,7,0,1,1,1,1
8,4,0,2,1,7,7,0,0,0,0,0
20,2,2,7,1,7,7,0,1,1,1,1
20,2,2,5,1,7,7,2,2,2,-1,-1
20,2,2,4,0,7,7,3,-1,-1,2,2
20,2,2,3,0,7,7,2,2,2,-1,-1
20,2,0,2,0,7,7,1,0,0,0,0
2,0,0,1,1,7,7,2,2,2,-1,-1
3,3,2,7,1,0,7,0,1,1,2,2
3,1,1,5,0,7,7,3,-1,-1,1,2
3,1,1,4,0,7,7,0,1,1,1,1
1,1,0,2,1,7,7,0,1,1,1,1
6,2,1,6,1,7,7,0,1,1,1,1
6,1,1,4,1,7,7,2,2,2,-1,-1
6,1,1,3,0,7,7,3,-1,-1,2,2
6,1,0,2,0,7,7,2,2,2,-1,-1
6,0,0,1,0,7,7,1,1,1,1,1
8,4,4,5,1,7,7,0,1,1,1,1
8,4,4,3,1,7,7,0,1,1,1,1
8,0,0,1,1,7,7,1,1,1,1,1
48,0,0,1,1,7,7,1,0,0,0,0
1,1,1,8,1,7,7,0,1,1,1,1
1,1,1,6,1,7,7,0,1,1,1,1
1,1,1,4,1,7,7,0,1,1,1,1
1,1,0,2,1,7,7,0,1,1,1,1
22,5,2,6,1,7,7,2,2,2,-1,-1
22,5,1,5,0,7,7,3,-1,-1,2,2
22,5,1,4,0,7,7,2,2,2,-1,-1
22,5,1,3,0,7,7,1,0,0,1,0
5,1,0,2,0,7,7,2,2,2,-1,-1
5,0,0,1,1,7,7,1,1,1,1,1
4,4,4,8,1,7,7,0,1,1,1,1
4,4,4,6,1,7,7,0,1,1,1,1
4,4,4,4,1,7,7,0,1,1,1,1
4,4,0,2,1,7,7,0,1,1,1,1
2,2,1,6,1,7,7,0,1,1,1,1
1,1,1,4,1,7,7,0,1,1,1,1
1,1,0,2,1,7,7,0,1,1,1,1
41,1,1,8,1,0,1,2,2,2,-1,-1
41,1,1,7,0,7,1,3,-1,-1,2,2
41,1,1,6,0,7,7,2,2,2,-1,-1
41,1,1,5,0,7,7,3,-1,-1,2,2
41,1,1,4,0,7,7,2,2,2,-1,-1
41,1,1,3,0,7,7,3,-1,-1,2,2
41,1,0,2,0,7,7,1,0,0,0,0
1,0,0,1,0,7,7,3,-1,-1,2,2
23,5,5,6,1,0,7,0,1,1,1,1
23,5,5,4,1,7,7,4,-1,-1,0,-1
23,5,5,4,1,7,0,2,1,1,-1,-1
23,5,5,3,0,7,0,3,-1,-1,1,2
23,5,0,2,0,7,7,4,2,-1,-1,-1
23,5,0,2,0,0,7,1,0,0,0,0
5,0,0,1,1,7,7,1,1,1,1,1
5,1,1,8,1,7,7,0,1,1,1,1
5,1,1,6,1,7,7,0,1,1,1,1
5,1,1,4,1,7,7,0,1,1,1,1
5,1,0,2,1,7,7,0,1,1,0,2
2,1,1,3,1,7,7,0,1,1,1,1
1,0,0,1,1,7,7,2,2,2,-1,-1
30,9,9,3,1,7,7,1,0,0,0,0
9,9,0,2,0,7,7,4,0,-1,-1,-1
9,9,0,2,0,0,7,0,0,0,0,0
64,0,0,1,1,0,7,1,0,0,0,0
4,0,0,1,1,0,7,1,2,1,2,1
9,5,4,5,1,0,1,0,1,1,1,1
9,5,3,3,1,7,7,1,1,0,1,2
5,3,0,2,0,7,7,4,-1,-1,2,-1
5,3,0,2,0,7,0,0,1,0,1,1
12,0,0,1,1,7,7,1,1,1,1,1
16,16,16,4,1,7,7,1,0,0,0,1
16,16,16,3,1,7,7,4,-1,-1,2,-1
16,16,16,3,1,7,0,1,0,0,0,1
16,16,0,2,1,7,7,4,-1,-1,2,-1
16,16,0,2,1,7,0,0,0,0,0,0
15,9,0,2,1,0,1,1,0,0,0,0
9,0,0,1,1,7,7,1,1,0,1,1
16,12,12,5,1,0,7,1,0,0,0,1
12,12,12,4,1,7,7,4,-1,-1,2,-1
12,12,12,4,1,7,0,1,1,1,1,1
12,12,12,3,1,7,7,4,-1,-1,0,-1
12,12,12,3,1,7,0,2,0,0,-1,-1
12,12,0,2,0,7,7,3,-1,-1,0,2
12,0,0,1,0,7,7,1,1,1,1,1
17,6,3,7,1,7,7,0,1,1,1,1
17,6,2,5,1,7,7,2,2,2,-1,-1
17,6,1,4,0,7,7,3,-1,-1,2,2
17,6,1,3,0,7,7,1,0,0,0,0
6,1,0,2,0,7,7,2,2,2,-1,-1
6,0,0,1,1,7,7,1,1,1,1,1
30,14,9,5,1,7,7,0,1,0,1,1
30,14,9,3,0,7,7,4,-1,-1,2,-1
30,14,9,3,0,7,0,1,0,0,0,0
14,9,0,2,0,7,7,4,0,-1,-1,-1
14,9,0,2,0,0,7,0,0,0,0,0
6,2,0,2,1,0,7,0,1,1,0,2
1,1,1,4,1,0,1,0,2,1,2,1
1,1,0,2,1,7,7,0,1,1,1,1
6,3,2,8,1,7,7,0,1,1,1,1
6,1,1,6,1,7,7,0,1,1,1,1
6,1,1,4,1,7,7,0,1,1,1,1
6,1,0,2,1,7,7,0,1,1,0,2
12,0,0,1,1,0,7,1,1,1,1,1
4,4,2,4,1,7,7,0,1,1,1,1
2,2,0,2,1,7,7,0,1,1,1,1
48,0,0,1,1,0,7,1,0,0,0,0
7,2,1,5,1,7,7,0,1,1,1,1
7,1,1,3,1,7,7,2,2,2,-1,-1
7,1,0,2,0,7,7,1,1,1,1,1
1,0,0,1,1,7,7,2,2,2,-1,-1
36,2,2,7,1,0,7,2,2,2,-1,-1
36,2,2,6,0,7,7,3,-1,-1,2,2
36,2,2,5,0,7,7,2,2,2,-1,-1
36,2,2,4,0,7,7,3,-1,-1,2,2
36,2,2,3,0,7,7,2,2,2,-1,-1
36,2,0,2,0,7,7,1,0,0,0,0
2,0,0,1,1,7,7,2,2,2,-1,-1
31,17,0,2,1,7,7,1,0,0,0,0
17,0,0,1,1,7,7,1,0,0,0,0
3,2,1,5,1,7,7,0,1,1,1,1
1,1,1,3,1,7,7,0,1,1,1,1
1,0,0,1,1,7,7,2,2,2,-1,-1
18,1,1,7,1,0,7,0,1,1,1,1
18,1,1,5,1,7,7,2,2,2,-1,-1
18,1,1,4,0,7,7,3,-1,-1,2,2
18,1,1,3,0,7,7,2,2,2,-1,-1
18,1,0,2,0,7,7,1,0,0,0,0
1,0,0,1,0,7,7,2,2,2,-1,-1
7,2,1,5,1,0,7,0,1,1,1,1
7,1,1,3,1,7,7,2,2,2,-1,-1
7,1,0,2,0,7,7,1,1,1,1,1
1,0,0,1,1,7,7,2,2,2,-1,-1
18,6,6,6,1,0,7,0,1,1,1,1
18,6,6,4,1,7,7,4,-1,-1,0,-1
18,6,6,4,1,7,0,2,1,1,-1,-1
18,6,6,3,0,7,0,3,-1,-1,1,2
18,6,0,2,0,7,7,4,2,-1,-1,-1
18,6,0,2,0,0,7,1,0,0,0,0
6,0,0,1,0,7,7,1,1,1,1,1
32,0,0,1,1,7,7,1,0,0,0,0
64,0,0,1,1,7,7,1,0,0,0,0
4,4,4,8,1,7,7,0,1,1,1,1
4,4,2,6,1,7,7,0,1,1,1,1
2,2,2,4,1,7,7,0,1,1,1,1
2,2,0,2,1,7,7,0,1,1,1,1
32,16,0,2,1,0,1,1,0,0,0,0
16,0,0,1,1,7,7,1,0,0,0,0
32,0,0,1,1,7,7,1,0,0,0,0
34,7,7,3,1,7,7,1,0,0,0,0
7,7,0,2,0,7,7,4,0,-1,-1,-1
7,7,0,2,0,0,7,0,0,0,0,0
6,6,2,4,1,7,7,0,1,1,1,1
6,6,0,2,1,7,7,0,1,1,1,1
64,0,0,1,1,7,7,1,0,0,0,0
25,1,1,8,1,7,7,0,1,1,1,1
25,1,1,6,1,7,7,2,2,2,-1,-1
25,1,1,5,0,7,7,3,-1,-1,2,2
25,1,1,4,0,7,7,2,2,2,-1,-1
25,1,1,3,0,7,7,3,-1,-1,2,2
25,1,0,2,0,7,7,1,0,0,0,0
1,0,0,1,0,7,7,3,-1,-1,2,2
3,1,0,2,1,7,7,0,1,1,1,1
7,5,5,6,1,7,7,0,1,1,1,1
7,5,5,4,1,7,7,4,-1,-1,0,-1
7,5,5,4,1,7,0,2,1,1,-1,-1
7,5,5,3,0,7,0,3,-1,-1,1,2
7,5,0,2,0,7,7,4,2,-1,-1,-1
7,5,0,2,0,0,7,0,0,0,0,0
4,1,1,5,1,7,7,0,1,1,1,1
1,1,1,3,1,7,7,0,1,1,1,1
1,0,0,1,1,7,7,2,2,2,-1,-1
10,2,2,4,1,7,7,2,2,2,-1,-1
10,2,2,3,0,7,7,3,-1,-1,2,1
10,2,0,2,0,7,7,1,1,1,1,2
2,0,0,1,0,7,7,2,2,2,-1,-1
48,0,0,1,1,7,7,1,0,0,0,0
4,4,4,3,1,7,7,0,1,1,1,1
4,0,0,1,1,7,7,1,1,1,1,1
12,5,3,5,1,7,7,2,2,2,-1,-1
12,5,3,4,0,7,7,3,-1,-1,2,1
12,5,3,3,0,7,7,2,1,1,-1,-1
12,5,0,2,0,7,7,3,-1,-1,1,1
12,0,0,1,0,7,7,1,1,1,1,1
17,4,2,4,1,0,7,2,2,1,-1,-1
17,2,1,3,0,7,7,3,-1,-1,1,2
17,1,0,2,0,7,7,1,0,0,0,0
1,0,0,1,0,7,7,2,2,2,-1,-1
2,1,1,3,1,7,7,0,1,1,1,1
1,0,0,1,1,7,7,2,2,2,-1,-1
1,1,1,8,1,7,7,0,1,1,1,1
1,1,1,6,1,7,7,0,1,1,1,1
1,1,1,4,1,7,7,0,1,1,1,1
1,1,0,2,1,7,7,0,1,1,1,1
21,6,3,5,1,7,7,2,2,1,-1,-1
21,6,1,4,0,7,7,3,-1,-1,2,1
21,6,1,3,1,7,7,2,2,2,-1,-1
21,6,0,2,0,7,7,1,0,0,0,0
6,0,0,1,0,7,7,1,1,1,1,1
4,4,2,4,1,0,7,0,1,1,2,2
4,2,0,2,0,7,7,3,-1,-1,1,1
2,0,0,1,0,7,7,2,1,2,-1,-1
12,0,0,1,1,7,7,1,1,1,1,1
30,3,3,7,1,7,7,0,1,1,1,1
30,3,3,5,1,7,7,2,2,1,-1,-1
30,3,3,4,0,7,7,3,-1,-1,1,1
30,3,3,3,0,7,7,2,1,1,-1,-1
30,3,0,2,0,7,7,3,-1,-1,1,1
30,0,0,1,0,7,7,1,0,0,0,0
3,3,3,8,1,7,7,0,1,1,1,1
3,3,1,6,1,7,7,0,1,1,1,1
1,1,1,4,1,7,7,0,1,1,1,1
1,1,0,2,1,7,7,0,1,1,1,1
16,4,4,3,1,7,7,1,0,0,0,0
4,4,0,2,1,7,7,0,1,1,1,1
1,1,1,8,1,7,7,0,1,1,1,1
1,1,1,6,1,7,7,0,1,1,1,1
1,1,1,4,1,7,7,0,1,1,1,1
1,1,0,2,1,7,7,0,1,1,1,1
7,1,1,6,1,7,7,0,1,1,1,1
7,1,1,4,1,7,7,2,2,2,-1,-1
7,1,1,3,0,7,7,3,-1,-1,2,2
7,1,0,2,0,7,7,2,2,2,-1,-1
7,0,0,1,0,7,7,1,1,1,1,1
6,6,4,7,1,7,7,0,1,1,1,1
6,6,2,5,1,7,7,0,1,1,1,1
6,6,2,3,1,7,7,2,2,2,-1,-1
6,6,0,2,0,7,7,0,1,1,1,1
10,5,4,5,1,7,7,2,2,1,-1,-1
10,5,4,4,0,7,7,3,-1,-1,1,1
10,5,3,3,0,7,7,2,1,1,-1,-1
10,3,0,2,0,7,7,3,-1,-1,1,1
10,0,0,1,0,7,7,1,1,0,1,1
1,1,1,8,1,7,7,0,1,1,1,1
1,1,1,6,1,7,7,0,1,1,1,1
1,1,1,4,1,7,7,0,1,1,1,1
1,1,0,2,1,7,7,0,1,1,1,1
35,7,3,5,1,7,7,2,2,1,-1,-1
35,7,2,4,0,7,7,3,-1,-1,2,1
35,7,1,3,1,7,7,2,2,2,-1,-1
35,7,0,2,0,7,7,1,0,0,0,0
7,0,0,1,1,7,7,1,1,1,1,1
9,3,1,6,1,0,7,0,1,1,1,1
9,1,1,4,1,7,7,2,2,2,-1,-1
9,1,1,3,0,7,7,3,-1,-1,2,2
9,1,0,2,0,7,7,1,1,1,1,2
1,0,0,1,0,7,7,2,2,2,-1,-1
22,5,5,3,1,0,7,1,0,0,0,0
5,5,0,2,1,7,7,4,2,-1,-1,-1
5,5,0,2,1,0,7,0,1,1,1,1
7,1,1,6,1,7,7,0,1,1,1,1
7,1,1,4,1,7,7,2,2,2,-1,-1
7,1,1,3,0,7,7,3,-1,-1,2,2
7,1,0,2,0,7,7,2,2,2,-1,-1
7,0,0,1,0,7,7,1,1,1,1,1
9,2,1,3,1,7,7,1,1,1,1,2
2,1,0,2,0,7,7,2,2,2,-1,-1
1,0,0,1,0,7,7,3,-1,-1,2,2
35,7,2,7,1,0,7,2,2,2,-1,-1
35,7,1,6,0,7,7,3,-1,-1,2,2
35,7,1,5,0,7,7,2,2,2,-1,-1
35,7,1,4,0,7,7,3,-1,-1,2,2
35,7,1,3,0,7,7,1,0,0,0,0
7,1,0,2,1,7,7,4,0,-1,-1,-1
7,1,0,2,1,0,7,1,1,1,1,1
1,0,0,1,1,7,7,2,2,2,-1,-1
3,1,0,2,1,7,7,0,1,1,1,1
16,0,0,1,1,7,7,1,0,0,0,0
8,6,6,5,1,0,7,0,1,1,1,1
8,6,6,3,1,7,7,4,-1,-1,2,-1
8,6,6,3,1,7,0,2,1,1,-1,-1
8,6,0,2,0,7,0,3,-1,-1,1,0
8,0,0,1,1,7,7,1,1,1,1,1
8,4,0,2,1,7,7,0,0,0,0,0
42,11,5,6,1,7,7,2,2,1,-1,-1
42,11,5,5,0,7,7,3,-1,-1,2,1
42,11,5,4,1,7,7,2,2,2,-1,-1
42,11,5,3,0,7,7,1,0,0,0,0
11,5,0,2,1,7,7,4,0,-1,-1,-1
11,5,0,2,1,0,7,1,1,1,1,1
5,0,0,1,1,7,7,1,1,1,1,1
16,15,15,6,1,7,7,0,1,0,1,1
16,15,15,4,0,7,7,4,-1,-1,2,-1
16,15,15,4,0,7,0,1,0,0,0,1
15,15,6,3,1,7,7,4,-1,-1,0,-1
15,15,6,3,1,7,0,2,1,1,-1,-1
15,15,0,2,0,7,0,0,0,0,0,0
3,1,0,2,1,7,7,0,1,1,1,1
2,2,0,2,1,7,7,0,1,1,1,1
24,0,0,1,1,7,7,1,0,0,0,0
4,0,0,1,1,0,7,1,2,1,2,1
17,1,1,8,1,7,7,0,1,1,1,1
17,1,1,6,1,7,7,2,2,2,-1,-1
17,1,1,5,0,7,7,3,-1,-1,2,2
17,1,1,4,0,7,7,2,2,1,-1,-1
17,1,1,3,0,7,7,3,-1,-1,1,2
17,1,0,2,0,7,7,1,0,0,0,0
1,0,0,1,0,7,7,2,2,2,-1,-1
25,23,0,2,1,7,7,0,0,0,0,0
6,2,0,2,1,0,7,0,1,1,0,2
6,4,2,5,1,7,7,0,1,1,1,1
6,2,2,3,1,7,7,2,2,2,-1,-1
6,2,0,2,0,7,7,0,1,1,0,2
12,9,9,5,1,0,7,1,1,1,1,1
9,9,9,4,1,7,7,4,-1,-1,0,-1
9,9,9,4,1,7,0,2,0,0,-1,-1
9,9,9,3,0,7,7,3,-1,-1,0,2
9,9,0,2,0,7,7,0,0,0,0,0
20,13,10,6,1,7,7,0,0,0,0,1
20,13,10,4,1,7,7,4,-1,-1,2,-1
20,13,10,4,1,7,0,2,2,1,-1,-1
20,13,10,3,0,7,0,3,-1,-1,0,0
20,13,0,2,0,7,7,4,0,-1,-1,-1
20,13,0,2,0,0,7,1,0,0,0,0
13,0,0,1,1,7,7,1,0,0,0,0
64,0,0,1,1,7,7,1,0,0,0,0
4,1,1,5,1,7,7,0,1,1,1,1
1,1,1,3,1,7,7,0,1,1,1,1
1,0,0,1,1,7,7,2,2,2,-1,-1
64,0,0,1,1,7,7,1,0,0,0,0
6,6,6,6,1,7,7,2,2,2,-1,-1
6,6,6,5,0,7,7,3,-1,-1,2,2
6,6,6,4,0,7,7,0,1,1,1,1
6,2,0,2,1,7,7,4,-1,-1,0,-1
6,2,0,2,1,7,0,2,1,1,-1,-1
2,0,0,1,0,7,7,3,-1,-1,2,1
6,2,0,2,1,7,7,0,1,1,0,2
9,2,1,3,1,7,7,1,1,1,1,2
2,1,0,2,0,7,7,2,2,2,-1,-1
1,0,0,1,0,7,7,3,-1,-1,2,2
2,2,1,6,1,7,7,0,1,1,1,1
1,1,1,4,1,7,7,0,1,1,1,1
1,1,0,2,1,7,7,0,1,1,1,1
48,0,0,1,1,7,7,1,0,0,0,0
46,3,3,7,1,7,7,2,1,1,-1,-1
46,3,3,6,0,7,7,3,-1,-1,1,1
46,3,3,5,1,7,7,2,2,1,-1,-1
46,3,3,4,0,7,7,3,-1,-1,1,1
46,3,3,3,0,7,7,2,1,1,-1,-1
46,3,0,2,0,7,7,3,-1,-1,1,1
46,0,0,1,0,7,7,1,0,0,0,0
2,2,0,2,1,0,1,0,2,1,2,1
3,3,2,7,1,7,7,0,1,1,1,1
2,1,1,5,1,7,7,0,1,1,1,1
1,1,1,3,1,7,7,0,1,1,1,1
1,0,0,1,1,7,7,2,2,2,-1,-1
12,0,0,1,1,7,7,1,1,1,1,1
64,0,0,1,1,7,7,1,0,0,0,0
11,1,1,6,1,7,7,0,1,1,1,1
11,1,1,4,1,7,7,2,2,2,-1,-1
11,1,1,3,0,7,7,3,-1,-1,2,2
11,1,0,2,0,7,7,1,1,1,1,1
1,0,0,1,1,7,7,2,2,2,-1,-1
7,3,1,8,1,0,7,0,1,1,1,1
7,1,1,6,1,7,7,0,1,1,1,1
7,1,1,4,1,7,7,0,1,1,1,1
7,1,0,2,1,7,7,1,1,1,1,1
1,0,0,1,1,7,7,2,2,2,-1,-1
4,0,0,1,1,0,7,1,2,1,2,1
8,4,0,2,1,7,7,0,0,0,0,0
8,6,6,5,1,7,7,0,1,1,1,1
8,6,6,3,1,7,7,4,-1,-1,2,-1
8,6,6,3,1,7,0,2,1,1,-1,-1
8,6,0,2,0,7,0,3,-1,-1,1,0
8,0,0,1,1,7,7,1,1,1,1,1
11,11,10,7,1,7,7,2,1,1,-1,-1
11,11,10,6,0,7,7,3,-1,-1,1,1
11,11,10,5,1,7,7,2,2,2,-1,-1
11,11,10,4,0,7,7,3,-1,-1,2,0
11,11,10,3,0,7,7,4,0,-1,-1,-1
11,11,10,3,0,0,7,1,1,1,2,1
11,10,0,2,1,7,7,4,-1,-1,2,-1
11,10,0,2,1,7,0,2,0,0,-1,-1
11,0,0,1,0,7,0,3,-1,-1,0,0
8,8,8,8,1,0,1,1,1,1,1,1
8,8,8,7,1,7,7,0,0,0,0,1
8,8,8,5,1,7,7,4,-1,-1,2,-1
8,8,8,5,1,7,0,1,1,1,1,1
8,8,8,4,1,7,7,0,0,0,0,1
8,8,0,2,1,7,7,4,-1,-1,2,-1
8,8,0,2,1,7,0,0,0,0,0,0
32,0,0,1,1,7,7,1,0,0,0,0
12,6,6,7,1,7,7,0,1,1,1,1
12,6,6,5,1,7,7,4,-1,-1,0,-1
12,6,6,5,1,7,0,2,1,1,-1,-1
12,6,6,4,0,7,0,3,-1,-1,1,2
12,6,6,3,0,7,7,4,2,-1,-1,-1
12,6,6,3,0,0,7,1,1,1,1,1
6,6,0,2,1,7,7,4,-1,-1,2,-1
6,6,0,2,1,7,0,2,1,1,-1,-1
6,0,0,1,0,7,7,3,-1,-1,1,0
15,3,3,4,1,7,7,2,2,1,-1,-1
15,3,3,3,0,7,7,3,-1,-1,1,1
15,3,0,2,0,7,7,2,1,1,-1,-1
15,0,0,1,0,7,7,1,0,0,0,0
3,1,0,2,1,7,7,0,1,1,1,1
29,7,7,6,1,7,7,0,0,0,0,1
29,7,7,4,1,7,7,4,-1,-1,2,-1
29,7,7,4,1,7,0,1,0,0,0,1
7,7,7,3,0,7,7,4,0,-1,-1,-1
7,7,7,3,0,0,7,4,-1,-1,0,-1
7,7,7,3,0,0,0,1,1,1,1,0
7,7,0,2,0,7,7,2,0,0,-1,-1
7,0,0,1,0,7,7,3,-1,-1,0,0
9,7,7,6,1,7,7,2,1,1,-1,-1
9,7,7,5,0,7,7,3,-1,-1,1,1
9,7,7,4,1,7,7,1,1,0,1,1
7,7,3,3,0,7,7,4,-1,-1,0,-1
7,7,3,3,0,7,0,2,1,1,-1,-1
7,7,0,2,0,7,0,0,0,0,0,0
16,16,0,2,1,7,7,0,0,0,0,0
6,1,1,7,1,7,7,0,1,1,1,1
6,1,1,5,1,7,7,0,1,1,1,1
6,1,1,3,1,7,7,2,2,2,-1,-1
6,1,0,2,0,7,7,0,1,1,0,2
2,1,1,7,1,7,7,0,1,1,1,1
1,1,1,5,1,7,7,0,1,1,1,1
1,1,1,3,1,7,7,0,1,1,1,1
1,0,0,1,1,7,7,2,2,2,-1,-1
22,10,0,2,1,7,7,1,0,0,0,0
10,0,0,1,1,7,7,1,1,0,1,1
1,1,1,8,1,7,7,0,1,1,1,1
1,1,1,6,1,7,7,0,1,1,1,1
1,1,1,4,1,7,7,0,1,1,1,1
1,1,0,2,1,7,7,0,1,1,1,1
4,0,0,1,1,0,7,1,2,1,2,1
6,3,3,3,1,0,7,0,1,1,1,1
6,0,0,1,1,7,7,1,1,1,1,1
48,0,0,1,1,7,7,1,0,0,0,0
48,0,0,1,1,0,7,1,0,0,0,0
6,1,1,7,1,7,7,0,1,1,1,1
6,1,1,5,1,7,7,0,1,1,1,1
6,1,1,3,1,7,7,2,2,2,-1,-1
6,1,0,2,0,7,7,0,1,1,0,2
21,6,3,4,1,7,7,2,2,2,-1,-1
21,6,3,3,0,7,7,1,0,0,0,0
6,3,0,2,0,7,7,0,1,1,1,0
32,0,0,1,1,7,7,1,0,0,0,0
22,10,0,2,1,0,1,1,0,0,0,0
10,0,0,1,1,7,7,1,1,0,1,1
6,6,4,7,1,7,7,0,1,1,1,1
6,6,2,5,1,7,7,0,1,1,1,1
6,6,2,3,1,7,7,2,2,2,-1,-1
6,6,0,2,0,7,7,0,1,1,1,1
16,16,16,3,1,7,7,1,0,0,0,1
16,16,0,2,1,7,7,4,-1,-1,2,-1
16,16,0,2,1,7,0,0,0,0,0,0
24,0,0,1,1,7,7,1,0,0,0,0
2,1,1,3,1,7,7,0,1,1,1,1
1,0,0,1,1,7,7,2,2,2,-1,-1
5,1,1,4,1,7,7,2,2,2,-1,-1
5,1,1,3,0,7,7,3,-1,-1,2,2
5,1,0,2,0,7,7,2,2,2,-1,-1
5,0,0,1,0,7,7,1,1,1,1,1
24,0,0,1,1,0,7,1,0,0,0,0
32,0,0,1,1,7,7,1,0,0,0,0
22,22,10,4,1,7,7,0,0,0,0,1
22,22,0,2,1,7,7,4,-1,-1,2,-1
22,22,0,2,1,7,0,0,0,0,0,0
7,4,3,4,1,7,7,0,1,1,1,1
7,2,0,2,1,7,7,1,1,1,1,1
2,0,0,1,1,7,7,2,2,2,-1,-1
9,3,0,2,1,7,7,0,0,0,0,0
4,2,2,5,1,0,7,0,1,1,2,2
2,2,2,3,0,7,7,3,-1,-1,1,2
2,2,0,2,0,7,7,0,1,1,1,1
4,0,0,1,1,7,7,1,1,1,1,1
4,4,4,8,1,7,7,0,1,1,1,1
4,4,2,6,1,7,7,0,1,1,1,1
2,2,2,4,1,7,7,0,1,1,1,1
2,2,0,2,1,7,7,0,1,1,1,1
32,0,0,1,1,7,7,1,0,0,0,0
6,1,1,7,1,7,7,0,1,1,1,1
6,1,1,5,1,7,7,0,1,1,1,1
6,1,1,3,1,7,7,2,2,2,-1,-1
6,1,0,2,0,7,7,0,1,1,0,2
8,3,2,6,1,0,7,0,1,1,1,1
8,1,1,4,1,7,7,2,2,2,-1,-1
8,1,1,3,0,7,7,3,-1,-1,2,2
8,1,0,2,0,7,7,2,2,2,-1,-1
8,0,0,1,0,7,7,1,1,1,1,1
3,1,1,6,1,7,7,0,1,1,1,1
1,1,1,4,1,7,7,0,1,1,1,1
1,1,0,2,1,7,7,0,1,1,1,1
10,7,7,7,1,7,7,2,2,2,-1,-1
10,7,7,6,0,7,7,3,-1,-1,2,2
10,7,7,5,0,7,7,2,2,2,-1,-1
10,7,7,4,0,7,7,1,1,1,1,2
7,7,2,3,0,7,7,2,2,2,-1,-1
7,7,0,2,0,7,7,0,0,0,0,0
8,4,4,5,1,7,7,0,1,1,1,1
8,4,4,3,1,7,7,0,1,1,1,1
8,0,0,1,1,7,7,1,1,1,1,1
8,8,8,8,1,7,7,0,0,0,0,1
8,8,8,6,1,7,7,4,-1,-1,2,-1
8,8,8,6,1,7,0,1,1,1,1,1
8,8,8,5,1,7,7,0,0,0,0,1
8,8,8,3,1,7,7,4,-1,-1,2,-1
8,8,8,3,1,7,0,1,1,1,1,1
8,8,0,2,1,7,7,0,0,0,0,0
7,1,0,2,1,7,7,1,1,1,1,1
1,0,0,1,1,7,7,2,2,2,-1,-1
5,1,1,4,1,0,7,2,2,2,-1,-1
5,1,1,3,0,7,7,3,-1,-1,2,2
5,1,0,2,0,7,7,2,2,2,-1,-1
5,0,0,1,0,7,7,1,1,1,1,1
10,1,1,7,1,7,7,0,1,1,1,1
10,1,1,5,1,7,7,2,2,2,-1,-1
10,1,1,4,0,7,7,3,-1,-1,2,2
10,1,1,3,0,7,7,2,2,1,-1,-1
10,1,0,2,0,7,7,1,1,1,1,2
1,0,0,1,0,7,7,2,2,2,-1,-1
14,10,10,6,1,7,7,0,0,0,0,1
14,10,10,4,1,7,7,4,-1,-1,2,-1
14,10,10,4,1,7,0,1,0,0,0,1
10,10,10,3,1,7,7,4,-1,-1,2,-1
10,10,10,3,1,7,0,1,1,0,1,2
10,10,0,2,0,7,7,4,-1,-1,2,-1
10,10,0,2,0,7,0,0,0,0,0,0
8,1,1,5,1,7,7,0,1,1,1,1
8,1,1,3,1,7,7,2,2,2,-1,-1
8,1,0,2,0,7,7,1,1,1,1,1
1,0,0,1,1,7,7,2,2,2,-1,-1
23,9,5,7,1,7,7,2,2,2,-1,-1
23,9,5,6,0,7,7,3,-1,-1,2,1
23,9,5,5,0,7,7,2,1,2,-1,-1
23,9,5,4,0,7,7,3,-1,-1,1,1
23,9,5,3,0,7,7,4,0,-1,-1,-1
23,9,5,3,0,0,7,1,0,0,0,0
9,5,0,2,1,7,7,4,2,-1,-1,-1
9,5,0,2,1,0,7,0,0,0,0,0
31,17,0,2,1,7,7,1,0,0,0,0
17,0,0,1,1,7,7,1,0,0,0,0
4,0,0,1,1,7,7,1,1,1,1,1
20,4,0,2,1,0,1,1,0,0,0,0
4,0,0,1,1,7,7,1,1,1,1,1
1,1,1,4,1,7,7,0,1,1,1,1
1,1,0,2,1,7,7,0,1,1,1,1
48,0,0,1,1,7,7,1,0,0,0,0
32,0,0,1,1,7,7,1,0,0,0,0
1,1,1,4,1,7,7,0,1,1,1,1
1,1,0,2,1,7,7,0,1,1,1,1
21,6,3,4,1,7,7,2,2,2,-1,-1
21,6,3,3,0,7,7,1,0,0,0,0
6,3,0,2,0,7,7,0,1,1,1,0
6,2,2,4,1,7,7,2,2,2,-1,-1
6,2,2,3,0,7,7,3,-1,-1,2,2
6,2,0,2,0,7,7,2,2,2,-1,-1
6,0,0,1,0,7,7,1,1,1,1,1
1,1,1,4,1,7,7,0,1,1,1,1
1,1,0,2,1,7,7,0,1,1,1,1
5,1,1,4,1,7,7,2,2,2,-1,-1
5,1,1,3,0,7,7,3,-1,-1,2,2
5,1,0,2,0,7,7,2,2,2,-1,-1
5,0,0,1,0,7,7,1,1,1,1,1
3,3,3,4,1,7,7,0,1,1,1,1
3,3,0,2,1,7,7,0,1,1,1,1
17,6,3,8,1,7,7,0,1,1,1,1
17,6,1,6,1,7,7,2,2,2,-1,-1
17,6,1,5,0,7,7,3,-1,-1,2,2
17,6,1,4,0,7,7,2,2,2,-1,-1
17,6,1,3,0,7,7,1,0,0,0,0
6,1,0,2,0,7,7,2,2,2,-1,-1
6,0,0,1,1,7,7,1,1,1,1,1
3,3,3,6,1,0,7,0,1,1,2,2
3,3,1,4,0,7,7,3,-1,-1,1,2
3,3,1,3,0,7,7,0,1,1,1,1
1,0,0,1,1,7,7,2,2,2,-1,-1
2,1,1,3,1,0,7,0,2,1,2,1
1,0,0,1,1,7,7,2,2,2,-1,-1
16,8,8,3,1,0,1,1,0,0,0,1
8,8,0,2,1,7,7,4,-1,-1,2,-1
8,8,0,2,1,7,0,0,0,0,0,0
16,15,15,6,1,0,7,0,1,0,1,1
16,15,15,4,0,7,7,4,-1,-1,2,-1
16,15,15,4,0,7,0,1,0,0,0,1
15,15,6,3,1,7,7,4,-1,-1,0,-1
15,15,6,3,1,7,0,2,1,1,-1,-1
15,15,0,2,0,7,0,0,0,0,0,0
8,4,0,2,1,7,7,0,0,0,0,0
12,1,1,5,1,7,7,2,2,2,-1,-1
12,1,1,4,0,7,7,3,-1,-1,2,2
12,1,1,3,0,7,7,2,2,2,-1,-1
12,1,0,2,0,7,7,1,1,1,1,1
1,0,0,1,1,7,7,2,2,2,-1,-1
1,1,1,4,1,7,7,0,1,1,1,1
1,1,0,2,1,7,7,0,1,1,1,1
10,2,2,8,1,0,7,0,1,1,1,1
10,2,2,6,1,7,7,0,1,1,1,1
10,2,2,4,1,7,7,2,2,2,-1,-1
10,2,2,3,0,7,7,3,-1,-1,2,2
10,2,0,2,0,7,7,1,1,1,1,2
2,0,0,1,0,7,7,2,2,2,-1,-1
16,5,3,3,1,0,7,1,0,0,0,1
5,3,0,2,1,7,7,4,-1,-1,2,-1
5,3,0,2,1,7,0,0,1,0,1,1
3,1,0,2,1,7,7,0,1,1,1,1
5,1,1,8,1,7,7,0,1,1,1,1
5,1,1,6,1,7,7,0,1,1,1,1
5,1,1,4,1,7,7,0,1,1,1,1
5,1,0,2,1,7,7,0,1,1,0,2
14,10,10,6,1,0,7,0,0,0,0,1
14,10,10,4,1,7,7,4,-1,-1,2,-1
14,10,10,4,1,7,0,1,0,0,0,1
10,10,10,3,1,7,7,4,-1,-1,2,-1
10,10,10,3,1,7,0,1,1,0,1,2
10,10,0,2,0,7,7,4,-1,-1,2,-1
10,10,0,2,0,7,0,0,0,0,0,0
3,2,1,5,1,7,7,0,1,1,1,1
1,1,1,3,1,7,7,0,1,1,1,1
1,0,0,1,1,7,7,2,2,2,-1,-1
17,6,3,7,1,7,7,0,1,1,1,1
17,6,2,5,1,7,7,2,2,2,-1,-1
17,6,1,4,0,7,7,3,-1,-1,2,2
17,6,1,3,0,7,7,1,0,0,0,0
6,1,0,2,0,7,7,2,2,2,-1,-1
6,0,0,1,1,7,7,1,1,1,1,1
19,13,0,2,1,7,7,1,0,0,0,0
13,0,0,1,1,7,7,1,0,0,0,0
15,6,3,3,1,7,7,1,0,0,0,1
6,3,0,2,1,7,7,4,-1,-1,2,-1
6,3,0,2,1,7,0,0,1,0,1,1
24,0,0,1,1,7,7,1,0,0,0,0
11,11,11,6,1,7,7,0,1,0,1,1
11,11,11,4,0,7,7,4,-1,-1,2,-1
11,11,11,4,0,7,0,1,1,1,1,1
11,11,5,3,1,7,7,4,-1,-1,0,-1
11,11,5,3,1,7,0,2,1,1,-1,-1
11,11,0,2,0,7,0,0,0,0,0,0
64,0,0,1,1,7,7,1,0,0,0,0
3,2,1,5,1,7,7,0,1,1,1,1
1,1,1,3,1,7,7,0,1,1,1,1
1,0,0,1,1,7,7,2,2,2,-1,-1
4,2,1,4,1,7,7,0,1,1,1,1
1,1,0,2,1,7,7,0,1,1,1,1
22,12,8,8,1,0,7,2,1,1,-1,-1
22,12,8,7,0,7,7,3,-1,-1,1,1
22,12,8,6,1,7,7,2,1,1,-1,-1
22,12,8,5,0,7,7,3,-1,-1,1,1
22,12,8,4,0,7,7,2,1,1,-1,-1
22,12,8,3,0,7,7,3,-1,-1,0,0
22,12,0,2,0,7,7,1,0,0,0,0
12,0,0,1,1,7,7,1,1,1,1,1
16,0,0,1,1,7,7,1,0,0,0,0
2,2,0,2,1,7,7,0,1,1,1,1
48,0,0,1,1,7,7,1,0,0,0,0
9,1,1,8,1,0,7,0,1,1,1,1
9,1,1,6,1,7,7,0,1,1,1,1
9,1,1,4,1,7,7,2,2,2,-1,-1
9,1,1,3,0,7,7,3,-1,-1,2,2
9,1,0,2,0,7,7,1,1,1,1,2
1,0,0,1,0,7,7,2,2,2,-1,-1
10,1,1,7,1,7,7,0,1,1,1,1
10,1,1,5,1,7,7,2,2,2,-1,-1
10,1,1,4,0,7,7,3,-1,-1,2,2
10,1,1,3,0,7,7,2,2,1,-1,-1
10,1,0,2,0,7,7,1,1,1,1,2
1,0,0,1,0,7,7,2,2,2,-1,-1
12,6,6,3,1,0,7,1,1,1,1,1
6,6,0,2,1,7,7,4,-1,-1,2,-1
6,6,0,2,1,7,0,2,1,1,-1,-1
6,0,0,1,0,7,7,3,-1,-1,1,0
6,3,2,7,1,7,7,0,1,1,1,1
6,2,1,5,1,7,7,0,1,1,1,1
6,1,1,3,1,7,7,2,2,2,-1,-1
6,1,0,2,0,7,7,0,1,1,0,2
22,13,13,3,1,7,7,1,0,0,0,0
13,13,0,2,1,7,7,4,2,-1,-1,-1
13,13,0,2,1,0,7,0,0,0,0,0
5,3,0,2,1,7,7,0,1,1,1,0
13,9,7,7,1,0,7,2,1,1,-1,-1
13,9,7,6,0,7,7,3,-1,-1,1,1
13,9,7,5,0,7,7,2,1,1,-1,-1
13,9,7,4,0,7,7,4,-1,-1,0,-1
13,9,7,4,0,7,0,1,0,0,0,1
9,7,5,3,1,7,7,4,-1,-1,2,-1
9,7,5,3,1,7,0,1,1,0,1,1
7,5,0,2,0,7,7,0,0,0,0,0
45,10,4,7,1,7,7,2,1,1,-1,-1
45,10,2,6,0,7,7,3,-1,-1,1,1
45,10,2,5,1,7,7,2,2,2,-1,-1
45,10,2,4,0,7,7,3,-1,-1,2,2
45,10,1,3,0,7,7,2,2,2,-1,-1
45,10,0,2,0,7,7,1,0,0,0,0
10,0,0,1,0,7,7,1,1,0,1,1
5,3,2,5,1,7,7,0,1,1,1,1
5,1,1,3,1,7,7,2,2,2,-1,-1
5,1,0,2,0,7,7,0,1,1,0,2
33,8,4,5,1,7,7,2,2,1,-1,-1
33,8,2,4,0,7,7,3,-1,-1,2,1
33,8,1,3,1,7,7,2,2,2,-1,-1
33,8,0,2,0,7,7,1,0,0,0,0
8,0,0,1,0,7,7,1,1,1,1,1
8,0,0,1,1,7,7,1,1,1,1,1
16,16,0,2,1,7,7,0,0,0,0,0
38,2,2,6,1,0,7,2,2,2,-1,-1
38,2,2,5,0,7,7,3,-1,-1,2,2
38,2,2,4,0,7,7,2,2,2,-1,-1
38,2,2,3,0,7,7,3,-1,-1,2,2
38,2,0,2,0,7,7,1,0,0,1,0
2,0,0,1,0,7,7,2,2,2,-1,-1
27,9,4,8,1,0,7,0,1,1,1,1
27,9,2,6,1,7,7,2,2,2,-1,-1
27,9,1,5,0,7,7,3,-1,-1,2,2
27,9,1,4,0,7,7,2,2,2,-1,-1
27,9,1,3,0,7,7,3,-1,-1,2,2
27,9,0,2,0,7,7,1,0,0,0,0
9,0,0,1,1,7,7,1,1,0,1,1
6,6,6,6,1,0,7,2,2,2,-1,-1
6,6,6,5,0,7,7,3,-1,-1,2,2
6,6,6,4,0,7,7,0,1,1,1,1
6,2,0,2,1,7,7,4,-1,-1,0,-1
6,2,0,2,1,7,0,2,1,1,-1,-1
2,0,0,1,0,7,7,3,-1,-1,2,1
5,1,1,4,1,7,7,2,2,2,-1,-1
5,1,1,3,0,7,7,3,-1,-1,2,2
5,1,0,2,0,7,7,2,2,2,-1,-1
5,0,0,1,0,7,7,1,1,1,1,1
4,4,4,7,1,7,7,0,1,1,1,1
4,1,1,5,1,7,7,0,1,1,1,1
1,1,1,3,1,7,7,0,1,1,1,1
1,0,0,1,1,7,7,2,2,2,-1,-1
48,0,0,1,1,7,7,1,0,0,0,0
24,24,0,2,1,7,7,0,0,0,0,0
8,0,0,1,1,0,7,1,1,1,1,1
24,0,0,1,1,7,7,1,0,0,0,0
8,8,8,8,1,7,7,0,0,0,0,1
8,8,8,6,1,7,7,4,-1,-1,2,-1
8,8,8,6,1,7,0,1,1,1,1,1
8,8,8,5,1,7,7,0,0,0,0,1
8,8,8,3,1,7,7,4,-1,-1,2,-1
8,8,8,3,1,7,0,1,1,1,1,1
8,8,0,2,1,7,7,0,0,0,0,0
3,1,0,2,1,7,7,0,1,1,1,1
2,2,0,2,1,7,7,0,1,1,1,1
12,6,4,7,1,7,7,0,1,1,1,1
12,6,3,5,1,7,7,2,2,2,-1,-1
12,6,3,4,0,7,7,3,-1,-1,2,1
12,6,3,3,0,7,7,1,1,1,1,1
6,3,0,2,1,7,7,0,1,1,1,0
5,3,0,2,1,7,7,0,1,1,1,0
12,4,4,4,1,0,7,2,2,1,-1,-1
12,4,4,3,0,7,7,3,-1,-1,1,1
12,4,0,2,0,7,7,2,1,1,-1,-1
12,0,0,1,0,7,7,1,1,1,1,1
12,7,5,3,1,7,7,1,1,0,1,1
7,5,0,2,0,7,7,4,-1,-1,2,-1
7,5,0,2,0,7,0,0,0,0,0,0
24,0,0,1,1,7,7,1,0,0,0,0
24,0,0,1,1,0,7,1,0,0,0,0
25,1,1,8,1,7,7,0,1,1,1,1
25,1,1,6,1,7,7,2,2,2,-1,-1
25,1,1,5,0,7,7,3,-1,-1,2,2
25,1,1,4,0,7,7,2,2,2,-1,-1
25,1,1,3,0,7,7,3,-1,-1,2,2
25,1,0,2,0,7,7,1,0,0,0,0
1,0,0,1,0,7,7,3,-1,-1,2,2
4,1,1,5,1,7,7,0,1,1,1,1
1,1,1,3,1,7,7,0,1,1,1,1
1,0,0,1,1,7,7,2,2,2,-1,-1
8,3,2,6,1,7,7,0,1,1,1,1
8,1,1,4,1,7,7,2,2,2,-1,-1
8,1,1,3,0,7,7,3,-1,-1,2,2
8,1,0,2,0,7,7,2,2,2,-1,-1
8,0,0,1,0,7,7,1,1,1,1,1
14,5,3,4,1,7,7,2,2,2,-1,-1
14,5,3,3,0,7,7,1,0,0,0,0
5,3,0,2,1,7,7,0,1,1,1,0
4,2,1,8,1,7,7,0,1,1,1,1
1,1,1,6,1,7,7,0,1,1,1,1
1,1,1,4,1,7,7,0,1,1,1,1
1,1,0,2,1,7,7,0,1,1,1,1
9,1,1,8,1,7,7,0,1,1,1,1
9,1,1,6,1,7,7,0,1,1,1,1
9,1,1,4,1,7,7,2,2,2,-1,-1
9,1,1,3,0,7,7,3,-1,-1,2,2
9,1,0,2,0,7,7,1,1,1,1,2
1,0,0,1,0,7,7,2,2,2,-1,-1
8,4,2,4,1,7,7,0,1,1,1,1
8,2,0,2,1,7,7,1,1,1,1,1
2,0,0,1,1,7,7,2,2,2,-1,-1
8,0,0,1,1,0,7,1,1,1,1,1
4,0,0,1,1,7,7,1,1,1,1,1
6,6,6,8,1,7,7,2,2,2,-1,-1
6,6,6,7,0,7,7,3,-1,-1,2,2
6,6,6,6,0,7,7,2,2,2,-1,-1
6,6,6,5,0,7,7,3,-1,-1,2,2
6,6,6,4,0,7,7,0,1,1,1,1
6,6,0,2,1,7,7,4,-1,-1,0,-1
6,6,0,2,1,7,0,2,1,1,-1,-1
6,0,0,1,0,7,7,3,-1,-1,1,2
7,2,1,5,1,7,7,0,1,1,1,1
7,1,1,3,1,7,7,2,2,2,-1,-1
7,1,0,2,0,7,7,1,1,1,1,1
1,0,0,1,1,7,7,2,2,2,-1,-1
48,0,0,1,1,7,7,1,0,0,0,0
10,7,7,7,1,7,7,2,2,2,-1,-1
10,7,7,6,0,7,7,3,-1,-1,2,2
10,7,7,5,0,7,7,2,2,2,-1,-1
10,7,7,4,0,7,7,1,1,1,1,2
7,7,2,3,0,7,7,2,2,2,-1,-1
7,7,0,2,0,7,7,0,0,0,0,0
1,1,1,8,1,7,7,0,1,1,1,1
1,1,1,6,1,7,7,0,1,1,1,1
1,1,1,4,1,7,7,0,1,1,1,1
1,1,0,2,1,7,7,0,1,1,1,1
3,1,1,6,1,7,7,0,1,1,1,1
1,1,1,4,1,7,7,0,1,1,1,1
1,1,0,2,1,7,7,0,1,1,1,1
19,3,1,4,1,7,7,2,2,1,-1,-1
19,1,1,3,0,7,7,3,-1,-1,2,1
19,1,0,2,1,7,7,2,2,2,-1,-1
19,0,0,1,0,7,7,1,0,0,0,0
4,2,1,8,1,7,7,0,1,1,1,1
1,1,1,6,1,7,7,0,1,1,1,1
1,1,1,4,1,7,7,0,1,1,1,1
1,1,0,2,1,7,7,0,1,1,1,1
29,9,5,5,1,7,7,2,2,1,-1,-1
29,9,5,4,0,7,7,3,-1,-1,1,1
29,9,5,3,0,7,7,2,1,1,-1,-1
29,9,0,2,0,7,7,1,0,0,0,0
9,0,0,1,0,7,7,1,1,0,1,1
18,2,2,4,1,7,7,2,2,2,-1,-1
18,2,2,3,0,7,7,3,-1,-1,2,1
18,2,0,2,0,7,7,1,0,0,0,0
2,0,0,1,0,7,7,2,2,2,-1,-1
2,2,2,8,1,7,7,0,1,1,1,1
2,2,1,6,1,7,7,0,1,1,1,1
1,1,1,4,1,7,7,0,1,1,1,1
1,1,0,2,1,7,7,0,1,1,1,1
64,0,0,1,1,7,7,1,0,0,0,0
16,2,2,5,1,0,7,2,2,2,-1,-1
16,2,2,4,0,7,7,3,-1,-1,2,2
16,2,2,3,0,7,7,2,2,2,-1,-1
16,2,0,2,0,7,7,1,0,0,0,0
2,0,0,1,1,7,7,2,2,2,-1,-1
12,0,0,1,1,7,7,1,1,1,1,1
20,6,3,5,1,7,7,2,2,1,-1,-1
20,6,2,4,0,7,7,3,-1,-1,2,1
20,6,1,3,1,7,7,2,2,2,-1,-1
20,6,0,2,0,7,7,1,0,0,0,0
6,0,0,1,1,7,7,1,1,1,1,1
1,1,1,4,1,7,7,0,1,1,1,1
1,1,0,2,1,7,7,0,1,1,1,1
7,2,1,5,1,0,1,0,2,1,2,1
7,1,1,3,1,7,7,2,2,2,-1,-1
7,1,0,2,0,7,7,1,1,1,1,1
1,0,0,1,1,7,7,2,2,2,-1,-1
2,1,1,7,1,7,7,0,1,1,1,1
1,1,1,5,1,7,7,0,1,1,1,1
1,1,1,3,1,7,7,0,1,1,1,1
1,0,0,1,1,7,7,2,2,2,-1,-1
20,2,2,7,1,7,7,0,1,1,1,1
20,2,2,5,1,7,7,2,2,2,-1,-1
20,2,2,4,0,7,7,3,-1,-1,2,2
20,2,2,3,0,7,7,2,2,2,-1,-1
20,2,0,2,0,7,7,1,0,0,0,0
2,0,0,1,1,7,7,2,2,2,-1,-1
6,2,1,6,1,7,7,0,1,1,1,1
6,1,1,4,1,7,7,2,2,2,-1,-1
6,1,1,3,0,7,7,3,-1,-1,2,2
6,1,0,2,0,7,7,2,2,2,-1,-1
6,0,0,1,0,7,7,1,1,1,1,1
11,5,3,7,1,7,7,0,1,1,1,1
11,5,1,5,1,7,7,2,2,2,-1,-1
11,5,1,4,0,7,7,3,-1,-1,2,2
11,5,1,3,0,7,7,2,2,2,-1,-1
11,5,0,2,0,7,7,1,1,1,1,1
5,0,0,1,1,7,7,1,1,1,1,1
45,10,4,7,1,7,7,2,1,1,-1,-1
45,10,2,6,0,7,7,3,-1,-1,1,1
45,10,2,5,1,7,7,2,2,2,-1,-1
45,10,2,4,0,7,7,3,-1,-1,2,2
45,10,1,3,0,7,7,2,2,2,-1,-1
45,10,0,2,0,7,7,1,0,0,0,0
10,0,0,1,0,7,7,1,1,0,1,1
16,0,0,1,1,7,7,1,0,0,0,0
6,1,1,7,1,7,7,0,1,1,1,1
6,1,1,5,1,7,7,0,1,1,1,1
6,1,1,3,1,7,7,2,2,2,-1,-1
6,1,0,2,0,7,7,0,1,1,0,2
4,0,0,1,1,7,7,1,1,1,1,1
8,8,8,3,1,0,7,1,1,1,1,1
8,8,0,2,1,7,7,0,0,0,0,0
10,2,2,4,1,7,7,2,2,2,-1,-1
10,2,2,3,0,7,7,3,-1,-1,2,1
10,2,0,2,0,7,7,1,1,1,1,2
2,0,0,1,0,7,7,2,2,2,-1,-1
12,0,0,1,1,7,7,1,1,1,1,1
64,0,0,1,1,7,7,1,0,0,0,0
64,0,0,1,1,7,7,1,0,0,0,0
46,3,3,7,1,7,7,2,1,1,-1,-1
46,3,3,6,0,7,7,3,-1,-1,1,1
46,3,3,5,1,7,7,2,2,1,-1,-1
46,3,3,4,0,7,7,3,-1,-1,1,1
46,3,3,3,0,7,7,2,1,1,-1,-1
46,3,0,2,0,7,7,3,-1,-1,1,1
46,0,0,1,0,7,7,1,0,0,0,0
22,22,10,4,1,0,7,0,0,0,0,1
22,22,0,2,1,7,7,4,-1,-1,2,-1
22,22,0,2,1,7,0,0,0,0,0,0
14,6,4,7,1,7,7,0,1,1,1,1
14,6,2,5,1,7,7,2,2,2,-1,-1
14,6,2,4,0,7,7,3,-1,-1,2,2
14,6,1,3,0,7,7,2,2,2,-1,-1
14,6,0,2,0,7,7,1,0,0,0,0
6,0,0,1,1,7,7,1,1,1,1,1
6,2,1,6,1,0,1,0,2,1,2,1
6,1,1,4,1,7,7,2,2,2,-1,-1
6,1,1,3,0,7,7,3,-1,-1,2,2
6,1,0,2,0,7,7,2,2,2,-1,-1
6,0,0,1,0,7,7,1,1,1,1,1
24,0,0,1,1,7,7,1,0,0,0,0
16,0,0,1,1,0,7,1,0,0,0,0
10,3,3,3,1,0,7,1,1,0,1,1
3,3,0,2,0,7,7,0,1,1,1,1
16,8,0,2,1,7,7,1,0,0,0,0
8,0,0,1,1,7,7,1,1,1,1,1
8,4,3,7,1,7,7,0,1,1,1,1
8,3,2,5,1,7,7,0,1,1,1,1
8,2,2,3,1,7,7,2,2,2,-1,-1
8,2,0,2,0,7,7,1,1,1,1,1
2,0,0,1,1,7,7,2,2,2,-1,-1
1,1,1,8,1,0,7,0,2,1,2,1
1,1,1,6,1,7,7,0,1,1,1,1
1,1,1,4,1,7,7,0,1,1,1,1
1,1,0,2,1,7,7,0,1,1,1,1
32,0,0,1,1,7,7,1,0,0,0,0
4,1,1,5,1,7,7,0,1,1,1,1
1,1,1,3,1,7,7,0,1,1,1,1
1,0,0,1,1,7,7,2,2,2,-1,-1
4,2,2,3,1,7,7,0,1,1,1,1
2,0,0,1,1,7,7,2,2,2,-1,-1
17,16,5,5,1,0,7,0,1,1,1,1
17,16,5,3,1,7,7,4,-1,-1,0,-1
17,16,5,3,1,7,0,2,1,1,-1,-1
17,16,0,2,0,7,0,0,0,0,0,0
64,0,0,1,1,7,7,1,0,0,0,0
6,3,3,7,1,0,7,0,1,1,1,1
6,3,3,5,1,7,7,0,1,1,1,1
6,3,3,3,1,7,7,0,1,1,1,1
6,0,0,1,1,7,7,1,1,1,1,1
6,4,2,5,1,7,7,0,1,1,1,1
6,2,2,3,1,7,7,2,2,2,-1,-1
6,2,0,2,0,7,7,0,1,1,0,2
4,4,4,7,1,0,7,0,1,1,2,2
4,4,1,5,0,7,7,3,-1,-1,1,2
4,4,1,4,0,7,7,0,1,1,1,1
1,1,0,2,1,7,7,0,1,1,1,1
3,1,0,2,1,7,7,0,1,1,1,1
48,0,0,1,1,7,7,1,0,0,0,0
4,0,0,1,1,7,7,1,1,1,1,1
4,0,0,1,1,7,7,1,1,1,1,1
8,8,8,6,1,7,7,0,0,0,0,1
8,8,8,4,1,7,7,4,-1,-1,2,-1
8,8,8,4,1,7,0,1,1,1,1,1
8,8,8,3,1,7,7,1,1,1,1,1
8,8,0,2,1,7,7,0,0,0,0,0
2,2,1,7,1,7,7,0,1,1,1,1
1,1,1,5,1,7,7,0,1,1,1,1
1,1,1,3,1,7,7,0,1,1,1,1
1,0,0,1,1,7,7,2,2,2,-1,-1
31,19,14,3,1,7,7,1,0,0,0,0
19,14,0,2,1,7,7,4,0,-1,-1,-1
19,14,0,2,1,0,7,1,0,0,0,0
14,0,0,1,1,7,7,1,0,0,0,0
8,0,0,1,1,7,7,1,1,1,1,1
24,4,4,3,1,7,7,1,0,0,0,0
4,4,0,2,1,7,7,0,1,1,1,1
16,0,0,1,1,7,7,1,0,0,0,0
16,0,0,1,1,7,7,1,0,0,0,0
1,1,1,4,1,0,7,0,2,1,2,1
1,1,0,2,1,7,7,0,1,1,1,1
6,2,1,6,1,7,7,0,1,1,1,1
6,1,1,4,1,7,7,2,2,2,-1,-1
6,1,1,3,0,7,7,3,-1,-1,2,2
6,1,0,2,0,7,7,2,2,2,-1,-1
6,0,0,1,0,7,7,1,1,1,1,1
4,2,1,8,1,7,7,0,1,1,1,1
1,1,1,6,1,7,7,0,1,1,1,1
1,1,1,4,1,7,7,0,1,1,1,1
1,1,0,2,1,7,7,0,1,1,1,1
1,1,1,4,1,7,7,0,1,1,1,1
1,1,0,2,1,7,7,0,1,1,1,1
11,1,1,6,1,0,7,0,1,1,1,1
11,1,1,4,1,7,7,2,2,2,-1,-1
11,1,1,3,0,7,7,3,-1,-1,2,2
11,1,0,2,0,7,7,1,1,1,1,1
1,0,0,1,1,7,7,2,2,2,-1,-1
32,16,16,3,1,7,7,1,0,0,0,0
16,16,0,2,1,7,7,4,0,-1,-1,-1
16,16,0,2,1,0,7,0,0,0,0,0
4,4,0,2,1,7,7,0,1,1,1,1
2,2,0,2,1,7,7,0,1,1,1,1
1,1,1,4,1,7,7,0,1,1,1,1
1,1,0,2,1,7,7,0,1,1,1,1
14,6,6,4,1,7,7,1,0,0,0,1
6,6,6,3,1,7,7,4,-1,-1,2,-1
6,6,6,3,1,7,0,1,1,1,1,1
6,6,0,2,1,7,7,0,1,1,1,1
50,14,0,2,1,7,7,1,0,0,0,0
14,0,0,1,0,7,7,1,0,0,0,0
11,11,11,6,1,7,7,0,1,0,1,1
11,11,11,4,0,7,7,4,-1,-1,2,-1
11,11,11,4,0,7,0,1,1,1,1,1
11,11,5,3,1,7,7,4,-1,-1,0,-1
11,11,5,3,1,7,0,2,1,1,-1,-1
11,11,0,2,0,7,0,0,0,0,0,0
24,0,0,1,1,7,7,1,0,0,0,0
5,3,0,2,1,7,7,0,1,1,1,0
10,3,3,3,1,7,7,1,1,0,1,1
3,3,0,2,0,7,7,0,1,1,1,1
18,2,2,8,1,7,7,0,1,1,1,1
18,2,2,6,1,7,7,2,2,2,-1,-1
18,2,2,5,0,7,7,3,-1,-1,2,2
18,2,2,4,0,7,7,2,2,1,-1,-1
18,2,2,3,0,7,7,3,-1,-1,1,2
18,2,0,2,0,7,7,1,0,0,0,0
2,0,0,1,0,7,7,2,2,2,-1,-1
6,1,1,7,1,0,7,0,1,1,1,1
6,1,1,5,1,7,7,0,1,1,1,1
6,1,1,3,1,7,7,2,2,2,-1,-1
6,1,0,2,0,7,7,0,1,1,0,2
9,7,7,6,1,0,1,2,1,1,-1,-1
9,7,7,5,0,7,1,3,-1,-1,1,1
9,7,7,4,1,7,7,1,1,0,1,1
7,7,3,3,0,7,7,4,-1,-1,0,-1
7,7,3,3,0,7,0,2,1,1,-1,-1
7,7,0,2,0,7,0,0,0,0,0,0
14,6,6,4,1,7,7,1,0,0,0,1
6,6,6,3,1,7,7,4,-1,-1,2,-1
6,6,6,3,1,7,0,1,1,1,1,1
6,6,0,2,1,7,7,0,1,1,1,1
64,0,0,1,1,7,7,1,0,0,0,0
2,1,1,3,1,7,7,0,1,1,1,1
1,0,0,1,1,7,7,2,2,2,-1,-1
13,6,3,4,1,7,7,2,2,2,-1,-1
13,6,3,3,0,7,7,1,0,0,0,0
6,3,0,2,1,7,7,0,1,1,1,0
6,6,0,2,1,7,7,0,1,1,1,1
7,2,1,5,1,7,7,0,1,1,1,1
7,1,1,3,1,7,7,2,2,2,-1,-1
7,1,0,2,0,7,7,1,1,1,1,1
1,0,0,1,1,7,7,2,2,2,-1,-1
15,9,0,2,1,7,7,1,0,0,0,0
9,0,0,1,1,7,7,1,1,0,1,1
2,2,1,6,1,7,7,0,1,1,1,1
1,1,1,4,1,7,7,0,1,1,1,1
1,1,0,2,1,7,7,0,1,1,1,1
4,1,1,5,1,0,7,0,1,1,2,2
1,1,1,3,0,7,7,3,-1,-1,1,2
1,1,0,2,0,7,7,0,1,1,1,1
2,1,1,3,1,0,7,0,2,1,2,1
1,0,0,1,1,7,7,2,2,2,-1,-1
16,0,0,1,1,7,7,1,0,0,0,0
2,1,1,3,1,7,7,0,1,1,1,1
1,0,0,1,1,7,7,2,2,2,-1,-1
4,0,0,1,1,7,7,1,1,1,1,1
17,16,5,5,1,7,7,0,1,1,1,1
17,16,5,3,1,7,7,4,-1,-1,0,-1
17,16,5,3,1,7,0,2,1,1,-1,-1
17,16,0,2,0,7,0,0,0,0,0,0
26,6,0,2,1,0,7,1,0,0,0,0
6,0,0,1,1,7,7,1,1,1,1,1
2,1,1,7,1,7,7,0,1,1,1,1
1,1,1,5,1,7,7,0,1,1,1,1
1,1,1,3,1,7,7,0,1,1,1,1
1,0,0,1,1,7,7,2,2,2,-1,-1
43,12,6,4,1,7,7,0,1,1,1,2
43,12,0,2,0,7,7,4,-1,-1,0,-1
43,12,0,2,0,7,0,1,0,0,0,0
12,0,0,1,1,7,7,1,1,1,1,1
4,4,4,4,1,0,7,0,1,1,1,1
4,4,0,2,1,7,7,0,1,1,1,1
4,4,0,2,1,7,7,0,1,1,1,1
12,4,4,6,1,7,7,0,1,1,1,1
12,4,4,4,1,7,7,2,2,1,-1,-1
12,4,4,3,0,7,7,3,-1,-1,1,1
12,4,0,2,0,7,7,2,1,1,-1,-1
12,0,0,1,0,7,7,1,1,1,1,1
18,2,2,8,1,7,7,0,1,1,1,1
18,2,2,6,1,7,7,2,2,2,-1,-1
18,2,2,5,0,7,7,3,-1,-1,2,2
18,2,2,4,0,7,7,2,2,1,-1,-1
18,2,2,3,0,7,7,3,-1,-1,1,2
18,2,0,2,0,7,7,1,0,0,0,0
2,0,0,1,0,7,7,2,2,2,-1,-1
22,5,5,3,1,7,7,1,0,0,0,0
5,5,0,2,1,7,7,4,2,-1,-1,-1
5,5,0,2,1,0,7,0,1,1,1,1
4,0,0,1,1,7,7,1,1,1,1,1
2,1,1,3,1,0,1,0,2,1,2,1
1,0,0,1,1,7,7,2,2,2,-1,-1
2,1,1,3,1,7,7,0,1,1,1,1
1,0,0,1,1,7,7,2,2,2,-1,-1
17,1,1,8,1,7,7,0,1,1,1,1
17,1,1,6,1,7,7,2,2,2,-1,-1
17,1,1,5,0,7,7,3,-1,-1,2,2
17,1,1,4,0,7,7,2,2,1,-1,-1
17,1,1,3,0,7,7,3,-1,-1,1,2
17,1,0,2,0,7,7,1,0,0,0,0
1,0,0,1,0,7,7,2,2,2,-1,-1
2,1,1,3,1,7,7,0,1,1,1,1
1,0,0,1,1,7,7,2,2,2,-1,-1
64,0,0,1,1,7,7,1,0,0,0,0
16,16,0,2,1,0,7,0,0,0,0,0
34,14,0,2,1,0,7,1,0,0,0,0
14,0,0,1,0,7,7,1,0,0,0,0
9,1,1,4,1,7,7,2,2,2,-1,-1
9,1,1,3,0,7,7,3,-1,-1,2,1
9,1,0,2,0,7,7,1,1,1,1,2
1,0,0,1,0,7,7,2,2,2,-1,-1
9,3,2,5,1,7,7,2,2,2,-1,-1
9,3,1,4,0,7,7,3,-1,-1,2,1
9,3,1,3,0,7,7,2,1,1,-1,-1
9,1,0,2,0,7,7,3,-1,-1,1,2
9,0,0,1,0,7,7,1,1,0,1,1
15,6,4,6,1,7,7,2,2,2,-1,-1
15,6,4,5,0,7,7,3,-1,-1,2,2
15,6,4,4,0,7,7,2,2,1,-1,-1
15,6,3,3,0,7,7,3,-1,-1,1,1
15,3,0,2,0,7,7,2,1,1,-1,-1
15,0,0,1,0,7,7,1,0,0,0,0
6,6,4,7,1,7,7,0,1,1,1,1
6,6,2,5,1,7,7,0,1,1,1,1
6,6,2,3,1,7,7,2,2,2,-1,-1
6,6,0,2,0,7,7,0,1,1,1,1
6,6,6,4,1,0,7,0,1,1,1,1
6,6,0,2,1,7,7,4,-1,-1,2,-1
6,6,0,2,1,7,0,2,1,1,-1,-1
6,0,0,1,0,7,7,3,-1,-1,1,0
2,1,1,7,1,7,7,0,1,1,1,1
1,1,1,5,1,7,7,0,1,1,1,1
1,1,1,3,1,7,7,0,1,1,1,1
1,0,0,1,1,7,7,2,2,2,-1,-1
9,4,3,3,1,7,7,1,1,0,1,1
4,3,0,2,0,7,7,0,1,1,1,1
9,1,1,4,1,7,7,2,2,2,-1,-1
9,1,1,3,0,7,7,3,-1,-1,2,1
9,1,0,2,0,7,7,1,1,1,1,2
1,0,0,1,0,7,7,2,2,2,-1,-1
19,4,1,3,1,7,7,1,0,0,0,0
4,1,0,2,1,7,7,0,1,1,1,1
2,2,2,6,1,7,7,0,1,1,1,1
2,2,2,4,1,7,7,0,1,1,1,1
2,2,0,2,1,7,7,0,1,1,1,1
22,5,5,3,1,0,1,1,0,0,0,0
5,5,0,2,1,7,7,4,2,-1,-1,-1
5,5,0,2,1,0,7,0,1,1,1,1
17,1,1,8,1,7,7,0,1,1,1,1
17,1,1,6,1,7,7,2,2,2,-1,-1
17,1,1,5,0,7,7,3,-1,-1,2,2
17,1,1,4,0,7,7,2,2,1,-1,-1
17,1,1,3,0,7,7,3,-1,-1,1,2
17,1,0,2,0,7,7,1,0,0,0,0
1,0,0,1,0,7,7,2,2,2,-1,-1
8,8,0,2,1,7,7,0,0,0,0,0
12,4,4,4,1,7,7,2,2,1,-1,-1
12,4,4,3,0,7,7,3,-1,-1,1,1
12,4,0,2,0,7,7,2,1,1,-1,-1
12,0,0,1,0,7,7,1,1,1,1,1
1,1,1,8,1,0,7,0,2,1,2,1
1,1,1,6,1,7,7,0,1,1,1,1
1,1,1,4,1,7,7,0,1,1,1,1
1,1,0,2,1,7,7,0,1,1,1,1
4,2,2,7,1,7,7,0,1,1,1,1
2,1,1,5,1,7,7,0,1,1,1,1
1,1,1,3,1,7,7,0,1,1,1,1
1,0,0,1,1,7,7,2,2,2,-1,-1
1,1,1,4,1,7,7,0,1,1,1,1
1,1,0,2,1,7,7,0,1,1,1,1
39,3,3,4,1,7,7,2,2,1,-1,-1
39,3,3,3,0,7,7,3,-1,-1,1,1
39,3,0,2,0,7,7,2,1,1,-1,-1
39,0,0,1,0,7,7,1,0,0,0,0
2,2,2,8,1,0,7,0,2,1,2,1
2,2,1,6,1,7,7,0,1,1,1,1
1,1,1,4,1,7,7,0,1,1,1,1
1,1,0,2,1,7,7,0,1,1,1,1
45,11,5,4,1,0,7,0,1,1,1,2
45,11,0,2,0,7,7,4,-1,-1,0,-1
45,11,0,2,0,7,0,1,0,0,0,0
11,0,0,1,0,7,7,1,1,1,1,1
48,0,0,1,1,7,7,1,0,0,0,0
48,0,0,1,1,7,7,1,0,0,0,0
10,4,3,8,1,7,7,0,1,1,1,1
10,2,2,6,1,7,7,0,1,1,1,1
10,1,1,4,1,7,7,2,2,2,-1,-1
10,1,1,3,0,7,7,3,-1,-1,2,2
10,1,0,2,0,7,7,1,1,1,1,2
1,0,0,1,0,7,7,2,2,2,-1,-1
5,2,1,7,1,7,7,0,1,1,1,1
5,1,1,5,1,7,7,0,1,1,1,1
5,1,1,3,1,7,7,2,2,2,-1,-1
5,1,0,2,0,7,7,0,1,1,0,2
38,26,0,2,1,7,7,1,0,0,0,0
26,0,0,1,1,7,7,1,0,0,0,0
19,10,7,6,1,7,7,2,1,1,-1,-1
19,10,7,5,0,7,7,3,-1,-1,1,1
19,10,7,4,1,7,7,2,2,1,-1,-1
19,10,7,3,0,7,7,3,-1,-1,0,0
19,10,0,2,0,7,7,4,0,-1,-1,-1
19,10,0,2,0,0,7,1,0,0,0,0
10,0,0,1,1,7,7,1,1,0,1,1
4,1,1,5,1,7,7,0,1,1,1,1
1,1,1,3,1,7,7,0,1,1,1,1
1,0,0,1,1,7,7,2,2,2,-1,-1
4,4,0,2,1,0,7,0,1,1,1,1
2,1,1,7,1,7,7,0,1,1,1,1
1,1,1,5,1,7,7,0,1,1,1,1
1,1,1,3,1,7,7,0,1,1,1,1
1,0,0,1,1,7,7,2,2,2,-1,-1
48,0,0,1,1,7,7,1,0,0,0,0
8,2,2,3,1,7,7,0,1,1,1,1
8,0,0,1,1,7,7,1,1,1,1,1
1,1,1,4,1,0,7,0,2,1,2,1
1,1,0,2,1,7,7,0,1,1,1,1
8,4,0,2,1,7,7,0,0,0,0,0
24,0,0,1,1,7,7,1,0,0,0,0
43,12,6,4,1,0,1,0,1,1,1,2
43,12,0,2,0,7,7,4,-1,-1,0,-1
43,12,0,2,0,7,0,1,0,0,0,0
12,0,0,1,1,7,7,1,1,1,1,1
41,23,0,2,1,7,7,1,0,0,0,0
23,0,0,1,0,7,7,1,0,0,0,0
16,0,0,1,1,7,7,1,0,0,0,0
12,0,0,1,1,7,7,1,1,1,1,1
8,0,0,1,1,7,7,1,1,1,1,1
24,0,0,1,1,7,7,1,0,0,0,0
4,1,1,5,1,7,7,0,1,1,1,1
1,1,1,3,1,7,7,0,1,1,1,1
1,0,0,1,1,7,7,2,2,2,-1,-1
3,2,1,5,1,7,7,0,1,1,1,1
1,1,1,3,1,7,7,0,1,1,1,1
1,0,0,1,1,7,7,2,2,2,-1,-1
30,6,6,4,1,7,7,1,0,0,0,0
6,6,6,3,1,7,7,4,0,-1,-1,-1
6,6,6,3,1,0,7,4,-1,-1,0,-1
6,6,6,3,1,0,0,1,2,2,1,1
6,6,0,2,0,7,7,2,1,1,-1,-1
6,0,0,1,0,7,7,3,-1,-1,1,1
1,1,1,8,1,7,7,0,1,1,1,1
1,1,1,6,1,7,7,0,1,1,1,1
1,1,1,4,1,7,7,0,1,1,1,1
1,1,0,2,1,7,7,0,1,1,1,1
28,1,1,5,1,7,7,2,2,2,-1,-1
28,1,1,4,0,7,7,3,-1,-1,2,2
28,1,1,3,0,7,7,2,2,2,-1,-1
28,1,0,2,0,7,7,1,0,0,0,0
1,0,0,1,1,7,7,2,2,2,-1,-1
22,12,8,8,1,7,7,2,1,1,-1,-1
22,12,8,7,0,7,7,3,-1,-1,1,1
22,12,8,6,1,7,7,2,1,1,-1,-1
22,12,8,5,0,7,7,3,-1,-1,1,1
22,12,8,4,0,7,7,2,1,1,-1,-1
22,12,8,3,0,7,7,3,-1,-1,0,0
22,12,0,2,0,7,7,1,0,0,0,0
12,0,0,1,1,7,7,1,1,1,1,1
6,6,6,4,1,7,7,0,1,1,1,1
6,6,0,2,1,7,7,4,-1,-1,0,-1
6,6,0,2,1,7,0,2,1,1,-1,-1
6,0,0,1,0,7,7,3,-1,-1,1,2
3,3,1,4,1,0,1,0,1,1,2,2
3,1,0,2,0,7,7,3,-1,-1,1,1
1,0,0,1,0,7,7,2,1,2,-1,-1
2,1,1,3,1,7,7,0,1,1,1,1
1,0,0,1,1,7,7,2,2,2,-1,-1
5,4,3,5,1,7,7,0,1,1,1,1
5,2,2,3,1,7,7,2,2,2,-1,-1
5,2,0,2,0,7,7,0,1,1,0,2
32,0,0,1,1,7,7,1,0,0,0,0
48,0,0,1,1,7,7,1,0,0,0,0
6,6,6,8,1,7,7,2,2,2,-1,-1
6,6,6,7,0,7,7,3,-1,-1,2,2
6,6,6,6,0,7,7,2,2,2,-1,-1
6,6,6,5,0,7,7,3,-1,-1,2,2
6,6,6,4,0,7,7,0,1,1,1,1
6,6,0,2,1,7,7,4,-1,-1,0,-1
6,6,0,2,1,7,0,2,1,1,-1,-1
6,0,0,1,0,7,7,3,-1,-1,1,2
5,1,1,8,1,0,7,0,1,1,1,1
5,1,1,6,1,7,7,0,1,1,1,1
5,1,1,4,1,7,7,0,1,1,1,1
5,1,0,2,1,7,7,0,1,1,0,2
64,0,0,1,1,7,7,1,0,0,0,0
9,3,3,6,1,7,7,0,1,1,1,1
9,3,3,4,1,7,7,2,2,1,-1,-1
9,3,3,3,0,7,7,3,-1,-1,1,1
9,3,0,2,0,7,7,2,1,1,-1,-1
9,0,0,1,0,7,7,1,1,0,1,1
4,2,2,3,1,0,7,0,1,1,2,2
2,0,0,1,0,7,7,3,-1,-1,1,2
36,6,6,3,1,7,7,1,0,0,0,0
6,6,0,2,1,7,7,4,0,-1,-1,-1
6,6,0,2,1,0,7,0,1,1,1,1
32,0,0,1,1,7,7,1,0,0,0,0
30,14,9,5,1,7,7,0,1,0,1,1
30,14,9,3,0,7,7,4,-1,-1,2,-1
30,14,9,3,0,7,0,1,0,0,0,0
14,9,0,2,0,7,7,4,0,-1,-1,-1
14,9,0,2,0,0,7,0,0,0,0,0
3,1,0,2,1,0,7,0,1,1,1,1
50,10,4,3,1,7,7,1,0,0,0,1
10,4,0,2,0,7,7,4,-1,-1,0,-1
10,4,0,2,0,7,0,2,1,1,-1,-1
10,0,0,1,0,7,0,1,1,0,1,1
8,4,0,2,1,7,7,0,0,0,0,0
1,1,1,4,1,7,7,0,1,1,1,1
1,1,0,2,1,7,7,0,1,1,1,1
24,0,0,1,1,7,7,1,0,0,0,0
64,0,0,1,1,7,7,1,0,0,0,0
11,6,4,4,1,7,7,0,1,1,1,0
11,3,0,2,0,7,7,4,0,-1,-1,-1
11,3,0,2,0,0,7,3,-1,-1,1,1
11,0,0,1,0,0,7,1,1,1,1,1
18,2,2,8,1,7,7,0,1,1,1,1
18,2,2,6,1,7,7,2,2,2,-1,-1
18,2,2,5,0,7,7,3,-1,-1,2,2
18,2,2,4,0,7,7,2,2,1,-1,-1
18,2,2,3,0,7,7,3,-1,-1,1,2
18,2,0,2,0,7,7,1,0,0,0,0
2,0,0,1,0,7,7,2,2,2,-1,-1
8,0,0,1,1,7,7,1,1,1,1,1
22,5,2,6,1,7,7,2,2,2,-1,-1
22,5,1,5,0,7,7,3,-1,-1,2,2
22,5,1,4,0,7,7,2,2,2,-1,-1
22,5,1,3,0,7,7,1,0,0,1,0
5,1,0,2,0,7,7,2,2,2,-1,-1
5,0,0,1,1,7,7,1,1,1,1,1
6,5,5,3,1,7,7,1,1,1,1,1
5,5,0,2,1,7,7,0,1,1,1,1
64,0,0,1,1,0,7,1,0,0,0,0
4,0,0,1,1,0,7,1,2,1,2,1
46,10,4,6,1,7,7,2,2,1,-1,-1
46,10,2,5,0,7,7,3,-1,-1,2,1
46,10,1,4,1,7,7,2,2,2,-1,-1
46,10,1,3,0,7,7,3,-1,-1,2,2
46,10,0,2,0,7,7,1,0,0,0,0
10,0,0,1,0,7,7,1,1,0,1,1
8,4,0,2,1,0,7,0,0,0,0,0
44,5,5,5,1,0,1,0,1,1,1,1
44,5,5,3,1,7,7,4,-1,-1,0,-1
44,5,5,3,1,7,0,2,1,1,-1,-1
44,5,0,2,0,7,0,3,-1,-1,1,2
44,0,0,1,0,7,7,1,0,0,0,0
4,4,4,4,1,7,7,0,1,1,1,1
4,4,0,2,1,7,7,0,1,1,1,1
32,8,8,3,1,7,7,1,0,0,0,0
8,8,0,2,1,7,7,4,0,-1,-1,-1
8,8,0,2,1,0,7,0,0,0,0,0
64,0,0,1,1,7,7,1,0,0,0,0
11,11,11,8,1,7,7,2,1,1,-1,-1
11,11,11,7,0,7,7,3,-1,-1,1,1
11,11,11,6,1,7,7,4,-1,-1,0,-1
11,11,11,6,1,7,0,2,1,1,-1,-1
11,11,11,5,0,7,0,3,-1,-1,1,0
11,11,11,4,0,7,7,4,2,-1,-1,-1
11,11,11,4,0,0,7,1,1,1,1,1
11,11,11,3,1,7,7,4,-1,-1,0,-1
11,11,11,3,1,7,0,2,0,0,-1,-1
11,11,0,2,0,7,7,3,-1,-1,0,2
11,0,0,1,0,7,7,1,1,1,1,1
10,2,0,2,1,7,7,1,1,1,1,2
2,0,0,1,0,7,7,2,2,2,-1,-1
4,1,1,5,1,0,7,0,1,1,2,2
1,1,1,3,0,7,7,3,-1,-1,1,2
1,1,0,2,0,7,7,0,1,1,1,1
16,0,0,1,1,0,7,1,0,0,0,0
11,11,5,4,1,0,1,0,1,0,1,1
11,11,0,2,0,7,7,4,-1,-1,2,-1
11,11,0,2,0,7,0,0,0,0,0,0
21,6,3,4,1,0,7,2,2,2,-1,-1
21,6,3,3,0,7,7,1,0,0,0,0
6,3,0,2,0,7,7,0,1,1,1,0
49,3,3,6,1,7,7,2,1,1,-1,-1
49,3,3,5,0,7,7,3,-1,-1,1,0
49,3,3,4,0,7,7,2,1,1,-1,-1
49,3,3,3,0,7,7,3,-1,-1,1,1
49,3,0,2,0,7,7,1,0,0,0,0
3,0,0,1,0,7,7,2,1,1,-1,-1
32,16,0,2,1,0,7,1,0,0,0,0
16,0,0,1,1,7,7,1,0,0,0,0
64,0,0,1,1,7,7,1,0,0,0,0
2,2,0,2,1,7,7,0,1,1,1,1
48,10,4,4,1,7,7,2,2,1,-1,-1
48,10,2,3,0,7,7,3,-1,-1,1,2
48,10,0,2,0,7,7,1,0,0,0,0
10,0,0,1,1,7,7,1,1,0,1,1
18,1,1,7,1,7,7,0,1,1,1,1
18,1,1,5,1,7,7,2,2,2,-1,-1
18,1,1,4,0,7,7,3,-1,-1,2,2
18,1,1,3,0,7,7,2,2,2,-1,-1
18,1,0,2,0,7,7,1,0,0,0,0
1,0,0,1,0,7,7,2,2,2,-1,-1
1,1,1,4,1,7,7,0,1,1,1,1
1,1,0,2,1,7,7,0,1,1,1,1
32,0,0,1,1,7,7,1,0,0,0,0
24,0,0,1,1,0,7,1,0,0,0,0
17,6,3,7,1,7,7,0,1,1,1,1
17,6,2,5,1,7,7,2,2,2,-1,-1
17,6,1,4,0,7,7,3,-1,-1,2,2
17,6,1,3,0,7,7,1,0,0,0,0
6,1,0,2,0,7,7,2,2,2,-1,-1
6,0,0,1,1,7,7,1,1,1,1,1
5,1,1,8,1,0,7,0,1,1,1,1
5,1,1,6,1,7,7,0,1,1,1,1
5,1,1,4,1,7,7,0,1,1,1,1
5,1,0,2,1,7,7,0,1,1,0,2
37,8,3,3,1,7,7,1,0,1,0,0
8,3,0,2,0,7,7,4,0,-1,-1,-1
8,3,0,2,0,0,7,3,-1,-1,1,1
8,0,0,1,0,0,7,1,1,1,1,1
4,0,0,1,1,0,7,1,2,1,2,1
16,16,16,3,1,0,1,1,0,0,0,1
16,16,0,2,1,7,7,4,-1,-1,2,-1
16,16,0,2,1,7,0,0,0,0,0,0
31,11,6,3,1,0,1,1,0,0,0,0
11,6,0,2,1,7,7,4,0,-1,-1,-1
11,6,0,2,1,0,7,1,1,1,1,1
6,0,0,1,1,7,7,1,1,1,1,1
21,6,3,4,1,0,7,2,2,2,-1,-1
21,6,3,3,0,7,7,1,0,0,0,0
6,3,0,2,0,7,7,0,1,1,1,0
24,0,0,1,1,7,7,1,0,0,0,0
1,1,1,4,1,0,7,0,2,1,2,1
1,1,0,2,1,7,7,0,1,1,1,1
4,3,2,5,1,7,7,0,1,1,1,1
2,2,1,3,1,7,7,0,1,1,1,1
1,0,0,1,1,7,7,2,2,2,-1,-1
38,26,0,2,1,7,7,1,0,0,0,0
26,0,0,1,1,7,7,1,0,0,0,0
2,1,1,3,1,0,1,0,2,1,2,1
1,0,0,1,1,7,7,2,2,2,-1,-1
22,4,2,7,1,7,7,0,1,1,1,1
22,1,1,5,1,7,7,2,2,2,-1,-1
22,1,1,4,0,7,7,3,-1,-1,2,2
22,1,1,3,0,7,7,2,2,2,-1,-1
22,1,0,2,0,7,7,1,0,0,1,0
1,0,0,1,0,7,7,2,2,2,-1,-1
12,0,0,1,1,7,7,1,1,1,1,1
24,0,0,1,1,7,7,1,0,0,0,0
24,0,0,1,1,7,7,1,0,0,0,0
12,6,6,3,1,7,7,1,1,0,1,1
6,6,0,2,0,7,7,4,-1,-1,2,-1
6,6,0,2,0,7,0,0,1,1,1,1
6,1,1,3,1,7,7,0,1,1,1,2
1,0,0,1,0,7,7,3,-1,-1,1,2
16,15,15,6,1,7,7,0,1,0,1,1
16,15,15,4,0,7,7,4,-1,-1,2,-1
16,15,15,4,0,7,0,1,0,0,0,1
15,15,6,3,1,7,7,4,-1,-1,0,-1
15,15,6,3,1,7,0,2,1,1,-1,-1
15,15,0,2,0,7,0,0,0,0,0,0
6,3,2,8,1,7,7,0,1,1,1,1
6,1,1,6,1,7,7,0,1,1,1,1
6,1,1,4,1,7,7,0,1,1,1,1
6,1,0,2,1,7,7,0,1,1,0,2
6,1,1,3,1,0,1,0,2,1,2,1
6,0,0,1,1,7,7,1,1,1,1,1
33,5,5,4,1,7,7,1,0,0,0,1
5,5,5,3,0,7,7,4,0,-1,-1,-1
5,5,5,3,0,0,7,4,-1,-1,0,-1
5,5,5,3,0,0,0,1,2,2,1,1
5,5,0,2,0,7,7,2,1,1,-1,-1
5,0,0,1,0,7,7,3,-1,-1,1,1
32,0,0,1,1,7,7,1,0,0,0,0
4,2,1,8,1,7,7,0,1,1,1,1
1,1,1,6,1,7,7,0,1,1,1,1
1,1,1,4,1,7,7,0,1,1,1,1
1,1,0,2,1,7,7,0,1,1,1,1
26,9,5,8,1,0,7,2,2,2,-1,-1
26,9,5,7,0,7,7,3,-1,-1,2,2
26,9,5,6,0,7,7,2,2,2,-1,-1
26,9,5,5,0,7,7,3,-1,-1,1,2
26,9,5,4,0,7,7,2,1,1,-1,-1
26,9,3,3,0,7,7,3,-1,-1,1,1
26,9,0,2,0,7,7,1,0,0,0,0
9,0,0,1,1,7,7,1,1,0,1,1
11,4,3,8,1,7,7,0,1,1,1,1
11,2,1,6,1,7,7,0,1,1,1,1
11,1,1,4,1,7,7,2,2,2,-1,-1
11,1,1,3,0,7,7,3,-1,-1,2,2
11,1,0,2,0,7,7,1,1,1,1,1
1,0,0,1,1,7,7,2,2,2,-1,-1
26,1,1,7,1,7,7,2,2,2,-1,-1
26,1,1,6,0,7,7,3,-1,-1,2,2
26,1,1,5,0,7,7,2,2,2,-1,-1
26,1,1,4,0,7,7,3,-1,-1,2,2
26,1,1,3,0,7,7,2,2,2,-1,-1
26,1,0,2,0,7,7,1,0,0,1,0
1,0,0,1,0,7,7,3,-1,-1,2,2
10,8,2,5,1,7,7,2,2,2,-1,-1
10,8,2,4,0,7,7,3,-1,-1,2,1
10,8,2,3,0,7,7,1,1,0,1,1
8,2,0,2,0,7,7,2,2,2,-1,-1
8,0,0,1,0,7,7,1,1,1,1,1
8,8,8,8,1,7,7,2,1,1,-1,-1
8,8,8,7,0,7,7,3,-1,-1,1,1
8,8,8,6,1,7,7,2,1,1,-1,-1
8,8,8,5,0,7,7,3,-1,-1,1,1
8,8,8,4,1,7,7,0,0,0,0,1
8,8,0,2,1,7,7,4,-1,-1,2,-1
8,8,0,2,1,7,0,0,0,0,0,0
11,1,1,6,1,7,7,0,1,1,1,1
11,1,1,4,1,7,7,2,2,2,-1,-1
11,1,1,3,0,7,7,3,-1,-1,2,2
11,1,0,2,0,7,7,1,1,1,1,1
1,0,0,1,1,7,7,2,2,2,-1,-1
4,0,0,1,1,7,7,1,1,1,1,1
4,4,0,2,1,7,7,0,1,1,1,1
16,0,0,1,1,7,7,1,0,0,0,0
10,6,0,2,1,7,7,0,0,0,0,0
6,6,0,2,1,0,7,0,1,1,1,1
24,22,6,5,1,7,7,0,1,1,1,1
24,22,6,3,1,7,7,4,-1,-1,0,-1
24,22,6,3,1,7,0,2,1,1,-1,-1
24,22,0,2,0,7,0,0,0,0,0,0
7,5,0,2,1,0,7,0,0,0,0,0
4,0,0,1,1,7,7,1,1,1,1,1
54,10,0,2,1,0,7,1,0,0,0,0
10,0,0,1,1,7,7,1,1,0,1,1
32,32,0,2,1,0,7,0,0,0,0,0
1,1,1,8,1,7,7,0,1,1,1,1
1,1,1,6,1,7,7,0,1,1,1,1
1,1,1,4,1,7,7,0,1,1,1,1
1,1,0,2,1,7,7,0,1,1,1,1
3,3,3,8,1,0,7,0,1,1,1,1
3,3,3,6,1,7,7,0,1,1,1,1
3,3,3,4,1,7,7,0,1,1,1,1
3,3,0,2,1,7,7,0,1,1,1,1
4,0,0,1,1,7,7,1,1,1,1,1
1,1,1,4,1,7,7,0,1,1,1,1
1,1,0,2,1,7,7,0,1,1,1,1
16,0,0,1,1,0,7,1,0,0,0,0
17,3,3,6,1,7,7,0,1,1,1,1
17,3,3,4,1,7,7,2,2,1,-1,-1
17,3,3,3,0,7,7,3,-1,-1,1,1
17,3,0,2,0,7,7,1,0,0,0,0
3,0,0,1,0,7,7,2,1,1,-1,-1
22,10,0,2,1,7,7,1,0,0,0,0
10,0,0,1,1,7,7,1,1,0,1,1
14,1,1,3,1,7,7,1,0,0,1,0
1,1,0,2,0,7,7,3,-1,-1,2,2
1,0,0,1,0,7,7,2,2,2,-1,-1
25,23,0,2,1,7,7,0,0,0,0,0
16,16,16,4,1,7,7,1,0,0,0,1
16,16,16,3,1,7,7,4,-1,-1,2,-1
16,16,16,3,1,7,0,1,0,0,0,1
16,16,0,2,1,7,7,4,-1,-1,2,-1
16,16,0,2,1,7,0,0,0,0,0,0
7,3,1,8,1,7,7,0,1,1,1,1
7,1,1,6,1,7,7,0,1,1,1,1
7,1,1,4,1,7,7,0,1,1,1,1
7,1,0,2,1,7,7,1,1,1,1,1
1,0,0,1,1,7,7,2,2,2,-1,-1
64,0,0,1,1,7,7,1,0,0,0,0
1,1,1,4,1,0,7,0,2,1,2,1
1,1,0,2,1,7,7,0,1,1,1,1
8,8,0,2,1,7,7,0,0,0,0,0
1,1,1,4,1,7,7,0,1,1,1,1
1,1,0,2,1,7,7,0,1,1,1,1
12,0,0,1,1,7,7,1,1,1,1,1
44,10,10,3,1,7,7,1,0,0,0,0
10,10,0,2,1,7,7,4,0,-1,-1,-1
10,10,0,2,1,0,7,0,0,0,0,0
1,1,1,8,1,7,7,0,1,1,1,1
1,1,1,6,1,7,7,0,1,1,1,1
1,1,1,4,1,7,7,0,1,1,1,1
1,1,0,2,1,7,7,0,1,1,1,1
11,11,11,6,1,0,7,0,1,0,1,1
11,11,11,4,0,7,7,4,-1,-1,2,-1
11,11,11,4,0,7,0,1,1,1,1,1
11,11,5,3,1,7,7,4,-1,-1,0,-1
11,11,5,3,1,7,0,2,1,1,-1,-1
11,11,0,2,0,7,0,0,0,0,0,0
6,1,1,3,1,7,7,0,1,1,1,2
1,0,0,1,0,7,7,3,-1,-1,1,2
2,2,2,6,1,7,7,0,1,1,1,1
2,2,2,4,1,7,7,0,1,1,1,1
2,2,0,2,1,7,7,0,1,1,1,1
30,9,9,3,1,0,7,1,0,0,0,0
9,9,0,2,0,7,7,4,0,-1,-1,-1
9,9,0,2,0,0,7,0,0,0,0,0
2,2,0,2,1,0,7,0,2,1,2,1
1,1,1,4,1,7,7,0,1,1,1,1
1,1,0,2,1,7,7,0,1,1,1,1
4,1,1,5,1,0,7,0,1,1,2,2
1,1,1,3,0,7,7,3,-1,-1,1,2
1,1,0,2,0,7,7,0,1,1,1,1
10,3,3,3,1,0,7,1,1,0,1,1
3,3,0,2,0,7,7,0,1,1,1,1
12,0,0,1,1,7,7,1,1,1,1,1
15,4,2,6,1,7,7,0,1,1,1,1
15,1,1,4,1,7,7,2,2,2,-1,-1
15,1,1,3,0,7,7,3,-1,-1,2,2
15,1,0,2,0,7,7,1,0,0,0,0
1,0,0,1,1,7,7,2,2,2,-1,-1
2,2,1,6,1,7,7,0,1,1,1,1
1,1,1,4,1,7,7,0,1,1,1,1
1,1,0,2,1,7,7,0,1,1,1,1
4,3,3,5,1,7,7,0,1,1,1,1
3,3,3,3,1,7,7,0,1,1,1,1
3,0,0,1,1,7,7,1,1,1,1,1
40,11,5,8,1,7,7,2,2,2,-1,-1
40,11,5,7,0,7,7,3,-1,-1,2,2
40,11,5,6,0,7,7,2,2,2,-1,-1
40,11,5,5,0,7,7,3,-1,-1,1,2
40,11,5,4,0,7,7,2,1,1,-1,-1
40,11,3,3,0,7,7,3,-1,-1,1,1
40,11,0,2,0,7,7,1,0,0,0,0
11,0,0,1,1,7,7,1,1,1,1,1
15,7,4,5,1,0,7,2,2,1,-1,-1
15,7,3,4,0,7,7,3,-1,-1,1,1
15,7,3,3,0,7,7,2,1,1,-1,-1
15,7,0,2,0,7,7,1,0,0,0,0
7,0,0,1,1,7,7,1,1,1,1,1
8,0,0,1,1,7,7,1,1,1,1,1
1,1,1,4,1,7,7,0,1,1,1,1
1,1,0,2,1,7,7,0,1,1,1,1
42,11,5,6,1,7,7,2,2,1,-1,-1
42,11,5,5,0,7,7,3,-1,-1,2,1
42,11,5,4,1,7,7,2,2,2,-1,-1
42,11,5,3,0,7,7,1,0,0,0,0
11,5,0,2,1,7,7,4,0,-1,-1,-1
11,5,0,2,1,0,7,1,1,1,1,1
5,0,0,1,1,7,7,1,1,1,1,1
2,2,1,6,1,0,7,0,2,1,2,1
1,1,1,4,1,7,7,0,1,1,1,1
1,1,0,2,1,7,7,0,1,1,1,1
12,12,12,4,1,0,7,1,1,1,1,1
12,12,12,3,1,7,7,4,-1,-1,0,-1
12,12,12,3,1,7,0,2,0,0,-1,-1
12,12,0,2,0,7,7,3,-1,-1,0,2
12,0,0,1,0,7,7,1,1,1,1,1
33,10,5,3,1,7,7,1,0,0,0,0
10,5,0,2,0,7,7,4,0,-1,-1,-1
10,5,0,2,0,0,7,0,0,0,0,0
17,9,6,3,1,7,7,1,0,0,0,1
9,6,0,2,0,7,7,4,-1,-1,2,-1
9,6,0,2,0,7,0,0,0,0,0,0
6,2,2,6,1,7,7,0,1,1,1,1
6,2,2,4,1,7,7,2,2,2,-1,-1
6,2,2,3,0,7,7,3,-1,-1,2,2
6,2,0,2,0,7,7,2,2,2,-1,-1
6,0,0,1,0,7,7,1,1,1,1,1
8,4,0,2,1,0,1,0,0,0,0,0
5,2,2,6,1,7,7,0,1,1,1,1
5,1,1,4,1,7,7,2,2,2,-1,-1
5,1,1,3,0,7,7,3,-1,-1,2,2
5,1,0,2,0,7,7,2,2,2,-1,-1
5,0,0,1,0,7,7,1,1,1,1,1
3,3,3,4,1,0,7,0,1,1,1,1
3,3,0,2,1,7,7,0,1,1,1,1
40,11,5,8,1,7,7,2,2,2,-1,-1
40,11,5,7,0,7,7,3,-1,-1,2,2
40,11,5,6,0,7,7,2,2,2,-1,-1
40,11,5,5,0,7,7,3,-1,-1,1,2
40,11,5,4,0,7,7,2,1,1,-1,-1
40,11,3,3,0,7,7,3,-1,-1,1,1
40,11,0,2,0,7,7,1,0,0,0,0
11,0,0,1,1,7,7,1,1,1,1,1
26,1,1,7,1,7,7,2,2,2,-1,-1
26,1,1,6,0,7,7,3,-1,-1,2,2
26,1,1,5,0,7,7,2,2,2,-1,-1
26,1,1,4,0,7,7,3,-1,-1,2,2
26,1,1,3,0,7,7,2,2,2,-1,-1
26,1,0,2,0,7,7,1,0,0,1,0
1,0,0,1,0,7,7,3,-1,-1,2,2
4,0,0,1,1,7,7,1,1,1,1,1
1,1,1,4,1,7,7,0,1,1,1,1
1,1,0,2,1,7,7,0,1,1,1,1
16,16,16,4,1,7,7,1,0,0,0,1
16,16,16,3,1,7,7,4,-1,-1,2,-1
16,16,16,3,1,7,0,1,0,0,0,1
16,16,0,2,1,7,7,4,-1,-1,2,-1
16,16,0,2,1,7,0,0,0,0,0,0
12,12,12,4,1,7,7,1,1,0,1,1
12,12,12,3,0,7,7,4,-1,-1,2,-1
12,12,12,3,0,7,0,1,1,1,1,1
12,12,0,2,1,7,7,4,-1,-1,0,-1
12,12,0,2,1,7,0,2,0,0,-1,-1
12,0,0,1,0,7,7,3,-1,-1,0,2
8,0,0,1,1,0,7,1,1,1,1,1
1,1,1,4,1,0,7,0,2,1,2,1
1,1,0,2,1,7,7,0,1,1,1,1
11,3,3,8,1,7,7,0,1,1,1,1
11,3,3,6,1,7,7,0,1,1,1,1
11,3,3,4,1,7,7,2,2,1,-1,-1
11,3,3,3,0,7,7,3,-1,-1,1,1
11,3,0,2,0,7,7,2,1,1,-1,-1
11,0,0,1,0,7,7,1,1,1,1,1
32,0,0,1,1,7,7,1,0,0,0,0
3,1,1,6,1,7,7,0,1,1,1,1
1,1,1,4,1,7,7,0,1,1,1,1
1,1,0,2,1,7,7,0,1,1,1,1
2,1,1,7,1,7,7,0,1,1,1,1
1,1,1,5,1,7,7,0,1,1,1,1
1,1,1,3,1,7,7,0,1,1,1,1
1,0,0,1,1,7,7,2,2,2,-1,-1
8,4,0,2,1,7,7,0,0,0,0,0
11,5,0,2,1,7,7,1,1,1,1,1
5,0,0,1,1,7,7,1,1,1,1,1
7,3,2,6,1,0,7,0,1,1,1,1
7,2,1,4,1,7,7,2,2,2,-1,-1
7,1,1,3,0,7,7,3,-1,-1,2,2
7,1,0,2,0,7,7,2,2,2,-1,-1
7,0,0,1,0,7,7,1,1,1,1,1
4,0,0,1,1,7,7,1,1,1,1,1
17,1,1,8,1,7,7,0,1,1,1,1
17,1,1,6,1,7,7,2,2,2,-1,-1
17,1,1,5,0,7,7,3,-1,-1,2,2
17,1,1,4,0,7,7,2,2,1,-1,-1
17,1,1,3,0,7,7,3,-1,-1,1,2
17,1,0,2,0,7,7,1,0,0,0,0
1,0,0,1,0,7,7,2,2,2,-1,-1
32,32,0,2,1,7,7,0,0,0,0,0
4,4,0,2,1,7,7,0,1,1,1,1
5,1,1,8,1,7,7,0,1,1,1,1
5,1,1,6,1,7,7,0,1,1,1,1
5,1,1,4,1,7,7,0,1,1,1,1
5,1,0,2,1,7,7,0,1,1,0,2
2,1,1,3,1,7,7,0,1,1,1,1
1,0,0,1,1,7,7,2,2,2,-1,-1
18,6,3,7,1,7,7,0,1,1,1,1
18,6,1,5,1,7,7,2,2,2,-1,-1
18,6,1,4,0,7,7,3,-1,-1,2,2
18,6,1,3,0,7,7,1,0,0,0,0
6,1,0,2,0,7,7,2,2,2,-1,-1
6,0,0,1,1,7,7,1,1,1,1,1
8,0,0,1,1,7,7,1,1,1,1,1
26,1,1,7,1,7,7,2,2,2,-1,-1
26,1,1,6,0,7,7,3,-1,-1,2,2
26,1,1,5,0,7,7,2,2,2,-1,-1
26,1,1,4,0,7,7,3,-1,-1,2,2
26,1,1,3,0,7,7,2,2,2,-1,-1
26,1,0,2,0,7,7,1,0,0,1,0
1,0,0,1,0,7,7,3,-1,-1,2,2
21,11,8,8,1,7,7,2,1,1,-1,-1
21,11,8,7,0,7,7,3,-1,-1,1,1
21,11,8,6,0,7,7,2,1,1,-1,-1
21,11,8,5,0,7,7,3,-1,-1,1,1
21,11,8,4,0,7,7,2,1,1,-1,-1
21,11,8,3,0,7,7,4,-1,-1,0,-1
21,11,8,3,0,7,0,1,0,0,0,0
11,8,0,2,0,7,7,4,-1,-1,0,-1
11,8,0,2,0,7,0,1,1,1,1,1
8,0,0,1,1,7,7,1,1,1,1,1
19,3,1,4,1,7,7,2,2,1,-1,-1
19,1,1,3,0,7,7,3,-1,-1,2,1
19,1,0,2,1,7,7,2,2,2,-1,-1
19,0,0,1,0,7,7,1,0,0,0,0
13,7,5,5,1,7,7,0,1,1,1,1
13,7,5,3,1,7,7,1,0,0,0,1
7,5,0,2,1,7,7,4,-1,-1,2,-1
7,5,0,2,1,7,0,0,0,0,0,0
24,0,0,1,1,7,7,1,0,0,0,0
8,8,0,2,1,7,7,0,0,0,0,0
4,2,1,8,1,7,7,0,1,1,1,1
1,1,1,6,1,7,7,0,1,1,1,1
1,1,1,4,1,7,7,0,1,1,1,1
1,1,0,2,1,7,7,0,1,1,1,1
7,5,5,6,1,0,7,0,1,1,1,1
7,5,5,4,1,7,7,4,-1,-1,0,-1
7,5,5,4,1,7,0,2,1,1,-1,-1
7,5,5,3,0,7,0,3,-1,-1,1,2
7,5,0,2,0,7,7,4,2,-1,-1,-1
7,5,0,2,0,0,7,0,0,0,0,0
24,0,0,1,1,0,7,1,0,0,0,0
12,0,0,1,1,7,7,1,1,1,1,1
16,7,4,5,1,7,7,2,2,1,-1,-1
16,7,4,4,0,7,7,3,-1,-1,1,1
16,7,3,3,0,7,7,2,1,1,-1,-1
16,7,0,2,0,7,7,1,0,0,0,0
7,0,0,1,1,7,7,1,1,1,1,1
44,4,4,6,1,7,7,2,1,1,-1,-1
44,4,4,5,0,7,7,3,-1,-1,1,0
44,4,4,4,0,7,7,2,1,1,-1,-1
44,4,4,3,0,7,7,3,-1,-1,1,1
44,4,0,2,0,7,7,2,1,1,-1,-1
44,0,0,1,0,7,7,1,0,0,0,0
4,1,1,5,1,7,7,0,1,1,1,1
1,1,1,3,1,7,7,0,1,1,1,1
1,0,0,1,1,7,7,2,2,2,-1,-1
25,7,0,2,1,7,7,1,0,0,0,0
7,0,0,1,0,7,7,1,1,1,1,1
5,4,3,5,1,0,7,0,1,1,1,1
5,2,2,3,1,7,7,2,2,2,-1,-1
5,2,0,2,0,7,7,0,1,1,0,2
31,9,5,4,1,7,7,0,1,1,1,2
31,9,0,2,0,7,7,4,-1,-1,0,-1
31,9,0,2,0,7,0,1,0,0,0,0
9,0,0,1,1,7,7,1,1,0,1,1
8,4,4,7,1,0,7,0,1,1,1,1
8,4,4,5,1,7,7,0,1,1,1,1
8,4,4,3,1,7,7,0,1,1,1,1
8,0,0,1,1,7,7,1,1,1,1,1
8,8,8,6,1,7,7,0,0,0,0,1
8,8,8,4,1,7,7,4,-1,-1,2,-1
8,8,8,4,1,7,0,1,1,1,1,1
8,8,8,3,1,7,7,1,1,1,1,1
8,8,0,2,1,7,7,0,0,0,0,0
4,4,4,8,1,7,7,0,1,1,1,1
4,4,2,6,1,7,7,0,1,1,1,1
2,2,2,4,1,7,7,0,1,1,1,1
2,2,0,2,1,7,7,0,1,1,1,1
15,15,14,7,1,7,7,0,1,1,1,1
15,15,14,5,1,7,7,4,-1,-1,0,-1
15,15,14,5,1,7,0,2,1,1,-1,-1
15,15,14,4,0,7,0,3,-1,-1,1,2
15,15,14,3,0,7,7,4,2,-1,-1,-1
15,15,14,3,0,0,7,1,0,0,0,1
15,14,0,2,1,7,7,4,-1,-1,2,-1
15,14,0,2,1,7,0,0,0,0,0,0
12,6,6,7,1,7,7,0,1,1,1,1
12,6,6,5,1,7,7,4,-1,-1,0,-1
12,6,6,5,1,7,0,2,1,1,-1,-1
12,6,6,4,0,7,0,3,-1,-1,1,2
12,6,6,3,0,7,7,4,2,-1,-1,-1
12,6,6,3,0,0,7,1,1,1,1,1
6,6,0,2,1,7,7,4,-1,-1,2,-1
6,6,0,2,1,7,0,2,1,1,-1,-1
6,0,0,1,0,7,7,3,-1,-1,1,0
11,2,1,5,1,7,7,2,2,2,-1,-1
11,1,1,4,0,7,7,3,-1,-1,2,2
11,1,1,3,0,7,7,2,2,2,-1,-1
11,1,0,2,0,7,7,1,1,1,1,1
1,0,0,1,1,7,7,2,2,2,-1,-1
24,24,0,2,1,7,7,0,0,0,0,0
5,1,1,8,1,7,7,0,1,1,1,1
5,1,1,6,1,7,7,0,1,1,1,1
5,1,1,4,1,7,7,0,1,1,1,1
5,1,0,2,1,7,7,0,1,1,0,2
5,2,1,7,1,7,7,0,1,1,1,1
5,1,1,5,1,7,7,0,1,1,1,1
5,1,1,3,1,7,7,2,2,2,-1,-1
5,1,0,2,0,7,7,0,1,1,0,2
17,1,1,8,1,7,7,0,1,1,1,1
17,1,1,6,1,7,7,2,2,2,-1,-1
17,1,1,5,0,7,7,3,-1,-1,2,2
17,1,1,4,0,7,7,2,2,1,-1,-1
17,1,1,3,0,7,7,3,-1,-1,1,2
17,1,0,2,0,7,7,1,0,0,0,0
1,0,0,1,0,7,7,2,2,2,-1,-1
7,2,1,5,1,0,7,0,1,1,1,1
7,1,1,3,1,7,7,2,2,2,-1,-1
7,1,0,2,0,7,7,1,1,1,1,1
1,0,0,1,1,7,7,2,2,2,-1,-1
15,4,1,7,1,7,7,0,1,1,1,1
15,1,1,5,1,7,7,2,2,2,-1,-1
15,1,1,4,0,7,7,3,-1,-1,2,1
15,1,1,3,0,7,7,2,1,1,-1,-1
15,1,0,2,0,7,7,3,-1,-1,1,2
15,0,0,1,0,7,7,1,0,0,0,0
4,1,1,5,1,7,7,0,1,1,1,1
1,1,1,3,1,7,7,0,1,1,1,1
1,0,0,1,1,7,7,2,2,2,-1,-1
15,15,14,7,1,0,7,0,1,1,1,1
15,15,14,5,1,7,7,4,-1,-1,0,-1
15,15,14,5,1,7,0,2,1,1,-1,-1
15,15,14,4,0,7,0,3,-1,-1,1,2
15,15,14,3,0,7,7,4,2,-1,-1,-1
15,15,14,3,0,0,7,1,0,0,0,1
15,14,0,2,1,7,7,4,-1,-1,2,-1
15,14,0,2,1,7,0,0,0,0,0,0
32,0,0,1,1,7,7,1,0,0,0,0
3,1,0,2,1,7,7,0,1,1,1,1
12,0,0,1,1,7,7,1,1,1,1,1
20,1,1,5,1,7,7,2,2,2,-1,-1
20,1,1,4,0,7,7,3,-1,-1,2,2
20,1,1,3,0,7,7,2,2,2,-1,-1
20,1,0,2,0,7,7,1,0,0,0,0
1,0,0,1,1,7,7,2,2,2,-1,-1
7,5,0,2,1,7,7,0,0,0,0,0
16,2,2,5,1,7,7,2,2,2,-1,-1
16,2,2,4,0,7,7,3,-1,-1,2,2
16,2,2,3,0,7,7,2,2,2,-1,-1
16,2,0,2,0,7,7,1,0,0,0,0
2,0,0,1,1,7,7,2,2,2,-1,-1
12,10,10,3,1,7,7,1,1,0,1,1
10,10,0,2,0,7,7,4,-1,-1,2,-1
10,10,0,2,0,7,0,0,0,0,0,0
46,9,4,7,1,7,7,2,1,1,-1,-1
46,9,2,6,0,7,7,3,-1,-1,1,1
46,9,2,5,1,7,7,2,2,2,-1,-1
46,9,2,4,0,7,7,3,-1,-1,2,2
46,9,1,3,0,7,7,2,2,2,-1,-1
46,9,0,2,0,7,7,1,0,0,0,0
9,0,0,1,0,7,7,1,1,0,1,1
4,4,2,4,1,7,7,0,1,1,1,1
2,2,0,2,1,7,7,0,1,1,1,1
32,32,0,2,1,7,7,0,0,0,0,0
31,13,8,6,1,0,7,2,1,1,-1,-1
31,13,8,5,0,7,7,3,-1,-1,1,1
31,13,8,4,1,7,7,2,2,1,-1,-1
31,13,8,3,0,7,7,3,-1,-1,0,0
31,13,0,2,0,7,7,4,0,-1,-1,-1
31,13,0,2,0,0,7,1,0,0,0,0
13,0,0,1,1,7,7,1,0,0,0,0
4,2,2,5,1,7,7,0,1,1,1,1
2,2,2,3,1,7,7,0,1,1,1,1
2,0,0,1,1,7,7,2,2,2,-1,-1
6,3,3,3,1,7,7,0,1,1,1,1
6,0,0,1,1,7,7,1,1,1,1,1
2,1,1,7,1,7,7,0,1,1,1,1
1,1,1,5,1,7,7,0,1,1,1,1
1,1,1,3,1,7,7,0,1,1,1,1
1,0,0,1,1,7,7,2,2,2,-1,-1
10,9,9,7,1,7,7,1,1,0,1,2
9,9,9,6,0,7,7,4,-1,-1,2,-1
9,9,9,6,0,7,0,1,1,0,1,2
9,9,9,5,0,7,7,4,-1,-1,2,-1
9,9,9,5,0,7,0,1,1,0,1,2
9,9,9,4,0,7,7,4,-1,-1,2,-1
9,9,9,4,0,7,0,1,1,0,1,2
9,9,9,3,0,7,7,4,-1,-1,2,-1
9,9,9,3,0,7,0,1,1,0,1,2
9,9,0,2,0,7,7,4,-1,-1,2,-1
9,9,0,2,0,7,0,0,0,0,0,0
1,1,1,4,1,7,7,0,1,1,1,1
1,1,0,2,1,7,7,0,1,1,1,1
4,1,1,5,1,7,7,0,1,1,1,1
1,1,1,3,1,7,7,0,1,1,1,1
1,0,0,1,1,7,7,2,2,2,-1,-1
8,4,2,4,1,7,7,0,1,1,1,1
8,2,0,2,1,7,7,1,1,1,1,1
2,0,0,1,1,7,7,2,2,2,-1,-1
16,4,1,6,1,7,7,0,1,1,1,1
16,1,1,4,1,7,7,2,2,2,-1,-1
16,1,1,3,0,7,7,3,-1,-1,2,2
16,1,0,2,0,7,7,1,0,0,0,0
1,0,0,1,1,7,7,2,2,2,-1,-1
6,2,0,2,1,7,7,0,1,1,0,2
16,0,0,1,1,7,7,1,0,0,0,0
4,0,0,1,1,0,7,1,2,1,2,1
5,1,1,8,1,7,7,0,1,1,1,1
5,1,1,6,1,7,7,0,1,1,1,1
5,1,1,4,1,7,7,0,1,1,1,1
5,1,0,2,1,7,7,0,1,1,0,2
27,7,7,4,1,7,7,1,0,1,0,1
7,7,7,3,1,7,7,4,0,-1,-1,-1
7,7,7,3,1,0,7,4,-1,-1,0,-1
7,7,7,3,1,0,0,1,1,1,1,0
7,7,0,2,0,7,7,2,0,0,-1,-1
7,0,0,1,0,7,7,3,-1,-1,0,0
37,27,0,2,1,7,7,1,0,0,0,0
27,0,0,1,0,7,7,1,0,0,0,0
24,0,0,1,1,0,7,1,0,0,0,0
33,8,4,5,1,0,7,2,2,1,-1,-1
33,8,2,4,0,7,7,3,-1,-1,2,1
33,8,1,3,1,7,7,2,2,2,-1,-1
33,8,0,2,0,7,7,1,0,0,0,0
8,0,0,1,0,7,7,1,1,1,1,1
48,0,0,1,1,0,7,1,0,0,0,0
8,0,0,1,1,7,7,1,1,1,1,1
1,1,1,4,1,7,7,0,1,1,1,1
1,1,0,2,1,7,7,0,1,1,1,1
5,2,1,7,1,7,7,0,1,1,1,1
5,1,1,5,1,7,7,0,1,1,1,1
5,1,1,3,1,7,7,2,2,2,-1,-1
5,1,0,2,0,7,7,0,1,1,0,2
8,4,0,2,1,7,7,0,0,0,0,0
35,13,0,2,1,0,7,1,0,0,0,0
13,0,0,1,1,7,7,1,0,0,0,0
14,4,2,7,1,0,1,0,2,1,1,2
14,1,1,5,0,7,7,2,2,2,-1,-1
14,1,1,4,0,7,7,3,-1,-1,2,2
14,1,1,3,0,7,7,2,2,2,-1,-1
14,1,0,2,0,7,7,1,0,0,1,0
1,0,0,1,0,7,7,3,-1,-1,2,2
16,4,4,3,1,7,7,1,0,0,0,0
4,4,0,2,1,7,7,0,1,1,1,1
13,4,2,8,1,7,7,0,1,1,1,1
13,1,1,6,1,7,7,0,1,1,1,1
13,1,1,4,1,7,7,2,2,2,-1,-1
13,1,1,3,0,7,7,3,-1,-1,2,2
13,1,0,2,0,7,7,1,0,0,1,0
1,0,0,1,0,7,7,3,-1,-1,2,2
8,0,0,1,1,0,7,1,1,1,1,1
3,1,0,2,1,7,7,0,1,1,1,1
5,3,0,2,1,0,1,0,1,1,1,0
12,1,1,5,1,7,7,2,2,2,-1,-1
12,1,1,4,0,7,7,3,-1,-1,2,2
12,1,1,3,0,7,7,2,2,2,-1,-1
12,1,0,2,0,7,7,1,1,1,1,1
1,0,0,1,1,7,7,2,2,2,-1,-1
32,0,0,1,1,7,7,1,0,0,0,0
2,1,1,7,1,0,1,0,2,1,2,1
1,1,1,5,1,7,7,0,1,1,1,1
1,1,1,3,1,7,7,0,1,1,1,1
1,0,0,1,1,7,7,2,2,2,-1,-1
4,0,0,1,1,7,7,1,1,1,1,1
4,2,1,8,1,0,1,0,2,1,2,1
4,1,1,6,1,7,7,0,1,1,1,1
1,1,1,4,1,7,7,0,1,1,1,1
1,1,0,2,1,7,7,0,1,1,1,1
1,1,1,8,1,0,1,0,2,1,2,1
1,1,1,6,1,7,7,0,1,1,1,1
1,1,1,4,1,7,7,0,1,1,1,1
1,1,0,2,1,7,7,0,1,1,1,1
12,0,0,1,1,0,7,1,1,1,1,1
12,7,5,5,1,7,7,0,1,1,1,1
12,7,4,3,0,7,7,3,-1,-1,1,1
12,7,0,2,0,7,7,4,0,-1,-1,-1
12,7,0,2,0,0,7,1,1,1,1,1
7,0,0,1,1,7,7,1,1,1,1,1
9,7,7,6,1,7,7,2,1,1,-1,-1
9,7,7,5,0,7,7,3,-1,-1,1,1
9,7,7,4,1,7,7,1,1,0,1,1
7,7,3,3,0,7,7,4,-1,-1,0,-1
7,7,3,3,0,7,0,2,1,1,-1,-1
7,7,0,2,0,7,0,0,0,0,0,0
8,4,4,7,1,7,7,0,1,1,1,1
8,4,4,5,1,7,7,0,1,1,1,1
8,4,4,3,1,7,7,0,1,1,1,1
8,0,0,1,1,7,7,1,1,1,1,1
8,8,8,6,1,7,7,0,0,0,0,1
8,8,8,4,1,7,7,4,-1,-1,2,-1
8,8,8,4,1,7,0,1,1,1,1,1
8,8,8,3,1,7,7,1,1,1,1,1
8,8,0,2,1,7,7,0,0,0,0,0
12,1,1,5,1,7,7,2,2,2,-1,-1
12,1,1,4,0,7,7,3,-1,-1,2,2
12,1,1,3,0,7,7,2,2,2,-1,-1
12,1,0,2,0,7,7,1,1,1,1,1
1,0,0,1,1,7,7,2,2,2,-1,-1
2,2,1,6,1,7,7,0,1,1,1,1
1,1,1,4,1,7,7,0,1,1,1,1
1,1,0,2,1,7,7,0,1,1,1,1
31,8,4,7,1,7,7,2,2,2,-1,-1
31,8,4,6,0,7,7,3,-1,-1,2,2
31,8,4,5,0,7,7,2,2,2,-1,-1
31,8,4,4,0,7,7,3,-1,-1,2,2
31,8,4,3,0,7,7,1,0,0,0,0
8,4,0,2,1,7,7,4,0,-1,-1,-1
8,4,0,2,1,0,7,0,0,0,0,0
16,9,7,7,1,0,7,2,1,1,-1,-1
16,9,7,6,0,7,7,3,-1,-1,1,1
16,9,7,5,1,7,7,0,1,1,1,2
16,9,7,3,0,7,7,4,-1,-1,0,-1
16,9,7,3,0,7,0,1,0,0,0,1
9,7,0,2,1,7,7,4,-1,-1,2,-1
9,7,0,2,1,7,0,0,0,0,0,0
9,3,1,6,1,7,7,0,1,1,1,1
9,1,1,4,1,7,7,2,2,2,-1,-1
9,1,1,3,0,7,7,3,-1,-1,2,2
9,1,0,2,0,7,7,1,1,1,1,2
1,0,0,1,0,7,7,2,2,2,-1,-1
24,0,0,1,1,7,7,1,0,0,0,0
3,2,2,4,1,0,7,0,1,1,2,2
2,1,0,2,0,7,7,3,-1,-1,1,2
1,0,0,1,0,7,7,2,2,2,-1,-1
4,4,0,2,1,0,1,0,1,1,1,1
4,4,2,6,1,7,7,0,1,1,1,1
2,2,2,4,1,7,7,0,1,1,1,1
2,2,0,2,1,7,7,0,1,1,1,1
12,2,2,7,1,0,1,0,2,1,2,1
12,2,2,5,1,7,7,2,2,2,-1,-1
12,2,2,4,0,7,7,3,-1,-1,2,2
12,2,2,3,0,7,7,2,2,2,-1,-1
12,2,0,2,0,7,7,1,1,1,1,1
2,0,0,1,1,7,7,2,2,2,-1,-1
17,1,1,8,1,7,7,0,1,1,1,1
17,1,1,6,1,7,7,2,2,2,-1,-1
17,1,1,5,0,7,7,3,-1,-1,2,2
17,1,1,4,0,7,7,2,2,1,-1,-1
17,1,1,3,0,7,7,3,-1,-1,1,2
17,1,0,2,0,7,7,1,0,0,0,0
1,0,0,1,0,7,7,2,2,2,-1,-1
4,2,1,8,1,0,7,0,1,1,2,2
1,1,1,6,0,7,7,3,-1,-1,1,2
1,1,1,5,0,7,7,0,1,1,1,1
1,1,1,3,1,7,7,0,1,1,1,1
1,0,0,1,1,7,7,2,2,2,-1,-1
48,0,0,1,1,7,7,1,0,0,0,0
5,4,1,5,1,0,7,0,1,1,1,1
5,1,1,3,1,7,7,2,2,2,-1,-1
5,1,0,2,0,7,7,0,1,1,0,2
3,3,1,4,1,7,7,0,1,1,1,1
1,1,0,2,1,7,7,0,1,1,1,1
8,1,1,5,1,7,7,0,1,1,1,1
8,1,1,3,1,7,7,2,2,2,-1,-1
8,1,0,2,0,7,7,1,1,1,1,1
1,0,0,1,1,7,7,2,2,2,-1,-1
3,3,3,4,1,7,7,0,1,1,1,1
3,3,0,2,1,7,7,0,1,1,1,1
46,9,4,7,1,7,7,2,1,1,-1,-1
46,9,2,6,0,7,7,3,-1,-1,1,1
46,9,2,5,1,7,7,2,2,2,-1,-1
46,9,2,4,0,7,7,3,-1,-1,2,2
46,9,1,3,0,7,7,2,2,2,-1,-1
46,9,0,2,0,7,7,1,0,0,0,0
9,0,0,1,0,7,7,1,1,0,1,1
8,8,8,3,1,7,7,1,1,1,1,1
8,8,0,2,1,7,7,0,0,0,0,0
12,0,0,1,1,0,7,1,1,1,1,1
4,0,0,1,1,7,7,1,1,1,1,1
26,6,0,2,1,7,7,1,0,0,0,0
6,0,0,1,1,7,7,1,1,1,1,1
6,2,0,2,1,7,7,0,1,1,0,2
5,1,1,4,1,7,7,2,2,2,-1,-1
5,1,1,3,0,7,7,3,-1,-1,2,2
5,1,0,2,0,7,7,2,2,2,-1,-1
5,0,0,1,0,7,7,1,1,1,1,1
48,0,0,1,1,7,7,1,0,0,0,0
5,2,1,3,1,0,7,0,1,1,2,1
1,0,0,1,0,7,7,3,-1,-1,1,2
1,1,1,4,1,7,7,0,1,1,1,1
1,1,0,2,1,7,7,0,1,1,1,1
41,1,1,8,1,7,7,2,2,2,-1,-1
41,1,1,7,0,7,7,3,-1,-1,2,2
41,1,1,6,0,7,7,2,2,2,-1,-1
41,1,1,5,0,7,7,3,-1,-1,2,2
41,1,1,4,0,7,7,2,2,2,-1,-1
41,1,1,3,0,7,7,3,-1,-1,2,2
41,1,0,2,0,7,7,1,0,0,0,0
1,0,0,1,0,7,7,3,-1,-1,2,2
16,15,15,6,1,7,7,0,1,0,1,1
16,15,15,4,0,7,7,4,-1,-1,2,-1
16,15,15,4,0,7,0,1,0,0,0,1
15,15,6,3,1,7,7,4,-1,-1,0,-1
15,15,6,3,1,7,0,2,1,1,-1,-1
15,15,0,2,0,7,0,0,0,0,0,0
4,0,0,1,1,7,7,1,1,1,1,1
32,4,4,5,1,7,7,2,2,1,-1,-1
32,4,4,4,0,7,7,3,-1,-1,1,1
32,4,4,3,0,7,7,2,1,1,-1,-1
32,4,0,2,0,7,7,3,-1,-1,1,1
32,0,0,1,0,7,7,1,0,0,0,0
8,2,1,8,1,0,7,0,1,1,1,1
8,1,1,6,1,7,7,0,1,1,1,1
8,1,1,4,1,7,7,0,1,1,1,1
8,1,0,2,1,7,7,1,1,1,1,1
1,0,0,1,1,7,7,2,2,2,-1,-1
24,0,0,1,1,7,7,1,0,0,0,0
12,2,2,3,1,7,7,1,1,1,1,1
2,2,0,2,1,7,7,0,1,1,1,1
48,0,0,1,1,0,7,1,0,0,0,0
38,2,2,6,1,7,7,2,2,2,-1,-1
38,2,2,5,0,7,7,3,-1,-1,2,2
38,2,2,4,0,7,7,2,2,2,-1,-1
38,2,2,3,0,7,7,3,-1,-1,2,2
38,2,0,2,0,7,7,1,0,0,1,0
2,0,0,1,0,7,7,2,2,2,-1,-1
18,6,0,2,1,7,7,1,0,0,0,0
6,0,0,1,0,7,7,1,1,1,1,1
4,0,0,1,1,0,7,1,2,1,2,1
12,0,0,1,1,7,7,1,1,1,1,1
4,4,0,2,1,7,7,0,1,1,1,1
34,7,3,6,1,7,7,2,2,2,-1,-1
34,7,3,5,0,7,7,3,-1,-1,2,2
34,7,3,4,0,7,7,2,2,2,-1,-1
34,7,3,3,0,7,7,1,0,0,0,1
7,3,0,2,0,7,7,4,-1,-1,0,-1
7,3,0,2,0,7,0,2,1,1,-1,-1
7,0,0,1,0,7,0,1,1,1,1,1
3,3,3,6,1,7,7,0,1,1,1,1
3,1,1,4,1,7,7,0,1,1,1,1
1,1,0,2,1,7,7,0,1,1,1,1
34,7,3,6,1,7,7,2,2,2,-1,-1
34,7,3,5,0,7,7,3,-1,-1,2,2
34,7,3,4,0,7,7,2,2,2,-1,-1
34,7,3,3,0,7,7,1,0,0,0,1
7,3,0,2,0,7,7,4,-1,-1,0,-1
7,3,0,2,0,7,0,2,1,1,-1,-1
7,0,0,1,0,7,0,1,1,1,1,1
3,1,0,2,1,0,7,0,1,1,1,1
8,8,8,3,1,0,7,1,1,1,1,1
8,8,0,2,1,7,7,0,0,0,0,0
12,0,0,1,1,7,7,1,1,1,1,1
8,0,0,1,1,0,7,1,1,1,1,1
43,21,0,2,1,7,7,1,0,0,0,0
21,0,0,1,1,7,7,1,0,0,0,0
10,9,9,7,1,7,7,1,1,0,1,2
9,9,9,6,0,7,7,4,-1,-1,2,-1
9,9,9,6,0,7,0,1,1,0,1,2
9,9,9,5,0,7,7,4,-1,-1,2,-1
9,9,9,5,0,7,0,1,1,0,1,2
9,9,9,4,0,7,7,4,-1,-1,2,-1
9,9,9,4,0,7,0,1,1,0,1,2
9,9,9,3,0,7,7,4,-1,-1,2,-1
9,9,9,3,0,7,0,1,1,0,1,2
9,9,0,2,0,7,7,4,-1,-1,2,-1
9,9,0,2,0,7,0,0,0,0,0,0
8,2,2,5,1,7,7,0,1,1,1,1
8,2,2,3,1,7,7,2,2,2,-1,-1
8,2,0,2,0,7,7,1,1,1,1,1
2,0,0,1,1,7,7,2,2,2,-1,-1
12,0,0,1,1,0,7,1,1,1,1,1
4,4,4,8,1,0,7,0,1,1,1,1
4,4,4,6,1,7,7,0,1,1,1,1
4,4,4,4,1,7,7,0,1,1,1,1
4,4,0,2,1,7,7,0,1,1,1,1
26,1,1,7,1,0,7,2,2,2,-1,-1
26,1,1,6,0,7,7,3,-1,-1,2,2
26,1,1,5,0,7,7,2,2,2,-1,-1
26,1,1,4,0,7,7,3,-1,-1,2,2
26,1,1,3,0,7,7,2,2,2,-1,-1
26,1,0,2,0,7,7,1,0,0,1,0
1,0,0,1,0,7,7,3,-1,-1,2,2
5,3,0,2,1,7,7,0,1,1,1,0
32,0,0,1,1,0,7,1,0,0,0,0
8,8,8,6,1,7,7,0,0,0,0,1
8,8,8,4,1,7,7,4,-1,-1,2,-1
8,8,8,4,1,7,0,1,1,1,1,1
8,8,8,3,1,7,7,1,1,1,1,1
8,8,0,2,1,7,7,0,0,0,0,0
7,2,1,5,1,7,7,0,1,1,1,1
7,1,1,3,1,7,7,2,2,2,-1,-1
7,1,0,2,0,7,7,1,1,1,1,1
1,0,0,1,1,7,7,2,2,2,-1,-1
9,3,0,2,1,7,7,0,0,0,0,0
3,1,1,6,1,7,7,0,1,1,1,1
1,1,1,4,1,7,7,0,1,1,1,1
1,1,0,2,1,7,7,0,1,1,1,1
24,0,0,1,1,7,7,1,0,0,0,0
9,5,3,6,1,0,7,2,2,2,-1,-1
9,5,3,5,0,7,7,3,-1,-1,2,2
9,5,3,4,0,7,7,2,2,1,-1,-1
9,5,3,3,0,7,7,3,-1,-1,1,1
9,3,0,2,0,7,7,2,1,1,-1,-1
9,0,0,1,0,7,7,1,1,0,1,1
64,0,0,1,1,7,7,1,0,0,0,0
16,12,12,5,1,0,1,1,0,0,0,1
12,12,12,4,1,7,7,4,-1,-1,2,-1
12,12,12,4,1,7,0,1,1,1,1,1
12,12,12,3,1,7,7,4,-1,-1,0,-1
12,12,12,3,1,7,0,2,0,0,-1,-1
12,12,0,2,0,7,7,3,-1,-1,0,2
12,0,0,1,0,7,7,1,1,1,1,1
1,1,1,8,1,7,7,0,1,1,1,1
1,1,1,6,1,7,7,0,1,1,1,1
1,1,1,4,1,7,7,0,1,1,1,1
1,1,0,2,1,7,7,0,1,1,1,1
44,10,4,8,1,7,7,2,2,2,-1,-1
44,10,4,7,0,7,7,3,-1,-1,2,2
44,10,4,6,0,7,7,2,2,2,-1,-1
44,10,4,5,0,7,7,3,-1,-1,2,1
44,10,4,4,0,7,7,2,1,1,-1,-1
44,10,1,3,0,7,7,3,-1,-1,1,2
44,10,0,2,0,7,7,1,0,0,0,0
10,0,0,1,1,7,7,1,1,0,1,1
22,10,0,2,1,7,7,1,0,0,0,0
10,0,0,1,1,7,7,1,1,0,1,1
21,1,1,4,1,7,7,2,2,2,-1,-1
21,1,1,3,0,7,7,3,-1,-1,2,1
21,1,0,2,0,7,7,1,0,0,0,0
1,0,0,1,0,7,7,3,-1,-1,2,2
3,3,1,4,1,7,7,0,1,1,1,1
1,1,0,2,1,7,7,0,1,1,1,1
2,1,1,3,1,0,7,0,2,1,2,1
1,0,0,1,1,7,7,2,2,2,-1,-1
3,1,1,6,1,7,7,0,1,1,1,1
1,1,1,4,1,7,7,0,1,1,1,1
1,1,0,2,1,7,7,0,1,1,1,1
36,4,4,8,1,7,7,0,1,1,1,1
36,4,4,6,1,7,7,2,1,1,-1,-1
36,4,4,5,0,7,7,3,-1,-1,1,0
36,4,4,4,0,7,7,2,1,1,-1,-1
36,4,4,3,0,7,7,3,-1,-1,1,1
36,4,0,2,0,7,7,2,1,1,-1,-1
36,0,0,1,0,7,7,1,0,0,0,0
1,1,1,4,1,7,7,0,1,1,1,1
1,1,0,2,1,7,7,0,1,1,1,1
2,1,1,3,1,7,7,0,1,1,1,1
1,0,0,1,1,7,7,2,2,2,-1,-1
32,16,0,2,1,0,7,1,0,0,0,0
16,0,0,1,1,7,7,1,0,0,0,0
2,2,0,2,1,0,7,0,2,1,2,1
10,2,0,2,1,7,7,1,1,1,1,2
2,0,0,1,0,7,7,2,2,2,-1,-1
7,1,1,6,1,7,7,0,1,1,1,1
7,1,1,4,1,7,7,2,2,2,-1,-1
7,1,1,3,0,7,7,3,-1,-1,2,2
7,1,0,2,0,7,7,2,2,2,-1,-1
7,0,0,1,0,7,7,1,1,1,1,1
36,12,6,7,1,0,7,2,2,1,-1,-1
36,12,6,6,0,7,7,3,-1,-1,1,1
36,12,6,5,0,7,7,2,1,2,-1,-1
36,12,6,4,0,7,7,3,-1,-1,1,2
36,12,6,3,0,7,7,4,0,-1,-1,-1
36,12,6,3,0,0,7,1,0,0,0,0
12,6,0,2,1,7,7,4,0,-1,-1,-1
12,6,0,2,1,0,7,1,1,1,1,1
6,0,0,1,1,7,7,1,1,1,1,1
28,4,4,6,1,0,7,2,1,1,-1,-1
28,4,4,5,0,7,7,3,-1,-1,1,0
28,4,4,4,0,7,7,2,1,1,-1,-1
28,4,4,3,0,7,7,3,-1,-1,1,1
28,4,0,2,0,7,7,2,1,1,-1,-1
28,0,0,1,0,7,7,1,0,0,0,0
4,0,0,1,1,7,7,1,1,1,1,1
5,1,1,8,1,7,7,0,1,1,1,1
5,1,1,6,1,7,7,0,1,1,1,1
5,1,1,4,1,7,7,0,1,1,1,1
5,1,0,2,1,7,7,0,1,1,0,2
10,9,9,7,1,0,7,1,1,0,1,2
9,9,9,6,0,7,7,4,-1,-1,2,-1
9,9,9,6,0,7,0,1,1,0,1,2
9,9,9,5,0,7,7,4,-1,-1,2,-1
9,9,9,5,0,7,0,1,1,0,1,2
9,9,9,4,0,7,7,4,-1,-1,2,-1
9,9,9,4,0,7,0,1,1,0,1,2
9,9,9,3,0,7,7,4,-1,-1,2,-1
9,9,9,3,0,7,0,1,1,0,1,2
9,9,0,2,0,7,7,4,-1,-1,2,-1
9,9,0,2,0,7,0,0,0,0,0,0
6,3,3,3,1,7,7,0,1,1,1,1
6,0,0,1,1,7,7,1,1,1,1,1
32,4,4,5,1,7,7,2,2,1,-1,-1
32,4,4,4,0,7,7,3,-1,-1,1,1
32,4,4,3,0,7,7,2,1,1,-1,-1
32,4,0,2,0,7,7,3,-1,-1,1,1
32,0,0,1,0,7,7,1,0,0,0,0
2,1,1,7,1,7,7,0,1,1,1,1
1,1,1,5,1,7,7,0,1,1,1,1
1,1,1,3,1,7,7,0,1,1,1,1
1,0,0,1,1,7,7,2,2,2,-1,-1
17,7,0,2,1,7,7,1,0,0,0,0
7,0,0,1,0,7,7,1,1,1,1,1
44,10,10,3,1,0,7,1,0,0,0,0
10,10,0,2,1,7,7,4,0,-1,-1,-1
10,10,0,2,1,0,7,0,0,0,0,0
2,2,1,7,1,7,7,0,1,1,1,1
1,1,1,5,1,7,7,0,1,1,1,1
1,1,1,3,1,7,7,0,1,1,1,1
1,0,0,1,1,7,7,2,2,2,-1,-1
36,4,4,8,1,7,7,0,1,1,1,1
36,4,4,6,1,7,7,2,1,1,-1,-1
36,4,4,5,0,7,7,3,-1,-1,1,0
36,4,4,4,0,7,7,2,1,1,-1,-1
36,4,4,3,0,7,7,3,-1,-1,1,1
36,4,0,2,0,7,7,2,1,1,-1,-1
36,0,0,1,0,7,7,1,0,0,0,0
7,5,0,2,1,7,7,0,0,0,0,0
4,0,0,1,1,0,7,1,2,1,2,1
32,7,3,8,1,7,7,0,1,1,1,1
32,7,1,6,1,7,7,2,2,2,-1,-1
32,7,1,5,0,7,7,3,-1,-1,2,2
32,7,1,4,0,7,7,2,2,2,-1,-1
32,7,1,3,0,7,7,1,0,0,0,0
7,1,0,2,1,7,7,4,0,-1,-1,-1
7,1,0,2,1,0,7,1,1,1,1,1
1,0,0,1,1,7,7,2,2,2,-1,-1
12,9,9,5,1,7,7,1,1,0,1,1
9,9,9,4,0,7,7,4,-1,-1,2,-1
9,9,9,4,0,7,0,1,1,0,1,2
9,9,9,3,0,7,7,4,-1,-1,2,-1
9,9,9,3,0,7,0,1,1,0,1,2
9,9,0,2,0,7,7,4,-1,-1,2,-1
9,9,0,2,0,7,0,0,0,0,0,0
11,5,0,2,1,7,7,1,1,1,1,1
5,0,0,1,1,7,7,1,1,1,1,1
9,1,1,8,1,0,7,0,1,1,1,1
9,1,1,6,1,7,7,0,1,1,1,1
9,1,1,4,1,7,7,2,2,2,-1,-1
9,1,1,3,0,7,7,3,-1,-1,2,2
9,1,0,2,0,7,7,1,1,1,1,2
1,0,0,1,0,7,7,2,2,2,-1,-1
3,2,1,5,1,7,7,0,1,1,1,1
1,1,1,3,1,7,7,0,1,1,1,1
1,0,0,1,1,7,7,2,2,2,-1,-1
48,0,0,1,1,7,7,1,0,0,0,0
44,10,4,8,1,7,7,2,2,2,-1,-1
44,10,4,7,0,7,7,3,-1,-1,2,2
44,10,4,6,0,7,7,2,2,2,-1,-1
44,10,4,5,0,7,7,3,-1,-1,2,1
44,10,4,4,0,7,7,2,1,1,-1,-1
44,10,1,3,0,7,7,3,-1,-1,1,2
44,10,0,2,0,7,7,1,0,0,0,0
10,0,0,1,1,7,7,1,1,0,1,1
6,3,3,7,1,7,7,0,1,1,1,1
6,3,3,5,1,7,7,0,1,1,1,1
6,3,3,3,1,7,7,0,1,1,1,1
6,0,0,1,1,7,7,1,1,1,1,1
11,11,10,7,1,7,7,2,1,1,-1,-1
11,11,10,6,0,7,7,3,-1,-1,1,1
11,11,10,5,1,7,7,2,2,2,-1,-1
11,11,10,4,0,7,7,3,-1,-1,2,0
11,11,10,3,0,7,7,4,0,-1,-1,-1
11,11,10,3,0,0,7,1,1,1,2,1
11,10,0,2,1,7,7,4,-1,-1,2,-1
11,10,0,2,1,7,0,2,0,0,-1,-1
11,0,0,1,0,7,0,3,-1,-1,0,0
39,11,6,7,1,0,7,2,2,2,-1,-1
39,11,6,6,0,7,7,3,-1,-1,2,2
39,11,6,5,0,7,7,2,2,1,-1,-1
39,11,6,4,0,7,7,3,-1,-1,1,1
39,11,6,3,0,7,7,2,1,1,-1,-1
39,11,0,2,0,7,7,1,0,0,0,0
11,0,0,1,1,7,7,1,1,1,1,1
4,0,0,1,1,7,7,1,1,1,1,1
6,6,6,8,1,7,7,0,1,1,1,1
6,6,6,6,1,7,7,4,-1,-1,0,-1
6,6,6,6,1,7,0,2,1,1,-1,-1
6,6,6,5,0,7,7,3,-1,-1,1,1
6,6,6,4,1,7,7,4,-1,-1,0,-1
6,6,6,4,1,7,0,2,1,1,-1,-1
6,6,6,3,0,7,7,3,-1,-1,1,2
6,6,0,2,0,7,7,4,2,-1,-1,-1
6,6,0,2,0,0,7,0,1,1,1,1
48,0,0,1,1,7,7,1,0,0,0,0
12,6,4,8,1,7,7,0,1,1,1,1
12,6,2,6,1,7,7,2,2,2,-1,-1
12,6,2,5,0,7,7,3,-1,-1,2,2
12,6,2,4,0,7,7,2,2,1,-1,-1
12,6,1,3,0,7,7,1,1,1,1,1
6,1,0,2,1,7,7,4,-1,-1,0,-1
6,1,0,2,1,7,0,2,1,1,-1,-1
1,0,0,1,0,7,7,3,-1,-1,2,1
44,10,10,3,1,0,1,1,0,0,0,0
10,10,0,2,1,7,7,4,0,-1,-1,-1
10,10,0,2,1,0,7,0,0,0,0,0
6,6,6,8,1,7,7,2,2,2,-1,-1
6,6,6,7,0,7,7,3,-1,-1,2,2
6,6,6,6,0,7,7,2,2,2,-1,-1
6,6,6,5,0,7,7,3,-1,-1,2,2
6,6,6,4,0,7,7,0,1,1,1,1
6,6,0,2,1,7,7,4,-1,-1,0,-1
6,6,0,2,1,7,0,2,1,1,-1,-1
6,0,0,1,0,7,7,3,-1,-1,1,2
8,2,2,5,1,0,7,0,1,1,1,1
8,2,2,3,1,7,7,2,2,2,-1,-1
8,2,0,2,0,7,7,1,1,1,1,1
2,0,0,1,1,7,7,2,2,2,-1,-1
3,3,3,4,1,0,7,0,1,1,1,1
3,3,0,2,1,7,7,0,1,1,1,1
17,9,6,8,1,7,7,0,1,1,1,1
17,9,6,6,1,7,7,2,2,1,-1,-1
17,9,6,5,0,7,7,3,-1,-1,1,1
17,9,6,4,0,7,7,2,1,1,-1,-1
17,9,3,3,0,7,7,3,-1,-1,1,0
17,9,0,2,0,7,7,4,0,-1,-1,-1
17,9,0,2,0,0,7,1,0,0,0,0
9,0,0,1,0,7,7,1,1,0,1,1
13,7,5,5,1,7,7,0,1,1,1,1
13,7,5,3,1,7,7,1,0,0,0,1
7,5,0,2,1,7,7,4,-1,-1,2,-1
7,5,0,2,1,7,0,0,0,0,0,0
8,4,4,7,1,7,7,0,1,1,1,1
8,4,4,5,1,7,7,0,1,1,1,1
8,4,4,3,1,7,7,0,1,1,1,1
8,0,0,1,1,7,7,1,1,1,1,1
6,3,2,8,1,7,7,0,1,1,1,1
6,1,1,6,1,7,7,0,1,1,1,1
6,1,1,4,1,7,7,0,1,1,1,1
6,1,0,2,1,7,7,0,1,1,0,2
16,4,4,3,1,7,7,1,0,0,0,0
4,4,0,2,1,7,7,0,1,1,1,1
1,1,1,4,1,7,7,0,1,1,1,1
1,1,0,2,1,7,7,0,1,1,1,1
8,0,0,1,1,7,7,1,1,1,1,1
22,5,5,3,1,0,7,1,0,0,0,0
5,5,0,2,1,7,7,4,2,-1,-1,-1
5,5,0,2,1,0,7,0,1,1,1,1
5,2,2,6,1,7,7,0,1,1,1,1
5,1,1,4,1,7,7,2,2,2,-1,-1
5,1,1,3,0,7,7,3,-1,-1,2,2
5,1,0,2,0,7,7,2,2,2,-1,-1
5,0,0,1,0,7,7,1,1,1,1,1
48,0,0,1,1,7,7,1,0,0,0,0
10,2,0,2,1,0,7,1,1,1,1,2
2,0,0,1,0,7,7,2,2,2,-1,-1
12,2,2,3,1,0,7,1,1,1,1,1
2,2,0,2,1,7,7,0,1,1,1,1
5,2,1,7,1,0,7,0,1,1,1,1
5,1,1,5,1,7,7,0,1,1,1,1
5,1,1,3,1,7,7,2,2,2,-1,-1
5,1,0,2,0,7,7,0,1,1,0,2
1,1,1,4,1,7,7,0,1,1,1,1
1,1,0,2,1,7,7,0,1,1,1,1
6,2,0,2,1,7,7,0,1,1,0,2
1,1,1,4,1,7,7,0,1,1,1,1
1,1,0,2,1,7,7,0,1,1,1,1
2,1,1,3,1,7,7,0,1,1,1,1
1,0,0,1,1,7,7,2,2,2,-1,-1
7,5,5,6,1,7,7,0,1,1,1,1
7,5,5,4,1,7,7,4,-1,-1,0,-1
7,5,5,4,1,7,0,2,1,1,-1,-1
7,5,5,3,0,7,0,3,-1,-1,1,2
7,5,0,2,0,7,7,4,2,-1,-1,-1
7,5,0,2,0,0,7,0,0,0,0,0
4,2,2,7,1,0,7,0,1,1,2,2
2,1,1,5,0,7,7,3,-1,-1,1,2
1,1,1,4,0,7,7,0,1,1,1,1
1,1,0,2,1,7,7,0,1,1,1,1
17,17,7,4,1,7,7,0,0,0,0,1
17,17,0,2,1,7,7,4,-1,-1,2,-1
17,17,0,2,1,7,0,0,0,0,0,0
26,1,1,7,1,7,7,2,2,2,-1,-1
26,1,1,6,0,7,7,3,-1,-1,2,2
26,1,1,5,0,7,7,2,2,2,-1,-1
26,1,1,4,0,7,7,3,-1,-1,2,2
26,1,1,3,0,7,7,2,2,2,-1,-1
26,1,0,2,0,7,7,1,0,0,1,0
1,0,0,1,0,7,7,3,-1,-1,2,2
6,6,6,4,1,7,7,0,1,1,1,1
6,6,0,2,1,7,7,4,-1,-1,0,-1
6,6,0,2,1,7,0,2,1,1,-1,-1
6,0,0,1,0,7,7,3,-1,-1,1,2
12,10,10,3,1,7,7,1,1,0,1,1
10,10,0,2,0,7,7,4,-1,-1,2,-1
10,10,0,2,0,7,0,0,0,0,0,0
24,0,0,1,1,7,7,1,0,0,0,0
2,1,1,3,1,7,7,0,1,1,1,1
1,0,0,1,1,7,7,2,2,2,-1,-1
1,1,1,8,1,0,7,0,2,1,2,1
1,1,1,6,1,7,7,0,1,1,1,1
1,1,1,4,1,7,7,0,1,1,1,1
1,1,0,2,1,7,7,0,1,1,1,1
8,4,2,4,1,7,7,0,1,1,1,1
8,2,0,2,1,7,7,1,1,1,1,1
2,0,0,1,1,7,7,2,2,2,-1,-1
12,12,12,4,1,7,7,1,1,0,1,1
12,12,12,3,0,7,7,4,-1,-1,2,-1
12,12,12,3,0,7,0,1,1,1,1,1
12,12,0,2,1,7,7,4,-1,-1,0,-1
12,12,0,2,1,7,0,2,0,0,-1,-1
12,0,0,1,0,7,7,3,-1,-1,0,2
32,32,0,2,1,0,1,0,0,0,0,0
4,4,0,2,1,7,7,0,1,1,1,1
2,2,2,8,1,0,1,0,2,1,2,1
2,2,2,6,1,7,7,0,1,1,1,1
2,2,2,4,1,7,7,0,1,1,1,1
2,2,0,2,1,7,7,0,1,1,1,1
17,1,1,8,1,0,1,0,2,1,2,1
17,1,1,6,1,7,7,2,2,2,-1,-1
17,1,1,5,0,7,7,3,-1,-1,2,2
17,1,1,4,0,7,7,2,2,2,-1,-1
17,1,1,3,0,7,7,3,-1,-1,2,2
17,1,0,2,0,7,7,1,0,0,0,0
1,0,0,1,0,7,7,2,2,2,-1,-1
8,2,2,3,1,0,7,0,1,1,1,1
8,0,0,1,1,7,7,1,1,1,1,1
3,2,2,4,1,7,7,0,1,1,1,1
2,1,0,2,1,7,7,0,1,1,1,1
17,15,0,2,1,7,7,0,0,0,0,0
24,0,0,1,1,7,7,1,0,0,0,0
16,4,2,5,1,7,7,2,2,1,-1,-1
16,4,1,4,0,7,7,3,-1,-1,1,1
16,1,1,3,0,7,7,2,1,2,-1,-1
16,1,0,2,0,7,7,1,0,0,0,0
1,0,0,1,1,7,7,2,2,2,-1,-1
48,0,0,1,1,7,7,1,0,0,0,0
12,2,2,3,1,0,7,1,1,1,1,1
2,2,0,2,1,7,7,0,1,1,1,1
3,1,1,6,1,7,7,0,1,1,1,1
1,1,1,4,1,7,7,0,1,1,1,1
1,1,0,2,1,7,7,0,1,1,1,1
48,4,4,5,1,0,1,0,1,1,1,1
48,4,4,3,1,7,7,1,0,0,0,0
4,4,0,2,1,7,7,0,1,1,1,1
8,2,2,3,1,0,1,0,2,1,2,1
8,0,0,1,1,7,7,1,1,1,1,1
2,2,2,6,1,0,1,0,2,1,2,1
2,2,2,4,1,7,7,0,1,1,1,1
2,2,0,2,1,7,7,0,1,1,1,1
5,3,2,7,1,0,7,0,1,1,1,1
5,2,2,5,1,7,7,0,1,1,1,1
5,1,1,3,1,7,7,2,2,2,-1,-1
5,1,0,2,0,7,7,0,1,1,0,2
6,1,1,3,1,7,7,0,1,1,1,2
1,0,0,1,0,7,7,3,-1,-1,1,2
6,2,0,2,1,7,7,0,1,1,0,2
9,1,1,8,1,7,7,0,1,1,1,1
9,1,1,6,1,7,7,0,1,1,1,1
9,1,1,4,1,7,7,2,2,2,-1,-1
9,1,1,3,0,7,7,3,-1,-1,2,2
9,1,0,2,0,7,7,1,1,1,1,2
1,0,0,1,0,7,7,2,2,2,-1,-1
17,4,2,4,1,0,7,2,2,1,-1,-1
17,2,1,3,0,7,7,3,-1,-1,1,2
17,1,0,2,0,7,7,1,0,0,0,0
1,0,0,1,0,7,7,2,2,2,-1,-1
20,2,2,7,1,7,7,0,1,1,1,1
20,2,2,5,1,7,7,2,2,2,-1,-1
20,2,2,4,0,7,7,3,-1,-1,2,2
20,2,2,3,0,7,7,2,2,2,-1,-1
20,2,0,2,0,7,7,1,0,0,0,0
2,0,0,1,1,7,7,2,2,2,-1,-1
37,8,3,3,1,7,7,1,0,1,0,0
8,3,0,2,0,7,7,4,0,-1,-1,-1
8,3,0,2,0,0,7,3,-1,-1,1,1
8,0,0,1,0,0,7,1,1,1,1,1
12,12,0,2,1,7,7,0,0,0,0,0
4,2,2,5,1,7,7,0,1,1,1,1
2,2,2,3,1,7,7,0,1,1,1,1
2,0,0,1,1,7,7,2,2,2,-1,-1
12,0,0,1,1,7,7,1,1,1,1,1
12,10,10,3,1,7,7,1,1,0,1,1
10,10,0,2,0,7,7,4,-1,-1,2,-1
10,10,0,2,0,7,0,0,0,0,0,0
35,13,0,2,1,7,7,1,0,0,0,0
13,0,0,1,1,7,7,1,0,0,0,0
24,24,0,2,1,7,7,0,0,0,0,0
9,1,1,8,1,7,7,0,1,1,1,1
9,1,1,6,1,7,7,0,1,1,1,1
9,1,1,4,1,7,7,2,2,2,-1,-1
9,1,1,3,0,7,7,3,-1,-1,2,2
9,1,0,2,0,7,7,1,1,1,1,2
1,0,0,1,0,7,7,2,2,2,-1,-1
2,1,1,3,1,0,7,0,2,1,2,1
1,0,0,1,1,7,7,2,2,2,-1,-1
17,17,7,4,1,7,7,0,0,0,0,1
17,17,0,2,1,7,7,4,-1,-1,2,-1
17,17,0,2,1,7,0,0,0,0,0,0
3,3,1,4,1,7,7,0,1,1,1,1
1,1,0,2,1,7,7,0,1,1,1,1
6,6,6,8,1,7,7,0,1,1,1,1
6,6,6,6,1,7,7,4,-1,-1,0,-1
6,6,6,6,1,7,0,2,1,1,-1,-1
6,6,6,5,0,7,7,3,-1,-1,1,1
6,6,6,4,1,7,7,4,-1,-1,0,-1
6,6,6,4,1,7,0,2,1,1,-1,-1
6,6,6,3,0,7,7,3,-1,-1,1,2
6,6,0,2,0,7,7,4,2,-1,-1,-1
6,6,0,2,0,0,7,0,1,1,1,1
22,5,5,3,1,0,1,1,0,0,0,0
5,5,0,2,1,7,7,4,2,-1,-1,-1
5,5,0,2,1,0,7,0,1,1,1,1
4,0,0,1,1,7,7,1,1,1,1,1
12,0,0,1,1,0,7,1,1,1,1,1
24,0,0,1,1,7,7,1,0,0,0,0
24,0,0,1,1,7,7,1,0,0,0,0
2,1,1,7,1,7,7,0,1,1,1,1
1,1,1,5,1,7,7,0,1,1,1,1
1,1,1,3,1,7,7,0,1,1,1,1
1,0,0,1,1,7,7,2,2,2,-1,-1
4,4,2,6,1,7,7,0,1,1,1,1
2,2,2,4,1,7,7,0,1,1,1,1
2,2,0,2,1,7,7,0,1,1,1,1
13,4,2,8,1,7,7,0,1,1,1,1
13,1,1,6,1,7,7,0,1,1,1,1
13,1,1,4,1,7,7,2,2,2,-1,-1
13,1,1,3,0,7,7,3,-1,-1,2,2
13,1,0,2,0,7,7,1,0,0,1,0
1,0,0,1,0,7,7,3,-1,-1,2,2
16,0,0,1,1,7,7,1,0,0,0,0
12,0,0,1,1,7,7,1,1,1,1,1
6,1,1,7,1,0,1,0,2,1,2,1
6,1,1,5,1,7,7,0,1,1,1,1
6,1,1,3,1,7,7,2,2,2,-1,-1
6,1,0,2,0,7,7,0,1,1,0,2
6,2,0,2,1,0,7,0,1,1,0,2
10,7,7,7,1,7,7,2,2,2,-1,-1
10,7,7,6,0,7,7,3,-1,-1,2,2
10,7,7,5,0,7,7,2,2,2,-1,-1
10,7,7,4,0,7,7,1,1,1,1,2
7,7,2,3,0,7,7,2,2,2,-1,-1
7,7,0,2,0,7,7,0,0,0,0,0
12,0,0,1,1,7,7,1,1,1,1,1
64,0,0,1,1,7,7,1,0,0,0,0
8,8,8,4,1,7,7,0,0,0,0,1
8,8,0,2,1,7,7,4,-1,-1,2,-1
8,8,0,2,1,7,0,0,0,0,0,0
16,0,0,1,1,7,7,1,0,0,0,0
4,4,4,8,1,7,7,0,1,1,1,1
4,4,2,6,1,7,7,0,1,1,1,1
2,2,2,4,1,7,7,0,1,1,1,1
2,2,0,2,1,7,7,0,1,1,1,1
4,2,2,7,1,7,7,0,1,1,1,1
2,2,2,5,1,7,7,0,1,1,1,1
2,2,2,3,1,7,7,0,1,1,1,1
2,0,0,1,1,7,7,2,2,2,-1,-1
42,11,11,3,1,7,7,1,0,0,0,0
11,11,0,2,1,7,7,4,0,-1,-1,-1
11,11,0,2,1,0,7,0,0,0,0,0
6,6,0,2,1,7,7,0,1,1,1,1
8,8,4,4,1,7,7,2,2,2,-1,-1
8,8,4,3,0,7,7,3,-1,-1,2,0
8,8,0,2,0,7,7,4,0,-1,-1,-1
8,8,0,2,0,0,7,0,0,0,0,0
3,3,3,8,1,0,7,0,1,1,1,1
3,3,3,6,1,7,7,0,1,1,1,1
3,3,3,4,1,7,7,0,1,1,1,1
3,3,0,2,1,7,7,0,1,1,1,1
10,7,7,7,1,0,7,2,2,2,-1,-1
10,7,7,6,0,7,7,3,-1,-1,2,2
10,7,7,5,0,7,7,2,2,2,-1,-1
10,7,7,4,0,7,7,1,1,1,1,2
7,7,2,3,0,7,7,2,2,2,-1,-1
7,7,0,2,0,7,7,0,0,0,0,0
1,1,1,8,1,7,7,0,1,1,1,1
1,1,1,6,1,7,7,0,1,1,1,1
1,1,1,4,1,7,7,0,1,1,1,1
1,1,0,2,1,7,7,0,1,1,1,1
16,0,0,1,1,0,7,1,0,0,0,0
1,1,1,4,1,7,7,0,1,1,1,1
1,1,0,2,1,7,7,0,1,1,1,1
16,0,0,1,1,7,7,1,0,0,0,0
6,2,1,6,1,7,7,0,1,1,1,1
6,1,1,4,1,7,7,2,2,2,-1,-1
6,1,1,3,0,7,7,3,-1,-1,2,2
6,1,0,2,0,7,7,2,2,2,-1,-1
6,0,0,1,0,7,7,1,1,1,1,1
15,15,14,7,1,7,7,0,1,1,1,1
15,15,14,5,1,7,7,4,-1,-1,0,-1
15,15,14,5,1,7,0,2,1,1,-1,-1
15,15,14,4,0,7,0,3,-1,-1,1,2
15,15,14,3,0,7,7,4,2,-1,-1,-1
15,15,14,3,0,0,7,1,0,0,0,1
15,14,0,2,1,7,7,4,-1,-1,2,-1
15,14,0,2,1,7,0,0,0,0,0,0
13,3,0,2,1,7,7,1,0,0,1,1
3,0,0,1,0,7,7,3,-1,-1,1,1
11,5,0,2,1,0,7,1,1,1,1,1
5,0,0,1,1,7,7,1,1,1,1,1
32,32,0,2,1,7,7,0,0,0,0,0
11,11,11,6,1,7,7,0,1,0,1,1
11,11,11,4,0,7,7,4,-1,-1,2,-1
11,11,11,4,0,7,0,1,1,1,1,1
11,11,5,3,1,7,7,4,-1,-1,0,-1
11,11,5,3,1,7,0,2,1,1,-1,-1
11,11,0,2,0,7,0,0,0,0,0,0
1,1,1,4,1,0,7,0,2,1,2,1
1,1,0,2,1,7,7,0,1,1,1,1
8,0,0,1,1,0,7,1,1,1,1,1
2,1,1,7,1,7,7,0,1,1,1,1
1,1,1,5,1,7,7,0,1,1,1,1
1,1,1,3,1,7,7,0,1,1,1,1
1,0,0,1,1,7,7,2,2,2,-1,-1
8,8,8,8,1,7,7,2,1,1,-1,-1
8,8,8,7,0,7,7,3,-1,-1,1,1
8,8,8,6,1,7,7,2,1,1,-1,-1
8,8,8,5,0,7,7,3,-1,-1,1,1
8,8,8,4,1,7,7,0,0,0,0,1
8,8,0,2,1,7,7,4,-1,-1,2,-1
8,8,0,2,1,7,0,0,0,0,0,0
1,1,1,4,1,7,7,0,1,1,1,1
1,1,0,2,1,7,7,0,1,1,1,1
4,0,0,1,1,7,7,1,1,1,1,1
15,4,2,6,1,0,7,0,1,1,1,1
15,1,1,4,1,7,7,2,2,2,-1,-1
15,1,1,3,0,7,7,3,-1,-1,2,2
15,1,0,2,0,7,7,1,0,0,0,0
1,0,0,1,1,7,7,2,2,2,-1,-1
12,2,2,3,1,7,7,1,1,1,1,1
2,2,0,2,1,7,7,0,1,1,1,1
18,1,1,7,1,7,7,0,1,1,1,1
18,1,1,5,1,7,7,2,2,2,-1,-1
18,1,1,4,0,7,7,3,-1,-1,2,2
18,1,1,3,0,7,7,2,2,2,-1,-1
18,1,0,2,0,7,7,1,0,0,0,0
1,0,0,1,0,7,7,2,2,2,-1,-1
9,2,1,3,1,7,7,1,1,1,1,2
2,1,0,2,0,7,7,2,2,2,-1,-1
1,0,0,1,0,7,7,3,-1,-1,2,2
2,2,0,2,1,7,7,0,1,1,1,1
32,0,0,1,1,7,7,1,0,0,0,0
23,3,3,4,1,0,7,2,2,1,-1,-1
23,3,3,3,0,7,7,3,-1,-1,1,1
23,3,0,2,0,7,7,2,1,1,-1,-1
23,0,0,1,0,7,7,1,0,0,0,0
13,7,5,5,1,0,7,0,1,1,1,1
13,7,5,3,1,7,7,1,0,0,0,1
7,5,0,2,1,7,7,4,-1,-1,2,-1
7,5,0,2,1,7,0,0,0,0,0,0
64,0,0,1,1,7,7,1,0,0,0,0
9,1,1,8,1,7,7,0,1,1,1,1
9,1,1,6,1,7,7,0,1,1,1,1
9,1,1,4,1,7,7,2,2,2,-1,-1
9,1,1,3,0,7,7,3,-1,-1,2,2
9,1,0,2,0,7,7,1,1,1,1,2
1,0,0,1,0,7,7,2,2,2,-1,-1
35,8,3,4,1,7,7,2,2,1,-1,-1
35,8,2,3,0,7,7,3,-1,-1,1,2
35,8,0,2,0,7,7,1,0,0,0,0
8,0,0,1,1,7,7,1,1,1,1,1
4,0,0,1,1,7,7,1,1,1,1,1
49,5,5,4,1,7,7,1,0,0,0,1
5,5,5,3,0,7,7,4,0,-1,-1,-1
5,5,5,3,0,0,7,4,-1,-1,0,-1
5,5,5,3,0,0,0,1,2,2,1,1
5,5,0,2,0,7,7,2,1,1,-1,-1
5,0,0,1,0,7,7,3,-1,-1,1,1
3,1,0,2,1,7,7,0,1,1,1,1
3,3,3,6,1,7,7,0,1,1,1,1
3,1,1,4,1,7,7,0,1,1,1,1
1,1,0,2,1,7,7,0,1,1,1,1
16,0,0,1,1,7,7,1,0,0,0,0
6,1,1,7,1,7,7,0,1,1,1,1
6,1,1,5,1,7,7,0,1,1,1,1
6,1,1,3,1,7,7,2,2,2,-1,-1
6,1,0,2,0,7,7,0,1,1,0,2
13,4,2,8,1,7,7,0,1,1,1,1
13,1,1,6,1,7,7,0,1,1,1,1
13,1,1,4,1,7,7,2,2,2,-1,-1
13,1,1,3,0,7,7,3,-1,-1,2,2
13,1,0,2,0,7,7,1,0,0,1,0
1,0,0,1,0,7,7,3,-1,-1,2,2
24,24,0,2,1,7,7,0,0,0,0,0
10,1,1,7,1,0,7,0,1,1,1,1
10,1,1,5,1,7,7,2,2,2,-1,-1
10,1,1,4,0,7,7,3,-1,-1,2,2
10,1,1,3,0,7,7,2,2,1,-1,-1
10,1,0,2,0,7,7,1,1,1,1,2
1,0,0,1,0,7,7,2,2,2,-1,-1
3,1,0,2,1,7,7,0,1,1,1,1
8,8,8,4,1,7,7,0,0,0,0,1
8,8,0,2,1,7,7,4,-1,-1,2,-1
8,8,0,2,1,7,0,0,0,0,0,0
46,6,6,4,1,7,7,1,0,0,0,0
6,6,6,3,1,7,7,4,0,-1,-1,-1
6,6,6,3,1,0,7,4,-1,-1,0,-1
6,6,6,3,1,0,0,1,2,2,1,1
6,6,0,2,0,7,7,2,1,1,-1,-1
6,0,0,1,0,7,7,3,-1,-1,1,1
27,9,5,6,1,7,7,2,2,2,-1,-1
27,9,5,5,0,7,7,3,-1,-1,2,1
27,9,5,4,0,7,7,2,1,1,-1,-1
27,9,5,3,0,7,7,3,-1,-1,1,1
27,9,0,2,0,7,7,1,0,0,0,0
9,0,0,1,1,7,7,1,1,0,1,1
18,2,2,8,1,7,7,0,1,1,1,1
18,2,2,6,1,7,7,2,2,2,-1,-1
18,2,2,5,0,7,7,3,-1,-1,2,2
18,2,2,4,0,7,7,2,2,1,-1,-1
18,2,2,3,0,7,7,3,-1,-1,1,2
18,2,0,2,0,7,7,1,0,0,0,0
2,0,0,1,0,7,7,2,2,2,-1,-1
48,0,0,1,1,0,7,1,0,0,0,0
36,7,3,4,1,7,7,2,2,1,-1,-1
36,7,2,3,0,7,7,3,-1,-1,1,2
36,7,0,2,0,7,7,1,0,0,0,0
7,0,0,1,1,7,7,1,1,1,1,1
12,12,0,2,1,7,7,0,0,0,0,0
20,13,10,6,1,7,7,0,0,0,0,1
20,13,10,4,1,7,7,4,-1,-1,2,-1
20,13,10,4,1,7,0,2,2,1,-1,-1
20,13,10,3,0,7,0,3,-1,-1,0,0
20,13,0,2,0,7,7,4,0,-1,-1,-1
20,13,0,2,0,0,7,1,0,0,0,0
13,0,0,1,1,7,7,1,0,0,0,0
29,12,7,8,1,0,7,2,2,2,-1,-1
29,12,7,7,0,7,7,3,-1,-1,2,1
29,12,7,6,0,7,7,2,1,1,-1,-1
29,12,7,5,0,7,7,3,-1,-1,1,1
29,12,7,4,0,7,7,2,1,1,-1,-1
29,12,7,3,0,7,7,3,-1,-1,0,0
29,12,0,2,0,7,7,4,0,-1,-1,-1
29,12,0,2,0,0,7,1,0,0,0,0
12,0,0,1,0,7,7,1,1,1,1,1
6,3,3,7,1,0,7,0,1,1,1,1
6,3,3,5,1,7,7,0,1,1,1,1
6,3,3,3,1,7,7,0,1,1,1,1
6,0,0,1,1,7,7,1,1,1,1,1
15,9,0,2,1,7,7,1,0,0,0,0
9,0,0,1,1,7,7,1,1,0,1,1
8,8,0,2,1,7,7,0,0,0,0,0
8,3,2,6,1,7,7,0,1,1,1,1
8,1,1,4,1,7,7,2,2,2,-1,-1
8,1,1,3,0,7,7,3,-1,-1,2,2
8,1,0,2,0,7,7,2,2,2,-1,-1
8,0,0,1,0,7,7,1,1,1,1,1
21,1,1,4,1,7,7,2,2,2,-1,-1
21,1,1,3,0,7,7,3,-1,-1,2,1
21,1,0,2,0,7,7,1,0,0,0,0
1,0,0,1,0,7,7,3,-1,-1,2,2
10,8,2,5,1,0,1,2,2,2,-1,-1
10,8,2,4,0,7,1,3,-1,-1,2,1
10,8,2,3,0,7,7,1,1,0,1,1
8,2,0,2,0,7,7,2,2,2,-1,-1
8,0,0,1,0,7,7,1,1,1,1,1
1,1,1,4,1,7,7,0,1,1,1,1
1,1,0,2,1,7,7,0,1,1,1,1
7,3,3,4,1,7,7,2,2,1,-1,-1
7,3,3,3,0,7,7,3,-1,-1,1,1
7,3,0,2,0,7,7,2,1,1,-1,-1
7,0,0,1,0,7,7,1,1,1,1,1
19,11,8,8,1,7,7,2,1,1,-1,-1
19,11,8,7,0,7,7,3,-1,-1,1,1
19,11,8,6,0,7,7,2,1,1,-1,-1
19,11,8,5,0,7,7,3,-1,-1,1,1
19,11,8,4,0,7,7,2,0,0,-1,-1
19,11,7,3,0,7,7,4,-1,-1,0,-1
19,11,7,3,0,7,0,1,0,0,0,1
11,7,0,2,1,7,7,4,-1,-1,2,-1
11,7,0,2,1,7,0,1,1,1,1,1
7,0,0,1,1,7,7,1,1,1,1,1
35,8,3,4,1,7,7,2,2,1,-1,-1
35,8,2,3,0,7,7,3,-1,-1,1,2
35,8,0,2,0,7,7,1,0,0,0,0
8,0,0,1,1,7,7,1,1,1,1,1
9,2,1,3,1,0,7,1,1,1,1,2
2,1,0,2,0,7,7,2,2,2,-1,-1
1,0,0,1,0,7,7,3,-1,-1,2,2
21,6,3,4,1,0,7,2,2,2,-1,-1
21,6,3,3,0,7,7,1,0,0,0,0
6,3,0,2,0,7,7,0,1,1,1,0
32,0,0,1,1,7,7,1,0,0,0,0
32,0,0,1,1,7,7,1,0,0,0,0
2,1,1,7,1,0,7,0,2,1,2,1
1,1,1,5,1,7,7,0,1,1,1,1
1,1,1,3,1,7,7,0,1,1,1,1
1,0,0,1,1,7,7,2,2,2,-1,-1
4,2,2,3,1,7,7,0,1,1,1,1
2,0,0,1,1,7,7,2,2,2,-1,-1
64,0,0,1,1,0,7,1,0,0,0,0
10,3,2,4,1,0,7,2,2,1,-1,-1
10,2,1,3,0,7,7,3,-1,-1,1,2
10,1,0,2,0,7,7,1,1,1,1,2
1,0,0,1,0,7,7,2,2,2,-1,-1
32,0,0,1,1,0,7,1,0,0,0,0
6,6,0,2,1,0,1,0,1,1,1,1
8,0,0,1,1,7,7,1,1,1,1,1
10,3,1,5,1,0,7,2,2,2,-1,-1
10,3,1,4,0,7,7,3,-1,-1,2,1
10,3,1,3,0,7,7,2,1,1,-1,-1
10,1,0,2,0,7,7,3,-1,-1,1,2
10,0,0,1,0,7,7,1,1,0,1,1
18,2,2,4,1,7,7,2,2,2,-1,-1
18,2,2,3,0,7,7,3,-1,-1,2,1
18,2,0,2,0,7,7,1,0,0,0,0
2,0,0,1,0,7,7,2,2,2,-1,-1
3,1,0,2,1,7,7,0,1,1,1,1
17,6,3,8,1,7,7,0,1,1,1,1
17,6,1,6,1,7,7,2,2,2,-1,-1
17,6,1,5,0,7,7,3,-1,-1,2,2
17,6,1,4,0,7,7,2,2,2,-1,-1
17,6,1,3,0,7,7,1,0,0,0,0
6,1,0,2,0,7,7,2,2,2,-1,-1
6,0,0,1,1,7,7,1,1,1,1,1
44,4,4,6,1,7,7,2,1,1,-1,-1
44,4,4,5,0,7,7,3,-1,-1,1,0
44,4,4,4,0,7,7,2,1,1,-1,-1
44,4,4,3,0,7,7,3,-1,-1,1,1
44,4,0,2,0,7,7,2,1,1,-1,-1
44,0,0,1,0,7,7,1,0,0,0,0
5,2,1,7,1,0,1,0,2,1,2,1
5,1,1,5,1,7,7,0,1,1,1,1
5,1,1,3,1,7,7,2,2,2,-1,-1
5,1,0,2,0,7,7,0,1,1,0,2
20,14,14,3,1,7,7,1,0,0,0,1
14,14,0,2,1,7,7,4,-1,-1,2,-1
14,14,0,2,1,7,0,0,0,0,0,0
5,4,1,5,1,7,7,0,1,1,1,1
5,1,1,3,1,7,7,2,2,2,-1,-1
5,1,0,2,0,7,7,0,1,1,0,2
3,3,1,4,1,0,7,0,1,1,2,2
3,1,0,2,0,7,7,3,-1,-1,1,1
1,0,0,1,0,7,7,2,1,2,-1,-1
22,10,0,2,1,7,7,1,0,0,0,0
10,0,0,1,1,7,7,1,1,0,1,1
42,14,8,3,1,0,7,1,0,0,0,0
14,8,0,2,1,7,7,4,0,-1,-1,-1
14,8,0,2,1,0,7,1,0,0,0,0
8,0,0,1,1,7,7,1,1,1,1,1
1,1,1,8,1,7,7,0,1,1,1,1
1,1,1,6,1,7,7,0,1,1,1,1
1,1,1,4,1,7,7,0,1,1,1,1
1,1,0,2,1,7,7,0,1,1,1,1
4,0,0,1,1,7,7,1,1,1,1,1
19,11,8,8,1,7,7,2,1,1,-1,-1
19,11,8,7,0,7,7,3,-1,-1,1,1
19,11,8,6,0,7,7,2,1,1,-1,-1
19,11,8,5,0,7,7,3,-1,-1,1,1
19,11,8,4,0,7,7,2,0,0,-1,-1
19,11,7,3,0,7,7,4,-1,-1,0,-1
19,11,7,3,0,7,0,1,0,0,0,1
11,7,0,2,1,7,7,4,-1,-1,2,-1
11,7,0,2,1,7,0,1,1,1,1,1
7,0,0,1,1,7,7,1,1,1,1,1
36,17,11,3,1,7,7,1,0,0,0,0
17,11,0,2,1,7,7,4,0,-1,-1,-1
17,11,0,2,1,0,7,1,0,0,0,0
11,0,0,1,0,7,7,1,1,1,1,1
4,0,0,1,1,0,7,1,2,1,2,1
8,0,0,1,1,7,7,1,1,1,1,1
16,0,0,1,1,7,7,1,0,0,0,0
4,0,0,1,1,7,7,1,1,1,1,1
4,0,0,1,1,7,7,1,1,1,1,1
13,8,6,4,1,7,7,1,0,0,0,1
8,6,5,3,1,7,7,4,-1,-1,2,-1
8,6,5,3,1,7,0,1,1,1,1,1
6,5,0,2,1,7,7,0,1,1,1,1
14,6,6,4,1,7,7,1,0,0,0,1
6,6,6,3,1,7,7,4,-1,-1,2,-1
6,6,6,3,1,7,0,1,1,1,1,1
6,6,0,2,1,7,7,0,1,1,1,1
4,4,4,3,1,7,7,0,1,1,1,1
4,0,0,1,1,7,7,1,1,1,1,1
26,2,2,4,1,0,1,0,2,1,2,1
26,2,0,2,1,7,7,1,0,0,1,0
2,0,0,1,0,7,7,3,-1,-1,2,2
4,2,1,4,1,7,7,0,1,1,1,1
1,1,0,2,1,7,7,0,1,1,1,1
8,8,8,6,1,7,7,0,0,0,0,1
8,8,8,4,1,7,7,4,-1,-1,2,-1
8,8,8,4,1,7,0,1,1,1,1,1
8,8,8,3,1,7,7,1,1,1,1,1
8,8,0,2,1,7,7,0,0,0,0,0
8,8,0,2,1,7,7,0,0,0,0,0
5,1,1,4,1,0,7,2,2,2,-1,-1
5,1,1,3,0,7,7,3,-1,-1,2,2
5,1,0,2,0,7,7,2,2,2,-1,-1
5,0,0,1,0,7,7,1,1,1,1,1
12,0,0,1,1,7,7,1,1,1,1,1
33,10,5,3,1,7,7,1,0,0,0,0
10,5,0,2,0,7,7,4,0,-1,-1,-1
10,5,0,2,0,0,7,0,0,0,0,0
49,15,0,2,1,0,1,1,0,0,0,0
15,0,0,1,0,7,7,1,0,0,0,0
16,0,0,1,1,7,7,1,0,0,0,0
4,4,4,7,1,7,7,0,1,1,1,1
4,1,1,5,1,7,7,0,1,1,1,1
1,1,1,3,1,7,7,0,1,1,1,1
1,0,0,1,1,7,7,2,2,2,-1,-1
5,2,2,6,1,0,7,0,1,1,1,1
5,1,1,4,1,7,7,2,2,2,-1,-1
5,1,1,3,0,7,7,3,-1,-1,2,2
5,1,0,2,0,7,7,2,2,2,-1,-1
5,0,0,1,0,7,7,1,1,1,1,1
4,0,0,1,1,0,7,1,2,1,2,1
23,6,3,3,1,7,7,1,0,0,0,0
6,3,0,2,1,7,7,4,2,-1,-1,-1
6,3,0,2,1,0,7,0,1,1,1,0
17,16,5,5,1,7,7,0,1,1,1,1
17,16,5,3,1,7,7,4,-1,-1,0,-1
17,16,5,3,1,7,0,2,1,1,-1,-1
17,16,0,2,0,7,0,0,0,0,0,0
19,6,3,6,1,7,7,2,2,2,-1,-1
19,6,3,5,0,7,7,3,-1,-1,2,1
19,6,3,4,0,7,7,2,1,1,-1,-1
19,6,1,3,0,7,7,3,-1,-1,1,2
19,6,0,2,0,7,7,1,0,0,0,0
6,0,0,1,1,7,7,1,1,1,1,1
10,1,1,7,1,7,7,0,1,1,1,1
10,1,1,5,1,7,7,2,2,2,-1,-1
10,1,1,4,0,7,7,3,-1,-1,2,2
10,1,1,3,0,7,7,2,2,1,-1,-1
10,1,0,2,0,7,7,1,1,1,1,2
1,0,0,1,0,7,7,2,2,2,-1,-1
64,0,0,1,1,7,7,1,0,0,0,0
3,3,3,4,1,7,7,0,1,1,1,1
3,3,0,2,1,7,7,0,1,1,1,1
10,2,2,4,1,0,7,2,2,2,-1,-1
10,2,2,3,0,7,7,3,-1,-1,2,1
10,2,0,2,0,7,7,1,1,1,1,2
2,0,0,1,0,7,7,2,2,2,-1,-1
5,3,2,4,1,7,7,2,2,1,-1,-1
5,3,2,3,0,7,7,3,-1,-1,1,1
5,2,0,2,0,7,7,2,1,1,-1,-1
2,0,0,1,0,7,7,3,-1,-1,1,2
24,0,0,1,1,7,7,1,0,0,0,0
64,0,0,1,1,7,7,1,0,0,0,0
31,11,6,3,1,0,7,1,0,0,0,0
11,6,0,2,1,7,7,4,0,-1,-1,-1
11,6,0,2,1,0,7,1,1,1,1,1
6,0,0,1,1,7,7,1,1,1,1,1
64,0,0,1,1,0,7,1,0,0,0,0
10,7,7,3,1,0,1,1,1,0,1,2
7,7,0,2,0,7,7,4,-1,-1,2,-1
7,7,0,2,0,7,0,0,0,0,0,0
13,4,2,8,1,0,7,0,1,1,1,1
13,1,1,6,1,7,7,0,1,1,1,1
13,1,1,4,1,7,7,2,2,2,-1,-1
13,1,1,3,0,7,7,3,-1,-1,2,2
13,1,0,2,0,7,7,1,0,0,1,0
1,0,0,1,0,7,7,3,-1,-1,2,2
14,9,9,3,1,7,7,1,0,0,0,1
9,9,0,2,1,7,7,4,-1,-1,2,-1
9,9,0,2,1,7,0,0,0,0,0,0
2,1,1,3,1,0,7,0,2,1,2,1
1,0,0,1,1,7,7,2,2,2,-1,-1
34,7,2,8,1,7,7,2,2,2,-1,-1
34,7,1,7,0,7,7,3,-1,-1,2,2
34,7,1,6,0,7,7,2,2,2,-1,-1
34,7,1,5,0,7,7,3,-1,-1,2,2
34,7,1,4,0,7,7,2,2,2,-1,-1
34,7,1,3,0,7,7,1,0,0,0,0
7,1,0,2,0,7,7,2,2,2,-1,-1
7,0,0,1,1,7,7,1,1,1,1,1
4,0,0,1,1,7,7,1,1,1,1,1
14,2,2,6,1,7,7,0,1,1,1,1
14,2,2,4,1,7,7,2,2,2,-1,-1
14,2,2,3,0,7,7,3,-1,-1,2,2
14,2,0,2,0,7,7,1,0,0,1,0
2,0,0,1,0,7,7,3,-1,-1,2,2
4,0,0,1,1,7,7,1,1,1,1,1
64,0,0,1,1,7,7,1,0,0,0,0
3,1,0,2,1,7,7,0,1,1,1,1
6,5,5,3,1,7,7,1,1,1,1,1
5,5,0,2,1,7,7,0,1,1,1,1
42,1,1,7,1,7,7,2,2,2,-1,-1
42,1,1,6,0,7,7,3,-1,-1,2,2
42,1,1,5,0,7,7,2,2,2,-1,-1
42,1,1,4,0,7,7,3,-1,-1,2,2
42,1,1,3,0,7,7,2,2,2,-1,-1
42,1,0,2,0,7,7,1,0,0,1,0
1,0,0,1,0,7,7,3,-1,-1,2,2
4,2,2,7,1,0,7,0,1,1,2,2
2,2,2,5,0,7,7,3,-1,-1,1,2
2,2,2,4,0,7,7,0,1,1,1,1
2,2,0,2,1,7,7,0,1,1,1,1
18,1,1,7,1,7,7,0,1,1,1,1
18,1,1,5,1,7,7,2,2,2,-1,-1
18,1,1,4,0,7,7,3,-1,-1,2,2
18,1,1,3,0,7,7,2,2,2,-1,-1
18,1,0,2,0,7,7,1,0,0,0,0
1,0,0,1,0,7,7,2,2,2,-1,-1
17,9,6,3,1,0,7,1,0,0,0,1
9,6,0,2,0,7,7,4,-1,-1,2,-1
9,6,0,2,0,7,0,0,0,0,0,0
3,1,0,2,1,7,7,0,1,1,1,1
2,1,1,7,1,0,7,0,2,1,2,1
1,1,1,5,1,7,7,0,1,1,1,1
1,1,1,3,1,7,7,0,1,1,1,1
1,0,0,1,1,7,7,2,2,2,-1,-1
5,2,2,6,1,0,7,0,1,1,1,1
5,1,1,4,1,7,7,2,2,2,-1,-1
5,1,1,3,0,7,7,3,-1,-1,2,2
5,1,0,2,0,7,7,2,2,2,-1,-1
5,0,0,1,0,7,7,1,1,1,1,1
1,1,1,8,1,7,7,0,1,1,1,1
1,1,1,6,1,7,7,0,1,1,1,1
1,1,1,4,1,7,7,0,1,1,1,1
1,1,0,2,1,7,7,0,1,1,1,1
8,2,1,4,1,0,1,0,2,1,2,1
8,1,0,2,1,7,7,1,1,1,1,1
1,0,0,1,1,7,7,2,2,2,-1,-1
4,2,2,3,1,7,7,0,1,1,1,1
2,0,0,1,1,7,7,2,2,2,-1,-1
4,1,1,5,1,7,7,0,1,1,1,1
1,1,1,3,1,7,7,0,1,1,1,1
1,0,0,1,1,7,7,2,2,2,-1,-1
7,3,1,8,1,7,7,0,1,1,1,1
7,1,1,6,1,7,7,0,1,1,1,1
7,1,1,4,1,7,7,0,1,1,1,1
7,1,0,2,1,7,7,1,1,1,1,1
1,0,0,1,1,7,7,2,2,2,-1,-1
24,0,0,1,1,7,7,1,0,0,0,0
16,0,0,1,1,7,7,1,0,0,0,0
34,6,6,6,1,7,7,0,1,1,1,1
34,6,6,4,1,7,7,4,-1,-1,0,-1
34,6,6,4,1,7,0,2,1,1,-1,-1
34,6,6,3,0,7,0,3,-1,-1,1,2
34,6,0,2,0,7,7,4,2,-1,-1,-1
34,6,0,2,0,0,7,1,0,0,0,0
6,0,0,1,0,7,7,1,1,1,1,1
11,1,1,6,1,7,7,0,1,1,1,1
11,1,1,4,1,7,7,2,2,2,-1,-1
11,1,1,3,0,7,7,3,-1,-1,2,2
11,1,0,2,0,7,7,1,1,1,1,1
1,0,0,1,1,7,7,2,2,2,-1,-1
16,16,0,2,1,0,7,0,0,0,0,0
4,0,0,1,1,7,7,1,1,1,1,1
9,3,1,6,1,0,1,0,2,1,1,2
9,1,1,4,0,7,7,2,2,2,-1,-1
9,1,1,3,0,7,7,3,-1,-1,2,2
9,1,0,2,0,7,7,1,1,1,1,2
1,0,0,1,0,7,7,2,2,2,-1,-1
16,0,0,1,1,7,7,1,0,0,0,0
32,0,0,1,1,7,7,1,0,0,0,0
34,10,10,4,1,7,7,1,0,0,0,0
10,10,10,3,1,7,7,4,0,-1,-1,-1
10,10,10,3,1,0,7,4,-1,-1,0,-1
10,10,10,3,1,0,0,1,1,0,1,2
10,10,0,2,0,7,7,4,-1,-1,2,-1
10,10,0,2,0,7,0,0,0,0,0,0
48,0,0,1,1,7,7,1,0,0,0,0
32,4,4,5,1,7,7,2,2,1,-1,-1
32,4,4,4,0,7,7,3,-1,-1,1,1
32,4,4,3,0,7,7,2,1,1,-1,-1
32,4,0,2,0,7,7,3,-1,-1,1,1
32,0,0,1,0,7,7,1,0,0,0,0
50,14,0,2,1,0,7,1,0,0,0,0
14,0,0,1,0,7,7,1,0,0,0,0
48,16,0,2,1,7,7,1,0,0,0,0
16,0,0,1,1,7,7,1,0,0,0,0
6,6,0,2,1,7,7,0,1,1,1,1
10,7,7,7,1,7,7,2,2,2,-1,-1
10,7,7,6,0,7,7,3,-1,-1,2,2
10,7,7,5,0,7,7,2,2,2,-1,-1
10,7,7,4,0,7,7,1,1,1,1,2
7,7,2,3,0,7,7,2,2,2,-1,-1
7,7,0,2,0,7,7,0,0,0,0,0
24,0,0,1,1,7,7,1,0,0,0,0
5,1,1,8,1,7,7,0,1,1,1,1
5,1,1,6,1,7,7,0,1,1,1,1
5,1,1,4,1,7,7,0,1,1,1,1
5,1,0,2,1,7,7,0,1,1,0,2
3,1,1,6,1,0,1,0,2,1,2,1
3,1,1,4,1,7,7,0,1,1,1,1
1,1,0,2,1,7,7,0,1,1,1,1
8,4,2,4,1,7,7,0,1,1,1,1
8,2,0,2,1,7,7,1,1,1,1,1
2,0,0,1,1,7,7,2,2,2,-1,-1
14,6,6,4,1,7,7,1,0,0,0,1
6,6,6,3,1,7,7,4,-1,-1,2,-1
6,6,6,3,1,7,0,1,1,1,1,1
6,6,0,2,1,7,7,0,1,1,1,1
14,3,3,7,1,7,7,0,1,1,1,1
14,3,3,5,1,7,7,0,1,1,1,1
14,3,3,3,1,7,7,1,0,0,0,0
3,3,0,2,1,7,7,0,1,1,1,1
16,0,0,1,1,7,7,1,0,0,0,0
3,3,3,4,1,7,7,0,1,1,1,1
3,3,0,2,1,7,7,0,1,1,1,1
14,10,10,6,1,7,7,0,0,0,0,1
14,10,10,4,1,7,7,4,-1,-1,2,-1
14,10,10,4,1,7,0,1,0,0,0,1
10,10,10,3,1,7,7,4,-1,-1,2,-1
10,10,10,3,1,7,0,1,1,0,1,2
10,10,0,2,0,7,7,4,-1,-1,2,-1
10,10,0,2,0,7,0,0,0,0,0,0
8,8,8,8,1,7,7,0,0,0,0,1
8,8,8,6,1,7,7,4,-1,-1,2,-1
8,8,8,6,1,7,0,1,1,1,1,1
8,8,8,5,1,7,7,0,0,0,0,1
8,8,8,3,1,7,7,4,-1,-1,2,-1
8,8,8,3,1,7,0,1,1,1,1,1
8,8,0,2,1,7,7,0,0,0,0,0
2,1,1,3,1,7,7,0,1,1,1,1
1,0,0,1,1,7,7,2,2,2,-1,-1
44,12,5,4,1,0,7,0,1,1,1,2
44,12,0,2,0,7,7,4,-1,-1,0,-1
44,12,0,2,0,7,0,1,0,0,0,0
12,0,0,1,1,7,7,1,1,1,1,1
22,5,5,3,1,7,7,1,0,0,0,0
5,5,0,2,1,7,7,4,2,-1,-1,-1
5,5,0,2,1,0,7,0,1,1,1,1
16,0,0,1,1,7,7,1,0,0,0,0
48,0,0,1,1,7,7,1,0,0,0,0
27,9,5,6,1,7,7,2,2,2,-1,-1
27,9,5,5,0,7,7,3,-1,-1,2,1
27,9,5,4,0,7,7,2,1,1,-1,-1
27,9,5,3,0,7,7,3,-1,-1,1,1
27,9,0,2,0,7,7,1,0,0,0,0
9,0,0,1,1,7,7,1,1,0,1,1
25,23,0,2,1,7,7,0,0,0,0,0
24,24,0,2,1,7,7,0,0,0,0,0
17,1,1,8,1,0,1,0,2,1,2,1
17,1,1,6,1,7,7,2,2,2,-1,-1
17,1,1,5,0,7,7,3,-1,-1,2,2
17,1,1,4,0,7,7,2,2,2,-1,-1
17,1,1,3,0,7,7,3,-1,-1,2,2
17,1,0,2,0,7,7,1,0,0,0,0
1,0,0,1,0,7,7,2,2,2,-1,-1
18,4,2,3,1,7,7,1,0,0,0,0
4,2,0,2,0,7,7,2,1,1,-1,-1
2,0,0,1,0,7,7,3,-1,-1,1,2
2,1,1,3,1,7,7,0,1,1,1,1
1,0,0,1,1,7,7,2,2,2,-1,-1
48,0,0,1,1,7,7,1,0,0,0,0
64,0,0,1,1,7,7,1,0,0,0,0
32,0,0,1,1,0,7,1,0,0,0,0
4,0,0,1,1,7,7,1,1,1,1,1
34,14,0,2,1,0,7,1,0,0,0,0
14,0,0,1,0,7,7,1,0,0,0,0
14,10,10,6,1,7,7,0,0,0,0,1
14,10,10,4,1,7,7,4,-1,-1,2,-1
14,10,10,4,1,7,0,1,0,0,0,1
10,10,10,3,1,7,7,4,-1,-1,2,-1
10,10,10,3,1,7,0,1,1,0,1,2
10,10,0,2,0,7,7,4,-1,-1,2,-1
10,10,0,2,0,7,0,0,0,0,0,0
1,1,1,8,1,7,7,0,1,1,1,1
1,1,1,6,1,7,7,0,1,1,1,1
1,1,1,4,1,7,7,0,1,1,1,1
1,1,0,2,1,7,7,0,1,1,1,1
28,9,9,5,1,7,7,0,0,0,0,1
28,9,9,3,1,7,7,4,-1,-1,2,-1
28,9,9,3,1,7,0,1,0,0,0,0
9,9,0,2,1,7,7,4,2,-1,-1,-1
9,9,0,2,1,0,7,0,0,0,0,0
21,12,9,7,1,7,7,2,1,1,-1,-1
21,12,9,6,0,7,7,3,-1,-1,1,1
21,12,9,5,0,7,7,2,1,1,-1,-1
21,12,9,4,0,7,7,3,-1,-1,0,0
21,12,9,3,0,7,7,4,0,-1,-1,-1
21,12,9,3,0,0,7,1,0,0,0,0
12,9,0,2,0,7,7,0,0,0,0,0
3,3,2,7,1,7,7,0,1,1,1,1
2,1,1,5,1,7,7,0,1,1,1,1
1,1,1,3,1,7,7,0,1,1,1,1
1,0,0,1,1,7,7,2,2,2,-1,-1
39,25,0,2,1,7,7,1,0,0,0,0
25,0,0,1,1,7,7,1,0,0,0,0
6,1,1,3,1,7,7,0,1,1,1,2
1,0,0,1,0,7,7,3,-1,-1,1,2
14,10,10,6,1,7,7,0,0,0,0,1
14,10,10,4,1,7,7,4,-1,-1,2,-1
14,10,10,4,1,7,0,1,0,0,0,1
10,10,10,3,1,7,7,4,-1,-1,2,-1
10,10,10,3,1,7,0,1,1,0,1,2
10,10,0,2,0,7,7,4,-1,-1,2,-1
10,10,0,2,0,7,0,0,0,0,0,0
6,5,5,3,1,7,7,1,1,1,1,1
5,5,0,2,1,7,7,0,1,1,1,1
4,4,0,2,1,7,7,0,1,1,1,1
3,1,0,2,1,7,7,0,1,1,1,1
42,11,11,3,1,7,7,1,0,0,0,0
11,11,0,2,1,7,7,4,0,-1,-1,-1
11,11,0,2,1,0,7,0,0,0,0,0
10,6,0,2,1,7,7,0,0,0,0,0
5,4,1,5,1,7,7,0,1,1,1,1
5,1,1,3,1,7,7,2,2,2,-1,-1
5,1,0,2,0,7,7,0,1,1,0,2
9,3,1,6,1,0,7,0,1,1,1,1
9,1,1,4,1,7,7,2,2,2,-1,-1
9,1,1,3,0,7,7,3,-1,-1,2,2
9,1,0,2,0,7,7,1,1,1,1,2
1,0,0,1,0,7,7,2,2,2,-1,-1
17,4,1,5,1,0,1,0,2,0,1,2
17,1,1,3,1,7,7,4,-1,-1,2,-1
17,1,1,3,1,7,0,2,2,2,-1,-1
17,1,0,2,0,7,0,1,0,0,0,0
1,0,0,1,0,7,7,2,2,2,-1,-1
4,1,1,5,1,7,7,0,1,1,1,1
1,1,1,3,1,7,7,0,1,1,1,1
1,0,0,1,1,7,7,2,2,2,-1,-1
8,8,0,2,1,7,7,0,0,0,0,0
17,9,6,3,1,0,1,1,0,0,0,1
9,6,0,2,0,7,7,4,-1,-1,2,-1
9,6,0,2,0,7,0,0,0,0,0,0
2,2,0,2,1,7,7,0,1,1,1,1
2,1,1,7,1,7,7,0,1,1,1,1
1,1,1,5,1,7,7,0,1,1,1,1
1,1,1,3,1,7,7,0,1,1,1,1
1,0,0,1,1,7,7,2,2,2,-1,-1
8,6,6,5,1,7,7,0,1,1,1,1
8,6,6,3,1,7,7,4,-1,-1,2,-1
8,6,6,3,1,7,0,2,1,1,-1,-1
8,6,0,2,0,7,0,3,-1,-1,1,0
8,0,0,1,1,7,7,1,1,1,1,1
4,0,0,1,1,0,7,1,2,1,2,1
6,1,1,3,1,0,7,0,1,1,2,1
1,0,0,1,0,7,7,3,-1,-1,1,2
20,3,3,5,1,7,7,2,2,1,-1,-1
20,3,3,4,0,7,7,3,-1,-1,1,1
20,3,3,3,0,7,7,2,1,1,-1,-1
20,3,0,2,0,7,7,3,-1,-1,1,1
20,0,0,1,0,7,7,1,0,0,0,0
21,5,2,7,1,0,1,0,1,1,1,1
21,5,1,5,1,7,7,2,2,2,-1,-1
21,5,1,4,0,7,7,3,-1,-1,2,2
21,5,1,3,0,7,7,1,0,0,0,0
5,1,0,2,0,7,7,3,-1,-1,2,2
5,0,0,1,1,7,7,1,1,1,1,1
4,2,2,5,1,7,7,0,1,1,1,1
2,2,2,3,1,7,7,0,1,1,1,1
2,0,0,1,1,7,7,2,2,2,-1,-1
9,2,1,3,1,7,7,1,1,1,1,2
2,1,0,2,0,7,7,2,2,2,-1,-1
1,0,0,1,0,7,7,3,-1,-1,2,2
17,5,5,4,1,0,7,1,0,0,0,1
5,5,5,3,0,7,7,4,-1,-1,0,-1
5,5,5,3,0,7,0,2,1,1,-1,-1
5,5,0,2,0,7,7,0,1,1,1,1
16,15,15,6,1,7,7,0,1,0,1,1
16,15,15,4,0,7,7,4,-1,-1,2,-1
16,15,15,4,0,7,0,1,0,0,0,1
15,15,6,3,1,7,7,4,-1,-1,0,-1
15,15,6,3,1,7,0,2,1,1,-1,-1
15,15,0,2,0,7,0,0,0,0,0,0
35,8,3,4,1,7,7,2,2,1,-1,-1
35,8,2,3,0,7,7,3,-1,-1,1,2
35,8,0,2,0,7,7,1,0,0,0,0
8,0,0,1,1,7,7,1,1,1,1,1
20,12,0,2,1,7,7,1,0,0,0,0
12,0,0,1,1,7,7,1,1,1,1,1
12,0,0,1,1,7,7,1,1,1,1,1
64,0,0,1,1,0,7,1,0,0,0,0
4,2,1,8,1,7,7,0,1,1,1,1
1,1,1,6,1,7,7,0,1,1,1,1
1,1,1,4,1,7,7,0,1,1,1,1
1,1,0,2,1,7,7,0,1,1,1,1
3,1,0,2,1,7,7,0,1,1,1,1
32,8,4,6,1,7,7,2,2,2,-1,-1
32,8,4,5,0,7,7,3,-1,-1,2,2
32,8,4,4,0,7,7,2,2,2,-1,-1
32,8,4,3,0,7,7,1,0,0,0,0
8,4,0,2,1,7,7,4,0,-1,-1,-1
8,4,0,2,1,0,7,0,0,0,0,0
48,8,8,3,1,7,7,1,0,0,0,0
8,8,0,2,1,7,7,4,0,-1,-1,-1
8,8,0,2,1,0,7,0,0,0,0,0
2,2,1,6,1,7,7,0,1,1,1,1
1,1,1,4,1,7,7,0,1,1,1,1
1,1,0,2,1,7,7,0,1,1,1,1
22,9,5,8,1,7,7,2,2,2,-1,-1
22,9,5,7,0,7,7,3,-1,-1,2,2
22,9,5,6,0,7,7,2,2,2,-1,-1
22,9,5,5,0,7,7,3,-1,-1,1,2
22,9,5,4,0,7,7,2,1,1,-1,-1
22,9,4,3,0,7,7,4,-1,-1,0,-1
22,9,4,3,0,7,0,1,0,1,0,1
9,4,0,2,1,7,7,4,0,-1,-1,-1
9,4,0,2,1,0,7,4,-1,-1,0,-1
9,4,0,2,1,0,0,1,1,1,1,1
4,0,0,1,0,7,7,2,1,1,-1,-1
12,4,0,2,1,7,7,1,1,1,1,1
4,0,0,1,1,7,7,1,1,1,1,1
1,1,1,4,1,7,7,0,1,1,1,1
1,1,0,2,1,7,7,0,1,1,1,1
64,0,0,1,1,7,7,1,0,0,0,0
16,16,0,2,1,7,7,0,0,0,0,0
32,0,0,1,1,0,7,1,0,0,0,0
6,1,1,3,1,7,7,0,1,1,1,2
1,0,0,1,0,7,7,3,-1,-1,1,2
14,5,3,4,1,7,7,2,2,2,-1,-1
14,5,3,3,0,7,7,1,0,0,0,0
5,3,0,2,1,7,7,0,1,1,1,0
4,2,2,5,1,0,1,0,2,1,2,1
4,2,2,3,1,7,7,0,1,1,1,1
2,0,0,1,1,7,7,2,2,2,-1,-1
7,3,2,3,1,7,7,0,1,1,1,1
7,0,0,1,1,7,7,1,1,1,1,1
10,6,0,2,1,0,1,0,0,0,0,0
32,0,0,1,1,7,7,1,0,0,0,0
18,6,0,2,1,7,7,1,0,0,0,0
6,0,0,1,0,7,7,1,1,1,1,1
12,6,6,7,1,7,7,0,1,1,1,1
12,6,6,5,1,7,7,4,-1,-1,0,-1
12,6,6,5,1,7,0,2,1,1,-1,-1
12,6,6,4,0,7,0,3,-1,-1,1,2
12,6,6,3,0,7,7,4,2,-1,-1,-1
12,6,6,3,0,0,7,1,1,1,1,1
6,6,0,2,1,7,7,4,-1,-1,2,-1
6,6,0,2,1,7,0,2,1,1,-1,-1
6,0,0,1,0,7,7,3,-1,-1,1,0
5,4,3,3,1,7,7,0,1,1,1,1
5,0,0,1,1,7,7,1,1,1,1,1
32,0,0,1,1,7,7,1,0,0,0,0
25,14,10,5,1,0,7,0,0,0,0,1
25,14,10,3,1,7,7,4,-1,-1,2,-1
25,14,10,3,1,7,0,1,0,0,0,0
14,10,0,2,0,7,7,4,-1,-1,0,-1
14,10,0,2,0,7,0,0,0,0,0,0
9,2,1,3,1,7,7,1,1,1,1,2
2,1,0,2,0,7,7,2,2,2,-1,-1
1,0,0,1,0,7,7,3,-1,-1,2,2
8,3,1,7,1,7,7,0,1,1,1,1
8,1,1,5,1,7,7,0,1,1,1,1
8,1,1,3,1,7,7,2,2,2,-1,-1
8,1,0,2,0,7,7,1,1,1,1,1
1,0,0,1,1,7,7,2,2,2,-1,-1
12,0,0,1,1,7,7,1,1,1,1,1
5,2,1,3,1,7,7,0,1,1,1,2
1,0,0,1,0,7,7,3,-1,-1,1,2
48,0,0,1,1,7,7,1,0,0,0,0
40,2,2,5,1,7,7,2,2,2,-1,-1
40,2,2,4,0,7,7,3,-1,-1,2,2
40,2,2,3,0,7,7,2,2,2,-1,-1
40,2,0,2,0,7,7,1,0,0,0,0
2,0,0,1,1,7,7,2,2,2,-1,-1
6,6,6,8,1,0,7,0,1,1,1,1
6,6,6,6,1,7,7,4,-1,-1,0,-1
6,6,6,6,1,7,0,2,1,1,-1,-1
6,6,6,5,0,7,7,3,-1,-1,1,1
6,6,6,4,1,7,7,4,-1,-1,0,-1
6,6,6,4,1,7,0,2,1,1,-1,-1
6,6,6,3,0,7,7,3,-1,-1,1,2
6,6,0,2,0,7,7,4,2,-1,-1,-1
6,6,0,2,0,0,7,0,1,1,1,1
16,8,0,2,1,7,7,1,0,0,0,0
8,0,0,1,1,7,7,1,1,1,1,1
20,12,9,4,1,7,7,1,0,0,0,1
12,9,7,3,1,7,7,4,-1,-1,2,-1
12,9,7,3,1,7,0,1,1,1,1,1
9,7,0,2,1,7,7,4,-1,-1,0,-1
9,7,0,2,1,7,0,2,0,0,-1,-1
7,0,0,1,0,7,7,3,-1,-1,2,0
2,1,1,3,1,7,7,0,1,1,1,1
1,0,0,1,1,7,7,2,2,2,-1,-1
12,0,0,1,1,7,7,1,1,1,1,1
12,12,0,2,1,7,7,0,0,0,0,0
6,2,1,6,1,7,7,0,1,1,1,1
6,1,1,4,1,7,7,2,2,2,-1,-1
6,1,1,3,0,7,7,3,-1,-1,2,2
6,1,0,2,0,7,7,2,2,2,-1,-1
6,0,0,1,0,7,7,1,1,1,1,1
9,5,5,4,1,7,7,1,1,0,1,2
5,5,5,3,0,7,7,4,-1,-1,2,-1
5,5,5,3,0,7,0,1,1,1,1,1
5,5,0,2,1,7,7,0,1,1,1,1
8,0,0,1,1,7,7,1,1,1,1,1
32,32,0,2,1,7,7,0,0,0,0,0
28,12,12,4,1,7,7,1,0,1,0,1
12,12,12,3,1,7,7,4,0,-1,-1,-1
12,12,12,3,1,0,7,4,-1,-1,0,-1
12,12,12,3,1,0,0,1,1,1,1,1
12,12,0,2,1,7,7,4,-1,-1,0,-1
12,12,0,2,1,7,0,2,0,0,-1,-1
12,0,0,1,0,7,7,3,-1,-1,0,2
17,16,5,5,1,7,7,0,1,1,1,1
17,16,5,3,1,7,7,4,-1,-1,0,-1
17,16,5,3,1,7,0,2,1,1,-1,-1
17,16,0,2,0,7,0,0,0,0,0,0
45,19,0,2,1,7,7,1,0,0,0,0
19,0,0,1,0,7,7,1,0,0,0,0
48,0,0,1,1,7,7,1,0,0,0,0
4,0,0,1,1,7,7,1,1,1,1,1
41,1,1,8,1,7,7,2,2,2,-1,-1
41,1,1,7,0,7,7,3,-1,-1,2,2
41,1,1,6,0,7,7,2,2,2,-1,-1
41,1,1,5,0,7,7,3,-1,-1,2,2
41,1,1,4,0,7,7,2,2,2,-1,-1
41,1,1,3,0,7,7,3,-1,-1,2,2
41,1,0,2,0,7,7,1,0,0,0,0
1,0,0,1,0,7,7,3,-1,-1,2,2
34,5,5,7,1,7,7,0,1,1,1,1
34,5,5,5,1,7,7,4,-1,-1,0,-1
34,5,5,5,1,7,0,2,1,1,-1,-1
34,5,5,4,0,7,0,3,-1,-1,1,2
34,5,5,3,0,7,7,4,2,-1,-1,-1
34,5,5,3,0,0,7,1,0,0,0,0
5,5,0,2,0,7,7,4,0,-1,-1,-1
5,5,0,2,0,0,7,0,1,1,1,1
12,0,0,1,1,7,7,1,1,1,1,1
1,1,1,4,1,7,7,0,1,1,1,1
1,1,0,2,1,7,7,0,1,1,1,1
12,1,1,5,1,7,7,2,2,2,-1,-1
12,1,1,4,0,7,7,3,-1,-1,2,2
12,1,1,3,0,7,7,2,2,2,-1,-1
12,1,0,2,0,7,7,1,1,1,1,1
1,0,0,1,1,7,7,2,2,2,-1,-1
3,1,0,2,1,7,7,0,1,1,1,1
24,0,0,1,1,7,7,1,0,0,0,0
8,0,0,1,1,7,7,1,1,1,1,1
4,1,1,5,1,7,7,0,1,1,1,1
1,1,1,3,1,7,7,0,1,1,1,1
1,0,0,1,1,7,7,2,2,2,-1,-1
4,0,0,1,1,7,7,1,1,1,1,1
11,7,6,3,1,7,7,1,1,0,1,1
7,6,0,2,0,7,7,4,-1,-1,2,-1
7,6,0,2,0,7,0,0,0,0,0,0
17,16,5,5,1,7,7,0,1,1,1,1
17,16,5,3,1,7,7,4,-1,-1,0,-1
17,16,5,3,1,7,0,2,1,1,-1,-1
17,16,0,2,0,7,0,0,0,0,0,0
9,3,1,6,1,0,7,0,1,1,1,1
9,1,1,4,1,7,7,2,2,2,-1,-1
9,1,1,3,0,7,7,3,-1,-1,2,2
9,1,0,2,0,7,7,1,1,1,1,2
1,0,0,1,0,7,7,2,2,2,-1,-1
37,9,9,4,1,7,7,1,0,1,0,0
9,9,9,3,0,7,7,4,0,-1,-1,-1
9,9,9,3,0,0,7,4,-1,-1,0,-1
9,9,9,3,0,0,0,1,1,0,1,2
9,9,0,2,0,7,7,4,-1,-1,2,-1
9,9,0,2,0,7,0,0,0,0,0,0
1,1,1,8,1,7,7,0,1,1,1,1
1,1,1,6,1,7,7,0,1,1,1,1
1,1,1,4,1,7,7,0,1,1,1,1
1,1,0,2,1,7,7,0,1,1,1,1
24,20,20,3,1,7,7,1,0,0,0,0
20,20,0,2,1,7,7,4,2,-1,-1,-1
20,20,0,2,1,0,7,0,0,0,0,0
12,12,12,4,1,7,7,1,1,0,1,1
12,12,12,3,0,7,7,4,-1,-1,2,-1
12,12,12,3,0,7,0,1,1,1,1,1
12,12,0,2,1,7,7,4,-1,-1,0,-1
12,12,0,2,1,7,0,2,0,0,-1,-1
12,0,0,1,0,7,7,3,-1,-1,0,2
3,3,3,8,1,0,7,0,1,1,2,2
3,3,3,6,0,7,7,3,-1,-1,1,2
3,3,3,5,0,7,7,0,1,1,1,1
3,1,1,3,1,7,7,0,1,1,1,1
1,0,0,1,1,7,7,2,2,2,-1,-1
12,0,0,1,1,7,7,1,1,1,1,1
4,0,0,1,1,7,7,1,1,1,1,1
12,0,0,1,1,7,7,1,1,1,1,1
24,8,0,2,1,0,7,1,0,0,0,0
8,0,0,1,1,7,7,1,1,1,1,1
10,5,3,6,1,7,7,2,2,2,-1,-1
10,5,3,5,0,7,7,3,-1,-1,2,2
10,5,3,4,0,7,7,2,2,1,-1,-1
10,5,3,3,0,7,7,1,1,0,1,1
5,3,0,2,0,7,7,0,1,1,1,0
8,0,0,1,1,7,7,1,1,1,1,1
17,7,0,2,1,7,7,1,0,0,0,0
7,0,0,1,0,7,7,1,1,1,1,1
16,0,0,1,1,7,7,1,0,0,0,0
24,0,0,1,1,0,7,1,0,0,0,0
1,1,1,8,1,7,7,0,1,1,1,1
1,1,1,6,1,7,7,0,1,1,1,1
1,1,1,4,1,7,7,0,1,1,1,1
1,1,0,2,1,7,7,0,1,1,1,1
19,13,0,2,1,7,7,1,0,0,0,0
13,0,0,1,1,7,7,1,0,0,0,0
7,3,2,3,1,7,7,0,1,1,1,1
7,0,0,1,1,7,7,1,1,1,1,1
34,7,7,3,1,7,7,1,0,0,0,0
7,7,0,2,0,7,7,4,0,-1,-1,-1
7,7,0,2,0,0,7,0,0,0,0,0
6,6,6,6,1,7,7,2,2,2,-1,-1
6,6,6,5,0,7,7,3,-1,-1,2,2
6,6,6,4,0,7,7,0,1,1,1,1
6,2,0,2,1,7,7,4,-1,-1,0,-1
6,2,0,2,1,7,0,2,1,1,-1,-1
2,0,0,1,0,7,7,3,-1,-1,2,1
12,11,3,5,1,7,7,2,2,1,-1,-1
12,11,3,4,0,7,7,3,-1,-1,1,2
12,11,3,3,0,7,7,2,1,1,-1,-1
12,11,0,2,0,7,7,0,0,0,0,0
7,3,2,3,1,0,7,0,1,1,1,1
7,0,0,1,1,7,7,1,1,1,1,1
8,0,0,1,1,7,7,1,1,1,1,1
8,0,0,1,1,7,7,1,1,1,1,1
18,6,3,6,1,0,7,2,2,2,-1,-1
18,6,3,5,0,7,7,3,-1,-1,2,1
18,6,3,4,0,7,7,2,1,1,-1,-1
18,6,1,3,0,7,7,3,-1,-1,1,2
18,6,0,2,0,7,7,1,0,0,0,0
6,0,0,1,0,7,7,1,1,1,1,1
8,2,1,4,1,0,7,2,2,2,-1,-1
8,1,1,3,0,7,7,3,-1,-1,2,2
8,1,0,2,0,7,7,2,2,2,-1,-1
8,0,0,1,0,7,7,1,1,1,1,1
26,22,0,2,1,7,7,0,0,0,0,0
4,2,1,4,1,7,7,0,1,1,1,1
1,1,0,2,1,7,7,0,1,1,1,1
64,0,0,1,1,7,7,1,0,0,0,0
17,9,6,3,1,0,7,1,0,0,0,1
9,6,0,2,0,7,7,4,-1,-1,2,-1
9,6,0,2,0,7,0,0,0,0,0,0
4,4,4,4,1,7,7,0,1,1,1,1
4,4,0,2,1,7,7,0,1,1,1,1
6,1,1,7,1,0,7,0,1,1,1,1
6,1,1,5,1,7,7,0,1,1,1,1
6,1,1,3,1,7,7,2,2,2,-1,-1
6,1,0,2,0,7,7,0,1,1,0,2
4,0,0,1,1,7,7,1,1,1,1,1
2,2,2,6,1,7,7,0,1,1,1,1
2,2,2,4,1,7,7,0,1,1,1,1
2,2,0,2,1,7,7,0,1,1,1,1
1,1,1,4,1,7,7,0,1,1,1,1
1,1,0,2,1,7,7,0,1,1,1,1
7,2,1,5,1,0,7,0,1,1,1,1
7,1,1,3,1,7,7,2,2,2,-1,-1
7,1,0,2,0,7,7,1,1,1,1,1
1,0,0,1,1,7,7,2,2,2,-1,-1
12,12,0,2,1,7,7,0,0,0,0,0
4,4,4,3,1,0,1,1,2,1,2,1
4,4,0,2,1,7,7,0,1,1,1,1
16,2,2,5,1,7,7,2,2,2,-1,-1
16,2,2,4,0,7,7,3,-1,-1,2,2
16,2,2,3,0,7,7,2,2,2,-1,-1
16,2,0,2,0,7,7,1,0,0,0,0
2,0,0,1,1,7,7,2,2,2,-1,-1
8,0,0,1,1,7,7,1,1,1,1,1
10,1,1,7,1,7,7,0,1,1,1,1
10,1,1,5,1,7,7,2,2,2,-1,-1
10,1,1,4,0,7,7,3,-1,-1,2,2
10,1,1,3,0,7,7,2,2,1,-1,-1
10,1,0,2,0,7,7,1,1,1,1,2
1,0,0,1,0,7,7,2,2,2,-1,-1
1,1,1,8,1,0,1,0,2,1,2,1
1,1,1,6,1,7,7,0,1,1,1,1
1,1,1,4,1,7,7,0,1,1,1,1
1,1,0,2,1,7,7,0,1,1,1,1
12,0,0,1,1,0,7,1,1,1,1,1
12,12,0,2,1,7,7,0,0,0,0,0
32,0,0,1,1,7,7,1,0,0,0,0
16,0,0,1,1,7,7,1,0,0,0,0
16,0,0,1,1,7,7,1,0,0,0,0
64,0,0,1,1,7,7,1,0,0,0,0
2,1,1,3,1,0,7,0,2,1,2,1
1,0,0,1,1,7,7,2,2,2,-1,-1
26,1,1,7,1,7,7,2,2,2,-1,-1
26,1,1,6,0,7,7,3,-1,-1,2,2
26,1,1,5,0,7,7,2,2,2,-1,-1
26,1,1,4,0,7,7,3,-1,-1,2,2
26,1,1,3,0,7,7,2,2,2,-1,-1
26,1,0,2,0,7,7,1,0,0,1,0
1,0,0,1,0,7,7,3,-1,-1,2,2
34,14,0,2,1,7,7,1,0,0,0,0
14,0,0,1,0,7,7,1,0,0,0,0
41,1,1,8,1,7,7,2,2,2,-1,-1
41,1,1,7,0,7,7,3,-1,-1,2,2
41,1,1,6,0,7,7,2,2,2,-1,-1
41,1,1,5,0,7,7,3,-1,-1,2,2
41,1,1,4,0,7,7,2,2,2,-1,-1
41,1,1,3,0,7,7,3,-1,-1,2,2
41,1,0,2,0,7,7,1,0,0,0,0
1,0,0,1,0,7,7,3,-1,-1,2,2
5,1,1,8,1,7,7,0,1,1,1,1
5,1,1,6,1,7,7,0,1,1,1,1
5,1,1,4,1,7,7,0,1,1,1,1
5,1,0,2,1,7,7,0,1,1,0,2
6,6,2,4,1,7,7,0,1,1,1,1
6,6,0,2,1,7,7,0,1,1,1,1
5,2,2,6,1,7,7,0,1,1,1,1
5,1,1,4,1,7,7,2,2,2,-1,-1
5,1,1,3,0,7,7,3,-1,-1,2,2
5,1,0,2,0,7,7,2,2,2,-1,-1
5,0,0,1,0,7,7,1,1,1,1,1
48,0,0,1,1,0,7,1,0,0,0,0
16,0,0,1,1,0,7,1,0,0,0,0
3,1,0,2,1,7,7,0,1,1,1,1
1,1,1,8,1,7,7,0,1,1,1,1
1,1,1,6,1,7,7,0,1,1,1,1
1,1,1,4,1,7,7,0,1,1,1,1
1,1,0,2,1,7,7,0,1,1,1,1
8,8,8,3,1,7,7,1,1,1,1,1
8,8,0,2,1,7,7,0,0,0,0,0
6,2,0,2,1,7,7,0,1,1,0,2
10,2,2,8,1,7,7,0,1,1,1,1
10,2,2,6,1,7,7,0,1,1,1,1
10,2,2,4,1,7,7,2,2,2,-1,-1
10,2,2,3,0,7,7,3,-1,-1,2,2
10,2,0,2,0,7,7,1,1,1,1,2
2,0,0,1,0,7,7,2,2,2,-1,-1
64,0,0,1,1,0,7,1,0,0,0,0
4,2,1,8,1,7,7,0,1,1,1,1
1,1,1,6,1,7,7,0,1,1,1,1
1,1,1,4,1,7,7,0,1,1,1,1
1,1,0,2,1,7,7,0,1,1,1,1
2,1,1,7,1,7,7,0,1,1,1,1
1,1,1,5,1,7,7,0,1,1,1,1
1,1,1,3,1,7,7,0,1,1,1,1
1,0,0,1,1,7,7,2,2,2,-1,-1
2,2,0,2,1,7,7,0,1,1,1,1
6,3,3,7,1,0,7,0,1,1,1,1
6,3,3,5,1,7,7,0,1,1,1,1
6,3,3,3,1,7,7,0,1,1,1,1
6,0,0,1,1,7,7,1,1,1,1,1
4,4,4,7,1,7,7,0,1,1,1,1
4,1,1,5,1,7,7,0,1,1,1,1
1,1,1,3,1,7,7,0,1,1,1,1
1,0,0,1,1,7,7,2,2,2,-1,-1
50,2,2,8,1,0,7,2,2,2,-1,-1
50,2,2,7,0,7,7,3,-1,-1,2,2
50,2,2,6,0,7,7,2,2,2,-1,-1
50,2,2,5,0,7,7,3,-1,-1,2,2
50,2,2,4,0,7,7,2,2,2,-1,-1
50,2,2,3,0,7,7,3,-1,-1,2,2
50,2,0,2,0,7,7,1,0,0,0,0
2,0,0,1,0,7,7,2,2,2,-1,-1
6,1,1,3,1,0,1,0,2,1,2,1
6,0,0,1,1,7,7,1,1,1,1,1
7,3,2,7,1,0,7,0,1,1,1,1
7,1,1,5,1,7,7,0,1,1,1,1
7,1,1,3,1,7,7,2,2,2,-1,-1
7,1,0,2,0,7,7,1,1,1,1,1
1,0,0,1,1,7,7,2,2,2,-1,-1
39,25,0,2,1,7,7,1,0,0,0,0
25,0,0,1,1,7,7,1,0,0,0,0
5,3,2,4,1,0,7,2,2,1,-1,-1
5,3,2,3,0,7,7,3,-1,-1,1,1
5,2,0,2,0,7,7,2,1,1,-1,-1
2,0,0,1,0,7,7,3,-1,-1,1,2
32,0,0,1,1,7,7,1,0,0,0,0
16,0,0,1,1,0,7,1,0,0,0,0
8,8,8,3,1,7,7,1,1,1,1,1
8,8,0,2,1,7,7,0,0,0,0,0
38,10,0,2,1,0,7,1,0,0,0,0
10,0,0,1,1,7,7,1,1,0,1,1
16,4,4,3,1,7,7,1,0,0,0,0
4,4,0,2,1,7,7,0,1,1,1,1
8,6,6,5,1,7,7,0,1,1,1,1
8,6,6,3,1,7,7,4,-1,-1,2,-1
8,6,6,3,1,7,0,2,1,1,-1,-1
8,6,0,2,0,7,0,3,-1,-1,1,0
8,0,0,1,1,7,7,1,1,1,1,1
50,2,2,8,1,0,7,2,2,2,-1,-1
50,2,2,7,0,7,7,3,-1,-1,2,2
50,2,2,6,0,7,7,2,2,2,-1,-1
50,2,2,5,0,7,7,3,-1,-1,2,2
50,2,2,4,0,7,7,2,2,2,-1,-1
50,2,2,3,0,7,7,3,-1,-1,2,2
50,2,0,2,0,7,7,1,0,0,0,0
2,0,0,1,0,7,7,2,2,2,-1,-1
48,0,0,1,1,7,7,1,0,0,0,0
7,1,1,6,1,7,7,0,1,1,1,1
7,1,1,4,1,7,7,2,2,2,-1,-1
7,1,1,3,0,7,7,3,-1,-1,2,2
7,1,0,2,0,7,7,2,2,2,-1,-1
7,0,0,1,0,7,7,1,1,1,1,1
12,0,0,1,1,0,7,1,1,1,1,1
2,1,1,7,1,0,7,0,2,1,2,1
1,1,1,5,1,7,7,0,1,1,1,1
1,1,1,3,1,7,7,0,1,1,1,1
1,0,0,1,1,7,7,2,2,2,-1,-1
32,32,0,2,1,7,7,0,0,0,0,0
4,2,2,7,1,7,7,0,1,1,1,1
2,1,1,5,1,7,7,0,1,1,1,1
1,1,1,3,1,7,7,0,1,1,1,1
1,0,0,1,1,7,7,2,2,2,-1,-1
2,1,1,3,1,7,7,0,1,1,1,1
1,0,0,1,1,7,7,2,2,2,-1,-1
15,9,0,2,1,0,1,1,0,0,0,0
9,0,0,1,1,7,7,1,1,0,1,1
27,9,5,6,1,7,7,2,2,2,-1,-1
27,9,5,5,0,7,7,3,-1,-1,2,1
27,9,5,4,0,7,7,2,1,1,-1,-1
27,9,5,3,0,7,7,3,-1,-1,1,1
27,9,0,2,0,7,7,1,0,0,0,0
9,0,0,1,1,7,7,1,1,0,1,1
4,2,1,8,1,7,7,0,1,1,1,1
1,1,1,6,1,7,7,0,1,1,1,1
1,1,1,4,1,7,7,0,1,1,1,1
1,1,0,2,1,7,7,0,1,1,1,1
30,8,4,7,1,0,7,2,2,2,-1,-1
30,8,4,6,0,7,7,3,-1,-1,2,2
30,8,4,5,0,7,7,2,2,2,-1,-1
30,8,4,4,0,7,7,3,-1,-1,2,2
30,8,4,3,0,7,7,1,0,0,0,1
8,4,0,2,0,7,7,4,-1,-1,0,-1
8,4,0,2,0,7,0,2,1,1,-1,-1
8,0,0,1,0,7,0,1,1,1,1,1
6,2,0,2,1,7,7,0,1,1,0,2
1,1,1,4,1,7,7,0,1,1,1,1
1,1,0,2,1,7,7,0,1,1,1,1
64,0,0,1,1,7,7,1,0,0,0,0
10,9,9,7,1,0,7,1,1,0,1,2
9,9,9,6,0,7,7,4,-1,-1,2,-1
9,9,9,6,0,7,0,1,1,0,1,2
9,9,9,5,0,7,7,4,-1,-1,2,-1
9,9,9,5,0,7,0,1,1,0,1,2
9,9,9,4,0,7,7,4,-1,-1,2,-1
9,9,9,4,0,7,0,1,1,0,1,2
9,9,9,3,0,7,7,4,-1,-1,2,-1
9,9,9,3,0,7,0,1,1,0,1,2
9,9,0,2,0,7,7,4,-1,-1,2,-1
9,9,0,2,0,7,0,0,0,0,0,0
20,5,2,8,1,0,7,0,1,1,1,1
20,5,1,6,1,7,7,2,2,2,-1,-1
20,5,1,5,0,7,7,3,-1,-1,2,2
20,5,1,4,0,7,7,2,2,2,-1,-1
20,5,1,3,0,7,7,1,0,0,0,0
5,1,0,2,1,7,7,0,1,1,0,2
17,5,5,4,1,7,7,1,0,0,0,1
5,5,5,3,0,7,7,4,-1,-1,0,-1
5,5,5,3,0,7,0,2,1,1,-1,-1
5,5,0,2,0,7,7,0,1,1,1,1
12,12,12,4,1,0,7,1,1,1,1,1
12,12,12,3,1,7,7,4,-1,-1,0,-1
12,12,12,3,1,7,0,2,0,0,-1,-1
12,12,0,2,0,7,7,3,-1,-1,0,2
12,0,0,1,0,7,7,1,1,1,1,1
4,0,0,1,1,7,7,1,1,1,1,1
19,6,3,6,1,0,7,2,2,2,-1,-1
19,6,3,5,0,7,7,3,-1,-1,2,1
19,6,3,4,0,7,7,2,1,1,-1,-1
19,6,1,3,0,7,7,3,-1,-1,1,2
19,6,0,2,0,7,7,1,0,0,0,0
6,0,0,1,1,7,7,1,1,1,1,1
27,7,7,4,1,7,7,1,0,1,0,1
7,7,7,3,1,7,7,4,0,-1,-1,-1
7,7,7,3,1,0,7,4,-1,-1,0,-1
7,7,7,3,1,0,0,1,1,1,1,0
7,7,0,2,0,7,7,2,0,0,-1,-1
7,0,0,1,0,7,7,3,-1,-1,0,0
48,0,0,1,1,0,7,1,0,0,0,0
3,3,2,7,1,7,7,0,1,1,1,1
2,1,1,5,1,7,7,0,1,1,1,1
1,1,1,3,1,7,7,0,1,1,1,1
1,0,0,1,1,7,7,2,2,2,-1,-1
9,7,0,2,1,7,7,0,0,0,0,0
17,16,5,5,1,7,7,0,1,1,1,1
17,16,5,3,1,7,7,4,-1,-1,0,-1
17,16,5,3,1,7,0,2,1,1,-1,-1
17,16,0,2,0,7,0,0,0,0,0,0
8,8,0,2,1,0,7,0,0,0,0,0
12,0,0,1,1,7,7,1,1,1,1,1
48,0,0,1,1,0,7,1,0,0,0,0
25,5,2,3,1,7,7,1,0,0,0,0
5,2,0,2,0,7,7,3,-1,-1,2,2
5,0,0,1,1,7,7,1,1,1,1,1
4,4,4,7,1,7,7,0,1,1,1,1
4,1,1,5,1,7,7,0,1,1,1,1
1,1,1,3,1,7,7,0,1,1,1,1
1,0,0,1,1,7,7,2,2,2,-1,-1
6,1,1,3,1,7,7,0,1,1,1,2
1,0,0,1,0,7,7,3,-1,-1,1,2
32,32,0,2,1,7,7,0,0,0,0,0
6,6,0,2,1,7,7,0,1,1,1,1
29,19,0,2,1,7,7,1,0,0,0,0
19,0,0,1,0,7,7,1,0,0,0,0
5,1,1,4,1,7,7,2,2,2,-1,-1
5,1,1,3,0,7,7,3,-1,-1,2,2
5,1,0,2,0,7,7,2,2,2,-1,-1
5,0,0,1,0,7,7,1,1,1,1,1
30,19,15,3,1,7,7,1,0,0,0,0
19,15,0,2,0,7,7,4,0,-1,-1,-1
19,15,0,2,0,0,7,1,0,0,0,0
15,0,0,1,1,7,7,1,0,0,0,0
4,0,0,1,1,7,7,1,1,1,1,1
2,2,0,2,1,7,7,0,1,1,1,1
4,0,0,1,1,7,7,1,1,1,1,1
2,2,2,4,1,7,7,0,1,1,1,1
2,2,0,2,1,7,7,0,1,1,1,1
5,2,1,3,1,7,7,0,1,1,1,2
1,0,0,1,0,7,7,3,-1,-1,1,2
17,1,1,8,1,0,7,0,1,1,1,1
17,1,1,6,1,7,7,2,2,2,-1,-1
17,1,1,5,0,7,7,3,-1,-1,2,2
17,1,1,4,0,7,7,2,2,1,-1,-1
17,1,1,3,0,7,7,3,-1,-1,1,2
17,1,0,2,0,7,7,1,0,0,0,0
1,0,0,1,0,7,7,2,2,2,-1,-1
18,4,2,3,1,7,7,1,0,0,0,0
4,2,0,2,0,7,7,2,1,1,-1,-1
2,0,0,1,0,7,7,3,-1,-1,1,2
4,1,1,5,1,7,7,0,1,1,1,1
1,1,1,3,1,7,7,0,1,1,1,1
1,0,0,1,1,7,7,2,2,2,-1,-1
15,15,14,7,1,0,7,0,1,1,1,1
15,15,14,5,1,7,7,4,-1,-1,0,-1
15,15,14,5,1,7,0,2,1,1,-1,-1
15,15,14,4,0,7,0,3,-1,-1,1,2
15,15,14,3,0,7,7,4,2,-1,-1,-1
15,15,14,3,0,0,7,1,0,0,0,1
15,14,0,2,1,7,7,4,-1,-1,2,-1
15,14,0,2,1,7,0,0,0,0,0,0
17,15,0,2,1,7,7,0,0,0,0,0
1,1,1,8,1,7,7,0,1,1,1,1
1,1,1,6,1,7,7,0,1,1,1,1
1,1,1,4,1,7,7,0,1,1,1,1
1,1,0,2,1,7,7,0,1,1,1,1
36,3,3,5,1,7,7,2,2,1,-1,-1
36,3,3,4,0,7,7,3,-1,-1,1,1
36,3,3,3,0,7,7,2,1,1,-1,-1
36,3,0,2,0,7,7,3,-1,-1,1,1
36,0,0,1,0,7,7,1,0,0,0,0
4,0,0,1,1,7,7,1,1,1,1,1
11,5,0,2,1,7,7,1,1,1,1,1
5,0,0,1,1,7,7,1,1,1,1,1
8,0,0,1,1,7,7,1,1,1,1,1
16,15,15,6,1,7,7,0,1,0,1,1
16,15,15,4,0,7,7,4,-1,-1,2,-1
16,15,15,4,0,7,0,1,0,0,0,1
15,15,6,3,1,7,7,4,-1,-1,0,-1
15,15,6,3,1,7,0,2,1,1,-1,-1
15,15,0,2,0,7,0,0,0,0,0,0
12,4,4,4,1,7,7,2,2,1,-1,-1
12,4,4,3,0,7,7,3,-1,-1,1,1
12,4,0,2,0,7,7,2,1,1,-1,-1
12,0,0,1,0,7,7,1,1,1,1,1
2,1,1,7,1,7,7,0,1,1,1,1
1,1,1,5,1,7,7,0,1,1,1,1
1,1,1,3,1,7,7,0,1,1,1,1
1,0,0,1,1,7,7,2,2,2,-1,-1
16,0,0,1,1,0,7,1,0,0,0,0
6,3,3,7,1,0,7,0,1,1,1,1
6,3,3,5,1,7,7,0,1,1,1,1
6,3,3,3,1,7,7,0,1,1,1,1
6,0,0,1,1,7,7,1,1,1,1,1
8,6,5,7,1,7,7,0,1,1,1,1
8,6,5,5,1,7,7,0,1,1,1,1
8,6,5,3,1,7,7,1,1,1,1,1
6,5,0,2,1,7,7,0,1,1,1,1
1,1,1,4,1,0,7,0,2,1,2,1
1,1,0,2,1,7,7,0,1,1,1,1
2,1,1,3,1,7,7,0,1,1,1,1
1,0,0,1,1,7,7,2,2,2,-1,-1
12,5,3,5,1,7,7,2,2,2,-1,-1
12,5,3,4,0,7,7,3,-1,-1,2,1
12,5,3,3,0,7,7,2,1,1,-1,-1
12,5,0,2,0,7,7,3,-1,-1,1,1
12,0,0,1,0,7,7,1,1,1,1,1
18,2,2,8,1,0,1,0,2,1,2,1
18,2,2,6,1,7,7,2,2,2,-1,-1
18,2,2,5,0,7,7,3,-1,-1,2,2
18,2,2,4,0,7,7,2,2,2,-1,-1
18,2,2,3,0,7,7,3,-1,-1,2,2
18,2,0,2,0,7,7,1,0,0,0,0
2,0,0,1,0,7,7,2,2,2,-1,-1
8,0,0,1,1,7,7,1,1,1,1,1
16,0,0,1,1,7,7,1,0,0,0,0
10,6,4,7,1,7,7,0,1,1,1,1
10,6,3,5,1,7,7,2,2,1,-1,-1
10,6,3,4,0,7,7,3,-1,-1,1,1
10,6,3,3,0,7,7,2,1,1,-1,-1
10,3,0,2,0,7,7,3,-1,-1,1,1
10,0,0,1,0,7,7,1,1,0,1,1
4,0,0,1,1,7,7,1,1,1,1,1
19,5,0,2,1,0,7,1,0,0,0,0
5,0,0,1,1,7,7,1,1,1,1,1
6,3,3,3,1,7,7,0,1,1,1,1
6,0,0,1,1,7,7,1,1,1,1,1
34,2,2,8,1,7,7,2,2,2,-1,-1
34,2,2,7,0,7,7,3,-1,-1,2,2
34,2,2,6,0,7,7,2,2,2,-1,-1
34,2,2,5,0,7,7,3,-1,-1,2,2
34,2,2,4,0,7,7,2,2,2,-1,-1
34,2,2,3,0,7,7,3,-1,-1,2,2
34,2,0,2,0,7,7,1,0,0,0,0
2,0,0,1,0,7,7,2,2,2,-1,-1
64,0,0,1,1,7,7,1,0,0,0,0
16,16,16,4,1,7,7,1,0,0,0,1
16,16,16,3,1,7,7,4,-1,-1,2,-1
16,16,16,3,1,7,0,1,0,0,0,1
16,16,0,2,1,7,7,4,-1,-1,2,-1
16,16,0,2,1,7,0,0,0,0,0,0
3,1,1,6,1,7,7,0,1,1,1,1
1,1,1,4,1,7,7,0,1,1,1,1
1,1,0,2,1,7,7,0,1,1,1,1
8,0,0,1,1,7,7,1,1,1,1,1
3,1,0,2,1,0,7,0,1,1,1,1
11,11,5,4,1,7,7,0,1,0,1,1
11,11,0,2,0,7,7,4,-1,-1,2,-1
11,11,0,2,0,7,0,0,0,0,0,0
44,10,10,3,1,7,7,1,0,0,0,0
10,10,0,2,1,7,7,4,0,-1,-1,-1
10,10,0,2,1,0,7,0,0,0,0,0
8,3,2,6,1,7,7,0,1,1,1,1
8,1,1,4,1,7,7,2,2,2,-1,-1
8,1,1,3,0,7,7,3,-1,-1,2,2
8,1,0,2,0,7,7,2,2,2,-1,-1
8,0,0,1,0,7,7,1,1,1,1,1
10,6,0,2,1,7,7,0,0,0,0,0
4,2,2,3,1,7,7,0,1,1,1,1
2,0,0,1,1,7,7,2,2,2,-1,-1
1,1,1,4,1,0,7,0,2,1,2,1
1,1,0,2,1,7,7,0,1,1,1,1
24,0,0,1,1,7,7,1,0,0,0,0
12,12,12,4,1,0,7,1,1,1,1,1
12,12,12,3,1,7,7,4,-1,-1,0,-1
12,12,12,3,1,7,0,2,0,0,-1,-1
12,12,0,2,0,7,7,3,-1,-1,0,2
12,0,0,1,0,7,7,1,1,1,1,1
1,1,1,4,1,0,1,0,2,1,2,1
1,1,0,2,1,7,7,0,1,1,1,1
7,4,2,5,1,7,7,0,1,1,1,1
7,2,1,3,1,7,7,2,2,2,-1,-1
7,1,0,2,0,7,7,1,1,1,1,1
1,0,0,1,1,7,7,2,2,2,-1,-1
10,9,9,7,1,7,7,1,1,0,1,2
9,9,9,6,0,7,7,4,-1,-1,2,-1
9,9,9,6,0,7,0,1,1,0,1,2
9,9,9,5,0,7,7,4,-1,-1,2,-1
9,9,9,5,0,7,0,1,1,0,1,2
9,9,9,4,0,7,7,4,-1,-1,2,-1
9,9,9,4,0,7,0,1,1,0,1,2
9,9,9,3,0,7,7,4,-1,-1,2,-1
9,9,9,3,0,7,0,1,1,0,1,2
9,9,0,2,0,7,7,4,-1,-1,2,-1
9,9,0,2,0,7,0,0,0,0,0,0
10,6,0,2,1,7,7,0,0,0,0,0
6,6,6,4,1,7,7,0,1,1,1,1
6,6,0,2,1,7,7,4,-1,-1,0,-1
6,6,0,2,1,7,0,2,1,1,-1,-1
6,0,0,1,0,7,7,3,-1,-1,1,2
6,3,2,7,1,7,7,0,1,1,1,1
6,2,1,5,1,7,7,0,1,1,1,1
6,1,1,3,1,7,7,2,2,2,-1,-1
6,1,0,2,0,7,7,0,1,1,0,2
12,2,2,3,1,7,7,1,1,1,1,1
2,2,0,2,1,7,7,0,1,1,1,1
12,3,3,5,1,0,7,0,1,1,1,1
12,3,3,3,1,7,7,1,1,1,1,1
3,3,0,2,1,7,7,0,1,1,1,1
8,5,3,3,1,7,7,1,1,1,1,1
5,3,0,2,1,7,7,0,1,1,1,0
64,0,0,1,1,0,7,1,0,0,0,0
32,0,0,1,1,7,7,1,0,0,0,0
4,0,0,1,1,7,7,1,1,1,1,1
2,2,2,8,1,7,7,0,1,1,1,1
2,2,2,6,1,7,7,0,1,1,1,1
2,2,2,4,1,7,7,0,1,1,1,1
2,2,0,2,1,7,7,0,1,1,1,1
12,4,4,4,1,7,7,2,2,1,-1,-1
12,4,4,3,0,7,7,3,-1,-1,1,1
12,4,0,2,0,7,7,2,1,1,-1,-1
12,0,0,1,0,7,7,1,1,1,1,1
3,2,1,5,1,7,7,0,1,1,1,1
1,1,1,3,1,7,7,0,1,1,1,1
1,0,0,1,1,7,7,2,2,2,-1,-1
64,0,0,1,1,7,7,1,0,0,0,0
22,14,11,5,1,7,7,0,0,0,0,1
22,14,11,3,0,7,7,4,-1,-1,0,-1
22,14,11,3,0,7,0,1,0,0,0,0
14,11,0,2,1,7,7,4,2,-1,-1,-1
14,11,0,2,1,0,7,0,0,0,0,0
4,4,4,8,1,7,7,0,1,1,1,1
4,4,4,6,1,7,7,0,1,1,1,1
4,4,4,4,1,7,7,0,1,1,1,1
4,4,0,2,1,7,7,0,1,1,1,1
21,9,9,4,1,0,7,1,0,1,0,0
9,9,9,3,0,7,7,4,0,-1,-1,-1
9,9,9,3,0,0,7,4,-1,-1,0,-1
9,9,9,3,0,0,0,1,1,0,1,2
9,9,0,2,0,7,7,4,-1,-1,2,-1
9,9,0,2,0,7,0,0,0,0,0,0
8,3,1,7,1,7,7,0,1,1,1,1
8,1,1,5,1,7,7,0,1,1,1,1
8,1,1,3,1,7,7,2,2,2,-1,-1
8,1,0,2,0,7,7,1,1,1,1,1
1,0,0,1,1,7,7,2,2,2,-1,-1
3,2,1,5,1,0,7,0,1,1,2,2
1,1,1,3,0,7,7,3,-1,-1,1,2
1,1,0,2,0,7,7,0,1,1,1,1
6,6,6,6,1,0,1,2,2,2,-1,-1
6,6,6,5,0,7,1,3,-1,-1,2,2
6,6,6,4,0,7,7,0,1,1,1,1
6,2,0,2,1,7,7,4,-1,-1,0,-1
6,2,0,2,1,7,0,2,1,1,-1,-1
2,0,0,1,0,7,7,3,-1,-1,2,1
15,5,2,5,1,7,7,2,2,2,-1,-1
15,5,1,4,0,7,7,3,-1,-1,2,2
15,5,1,3,0,7,7,2,2,2,-1,-1
15,5,0,2,0,7,7,1,0,0,0,0
5,0,0,1,1,7,7,1,1,1,1,1
2,2,1,7,1,7,7,0,1,1,1,1
1,1,1,5,1,7,7,0,1,1,1,1
1,1,1,3,1,7,7,0,1,1,1,1
1,0,0,1,1,7,7,2,2,2,-1,-1
8,0,0,1,1,0,7,1,1,1,1,1
8,1,1,5,1,7,7,0,1,1,1,1
8,1,1,3,1,7,7,2,2,2,-1,-1
8,1,0,2,0,7,7,1,1,1,1,1
1,0,0,1,1,7,7,2,2,2,-1,-1
17,7,0,2,1,7,7,1,0,0,0,0
7,0,0,1,0,7,7,1,1,1,1,1
3,1,0,2,1,7,7,0,1,1,1,1
24,0,0,1,1,7,7,1,0,0,0,0
14,6,4,3,1,7,7,1,0,0,0,1
6,4,0,2,1,7,7,4,-1,-1,2,-1
6,4,0,2,1,7,0,0,1,0,1,1
24,0,0,1,1,7,7,1,0,0,0,0
3,2,1,5,1,7,7,0,1,1,1,1
1,1,1,3,1,7,7,0,1,1,1,1
1,0,0,1,1,7,7,2,2,2,-1,-1
34,7,3,7,1,7,7,2,1,1,-1,-1
34,7,1,6,0,7,7,3,-1,-1,1,1
34,7,1,5,1,7,7,2,2,2,-1,-1
34,7,1,4,0,7,7,3,-1,-1,2,2
34,7,1,3,0,7,7,2,2,2,-1,-1
34,7,0,2,0,7,7,1,0,0,0,0
7,0,0,1,0,7,7,1,1,1,1,1
16,4,4,3,1,7,7,1,0,0,0,0
4,4,0,2,1,7,7,0,1,1,1,1
7,3,1,4,1,7,7,0,1,1,1,1
7,1,0,2,1,7,7,1,1,1,1,1
1,0,0,1,1,7,7,2,2,2,-1,-1
20,4,0,2,1,0,7,1,0,0,0,0
4,0,0,1,1,7,7,1,1,1,1,1
12,6,6,7,1,0,7,0,1,1,1,1
12,6,6,5,1,7,7,4,-1,-1,0,-1
12,6,6,5,1,7,0,2,1,1,-1,-1
12,6,6,4,0,7,0,3,-1,-1,1,2
12,6,6,3,0,7,7,4,2,-1,-1,-1
12,6,6,3,0,0,7,1,1,1,1,1
6,6,0,2,1,7,7,4,-1,-1,2,-1
6,6,0,2,1,7,0,2,1,1,-1,-1
6,0,0,1,0,7,7,3,-1,-1,1,0
16,6,3,8,1,0,1,0,1,1,1,1
16,6,2,6,1,7,7,2,2,2,-1,-1
16,6,1,5,0,7,7,3,-1,-1,2,2
16,6,1,4,0,7,7,2,2,1,-1,-1
16,6,1,3,0,7,7,1,0,0,0,1
6,1,0,2,1,7,7,4,-1,-1,2,-1
6,1,0,2,1,7,0,0,0,2,1,1
4,0,0,1,1,0,7,1,2,1,2,1
5,4,1,5,1,7,7,0,1,1,1,1
5,1,1,3,1,7,7,2,2,2,-1,-1
5,1,0,2,0,7,7,0,1,1,0,2
24,0,0,1,1,0,7,1,0,0,0,0
48,0,0,1,1,0,7,1,0,0,0,0
8,0,0,1,1,7,7,1,1,1,1,1
4,1,1,5,1,7,7,0,1,1,1,1
1,1,1,3,1,7,7,0,1,1,1,1
1,0,0,1,1,7,7,2,2,2,-1,-1
2,2,0,2,1,0,7,0,2,1,2,1
9,4,3,3,1,7,7,1,1,0,1,1
4,3,0,2,0,7,7,0,1,1,1,1
8,8,0,2,1,7,7,0,0,0,0,0
5,3,0,2,1,7,7,0,1,1,1,0
10,9,9,7,1,7,7,1,1,0,1,2
9,9,9,6,0,7,7,4,-1,-1,2,-1
9,9,9,6,0,7,0,1,1,0,1,2
9,9,9,5,0,7,7,4,-1,-1,2,-1
9,9,9,5,0,7,0,1,1,0,1,2
9,9,9,4,0,7,7,4,-1,-1,2,-1
9,9,9,4,0,7,0,1,1,0,1,2
9,9,9,3,0,7,7,4,-1,-1,2,-1
9,9,9,3,0,7,0,1,1,0,1,2
9,9,0,2,0,7,7,4,-1,-1,2,-1
9,9,0,2,0,7,0,0,0,0,0,0
48,0,0,1,1,7,7,1,0,0,0,0
4,4,4,8,1,7,7,0,1,1,1,1
4,4,2,6,1,7,7,0,1,1,1,1
2,2,2,4,1,7,7,0,1,1,1,1
2,2,0,2,1,7,7,0,1,1,1,1
12,0,0,1,1,7,7,1,1,1,1,1
6,3,2,8,1,7,7,0,1,1,1,1
6,1,1,6,1,7,7,0,1,1,1,1
6,1,1,4,1,7,7,0,1,1,1,1
6,1,0,2,1,7,7,0,1,1,0,2
34,6,6,6,1,7,7,0,1,1,1,1
34,6,6,4,1,7,7,4,-1,-1,0,-1
34,6,6,4,1,7,0,2,1,1,-1,-1
34,6,6,3,0,7,0,3,-1,-1,1,2
34,6,0,2,0,7,7,4,2,-1,-1,-1
34,6,0,2,0,0,7,1,0,0,0,0
6,0,0,1,0,7,7,1,1,1,1,1
12,6,6,7,1,7,7,0,1,1,1,1
12,6,6,5,1,7,7,4,-1,-1,0,-1
12,6,6,5,1,7,0,2,1,1,-1,-1
12,6,6,4,0,7,0,3,-1,-1,1,2
12,6,6,3,0,7,7,4,2,-1,-1,-1
12,6,6,3,0,0,7,1,1,1,1,1
6,6,0,2,1,7,7,4,-1,-1,2,-1
6,6,0,2,1,7,0,2,1,1,-1,-1
6,0,0,1,0,7,7,3,-1,-1,1,0
2,1,1,7,1,7,7,0,1,1,1,1
1,1,1,5,1,7,7,0,1,1,1,1
1,1,1,3,1,7,7,0,1,1,1,1
1,0,0,1,1,7,7,2,2,2,-1,-1
64,0,0,1,1,7,7,1,0,0,0,0
46,9,3,8,1,7,7,2,2,2,-1,-1
46,9,3,7,0,7,7,3,-1,-1,2,2
46,9,3,6,0,7,7,2,2,2,-1,-1
46,9,3,5,0,7,7,3,-1,-1,2,1
46,9,3,4,0,7,7,2,1,1,-1,-1
46,9,1,3,0,7,7,3,-1,-1,1,2
46,9,0,2,0,7,7,1,0,0,0,0
9,0,0,1,0,7,7,1,1,0,1,1
4,4,2,6,1,0,7,0,1,1,2,2
4,2,2,4,0,7,7,3,-1,-1,1,2
4,2,2,3,0,7,7,0,1,1,1,1
2,0,0,1,1,7,7,2,2,2,-1,-1
9,2,1,3,1,7,7,1,1,1,1,2
2,1,0,2,0,7,7,2,2,2,-1,-1
1,0,0,1,0,7,7,3,-1,-1,2,2
5,4,1,5,1,7,7,0,1,1,1,1
5,1,1,3,1,7,7,2,2,2,-1,-1
5,1,0,2,0,7,7,0,1,1,0,2
1,1,1,8,1,7,7,0,1,1,1,1
1,1,1,6,1,7,7,0,1,1,1,1
1,1,1,4,1,7,7,0,1,1,1,1
1,1,0,2,1,7,7,0,1,1,1,1
16,4,4,3,1,7,7,1,0,0,0,0
4,4,0,2,1,7,7,0,1,1,1,1
24,24,0,2,1,7,7,0,0,0,0,0
6,2,0,2,1,7,7,0,1,1,0,2
11,5,0,2,1,7,7,1,1,1,1,1
5,0,0,1,1,7,7,1,1,1,1,1
48,0,0,1,1,7,7,1,0,0,0,0
12,12,0,2,1,7,7,0,0,0,0,0
32,0,0,1,1,7,7,1,0,0,0,0
10,9,9,7,1,7,7,1,1,0,1,2
9,9,9,6,0,7,7,4,-1,-1,2,-1
9,9,9,6,0,7,0,1,1,0,1,2
9,9,9,5,0,7,7,4,-1,-1,2,-1
9,9,9,5,0,7,0,1,1,0,1,2
9,9,9,4,0,7,7,4,-1,-1,2,-1
9,9,9,4,0,7,0,1,1,0,1,2
9,9,9,3,0,7,7,4,-1,-1,2,-1
9,9,9,3,0,7,0,1,1,0,1,2
9,9,0,2,0,7,7,4,-1,-1,2,-1
9,9,0,2,0,7,0,0,0,0,0,0
10,4,3,8,1,7,7,0,1,1,1,1
10,2,2,6,1,7,7,0,1,1,1,1
10,1,1,4,1,7,7,2,2,2,-1,-1
10,1,1,3,0,7,7,3,-1,-1,2,2
10,1,0,2,0,7,7,1,1,1,1,2
1,0,0,1,0,7,7,2,2,2,-1,-1
3,3,2,7,1,7,7,0,1,1,1,1
2,1,1,5,1,7,7,0,1,1,1,1
1,1,1,3,1,7,7,0,1,1,1,1
1,0,0,1,1,7,7,2,2,2,-1,-1
4,0,0,1,1,7,7,1,1,1,1,1
38,10,0,2,1,0,7,1,0,0,0,0
10,0,0,1,1,7,7,1,1,0,1,1
9,1,1,8,1,7,7,0,1,1,1,1
9,1,1,6,1,7,7,0,1,1,1,1
9,1,1,4,1,7,7,2,2,2,-1,-1
9,1,1,3,0,7,7,3,-1,-1,2,2
9,1,0,2,0,7,7,1,1,1,1,2
1,0,0,1,0,7,7,2,2,2,-1,-1
52,2,2,7,1,7,7,2,2,2,-1,-1
52,2,2,6,0,7,7,3,-1,-1,2,2
52,2,2,5,0,7,7,2,2,2,-1,-1
52,2,2,4,0,7,7,3,-1,-1,2,2
52,2,2,3,0,7,7,2,2,2,-1,-1
52,2,0,2,0,7,7,1,0,0,0,0
2,0,0,1,1,7,7,2,2,2,-1,-1
12,12,0,2,1,7,7,0,0,0,0,0
32,0,0,1,1,7,7,1,0,0,0,0
22,10,0,2,1,7,7,1,0,0,0,0
10,0,0,1,1,7,7,1,1,0,1,1
3,3,1,4,1,7,7,0,1,1,1,1
1,1,0,2,1,7,7,0,1,1,1,1
4,0,0,1,1,7,7,1,1,1,1,1
4,0,0,1,1,7,7,1,1,1,1,1
9,1,1,4,1,7,7,2,2,2,-1,-1
9,1,1,3,0,7,7,3,-1,-1,2,1
9,1,0,2,0,7,7,1,1,1,1,2
1,0,0,1,0,7,7,2,2,2,-1,-1
45,19,0,2,1,7,7,1,0,0,0,0
19,0,0,1,0,7,7,1,0,0,0,0
2,1,1,7,1,7,7,0,1,1,1,1
1,1,1,5,1,7,7,0,1,1,1,1
1,1,1,3,1,7,7,0,1,1,1,1
1,0,0,1,1,7,7,2,2,2,-1,-1
31,19,14,3,1,7,7,1,0,0,0,0
19,14,0,2,1,7,7,4,0,-1,-1,-1
19,14,0,2,1,0,7,1,0,0,0,0
14,0,0,1,1,7,7,1,0,0,0,0
8,3,2,6,1,7,7,0,1,1,1,1
8,1,1,4,1,7,7,2,2,2,-1,-1
8,1,1,3,0,7,7,3,-1,-1,2,2
8,1,0,2,0,7,7,2,2,2,-1,-1
8,0,0,1,0,7,7,1,1,1,1,1
4,0,0,1,1,7,7,1,1,1,1,1
48,0,0,1,1,0,7,1,0,0,0,0
6,1,1,7,1,7,7,0,1,1,1,1
6,1,1,5,1,7,7,0,1,1,1,1
6,1,1,3,1,7,7,2,2,2,-1,-1
6,1,0,2,0,7,7,0,1,1,0,2
2,2,1,6,1,7,7,0,1,1,1,1
1,1,1,4,1,7,7,0,1,1,1,1
1,1,0,2,1,7,7,0,1,1,1,1
9,7,0,2,1,7,7,0,0,0,0,0
16,0,0,1,1,7,7,1,0,0,0,0
4,2,2,5,1,7,7,0,1,1,1,1
2,2,2,3,1,7,7,0,1,1,1,1
2,0,0,1,1,7,7,2,2,2,-1,-1
4,3,3,5,1,0,1,0,1,1,1,1
3,3,3,3,1,7,7,0,1,1,1,1
3,0,0,1,1,7,7,1,1,1,1,1
4,4,0,2,1,7,7,0,1,1,1,1
17,7,5,4,1,7,7,1,0,0,0,0
7,5,3,3,0,7,7,2,1,1,-1,-1
7,5,0,2,0,7,7,0,0,0,0,0
12,4,4,4,1,7,7,2,2,1,-1,-1
12,4,4,3,0,7,7,3,-1,-1,1,1
12,4,0,2,0,7,7,2,1,1,-1,-1
12,0,0,1,0,7,7,1,1,1,1,1
20,2,2,7,1,7,7,0,1,1,1,1
20,2,2,5,1,7,7,2,2,2,-1,-1
20,2,2,4,0,7,7,3,-1,-1,2,2
20,2,2,3,0,7,7,2,2,2,-1,-1
20,2,0,2,0,7,7,1,0,0,0,0
2,0,0,1,1,7,7,2,2,2,-1,-1
12,2,2,3,1,7,7,1,1,1,1,1
2,2,0,2,1,7,7,0,1,1,1,1
13,3,0,2,1,7,7,1,0,0,1,1
3,0,0,1,0,7,7,3,-1,-1,1,1
9,1,1,8,1,7,7,0,1,1,1,1
9,1,1,6,1,7,7,0,1,1,1,1
9,1,1,4,1,7,7,2,2,2,-1,-1
9,1,1,3,0,7,7,3,-1,-1,2,2
9,1,0,2,0,7,7,1,1,1,1,2
1,0,0,1,0,7,7,2,2,2,-1,-1
64,0,0,1,1,7,7,1,0,0,0,0
2,1,1,3,1,0,1,0,2,1,2,1
1,0,0,1,1,7,7,2,2,2,-1,-1
1,1,1,4,1,7,7,0,1,1,1,1
1,1,0,2,1,7,7,0,1,1,1,1
6,1,1,7,1,7,7,0,1,1,1,1
6,1,1,5,1,7,7,0,1,1,1,1
6,1,1,3,1,7,7,2,2,2,-1,-1
6,1,0,2,0,7,7,0,1,1,0,2
32,0,0,1,1,7,7,1,0,0,0,0
16,0,0,1,1,0,7,1,0,0,0,0
4,0,0,1,1,7,7,1,1,1,1,1
40,4,4,7,1,7,7,2,1,1,-1,-1
40,4,4,6,0,7,7,3,-1,-1,1,1
40,4,4,5,1,7,7,2,2,1,-1,-1
40,4,4,4,0,7,7,3,-1,-1,1,1
40,4,4,3,0,7,7,2,1,1,-1,-1
40,4,0,2,0,7,7,3,-1,-1,1,1
40,0,0,1,0,7,7,1,0,0,0,0
41,1,1,8,1,7,7,2,2,2,-1,-1
41,1,1,7,0,7,7,3,-1,-1,2,2
41,1,1,6,0,7,7,2,2,2,-1,-1
41,1,1,5,0,7,7,3,-1,-1,2,2
41,1,1,4,0,7,7,2,2,2,-1,-1
41,1,1,3,0,7,7,3,-1,-1,2,2
41,1,0,2,0,7,7,1,0,0,0,0
1,0,0,1,0,7,7,3,-1,-1,2,2
8,4,4,5,1,7,7,0,1,1,1,1
8,4,4,3,1,7,7,0,1,1,1,1
8,0,0,1,1,7,7,1,1,1,1,1
9,3,3,6,1,7,7,0,1,1,1,1
9,3,3,4,1,7,7,2,2,1,-1,-1
9,3,3,3,0,7,7,3,-1,-1,1,1
9,3,0,2,0,7,7,2,1,1,-1,-1
9,0,0,1,0,7,7,1,1,0,1,1
10,8,2,5,1,7,7,2,2,2,-1,-1
10,8,2,4,0,7,7,3,-1,-1,2,1
10,8,2,3,0,7,7,1,1,0,1,1
8,2,0,2,0,7,7,2,2,2,-1,-1
8,0,0,1,0,7,7,1,1,1,1,1
6,6,6,6,1,7,7,2,2,2,-1,-1
6,6,6,5,0,7,7,3,-1,-1,2,2
6,6,6,4,0,7,7,0,1,1,1,1
6,2,0,2,1,7,7,4,-1,-1,0,-1
6,2,0,2,1,7,0,2,1,1,-1,-1
2,0,0,1,0,7,7,3,-1,-1,2,1
64,0,0,1,1,7,7,1,0,0,0,0
4,2,2,7,1,7,7,0,1,1,1,1
2,2,2,5,1,7,7,0,1,1,1,1
2,2,2,3,1,7,7,0,1,1,1,1
2,0,0,1,1,7,7,2,2,2,-1,-1
22,10,0,2,1,7,7,1,0,0,0,0
10,0,0,1,1,7,7,1,1,0,1,1
34,18,12,3,1,7,7,1,0,0,0,0
18,12,0,2,0,7,7,4,0,-1,-1,-1
18,12,0,2,0,0,7,1,0,0,0,0
12,0,0,1,0,7,7,1,1,1,1,1
8,0,0,1,1,0,7,1,1,1,1,1
32,0,0,1,1,7,7,1,0,0,0,0
2,1,1,3,1,7,7,0,1,1,1,1
1,0,0,1,1,7,7,2,2,2,-1,-1
5,3,0,2,1,7,7,0,1,1,1,0
11,1,1,6,1,0,7,0,1,1,1,1
11,1,1,4,1,7,7,2,2,2,-1,-1
11,1,1,3,0,7,7,3,-1,-1,2,2
11,1,0,2,0,7,7,1,1,1,1,1
1,0,0,1,1,7,7,2,2,2,-1,-1
12,9,9,5,1,7,7,1,1,0,1,1
9,9,9,4,0,7,7,4,-1,-1,2,-1
9,9,9,4,0,7,0,1,1,0,1,2
9,9,9,3,0,7,7,4,-1,-1,2,-1
9,9,9,3,0,7,0,1,1,0,1,2
9,9,0,2,0,7,7,4,-1,-1,2,-1
9,9,0,2,0,7,0,0,0,0,0,0
32,0,0,1,1,7,7,1,0,0,0,0
24,0,0,1,1,7,7,1,0,0,0,0
12,0,0,1,1,7,7,1,1,1,1,1
21,6,3,4,1,7,7,2,2,2,-1,-1
21,6,3,3,0,7,7,1,0,0,0,0
6,3,0,2,0,7,7,0,1,1,1,0
8,0,0,1,1,7,7,1,1,1,1,1
34,14,0,2,1,7,7,1,0,0,0,0
14,0,0,1,0,7,7,1,0,0,0,0
23,12,8,8,1,7,7,2,1,1,-1,-1
23,12,8,7,0,7,7,3,-1,-1,1,1
23,12,8,6,1,7,7,2,1,1,-1,-1
23,12,8,5,0,7,7,3,-1,-1,1,1
23,12,8,4,0,7,7,2,1,1,-1,-1
23,12,8,3,0,7,7,3,-1,-1,0,0
23,12,0,2,0,7,7,1,0,0,0,0
12,0,0,1,1,7,7,1,1,1,1,1
11,11,5,4,1,7,7,0,1,0,1,1
11,11,0,2,0,7,7,4,-1,-1,2,-1
11,11,0,2,0,7,0,0,0,0,0,0
29,7,7,6,1,7,7,0,0,0,0,1
29,7,7,4,1,7,7,4,-1,-1,2,-1
29,7,7,4,1,7,0,1,0,0,0,1
7,7,7,3,0,7,7,4,0,-1,-1,-1
7,7,7,3,0,0,7,4,-1,-1,0,-1
7,7,7,3,0,0,0,1,1,1,1,0
7,7,0,2,0,7,7,2,0,0,-1,-1
7,0,0,1,0,7,7,3,-1,-1,0,0
8,8,8,6,1,7,7,0,0,0,0,1
8,8,8,4,1,7,7,4,-1,-1,2,-1
8,8,8,4,1,7,0,1,1,1,1,1
8,8,8,3,1,7,7,1,1,1,1,1
8,8,0,2,1,7,7,0,0,0,0,0
37,14,8,4,1,7,7,1,0,1,0,0
14,8,5,3,0,7,7,4,0,-1,-1,-1
14,8,5,3,0,0,7,4,-1,-1,0,-1
14,8,5,3,0,0,0,1,0,0,0,1
8,5,0,2,1,7,7,4,-1,-1,2,-1
8,5,0,2,1,7,0,0,0,0,0,0
10,1,1,7,1,7,7,0,1,1,1,1
10,1,1,5,1,7,7,2,2,2,-1,-1
10,1,1,4,0,7,7,3,-1,-1,2,2
10,1,1,3,0,7,7,2,2,1,-1,-1
10,1,0,2,0,7,7,1,1,1,1,2
1,0,0,1,0,7,7,2,2,2,-1,-1
7,5,5,6,1,0,1,0,1,1,1,1
7,5,5,4,1,7,7,4,-1,-1,0,-1
7,5,5,4,1,7,0,2,1,1,-1,-1
7,5,5,3,0,7,0,3,-1,-1,1,2
7,5,0,2,0,7,7,4,2,-1,-1,-1
7,5,0,2,0,0,7,0,0,0,0,0
5,1,1,8,1,7,7,0,1,1,1,1
5,1,1,6,1,7,7,0,1,1,1,1
5,1,1,4,1,7,7,0,1,1,1,1
5,1,0,2,1,7,7,0,1,1,0,2
2,2,0,2,1,7,7,0,1,1,1,1
32,32,0,2,1,7,7,0,0,0,0,0
4,0,0,1,1,7,7,1,1,1,1,1
23,9,5,7,1,7,7,2,2,2,-1,-1
23,9,5,6,0,7,7,3,-1,-1,2,1
23,9,5,5,0,7,7,2,1,2,-1,-1
23,9,5,4,0,7,7,3,-1,-1,1,1
23,9,5,3,0,7,7,4,0,-1,-1,-1
23,9,5,3,0,0,7,1,0,0,0,0
9,5,0,2,1,7,7,4,2,-1,-1,-1
9,5,0,2,1,0,7,0,0,0,0,0
20,4,0,2,1,7,7,1,0,0,0,0
4,0,0,1,1,7,7,1,1,1,1,1
8,0,0,1,1,7,7,1,1,1,1,1
27,3,3,8,1,0,7,0,1,1,1,1
27,3,3,6,1,7,7,2,1,1,-1,-1
27,3,3,5,0,7,7,3,-1,-1,1,0
27,3,3,4,0,7,7,2,1,1,-1,-1
27,3,3,3,0,7,7,3,-1,-1,1,1
27,3,0,2,0,7,7,2,1,1,-1,-1
27,0,0,1,0,7,7,1,0,0,0,0
6,6,0,2,1,7,7,0,1,1,1,1
16,6,3,8,1,7,7,0,1,1,1,1
16,6,2,6,1,7,7,2,2,2,-1,-1
16,6,1,5,0,7,7,3,-1,-1,2,2
16,6,1,4,0,7,7,2,2,1,-1,-1
16,6,1,3,0,7,7,1,0,0,0,1
6,1,0,2,1,7,7,4,-1,-1,2,-1
6,1,0,2,1,7,0,0,0,2,1,1
5,4,3,5,1,0,7,0,1,1,1,1
5,2,2,3,1,7,7,2,2,2,-1,-1
5,2,0,2,0,7,7,0,1,1,0,2
12,6,4,7,1,7,7,0,1,1,1,1
12,6,3,5,1,7,7,2,2,2,-1,-1
12,6,3,4,0,7,7,3,-1,-1,2,1
12,6,3,3,0,7,7,1,1,1,1,1
6,3,0,2,1,7,7,0,1,1,1,0
10,1,1,7,1,7,7,0,1,1,1,1
10,1,1,5,1,7,7,2,2,2,-1,-1
10,1,1,4,0,7,7,3,-1,-1,2,2
10,1,1,3,0,7,7,2,2,1,-1,-1
10,1,0,2,0,7,7,1,1,1,1,2
1,0,0,1,0,7,7,2,2,2,-1,-1
8,6,6,5,1,7,7,0,1,1,1,1
8,6,6,3,1,7,7,4,-1,-1,2,-1
8,6,6,3,1,7,0,2,1,1,-1,-1
8,6,0,2,0,7,0,3,-1,-1,1,0
8,0,0,1,1,7,7,1,1,1,1,1
22,12,8,8,1,7,7,2,1,1,-1,-1
22,12,8,7,0,7,7,3,-1,-1,1,1
22,12,8,6,1,7,7,2,1,1,-1,-1
22,12,8,5,0,7,7,3,-1,-1,1,1
22,12,8,4,0,7,7,2,1,1,-1,-1
22,12,8,3,0,7,7,3,-1,-1,0,0
22,12,0,2,0,7,7,1,0,0,0,0
12,0,0,1,1,7,7,1,1,1,1,1
5,1,1,4,1,7,7,2,2,2,-1,-1
5,1,1,3,0,7,7,3,-1,-1,2,2
5,1,0,2,0,7,7,2,2,2,-1,-1
5,0,0,1,0,7,7,1,1,1,1,1
12,0,0,1,1,7,7,1,1,1,1,1
64,0,0,1,1,0,7,1,0,0,0,0
44,10,10,3,1,7,7,1,0,0,0,0
10,10,0,2,1,7,7,4,0,-1,-1,-1
10,10,0,2,1,0,7,0,0,0,0,0
1,1,1,8,1,0,7,0,2,1,2,1
1,1,1,6,1,7,7,0,1,1,1,1
1,1,1,4,1,7,7,0,1,1,1,1
1,1,0,2,1,7,7,0,1,1,1,1
8,0,0,1,1,7,7,1,1,1,1,1
5,1,1,4,1,7,7,2,2,2,-1,-1
5,1,1,3,0,7,7,3,-1,-1,2,2
5,1,0,2,0,7,7,2,2,2,-1,-1
5,0,0,1,0,7,7,1,1,1,1,1
33,31,0,2,1,7,7,0,0,0,0,0
3,1,1,6,1,7,7,0,1,1,1,1
1,1,1,4,1,7,7,0,1,1,1,1
1,1,0,2,1,7,7,0,1,1,1,1
2,2,0,2,1,0,7,0,2,1,2,1
9,3,2,5,1,7,7,2,2,2,-1,-1
9,3,1,4,0,7,7,3,-1,-1,2,1
9,3,1,3,0,7,7,2,1,1,-1,-1
9,1,0,2,0,7,7,3,-1,-1,1,2
9,0,0,1,0,7,7,1,1,0,1,1
16,12,12,5,1,7,7,1,0,0,0,1
12,12,12,4,1,7,7,4,-1,-1,2,-1
12,12,12,4,1,7,0,1,1,1,1,1
12,12,12,3,1,7,7,4,-1,-1,0,-1
12,12,12,3,1,7,0,2,0,0,-1,-1
12,12,0,2,0,7,7,3,-1,-1,0,2
12,0,0,1,0,7,7,1,1,1,1,1
16,0,0,1,1,7,7,1,0,0,0,0
12,0,0,1,1,0,7,1,1,1,1,1
9,3,1,6,1,7,7,0,1,1,1,1
9,1,1,4,1,7,7,2,2,2,-1,-1
9,1,1,3,0,7,7,3,-1,-1,2,2
9,1,0,2,0,7,7,1,1,1,1,2
1,0,0,1,0,7,7,2,2,2,-1,-1
12,1,1,5,1,0,7,2,2,2,-1,-1
12,1,1,4,0,7,7,3,-1,-1,2,2
12,1,1,3,0,7,7,2,2,2,-1,-1
12,1,0,2,0,7,7,1,1,1,1,1
1,0,0,1,1,7,7,2,2,2,-1,-1
16,12,12,5,1,7,7,1,0,0,0,1
12,12,12,4,1,7,7,4,-1,-1,2,-1
12,12,12,4,1,7,0,1,1,1,1,1
12,12,12,3,1,7,7,4,-1,-1,0,-1
12,12,12,3,1,7,0,2,0,0,-1,-1
12,12,0,2,0,7,7,3,-1,-1,0,2
12,0,0,1,0,7,7,1,1,1,1,1
30,8,4,8,1,7,7,0,1,1,1,1
30,8,1,6,1,7,7,2,2,2,-1,-1
30,8,1,5,0,7,7,3,-1,-1,2,2
30,8,1,4,0,7,7,2,2,2,-1,-1
30,8,1,3,0,7,7,1,0,0,0,0
8,1,0,2,0,7,7,2,2,2,-1,-1
8,0,0,1,1,7,7,1,1,1,1,1
34,6,6,6,1,0,7,0,1,1,1,1
34,6,6,4,1,7,7,4,-1,-1,0,-1
34,6,6,4,1,7,0,2,1,1,-1,-1
34,6,6,3,0,7,0,3,-1,-1,1,2
34,6,0,2,0,7,7,4,2,-1,-1,-1
34,6,0,2,0,0,7,1,0,0,0,0
6,0,0,1,0,7,7,1,1,1,1,1
43,3,3,8,1,7,7,2,1,1,-1,-1
43,3,3,7,0,7,7,3,-1,-1,1,1
43,3,3,6,1,7,7,2,1,1,-1,-1
43,3,3,5,0,7,7,3,-1,-1,1,1
43,3,3,4,1,7,7,2,2,1,-1,-1
43,3,3,3,0,7,7,3,-1,-1,1,1
43,3,0,2,0,7,7,2,1,1,-1,-1
43,0,0,1,0,7,7,1,0,0,0,0
8,8,4,4,1,0,7,2,1,1,-1,-1
8,8,4,3,0,7,7,3,-1,-1,1,2
8,8,0,2,0,7,7,0,0,0,0,0
20,3,3,5,1,0,1,0,1,1,1,1
20,3,3,3,1,7,7,1,0,0,0,0
3,3,0,2,1,7,7,0,1,1,1,1
17,16,5,5,1,7,7,0,1,1,1,1
17,16,5,3,1,7,7,4,-1,-1,0,-1
17,16,5,3,1,7,0,2,1,1,-1,-1
17,16,0,2,0,7,0,0,0,0,0,0
6,2,2,6,1,0,1,0,2,1,2,1
6,2,2,4,1,7,7,2,2,2,-1,-1
6,2,2,3,0,7,7,3,-1,-1,2,2
6,2,0,2,0,7,7,2,2,2,-1,-1
6,0,0,1,0,7,7,1,1,1,1,1
12,2,2,3,1,7,7,1,1,1,1,1
2,2,0,2,1,7,7,0,1,1,1,1
12,10,10,3,1,7,7,1,1,0,1,1
10,10,0,2,0,7,7,4,-1,-1,2,-1
10,10,0,2,0,7,0,0,0,0,0,0
2,2,1,6,1,7,7,0,1,1,1,1
1,1,1,4,1,7,7,0,1,1,1,1
1,1,0,2,1,7,7,0,1,1,1,1
3,1,0,2,1,7,7,0,1,1,1,1
22,12,8,4,1,7,7,1,0,1,0,1
12,8,6,3,1,7,7,4,0,-1,-1,-1
12,8,6,3,1,0,7,4,-1,-1,0,-1
12,8,6,3,1,0,0,1,1,1,1,1
8,6,0,2,1,7,7,4,-1,-1,2,-1
8,6,0,2,1,7,0,2,1,1,-1,-1
8,0,0,1,0,7,0,3,-1,-1,0,0
24,8,8,4,1,7,7,1,0,1,0,1
8,8,8,3,1,7,7,4,0,-1,-1,-1
8,8,8,3,1,0,7,4,-1,-1,0,-1
8,8,8,3,1,0,0,1,1,1,1,0
8,8,0,2,0,7,7,2,0,0,-1,-1
8,0,0,1,0,7,7,3,-1,-1,0,0
4,0,0,1,1,7,7,1,1,1,1,1
8,4,4,5,1,7,7,0,1,1,1,1
8,4,4,3,1,7,7,0,1,1,1,1
8,0,0,1,1,7,7,1,1,1,1,1
17,7,0,2,1,0,1,1,0,0,0,0
7,0,0,1,0,7,7,1,1,1,1,1
5,4,1,5,1,7,7,0,1,1,1,1
5,1,1,3,1,7,7,2,2,2,-1,-1
5,1,0,2,0,7,7,0,1,1,0,2
48,0,0,1,1,7,7,1,0,0,0,0
17,17,7,4,1,7,7,0,0,0,0,1
17,17,0,2,1,7,7,4,-1,-1,2,-1
17,17,0,2,1,7,0,0,0,0,0,0
48,0,0,1,1,7,7,1,0,0,0,0
20,12,9,7,1,0,7,0,0,1,1,0
20,12,9,5,0,7,7,4,0,-1,-1,-1
20,12,9,5,0,0,7,3,-1,-1,1,2
20,12,9,4,0,0,7,2,1,1,-1,-1
20,12,9,3,0,7,7,4,-1,-1,0,-1
20,12,9,3,0,7,0,1,0,0,0,1
12,9,0,2,1,7,7,4,-1,-1,2,-1
12,9,0,2,1,7,0,0,0,0,0,0
24,22,6,5,1,7,7,0,1,1,1,1
24,22,6,3,1,7,7,4,-1,-1,0,-1
24,22,6,3,1,7,0,2,1,1,-1,-1
24,22,0,2,0,7,0,0,0,0,0,0
1,1,1,4,1,7,7,0,1,1,1,1
1,1,0,2,1,7,7,0,1,1,1,1
16,0,0,1,1,7,7,1,0,0,0,0
4,1,1,5,1,7,7,0,1,1,1,1
1,1,1,3,1,7,7,0,1,1,1,1
1,0,0,1,1,7,7,2,2,2,-1,-1
4,4,2,4,1,0,7,0,1,1,2,2
4,2,0,2,0,7,7,3,-1,-1,1,1
2,0,0,1,0,7,7,2,1,2,-1,-1
6,1,1,3,1,7,7,0,1,1,1,2
1,0,0,1,0,7,7,3,-1,-1,1,2
43,11,5,5,1,7,7,2,2,1,-1,-1
43,11,5,4,0,7,7,3,-1,-1,1,1
43,11,5,3,0,7,7,2,1,1,-1,-1
43,11,0,2,0,7,7,1,0,0,0,0
11,0,0,1,1,7,7,1,1,1,1,1
10,7,7,7,1,7,7,2,2,2,-1,-1
10,7,7,6,0,7,7,3,-1,-1,2,2
10,7,7,5,0,7,7,2,2,2,-1,-1
10,7,7,4,0,7,7,1,1,1,1,2
7,7,2,3,0,7,7,2,2,2,-1,-1
7,7,0,2,0,7,7,0,0,0,0,0
9,1,1,8,1,7,7,0,1,1,1,1
9,1,1,6,1,7,7,0,1,1,1,1
9,1,1,4,1,7,7,2,2,2,-1,-1
9,1,1,3,0,7,7,3,-1,-1,2,2
9,1,0,2,0,7,7,1,1,1,1,2
1,0,0,1,0,7,7,2,2,2,-1,-1
50,2,2,8,1,7,7,2,2,2,-1,-1
50,2,2,7,0,7,7,3,-1,-1,2,2
50,2,2,6,0,7,7,2,2,2,-1,-1
50,2,2,5,0,7,7,3,-1,-1,2,2
50,2,2,4,0,7,7,2,2,2,-1,-1
50,2,2,3,0,7,7,3,-1,-1,2,2
50,2,0,2,0,7,7,1,0,0,0,0
2,0,0,1,0,7,7,2,2,2,-1,-1
39,9,0,2,1,7,7,1,0,0,0,0
9,0,0,1,1,7,7,1,1,0,1,1
6,1,1,3,1,7,7,0,1,1,1,2
1,0,0,1,0,7,7,3,-1,-1,1,2
31,8,3,8,1,0,7,0,1,1,1,1
31,8,1,6,1,7,7,2,2,2,-1,-1
31,8,1,5,0,7,7,3,-1,-1,2,2
31,8,1,4,0,7,7,2,2,2,-1,-1
31,8,1,3,0,7,7,1,0,0,0,0
8,1,0,2,1,7,7,4,0,-1,-1,-1
8,1,0,2,1,0,7,1,1,1,1,1
1,0,0,1,1,7,7,2,2,2,-1,-1
12,6,6,7,1,7,7,0,1,1,1,1
12,6,6,5,1,7,7,4,-1,-1,0,-1
12,6,6,5,1,7,0,2,1,1,-1,-1
12,6,6,4,0,7,0,3,-1,-1,1,2
12,6,6,3,0,7,7,4,2,-1,-1,-1
12,6,6,3,0,0,7,1,1,1,1,1
6,6,0,2,1,7,7,4,-1,-1,2,-1
6,6,0,2,1,7,0,2,1,1,-1,-1
6,0,0,1,0,7,7,3,-1,-1,1,0
16,2,2,5,1,7,7,2,2,2,-1,-1
16,2,2,4,0,7,7,3,-1,-1,2,2
16,2,2,3,0,7,7,2,2,2,-1,-1
16,2,0,2,0,7,7,1,0,0,0,0
2,0,0,1,1,7,7,2,2,2,-1,-1
9,2,1,3,1,7,7,1,1,1,1,2
2,1,0,2,0,7,7,2,2,2,-1,-1
1,0,0,1,0,7,7,3,-1,-1,2,2
15,3,1,8,1,7,7,0,1,1,1,1
15,1,1,6,1,7,7,0,1,1,1,1
15,1,1,4,1,7,7,2,2,2,-1,-1
15,1,1,3,0,7,7,3,-1,-1,2,2
15,1,0,2,0,7,7,1,0,0,0,0
1,0,0,1,1,7,7,2,2,2,-1,-1
64,0,0,1,1,0,7,1,0,0,0,0
2,1,1,3,1,7,7,0,1,1,1,1
1,0,0,1,1,7,7,2,2,2,-1,-1
14,10,10,6,1,0,7,0,0,0,0,1
14,10,10,4,1,7,7,4,-1,-1,2,-1
14,10,10,4,1,7,0,1,0,0,0,1
10,10,10,3,1,7,7,4,-1,-1,2,-1
10,10,10,3,1,7,0,1,1,0,1,2
10,10,0,2,0,7,7,4,-1,-1,2,-1
10,10,0,2,0,7,0,0,0,0,0,0
3,1,1,6,1,7,7,0,1,1,1,1
1,1,1,4,1,7,7,0,1,1,1,1
1,1,0,2,1,7,7,0,1,1,1,1
3,1,0,2,1,0,7,0,1,1,1,1
32,0,0,1,1,7,7,1,0,0,0,0
6,6,0,2,1,7,7,0,1,1,1,1
6,1,1,3,1,0,7,0,1,1,2,1
1,0,0,1,0,7,7,3,-1,-1,1,2
6,4,3,8,1,7,7,0,1,1,1,1
6,3,2,6,1,7,7,0,1,1,1,1
6,2,2,4,1,7,7,0,1,1,1,1
6,2,0,2,1,7,7,0,1,1,0,2
4,2,2,3,1,0,7,0,1,1,2,2
2,0,0,1,0,7,7,3,-1,-1,1,2
22,10,0,2,1,7,7,1,0,0,0,0
10,0,0,1,1,7,7,1,1,0,1,1
34,5,5,7,1,7,7,0,1,1,1,1
34,5,5,5,1,7,7,4,-1,-1,0,-1
34,5,5,5,1,7,0,2,1,1,-1,-1
34,5,5,4,0,7,0,3,-1,-1,1,2
34,5,5,3,0,7,7,4,2,-1,-1,-1
34,5,5,3,0,0,7,1,0,0,0,0
5,5,0,2,0,7,7,4,0,-1,-1,-1
5,5,0,2,0,0,7,0,1,1,1,1
11,11,10,7,1,0,7,2,1,1,-1,-1
11,11,10,6,0,7,7,3,-1,-1,1,1
11,11,10,5,1,7,7,2,2,2,-1,-1
11,11,10,4,0,7,7,3,-1,-1,2,0
11,11,10,3,0,7,7,4,0,-1,-1,-1
11,11,10,3,0,0,7,1,1,1,2,1
11,10,0,2,1,7,7,4,-1,-1,2,-1
11,10,0,2,1,7,0,2,0,0,-1,-1
11,0,0,1,0,7,0,3,-1,-1,0,0
19,1,1,6,1,7,7,2,2,2,-1,-1
19,1,1,5,0,7,7,3,-1,-1,2,2
19,1,1,4,0,7,7,2,2,2,-1,-1
19,1,1,3,0,7,7,3,-1,-1,2,2
19,1,0,2,0,7,7,1,0,0,0,0
1,0,0,1,1,7,7,2,2,2,-1,-1
16,4,4,3,1,0,1,1,0,0,0,0
4,4,0,2,1,7,7,0,1,1,1,1
13,11,0,2,1,7,7,0,0,0,0,0
2,1,1,3,1,7,7,0,1,1,1,1
1,0,0,1,1,7,7,2,2,2,-1,-1
36,4,4,4,1,7,7,2,2,1,-1,-1
36,4,4,3,0,7,7,3,-1,-1,1,1
36,4,0,2,0,7,7,2,1,1,-1,-1
36,0,0,1,0,7,7,1,0,0,0,0
32,0,0,1,1,7,7,1,0,0,0,0
24,8,8,6,1,7,7,0,0,0,0,1
24,8,8,4,1,7,7,4,-1,-1,2,-1
24,8,8,4,1,7,0,1,0,1,0,1
8,8,8,3,1,7,7,4,0,-1,-1,-1
8,8,8,3,1,0,7,4,-1,-1,0,-1
8,8,8,3,1,0,0,1,1,1,1,0
8,8,0,2,0,7,7,2,0,0,-1,-1
8,0,0,1,0,7,7,3,-1,-1,0,0
2,2,1,6,1,7,7,0,1,1,1,1
1,1,1,4,1,7,7,0,1,1,1,1
1,1,0,2,1,7,7,0,1,1,1,1
24,0,0,1,1,0,7,1,0,0,0,0
20,1,1,5,1,7,7,2,2,2,-1,-1
20,1,1,4,0,7,7,3,-1,-1,2,2
20,1,1,3,0,7,7,2,2,2,-1,-1
20,1,0,2,0,7,7,1,0,0,0,0
1,0,0,1,1,7,7,2,2,2,-1,-1
34,12,6,8,1,7,7,2,2,2,-1,-1
34,12,6,7,0,7,7,3,-1,-1,2,2
34,12,6,6,0,7,7,2,2,1,-1,-1
34,12,6,5,0,7,7,3,-1,-1,1,1
34,12,6,4,0,7,7,2,1,1,-1,-1
34,12,6,3,0,7,7,3,-1,-1,1,1
34,12,0,2,0,7,7,1,0,0,0,0
12,0,0,1,0,7,7,1,1,1,1,1
32,0,0,1,1,7,7,1,0,0,0,0
2,2,1,7,1,7,7,0,1,1,1,1
1,1,1,5,1,7,7,0,1,1,1,1
1,1,1,3,1,7,7,0,1,1,1,1
1,0,0,1,1,7,7,2,2,2,-1,-1
64,0,0,1,1,7,7,1,0,0,0,0
2,1,1,3,1,7,7,0,1,1,1,1
1,0,0,1,1,7,7,2,2,2,-1,-1
7,1,1,6,1,0,1,0,2,1,2,1
7,1,1,4,1,7,7,2,2,2,-1,-1
7,1,1,3,0,7,7,3,-1,-1,2,2
7,1,0,2,0,7,7,2,2,2,-1,-1
7,0,0,1,0,7,7,1,1,1,1,1
4,0,0,1,1,7,7,1,1,1,1,1
15,9,0,2,1,7,7,1,0,0,0,0
9,0,0,1,1,7,7,1,1,0,1,1
36,6,6,3,1,7,7,1,0,0,0,0
6,6,0,2,1,7,7,4,0,-1,-1,-1
6,6,0,2,1,0,7,0,1,1,1,1
4,4,4,6,1,0,7,0,1,1,1,1
4,4,4,4,1,7,7,0,1,1,1,1
4,4,0,2,1,7,7,0,1,1,1,1
32,32,0,2,1,7,7,0,0,0,0,0
5,2,1,3,1,7,7,0,1,1,1,2
1,0,0,1,0,7,7,3,-1,-1,1,2
2,2,0,2,1,7,7,0,1,1,1,1
10,4,2,3,1,7,7,1,1,1,1,1
4,2,0,2,0,7,7,2,1,1,-1,-1
2,0,0,1,0,7,7,3,-1,-1,1,2
14,5,5,3,1,7,7,1,0,0,0,1
5,5,0,2,1,7,7,4,-1,-1,2,-1
5,5,0,2,1,7,0,0,1,1,1,1
16,0,0,1,1,7,7,1,0,0,0,0
16,12,12,5,1,7,7,1,0,0,0,1
12,12,12,4,1,7,7,4,-1,-1,2,-1
12,12,12,4,1,7,0,1,1,1,1,1
12,12,12,3,1,7,7,4,-1,-1,0,-1
12,12,12,3,1,7,0,2,0,0,-1,-1
12,12,0,2,0,7,7,3,-1,-1,0,2
12,0,0,1,0,7,7,1,1,1,1,1
9,7,7,6,1,0,7,2,1,1,-1,-1
9,7,7,5,0,7,7,3,-1,-1,1,1
9,7,7,4,1,7,7,1,1,0,1,1
7,7,3,3,0,7,7,4,-1,-1,0,-1
7,7,3,3,0,7,0,2,1,1,-1,-1
7,7,0,2,0,7,0,0,0,0,0,0
1,1,1,4,1,7,7,0,1,1,1,1
1,1,0,2,1,7,7,0,1,1,1,1
33,3,3,6,1,7,7,2,1,1,-1,-1
33,3,3,5,0,7,7,3,-1,-1,1,0
33,3,3,4,0,7,7,2,1,1,-1,-1
33,3,3,3,0,7,7,3,-1,-1,1,1
33,3,0,2,0,7,7,1,0,0,0,0
3,0,0,1,0,7,7,2,1,1,-1,-1
8,6,6,5,1,7,7,0,1,1,1,1
8,6,6,3,1,7,7,4,-1,-1,2,-1
8,6,6,3,1,7,0,2,1,1,-1,-1
8,6,0,2,0,7,0,3,-1,-1,1,0
8,0,0,1,1,7,7,1,1,1,1,1
8,2,1,8,1,7,7,0,1,1,1,1
8,1,1,6,1,7,7,0,1,1,1,1
8,1,1,4,1,7,7,0,1,1,1,1
8,1,0,2,1,7,7,1,1,1,1,1
1,0,0,1,1,7,7,2,2,2,-1,-1
5,1,1,8,1,0,7,0,1,1,1,1
5,1,1,6,1,7,7,0,1,1,1,1
5,1,1,4,1,7,7,0,1,1,1,1
5,1,0,2,1,7,7,0,1,1,0,2
24,8,0,2,1,7,7,1,0,0,0,0
8,0,0,1,1,7,7,1,1,1,1,1
29,8,4,8,1,7,7,0,1,1,1,1
29,8,2,6,1,7,7,2,2,2,-1,-1
29,8,1,5,0,7,7,3,-1,-1,2,2
29,8,1,4,0,7,7,2,2,2,-1,-1
29,8,1,3,0,7,7,1,0,0,0,0
8,1,0,2,0,7,7,2,2,2,-1,-1
8,0,0,1,1,7,7,1,1,1,1,1
8,6,6,5,1,7,7,0,1,1,1,1
8,6,6,3,1,7,7,4,-1,-1,2,-1
8,6,6,3,1,7,0,2,1,1,-1,-1
8,6,0,2,0,7,0,3,-1,-1,1,0
8,0,0,1,1,7,7,1,1,1,1,1
43,3,3,8,1,0,1,0,1,1,1,1
43,3,3,6,1,7,7,2,1,1,-1,-1
43,3,3,5,0,7,7,3,-1,-1,1,0
43,3,3,4,0,7,7,2,1,1,-1,-1
43,3,3,3,0,7,7,3,-1,-1,1,1
43,3,0,2,0,7,7,2,1,1,-1,-1
43,0,0,1,0,7,7,1,0,0,0,0
12,1,1,5,1,0,1,0,2,1,2,1
12,1,1,3,1,7,7,2,2,2,-1,-1
12,1,0,2,0,7,7,1,1,1,1,1
1,0,0,1,1,7,7,2,2,2,-1,-1
24,0,0,1,1,7,7,1,0,0,0,0
2,1,1,7,1,0,7,0,2,1,2,1
1,1,1,5,1,7,7,0,1,1,1,1
1,1,1,3,1,7,7,0,1,1,1,1
1,0,0,1,1,7,7,2,2,2,-1,-1
12,0,0,1,1,7,7,1,1,1,1,1
8,2,2,3,1,7,7,0,1,1,1,1
8,0,0,1,1,7,7,1,1,1,1,1
16,4,4,3,1,0,1,1,0,0,0,0
4,4,0,2,1,7,7,0,1,1,1,1
5,1,1,8,1,7,7,0,1,1,1,1
5,1,1,6,1,7,7,0,1,1,1,1
5,1,1,4,1,7,7,0,1,1,1,1
5,1,0,2,1,7,7,0,1,1,0,2
5,3,2,5,1,7,7,0,1,1,1,1
5,1,1,3,1,7,7,2,2,2,-1,-1
5,1,0,2,0,7,7,0,1,1,0,2
2,2,2,4,1,7,7,0,1,1,1,1
2,2,0,2,1,7,7,0,1,1,1,1
41,15,8,3,1,0,7,1,0,0,0,0
15,8,0,2,0,7,7,4,-1,-1,0,-1
15,8,0,2,0,7,0,1,0,0,0,0
8,0,0,1,1,7,7,1,1,1,1,1
15,15,14,7,1,7,7,0,1,1,1,1
15,15,14,5,1,7,7,4,-1,-1,0,-1
15,15,14,5,1,7,0,2,1,1,-1,-1
15,15,14,4,0,7,0,3,-1,-1,1,2
15,15,14,3,0,7,7,4,2,-1,-1,-1
15,15,14,3,0,0,7,1,0,0,0,1
15,14,0,2,1,7,7,4,-1,-1,2,-1
15,14,0,2,1,7,0,0,0,0,0,0
38,7,3,3,1,0,7,1,0,0,0,0
7,3,0,2,1,7,7,4,0,-1,-1,-1
7,3,0,2,1,0,7,0,0,0,0,0
18,1,1,7,1,7,7,0,1,1,1,1
18,1,1,5,1,7,7,2,2,2,-1,-1
18,1,1,4,0,7,7,3,-1,-1,2,2
18,1,1,3,0,7,7,2,2,2,-1,-1
18,1,0,2,0,7,7,1,0,0,0,0
1,0,0,1,0,7,7,2,2,2,-1,-1
3,1,0,2,1,7,7,0,1,1,1,1
22,5,2,6,1,0,7,2,2,2,-1,-1
22,5,1,5,0,7,7,3,-1,-1,2,2
22,5,1,4,0,7,7,2,2,2,-1,-1
22,5,1,3,0,7,7,1,0,0,1,0
5,1,0,2,0,7,7,2,2,2,-1,-1
5,0,0,1,1,7,7,1,1,1,1,1
7,5,4,3,1,7,7,1,1,1,1,1
5,4,0,2,1,7,7,0,1,1,1,0
2,2,1,6,1,7,7,0,1,1,1,1
1,1,1,4,1,7,7,0,1,1,1,1
1,1,0,2,1,7,7,0,1,1,1,1
18,1,1,7,1,7,7,0,1,1,1,1
18,1,1,5,1,7,7,2,2,2,-1,-1
18,1,1,4,0,7,7,3,-1,-1,2,2
18,1,1,3,0,7,7,2,2,2,-1,-1
18,1,0,2,0,7,7,1,0,0,0,0
1,0,0,1,0,7,7,2,2,2,-1,-1
8,3,1,3,1,7,7,0,1,1,1,1
8,0,0,1,1,7,7,1,1,1,1,1
3,1,1,6,1,0,7,0,1,1,2,2
1,1,1,4,0,7,7,3,-1,-1,1,2
1,1,1,3,0,7,7,0,1,1,1,1
1,0,0,1,1,7,7,2,2,2,-1,-1
2,2,2,6,1,0,1,0,2,1,2,1
2,2,2,4,1,7,7,0,1,1,1,1
2,2,0,2,1,7,7,0,1,1,1,1
1,1,1,4,1,0,7,0,2,1,2,1
1,1,0,2,1,7,7,0,1,1,1,1
14,4,2,7,1,0,7,0,1,1,1,1
14,1,1,5,1,7,7,2,2,2,-1,-1
14,1,1,4,0,7,7,3,-1,-1,2,2
14,1,1,3,0,7,7,2,2,1,-1,-1
14,1,0,2,0,7,7,1,0,0,1,0
1,0,0,1,0,7,7,3,-1,-1,2,2
16,15,15,6,1,7,7,0,1,0,1,1
16,15,15,4,0,7,7,4,-1,-1,2,-1
16,15,15,4,0,7,0,1,0,0,0,1
15,15,6,3,1,7,7,4,-1,-1,0,-1
15,15,6,3,1,7,0,2,1,1,-1,-1
15,15,0,2,0,7,0,0,0,0,0,0
6,1,1,7,1,7,7,0,1,1,1,1
6,1,1,5,1,7,7,0,1,1,1,1
6,1,1,3,1,7,7,2,2,2,-1,-1
6,1,0,2,0,7,7,0,1,1,0,2
4,0,0,1,1,7,7,1,1,1,1,1
10,9,9,7,1,7,7,1,1,0,1,2
9,9,9,6,0,7,7,4,-1,-1,2,-1
9,9,9,6,0,7,0,1,1,0,1,2
9,9,9,5,0,7,7,4,-1,-1,2,-1
9,9,9,5,0,7,0,1,1,0,1,2
9,9,9,4,0,7,7,4,-1,-1,2,-1
9,9,9,4,0,7,0,1,1,0,1,2
9,9,9,3,0,7,7,4,-1,-1,2,-1
9,9,9,3,0,7,0,1,1,0,1,2
9,9,0,2,0,7,7,4,-1,-1,2,-1
9,9,0,2,0,7,0,0,0,0,0,0
1,1,1,8,1,7,7,0,1,1,1,1
1,1,1,6,1,7,7,0,1,1,1,1
1,1,1,4,1,7,7,0,1,1,1,1
1,1,0,2,1,7,7,0,1,1,1,1
33,3,3,6,1,7,7,2,1,1,-1,-1
33,3,3,5,0,7,7,3,-1,-1,1,0
33,3,3,4,0,7,7,2,1,1,-1,-1
33,3,3,3,0,7,7,3,-1,-1,1,1
33,3,0,2,0,7,7,1,0,0,0,0
3,0,0,1,0,7,7,2,1,1,-1,-1
15,6,3,3,1,0,7,1,0,0,0,1
6,3,0,2,1,7,7,4,-1,-1,2,-1
6,3,0,2,1,7,0,0,1,0,1,1
24,0,0,1,1,7,7,1,0,0,0,0
30,10,5,4,1,7,7,0,1,1,1,2
30,10,0,2,0,7,7,4,-1,-1,0,-1
30,10,0,2,0,7,0,1,0,0,0,0
10,0,0,1,0,7,7,1,1,0,1,1
4,2,1,8,1,0,7,0,1,1,2,2
1,1,1,6,0,7,7,3,-1,-1,1,2
1,1,1,5,0,7,7,0,1,1,1,1
1,1,1,3,1,7,7,0,1,1,1,1
1,0,0,1,1,7,7,2,2,2,-1,-1
64,0,0,1,1,7,7,1,0,0,0,0
10,2,0,2,1,7,7,1,1,1,1,2
2,0,0,1,0,7,7,2,2,2,-1,-1
9,5,3,7,1,7,7,0,1,1,1,1
9,5,2,5,1,7,7,2,2,2,-1,-1
9,5,2,4,0,7,7,3,-1,-1,2,2
9,5,1,3,0,7,7,2,2,2,-1,-1
9,5,0,2,0,7,7,0,0,0,0,0
8,0,0,1,1,7,7,1,1,1,1,1
16,2,2,5,1,7,7,2,2,2,-1,-1
16,2,2,4,0,7,7,3,-1,-1,2,2
16,2,2,3,0,7,7,2,2,2,-1,-1
16,2,0,2,0,7,7,1,0,0,0,0
2,0,0,1,1,7,7,2,2,2,-1,-1
2,1,1,3,1,0,7,0,2,1,2,1
1,0,0,1,1,7,7,2,2,2,-1,-1
4,2,2,5,1,0,7,0,1,1,2,2
2,2,2,3,0,7,7,3,-1,-1,1,2
2,2,0,2,0,7,7,0,1,1,1,1
8,4,4,5,1,7,7,0,1,1,1,1
8,4,4,3,1,7,7,0,1,1,1,1
8,0,0,1,1,7,7,1,1,1,1,1
31,11,6,3,1,7,7,1,0,0,0,0
11,6,0,2,1,7,7,4,0,-1,-1,-1
11,6,0,2,1,0,7,1,1,1,1,1
6,0,0,1,1,7,7,1,1,1,1,1
4,4,4,4,1,7,7,0,1,1,1,1
4,4,0,2,1,7,7,0,1,1,1,1
4,1,1,5,1,0,1,0,2,1,2,1
4,1,1,3,1,7,7,0,1,1,1,1
1,0,0,1,1,7,7,2,2,2,-1,-1
18,6,3,7,1,7,7,0,1,1,1,1
18,6,1,5,1,7,7,2,2,2,-1,-1
18,6,1,4,0,7,7,3,-1,-1,2,2
18,6,1,3,0,7,7,1,0,0,0,0
6,1,0,2,0,7,7,2,2,2,-1,-1
6,0,0,1,1,7,7,1,1,1,1,1
9,7,7,6,1,7,7,2,1,1,-1,-1
9,7,7,5,0,7,7,3,-1,-1,1,1
9,7,7,4,1,7,7,1,1,0,1,1
7,7,3,3,0,7,7,4,-1,-1,0,-1
7,7,3,3,0,7,0,2,1,1,-1,-1
7,7,0,2,0,7,0,0,0,0,0,0
28,12,12,4,1,0,7,1,0,1,0,1
12,12,12,3,1,7,7,4,0,-1,-1,-1
12,12,12,3,1,0,7,4,-1,-1,0,-1
12,12,12,3,1,0,0,1,1,1,1,1
12,12,0,2,1,7,7,4,-1,-1,0,-1
12,12,0,2,1,7,0,2,0,0,-1,-1
12,0,0,1,0,7,7,3,-1,-1,0,2
48,0,0,1,1,7,7,1,0,0,0,0
14,10,10,6,1,7,7,0,0,0,0,1
14,10,10,4,1,7,7,4,-1,-1,2,-1
14,10,10,4,1,7,0,1,0,0,0,1
10,10,10,3,1,7,7,4,-1,-1,2,-1
10,10,10,3,1,7,0,1,1,0,1,2
10,10,0,2,0,7,7,4,-1,-1,2,-1
10,10,0,2,0,7,0,0,0,0,0,0
12,5,3,6,1,7,7,2,2,2,-1,-1
12,5,3,5,0,7,7,3,-1,-1,2,2
12,5,3,4,0,7,7,2,2,1,-1,-1
12,5,3,3,0,7,7,1,1,1,1,1
5,3,0,2,1,7,7,0,1,1,1,0
7,1,1,6,1,7,7,0,1,1,1,1
7,1,1,4,1,7,7,2,2,2,-1,-1
7,1,1,3,0,7,7,3,-1,-1,2,2
7,1,0,2,0,7,7,2,2,2,-1,-1
7,0,0,1,0,7,7,1,1,1,1,1
40,13,7,4,1,0,7,1,0,0,0,0
13,7,4,3,1,7,7,4,0,-1,-1,-1
13,7,4,3,1,0,7,4,-1,-1,0,-1
13,7,4,3,1,0,0,1,0,1,0,1
7,4,0,2,0,7,7,4,-1,-1,0,-1
7,4,0,2,0,7,0,2,1,1,-1,-1
7,0,0,1,0,7,0,1,1,1,1,1
2,1,1,7,1,7,7,0,1,1,1,1
1,1,1,5,1,7,7,0,1,1,1,1
1,1,1,3,1,7,7,0,1,1,1,1
1,0,0,1,1,7,7,2,2,2,-1,-1
6,1,1,7,1,7,7,0,1,1,1,1
6,1,1,5,1,7,7,0,1,1,1,1
6,1,1,3,1,7,7,2,2,2,-1,-1
6,1,0,2,0,7,7,0,1,1,0,2
6,6,6,6,1,7,7,2,2,2,-1,-1
6,6,6,5,0,7,7,3,-1,-1,2,2
6,6,6,4,0,7,7,0,1,1,1,1
6,2,0,2,1,7,7,4,-1,-1,0,-1
6,2,0,2,1,7,0,2,1,1,-1,-1
2,0,0,1,0,7,7,3,-1,-1,2,1
16,6,4,7,1,0,7,0,1,1,1,1
16,6,2,5,1,7,7,2,2,2,-1,-1
16,6,1,4,0,7,7,3,-1,-1,2,2
16,6,1,3,0,7,7,2,2,2,-1,-1
16,6,0,2,0,7,7,1,0,0,0,0
6,0,0,1,1,7,7,1,1,1,1,1
64,0,0,1,1,7,7,1,0,0,0,0
24,0,0,1,1,0,7,1,0,0,0,0
9,3,0,2,1,0,1,0,0,0,0,0
16,0,0,1,1,7,7,1,0,0,0,0
48,0,0,1,1,0,7,1,0,0,0,0
3,1,1,6,1,0,7,0,1,1,2,2
1,1,1,4,0,7,7,3,-1,-1,1,2
1,1,1,3,0,7,7,0,1,1,1,1
1,0,0,1,1,7,7,2,2,2,-1,-1
4,2,1,8,1,7,7,0,1,1,1,1
1,1,1,6,1,7,7,0,1,1,1,1
1,1,1,4,1,7,7,0,1,1,1,1
1,1,0,2,1,7,7,0,1,1,1,1
6,2,2,6,1,7,7,0,1,1,1,1
6,2,2,4,1,7,7,2,2,2,-1,-1
6,2,2,3,0,7,7,3,-1,-1,2,2
6,2,0,2,0,7,7,2,2,2,-1,-1
6,0,0,1,0,7,7,1,1,1,1,1
7,3,1,8,1,0,7,0,1,1,1,1
7,1,1,6,1,7,7,0,1,1,1,1
7,1,1,4,1,7,7,0,1,1,1,1
7,1,0,2,1,7,7,1,1,1,1,1
1,0,0,1,1,7,7,2,2,2,-1,-1
5,1,1,8,1,7,7,0,1,1,1,1
5,1,1,6,1,7,7,0,1,1,1,1
5,1,1,4,1,7,7,0,1,1,1,1
5,1,0,2,1,7,7,0,1,1,0,2
9,1,1,8,1,7,7,0,1,1,1,1
9,1,1,6,1,7,7,0,1,1,1,1
9,1,1,4,1,7,7,2,2,2,-1,-1
9,1,1,3,0,7,7,3,-1,-1,2,2
9,1,0,2,0,7,7,1,1,1,1,2
1,0,0,1,0,7,7,2,2,2,-1,-1
8,8,8,8,1,7,7,2,1,1,-1,-1
8,8,8,7,0,7,7,3,-1,-1,1,1
8,8,8,6,1,7,7,2,1,1,-1,-1
8,8,8,5,0,7,7,3,-1,-1,1,1
8,8,8,4,1,7,7,0,0,0,0,1
8,8,0,2,1,7,7,4,-1,-1,2,-1
8,8,0,2,1,7,0,0,0,0,0,0
15,9,0,2,1,7,7,1,0,0,0,0
9,0,0,1,1,7,7,1,1,0,1,1
64,0,0,1,1,7,7,1,0,0,0,0
15,9,6,8,1,7,7,0,1,1,1,1
15,9,5,6,0,7,7,3,-1,-1,1,1
15,9,5,5,0,7,7,2,1,2,-1,-1
15,9,5,4,0,7,7,3,-1,-1,1,1
15,9,5,3,0,7,7,4,0,-1,-1,-1
15,9,5,3,0,0,7,1,0,0,0,1
9,5,0,2,1,7,7,4,-1,-1,2,-1
9,5,0,2,1,7,0,0,0,0,0,0
5,2,1,3,1,7,7,0,1,1,1,2
1,0,0,1,0,7,7,3,-1,-1,1,2
34,15,9,4,1,7,7,1,0,0,0,0
15,9,6,3,1,7,7,4,0,-1,-1,-1
15,9,6,3,1,0,7,4,-1,-1,0,-1
15,9,6,3,1,0,0,1,0,0,0,1
9,6,0,2,1,7,7,4,-1,-1,2,-1
9,6,0,2,1,7,0,0,0,0,0,0
22,22,10,4,1,7,7,0,0,0,0,1
22,22,0,2,1,7,7,4,-1,-1,2,-1
22,22,0,2,1,7,0,0,0,0,0,0
16,15,15,6,1,7,7,0,1,0,1,1
16,15,15,4,0,7,7,4,-1,-1,2,-1
16,15,15,4,0,7,0,1,0,0,0,1
15,15,6,3,1,7,7,4,-1,-1,0,-1
15,15,6,3,1,7,0,2,1,1,-1,-1
15,15,0,2,0,7,0,0,0,0,0,0
24,0,0,1,1,7,7,1,0,0,0,0
24,0,0,1,1,7,7,1,0,0,0,0
24,0,0,1,1,7,7,1,0,0,0,0
17,1,1,8,1,7,7,0,1,1,1,1
17,1,1,6,1,7,7,2,2,2,-1,-1
17,1,1,5,0,7,7,3,-1,-1,2,2
17,1,1,4,0,7,7,2,2,1,-1,-1
17,1,1,3,0,7,7,3,-1,-1,1,2
17,1,0,2,0,7,7,1,0,0,0,0
1,0,0,1,0,7,7,2,2,2,-1,-1
10,1,1,3,1,7,7,1,1,1,1,2
1,1,0,2,0,7,7,2,2,2,-1,-1
1,0,0,1,0,7,7,3,-1,-1,2,2
16,0,0,1,1,7,7,1,0,0,0,0
2,1,1,3,1,0,1,0,2,1,2,1
1,0,0,1,1,7,7,2,2,2,-1,-1
7,1,1,6,1,7,7,0,1,1,1,1
7,1,1,4,1,7,7,2,2,2,-1,-1
7,1,1,3,0,7,7,3,-1,-1,2,2
7,1,0,2,0,7,7,2,2,2,-1,-1
7,0,0,1,0,7,7,1,1,1,1,1
10,7,7,7,1,0,7,2,2,2,-1,-1
10,7,7,6,0,7,7,3,-1,-1,2,2
10,7,7,5,0,7,7,2,2,2,-1,-1
10,7,7,4,0,7,7,1,1,1,1,2
7,7,2,3,0,7,7,2,2,2,-1,-1
7,7,0,2,0,7,7,0,0,0,0,0
39,16,9,3,1,7,7,1,0,0,0,0
16,9,0,2,1,7,7,4,0,-1,-1,-1
16,9,0,2,1,0,7,1,0,0,0,0
9,0,0,1,1,7,7,1,1,0,1,1
6,4,2,5,1,7,7,0,1,1,1,1
6,2,2,3,1,7,7,2,2,2,-1,-1
6,2,0,2,0,7,7,0,1,1,0,2
9,3,1,6,1,7,7,0,1,1,1,1
9,1,1,4,1,7,7,2,2,2,-1,-1
9,1,1,3,0,7,7,3,-1,-1,2,2
9,1,0,2,0,7,7,1,1,1,1,2
1,0,0,1,0,7,7,2,2,2,-1,-1
6,4,3,4,1,7,7,0,1,1,1,1
6,3,0,2,1,7,7,0,1,1,1,0
4,1,1,5,1,7,7,0,1,1,1,1
1,1,1,3,1,7,7,0,1,1,1,1
1,0,0,1,1,7,7,2,2,2,-1,-1
46,11,5,4,1,7,7,2,2,2,-1,-1
46,11,5,3,0,7,7,1,0,0,0,0
11,5,0,2,0,7,7,4,0,-1,-1,-1
11,5,0,2,0,0,7,1,1,1,1,1
5,0,0,1,1,7,7,1,1,1,1,1
10,2,2,4,1,7,7,2,2,2,-1,-1
10,2,2,3,0,7,7,3,-1,-1,2,1
10,2,0,2,0,7,7,1,1,1,1,2
2,0,0,1,0,7,7,2,2,2,-1,-1
8,4,4,5,1,7,7,0,1,1,1,1
8,4,4,3,1,7,7,0,1,1,1,1
8,0,0,1,1,7,7,1,1,1,1,1
4,2,2,3,1,7,7,0,1,1,1,1
2,0,0,1,1,7,7,2,2,2,-1,-1
8,8,8,8,1,7,7,0,0,0,0,1
8,8,8,6,1,7,7,4,-1,-1,2,-1
8,8,8,6,1,7,0,1,1,1,1,1
8,8,8,5,1,7,7,0,0,0,0,1
8,8,8,3,1,7,7,4,-1,-1,2,-1
8,8,8,3,1,7,0,1,1,1,1,1
8,8,0,2,1,7,7,0,0,0,0,0
4,2,1,4,1,0,7,0,1,1,2,2
1,1,0,2,0,7,7,3,-1,-1,1,2
1,0,0,1,0,7,7,2,2,2,-1,-1
5,1,1,4,1,7,7,2,2,2,-1,-1
5,1,1,3,0,7,7,3,-1,-1,2,2
5,1,0,2,0,7,7,2,2,2,-1,-1
5,0,0,1,0,7,7,1,1,1,1,1
26,22,0,2,1,7,7,0,0,0,0,0
64,0,0,1,1,7,7,1,0,0,0,0
7,1,1,6,1,7,7,0,1,1,1,1
7,1,1,4,1,7,7,2,2,2,-1,-1
7,1,1,3,0,7,7,3,-1,-1,2,2
7,1,0,2,0,7,7,2,2,2,-1,-1
7,0,0,1,0,7,7,1,1,1,1,1
8,3,2,6,1,7,7,0,1,1,1,1
8,1,1,4,1,7,7,2,2,2,-1,-1
8,1,1,3,0,7,7,3,-1,-1,2,2
8,1,0,2,0,7,7,2,2,2,-1,-1
8,0,0,1,0,7,7,1,1,1,1,1
64,0,0,1,1,7,7,1,0,0,0,0
2,1,1,3,1,0,1,0,2,1,2,1
1,0,0,1,1,7,7,2,2,2,-1,-1
4,4,4,3,1,0,7,1,2,1,2,1
4,4,0,2,1,7,7,0,1,1,1,1
1,1,1,8,1,7,7,0,1,1,1,1
1,1,1,6,1,7,7,0,1,1,1,1
1,1,1,4,1,7,7,0,1,1,1,1
1,1,0,2,1,7,7,0,1,1,1,1
4,2,1,4,1,7,7,0,1,1,1,1
1,1,0,2,1,7,7,0,1,1,1,1
49,15,0,2,1,7,7,1,0,0,0,0
15,0,0,1,0,7,7,1,0,0,0,0
2,2,2,6,1,0,7,0,2,1,2,1
2,2,2,4,1,7,7,0,1,1,1,1
2,2,0,2,1,7,7,0,1,1,1,1
8,3,1,3,1,0,1,0,1,1,1,1
8,0,0,1,1,7,7,1,1,1,1,1
24,0,0,1,1,0,7,1,0,0,0,0
23,6,3,3,1,7,7,1,0,0,0,0
6,3,0,2,1,7,7,4,2,-1,-1,-1
6,3,0,2,1,0,7,0,1,1,1,0
18,1,1,7,1,7,7,0,1,1,1,1
18,1,1,5,1,7,7,2,2,2,-1,-1
18,1,1,4,0,7,7,3,-1,-1,2,2
18,1,1,3,0,7,7,2,2,2,-1,-1
18,1,0,2,0,7,7,1,0,0,0,0
1,0,0,1,0,7,7,2,2,2,-1,-1
1,1,1,4,1,0,7,0,2,1,2,1
1,1,0,2,1,7,7,0,1,1,1,1
3,1,0,2,1,7,7,0,1,1,1,1
2,1,1,3,1,7,7,0,1,1,1,1
1,0,0,1,1,7,7,2,2,2,-1,-1
16,12,12,5,1,7,7,1,0,0,0,1
12,12,12,4,1,7,7,4,-1,-1,2,-1
12,12,12,4,1,7,0,1,1,1,1,1
12,12,12,3,1,7,7,4,-1,-1,0,-1
12,12,12,3,1,7,0,2,0,0,-1,-1
12,12,0,2,0,7,7,3,-1,-1,0,2
12,0,0,1,0,7,7,1,1,1,1,1
32,0,0,1,1,0,7,1,0,0,0,0
34,7,2,8,1,0,7,2,2,2,-1,-1
34,7,1,7,0,7,7,3,-1,-1,2,2
34,7,1,6,0,7,7,2,2,2,-1,-1
34,7,1,5,0,7,7,3,-1,-1,2,2
34,7,1,4,0,7,7,2,2,2,-1,-1
34,7,1,3,0,7,7,1,0,0,0,0
7,1,0,2,0,7,7,2,2,2,-1,-1
7,0,0,1,1,7,7,1,1,1,1,1
8,0,0,1,1,7,7,1,1,1,1,1
20,4,0,2,1,7,7,1,0,0,0,0
4,0,0,1,1,7,7,1,1,1,1,1
34,7,7,3,1,7,7,1,0,0,0,0
7,7,0,2,0,7,7,4,0,-1,-1,-1
7,7,0,2,0,0,7,0,0,0,0,0
11,5,0,2,1,7,7,1,1,1,1,1
5,0,0,1,1,7,7,1,1,1,1,1
24,0,0,1,1,7,7,1,0,0,0,0
9,7,7,6,1,0,7,2,1,1,-1,-1
9,7,7,5,0,7,7,3,-1,-1,1,1
9,7,7,4,1,7,7,1,1,0,1,1
7,7,3,3,0,7,7,4,-1,-1,0,-1
7,7,3,3,0,7,0,2,1,1,-1,-1
7,7,0,2,0,7,0,0,0,0,0,0
6,2,1,6,1,7,7,0,1,1,1,1
6,1,1,4,1,7,7,2,2,2,-1,-1
6,1,1,3,0,7,7,3,-1,-1,2,2
6,1,0,2,0,7,7,2,2,2,-1,-1
6,0,0,1,0,7,7,1,1,1,1,1
20,1,1,5,1,7,7,2,2,2,-1,-1
20,1,1,4,0,7,7,3,-1,-1,2,2
20,1,1,3,0,7,7,2,2,2,-1,-1
20,1,0,2,0,7,7,1,0,0,0,0
1,0,0,1,1,7,7,2,2,2,-1,-1
26,9,5,7,1,7,7,2,2,2,-1,-1
26,9,5,6,0,7,7,3,-1,-1,2,1
26,9,5,5,0,7,7,2,1,1,-1,-1
26,9,5,4,0,7,7,3,-1,-1,1,1
26,9,5,3,0,7,7,2,1,1,-1,-1
26,9,0,2,0,7,7,3,-1,-1,0,0
26,0,0,1,0,7,7,1,0,0,0,0
2,1,1,3,1,0,7,0,2,1,2,1
1,0,0,1,1,7,7,2,2,2,-1,-1
13,6,4,8,1,7,7,0,1,1,1,1
13,6,2,6,1,7,7,2,2,2,-1,-1
13,6,2,5,0,7,7,3,-1,-1,2,2
13,6,1,4,0,7,7,2,2,1,-1,-1
13,6,1,3,0,7,7,1,0,0,0,1
6,1,0,2,1,7,7,4,-1,-1,2,-1
6,1,0,2,1,7,0,0,0,2,1,1
8,0,0,1,1,7,7,1,1,1,1,1
7,5,0,2,1,7,7,0,0,0,0,0
36,7,3,5,1,7,7,2,2,1,-1,-1
36,7,1,4,0,7,7,3,-1,-1,2,1
36,7,1,3,1,7,7,2,2,2,-1,-1
36,7,0,2,0,7,7,1,0,0,0,0
7,0,0,1,1,7,7,1,1,1,1,1
24,8,0,2,1,0,1,1,0,0,0,0
8,0,0,1,1,7,7,1,1,1,1,1
1,1,1,4,1,0,7,0,2,1,2,1
1,1,0,2,1,7,7,0,1,1,1,1
3,1,0,2,1,7,7,0,1,1,1,1
18,2,2,8,1,7,7,0,1,1,1,1
18,2,2,6,1,7,7,2,2,2,-1,-1
18,2,2,5,0,7,7,3,-1,-1,2,2
18,2,2,4,0,7,7,2,2,1,-1,-1
18,2,2,3,0,7,7,3,-1,-1,1,2
18,2,0,2,0,7,7,1,0,0,0,0
2,0,0,1,0,7,7,2,2,2,-1,-1
4,4,2,4,1,7,7,0,1,1,1,1
2,2,0,2,1,7,7,0,1,1,1,1
6,6,0,2,1,7,7,0,1,1,1,1
22,10,0,2,1,7,7,1,0,0,0,0
10,0,0,1,1,7,7,1,1,0,1,1
10,3,2,4,1,7,7,2,2,1,-1,-1
10,2,1,3,0,7,7,3,-1,-1,1,2
10,1,0,2,0,7,7,1,1,1,1,2
1,0,0,1,0,7,7,2,2,2,-1,-1
6,2,2,6,1,0,7,0,1,1,1,1
6,2,2,4,1,7,7,2,2,2,-1,-1
6,2,2,3,0,7,7,3,-1,-1,2,2
6,2,0,2,0,7,7,2,2,2,-1,-1
6,0,0,1,0,7,7,1,1,1,1,1
48,0,0,1,1,7,7,1,0,0,0,0
1,1,1,4,1,0,7,0,2,1,2,1
1,1,0,2,1,7,7,0,1,1,1,1
6,1,1,3,1,7,7,0,1,1,1,2
1,0,0,1,0,7,7,3,-1,-1,1,2
16,0,0,1,1,7,7,1,0,0,0,0
22,4,2,7,1,7,7,0,1,1,1,1
22,1,1,5,1,7,7,2,2,2,-1,-1
22,1,1,4,0,7,7,3,-1,-1,2,2
22,1,1,3,0,7,7,2,2,2,-1,-1
22,1,0,2,0,7,7,1,0,0,1,0
1,0,0,1,0,7,7,2,2,2,-1,-1
24,0,0,1,1,7,7,1,0,0,0,0
33,7,3,7,1,7,7,2,1,1,-1,-1
33,7,2,6,0,7,7,3,-1,-1,1,1
33,7,2,5,1,7,7,2,2,2,-1,-1
33,7,2,4,0,7,7,3,-1,-1,2,2
33,7,1,3,0,7,7,2,2,2,-1,-1
33,7,0,2,0,7,7,1,0,0,0,0
7,0,0,1,0,7,7,1,1,1,1,1
20,4,0,2,1,7,7,1,0,0,0,0
4,0,0,1,1,7,7,1,1,1,1,1
2,2,1,7,1,7,7,0,1,1,1,1
1,1,1,5,1,7,7,0,1,1,1,1
1,1,1,3,1,7,7,0,1,1,1,1
1,0,0,1,1,7,7,2,2,2,-1,-1
32,0,0,1,1,7,7,1,0,0,0,0
2,2,0,2,1,0,7,0,2,1,2,1
3,1,0,2,1,7,7,0,1,1,1,1
26,13,9,3,1,7,7,1,0,0,0,0
13,9,0,2,1,7,7,4,2,-1,-1,-1
13,9,0,2,1,0,7,0,0,0,0,0
3,3,3,6,1,7,7,0,1,1,1,1
3,1,1,4,1,7,7,0,1,1,1,1
1,1,0,2,1,7,7,0,1,1,1,1
1,1,1,4,1,7,7,0,1,1,1,1
1,1,0,2,1,7,7,0,1,1,1,1
32,0,0,1,1,7,7,1,0,0,0,0
64,0,0,1,1,0,7,1,0,0,0,0
16,16,16,3,1,7,7,1,0,0,0,1
16,16,0,2,1,7,7,4,-1,-1,2,-1
16,16,0,2,1,7,0,0,0,0,0,0
10,6,0,2,1,0,1,0,0,0,0,0
6,6,6,8,1,7,7,0,1,1,1,1
6,6,6,6,1,7,7,4,-1,-1,0,-1
6,6,6,6,1,7,0,2,1,1,-1,-1
6,6,6,5,0,7,7,3,-1,-1,1,1
6,6,6,4,1,7,7,4,-1,-1,0,-1
6,6,6,4,1,7,0,2,1,1,-1,-1
6,6,6,3,0,7,7,3,-1,-1,1,2
6,6,0,2,0,7,7,4,2,-1,-1,-1
6,6,0,2,0,0,7,0,1,1,1,1
11,11,11,8,1,7,7,2,1,1,-1,-1
11,11,11,7,0,7,7,3,-1,-1,1,1
11,11,11,6,1,7,7,4,-1,-1,0,-1
11,11,11,6,1,7,0,2,1,1,-1,-1
11,11,11,5,0,7,0,3,-1,-1,1,0
11,11,11,4,0,7,7,4,2,-1,-1,-1
11,11,11,4,0,0,7,1,1,1,1,1
11,11,11,3,1,7,7,4,-1,-1,0,-1
11,11,11,3,1,7,0,2,0,0,-1,-1
11,11,0,2,0,7,7,3,-1,-1,0,2
11,0,0,1,0,7,7,1,1,1,1,1
32,0,0,1,1,7,7,1,0,0,0,0
16,16,16,4,1,7,7,1,0,0,0,1
16,16,16,3,1,7,7,4,-1,-1,2,-1
16,16,16,3,1,7,0,1,0,0,0,1
16,16,0,2,1,7,7,4,-1,-1,2,-1
16,16,0,2,1,7,0,0,0,0,0,0
11,5,0,2,1,7,7,1,1,1,1,1
5,0,0,1,1,7,7,1,1,1,1,1
4,2,1,4,1,7,7,0,1,1,1,1
1,1,0,2,1,7,7,0,1,1,1,1
24,22,6,5,1,7,7,0,1,1,1,1
24,22,6,3,1,7,7,4,-1,-1,0,-1
24,22,6,3,1,7,0,2,1,1,-1,-1
24,22,0,2,0,7,0,0,0,0,0,0
33,3,3,6,1,7,7,2,1,1,-1,-1
33,3,3,5,0,7,7,3,-1,-1,1,0
33,3,3,4,0,7,7,2,1,1,-1,-1
33,3,3,3,0,7,7,3,-1,-1,1,1
33,3,0,2,0,7,7,1,0,0,0,0
3,0,0,1,0,7,7,2,1,1,-1,-1
48,0,0,1,1,7,7,1,0,0,0,0
12,0,0,1,1,7,7,1,1,1,1,1
8,8,8,6,1,0,1,1,1,1,1,1
8,8,8,5,1,7,7,0,0,0,0,1
8,8,8,3,1,7,7,4,-1,-1,2,-1
8,8,8,3,1,7,0,1,1,1,1,1
8,8,0,2,1,7,7,0,0,0,0,0
23,3,3,4,1,0,1,2,2,1,-1,-1
23,3,3,3,0,7,7,3,-1,-1,1,1
23,3,0,2,0,7,7,2,1,1,-1,-1
23,0,0,1,0,7,7,1,0,0,0,0
9,1,1,8,1,7,7,0,1,1,1,1
9,1,1,6,1,7,7,0,1,1,1,1
9,1,1,4,1,7,7,2,2,2,-1,-1
9,1,1,3,0,7,7,3,-1,-1,2,2
9,1,0,2,0,7,7,1,1,1,1,2
1,0,0,1,0,7,7,2,2,2,-1,-1
16,4,1,6,1,7,7,0,1,1,1,1
16,1,1,4,1,7,7,2,2,2,-1,-1
16,1,1,3,0,7,7,3,-1,-1,2,2
16,1,0,2,0,7,7,1,0,0,0,0
1,0,0,1,1,7,7,2,2,2,-1,-1
43,3,3,8,1,7,7,2,1,1,-1,-1
43,3,3,7,0,7,7,3,-1,-1,1,1
43,3,3,6,1,7,7,2,1,1,-1,-1
43,3,3,5,0,7,7,3,-1,-1,1,1
43,3,3,4,1,7,7,2,2,1,-1,-1
43,3,3,3,0,7,7,3,-1,-1,1,1
43,3,0,2,0,7,7,2,1,1,-1,-1
43,0,0,1,0,7,7,1,0,0,0,0
17,7,0,2,1,0,7,1,0,0,0,0
7,0,0,1,0,7,7,1,1,1,1,1
9,3,0,2,1,7,7,0,0,0,0,0
16,4,4,3,1,7,7,1,0,0,0,0
4,4,0,2,1,7,7,0,1,1,1,1
48,0,0,1,1,7,7,1,0,0,0,0
12,2,2,3,1,7,7,1,1,1,1,1
2,2,0,2,1,7,7,0,1,1,1,1
11,1,1,6,1,7,7,0,1,1,1,1
11,1,1,4,1,7,7,2,2,2,-1,-1
11,1,1,3,0,7,7,3,-1,-1,2,2
11,1,0,2,0,7,7,1,1,1,1,1
1,0,0,1,1,7,7,2,2,2,-1,-1
26,2,2,4,1,7,7,2,2,2,-1,-1
26,2,2,3,0,7,7,3,-1,-1,2,1
26,2,0,2,0,7,7,1,0,0,1,0
2,0,0,1,0,7,7,3,-1,-1,2,2
8,4,0,2,1,7,7,0,0,0,0,0
3,3,2,7,1,7,7,0,1,1,1,1
2,1,1,5,1,7,7,0,1,1,1,1
1,1,1,3,1,7,7,0,1,1,1,1
1,0,0,1,1,7,7,2,2,2,-1,-1
29,9,5,5,1,0,1,2,2,1,-1,-1
29,9,5,4,0,7,1,3,-1,-1,1,1
29,9,5,3,0,7,7,2,1,1,-1,-1
29,9,0,2,0,7,7,1,0,0,0,0
9,0,0,1,0,7,7,1,1,0,1,1
14,10,10,6,1,7,7,0,0,0,0,1
14,10,10,4,1,7,7,4,-1,-1,2,-1
14,10,10,4,1,7,0,1,0,0,0,1
10,10,10,3,1,7,7,4,-1,-1,2,-1
10,10,10,3,1,7,0,1,1,0,1,2
10,10,0,2,0,7,7,4,-1,-1,2,-1
10,10,0,2,0,7,0,0,0,0,0,0
4,1,1,5,1,7,7,0,1,1,1,1
1,1,1,3,1,7,7,0,1,1,1,1
1,0,0,1,1,7,7,2,2,2,-1,-1
8,0,0,1,1,7,7,1,1,1,1,1
44,10,10,3,1,7,7,1,0,0,0,0
10,10,0,2,1,7,7,4,0,-1,-1,-1
10,10,0,2,1,0,7,0,0,0,0,0
4,2,2,7,1,7,7,0,1,1,1,1
2,1,1,5,1,7,7,0,1,1,1,1
1,1,1,3,1,7,7,0,1,1,1,1
1,0,0,1,1,7,7,2,2,2,-1,-1
4,3,3,5,1,0,7,0,1,1,1,1
3,3,3,3,1,7,7,0,1,1,1,1
3,0,0,1,1,7,7,1,1,1,1,1
8,2,1,4,1,7,7,2,2,2,-1,-1
8,1,1,3,0,7,7,3,-1,-1,2,2
8,1,0,2,0,7,7,2,2,2,-1,-1
8,0,0,1,0,7,7,1,1,1,1,1
4,1,1,5,1,0,7,0,1,1,2,2
1,1,1,3,0,7,7,3,-1,-1,1,2
1,1,0,2,0,7,7,0,1,1,1,1
24,22,6,5,1,0,7,0,1,1,1,1
24,22,6,3,1,7,7,4,-1,-1,0,-1
24,22,6,3,1,7,0,2,1,1,-1,-1
24,22,0,2,0,7,0,0,0,0,0,0
2,2,1,6,1,7,7,0,1,1,1,1
1,1,1,4,1,7,7,0,1,1,1,1
1,1,0,2,1,7,7,0,1,1,1,1
13,11,0,2,1,7,7,0,0,0,0,0
25,14,10,5,1,7,7,0,0,0,0,1
25,14,10,3,1,7,7,4,-1,-1,2,-1
25,14,10,3,1,7,0,1,0,0,0,0
14,10,0,2,0,7,7,4,-1,-1,0,-1
14,10,0,2,0,7,0,0,0,0,0,0
40,11,5,7,1,7,7,2,2,2,-1,-1
40,11,5,6,0,7,7,3,-1,-1,2,2
40,11,5,5,0,7,7,2,2,1,-1,-1
40,11,5,4,0,7,7,3,-1,-1,1,1
40,11,5,3,0,7,7,2,1,1,-1,-1
40,11,0,2,0,7,7,1,0,0,0,0
11,0,0,1,1,7,7,1,1,1,1,1
12,3,3,5,1,7,7,0,1,1,1,1
12,3,3,3,1,7,7,1,1,1,1,1
3,3,0,2,1,7,7,0,1,1,1,1
8,0,0,1,1,0,7,1,1,1,1,1
43,7,7,4,1,7,7,1,0,0,0,0
7,7,7,3,1,7,7,4,0,-1,-1,-1
7,7,7,3,1,0,7,4,-1,-1,0,-1
7,7,7,3,1,0,0,1,1,1,1,0
7,7,0,2,0,7,7,2,0,0,-1,-1
7,0,0,1,0,7,7,3,-1,-1,0,0
52,2,2,7,1,0,7,2,2,2,-1,-1
52,2,2,6,0,7,7,3,-1,-1,2,2
52,2,2,5,0,7,7,2,2,2,-1,-1
52,2,2,4,0,7,7,3,-1,-1,2,2
52,2,2,3,0,7,7,2,2,2,-1,-1
52,2,0,2,0,7,7,1,0,0,0,0
2,0,0,1,1,7,7,2,2,2,-1,-1
5,3,0,2,1,7,7,0,1,1,1,0
18,5,5,7,1,0,1,0,1,1,1,1
18,5,5,5,1,7,7,4,-1,-1,0,-1
18,5,5,5,1,7,0,2,1,1,-1,-1
18,5,5,4,0,7,0,3,-1,-1,1,2
18,5,5,3,0,7,7,4,2,-1,-1,-1
18,5,5,3,0,0,7,1,0,0,0,1
5,5,0,2,0,7,7,4,-1,-1,2,-1
5,5,0,2,0,7,0,0,1,1,1,1
1,1,1,4,1,0,7,0,2,1,2,1
1,1,0,2,1,7,7,0,1,1,1,1
6,5,5,3,1,7,7,1,1,1,1,1
5,5,0,2,1,7,7,0,1,1,1,1
6,6,4,7,1,0,7,0,1,1,1,1
6,6,2,5,1,7,7,0,1,1,1,1
6,6,2,3,1,7,7,2,2,2,-1,-1
6,6,0,2,0,7,7,0,1,1,1,1
23,4,2,6,1,7,7,2,2,2,-1,-1
23,4,1,5,0,7,7,3,-1,-1,2,2
23,4,1,4,0,7,7,2,2,1,-1,-1
23,4,1,3,0,7,7,3,-1,-1,1,1
23,1,0,2,0,7,7,2,1,2,-1,-1
23,0,0,1,0,7,7,1,0,0,0,0
2,1,1,3,1,7,7,0,1,1,1,1
1,0,0,1,1,7,7,2,2,2,-1,-1
11,1,1,6,1,7,7,0,1,1,1,1
11,1,1,4,1,7,7,2,2,2,-1,-1
11,1,1,3,0,7,7,3,-1,-1,2,2
11,1,0,2,0,7,7,1,1,1,1,1
1,0,0,1,1,7,7,2,2,2,-1,-1
2,2,1,6,1,7,7,0,1,1,1,1
1,1,1,4,1,7,7,0,1,1,1,1
1,1,0,2,1,7,7,0,1,1,1,1
17,7,0,2,1,7,7,1,0,0,0,0
7,0,0,1,0,7,7,1,1,1,1,1
33,3,3,6,1,0,7,2,1,1,-1,-1
33,3,3,5,0,7,7,3,-1,-1,1,0
33,3,3,4,0,7,7,2,1,1,-1,-1
33,3,3,3,0,7,7,3,-1,-1,1,1
33,3,0,2,0,7,7,1,0,0,0,0
3,0,0,1,0,7,7,2,1,1,-1,-1
13,4,2,8,1,7,7,0,1,1,1,1
13,1,1,6,1,7,7,0,1,1,1,1
13,1,1,4,1,7,7,2,2,2,-1,-1
13,1,1,3,0,7,7,3,-1,-1,2,2
13,1,0,2,0,7,7,1,0,0,1,0
1,0,0,1,0,7,7,3,-1,-1,2,2
2,2,2,6,1,7,7,0,1,1,1,1
2,2,2,4,1,7,7,0,1,1,1,1
2,2,0,2,1,7,7,0,1,1,1,1
10,8,2,5,1,7,7,2,2,2,-1,-1
10,8,2,4,0,7,7,3,-1,-1,2,1
10,8,2,3,0,7,7,1,1,0,1,1
8,2,0,2,0,7,7,2,2,2,-1,-1
8,0,0,1,0,7,7,1,1,1,1,1
2,2,2,4,1,0,7,0,2,1,2,1
2,2,0,2,1,7,7,0,1,1,1,1
7,1,1,6,1,0,7,0,1,1,1,1
7,1,1,4,1,7,7,2,2,2,-1,-1
7,1,1,3,0,7,7,3,-1,-1,2,2
7,1,0,2,0,7,7,2,2,2,-1,-1
7,0,0,1,0,7,7,1,1,1,1,1
16,8,0,2,1,7,7,1,0,0,0,0
8,0,0,1,1,7,7,1,1,1,1,1
4,2,2,5,1,7,7,0,1,1,1,1
2,2,2,3,1,7,7,0,1,1,1,1
2,0,0,1,1,7,7,2,2,2,-1,-1
6,6,2,4,1,0,7,0,1,1,1,1
6,6,0,2,1,7,7,0,1,1,1,1
12,0,0,1,1,0,7,1,1,1,1,1
35,8,3,4,1,0,1,2,2,1,-1,-1
35,8,2,3,0,7,1,3,-1,-1,1,2
35,8,0,2,0,7,7,1,0,0,0,0
8,0,0,1,1,7,7,1,1,1,1,1
6,6,6,6,1,7,7,2,2,2,-1,-1
6,6,6,5,0,7,7,3,-1,-1,2,2
6,6,6,4,0,7,7,0,1,1,1,1
6,2,0,2,1,7,7,4,-1,-1,0,-1
6,2,0,2,1,7,0,2,1,1,-1,-1
2,0,0,1,0,7,7,3,-1,-1,2,1
9,7,7,6,1,7,7,2,1,1,-1,-1
9,7,7,5,0,7,7,3,-1,-1,1,1
9,7,7,4,1,7,7,1,1,0,1,1
7,7,3,3,0,7,7,4,-1,-1,0,-1
7,7,3,3,0,7,0,2,1,1,-1,-1
7,7,0,2,0,7,0,0,0,0,0,0
32,0,0,1,1,7,7,1,0,0,0,0
6,5,5,3,1,0,7,1,1,1,1,1
5,5,0,2,1,7,7,0,1,1,1,1
5,1,1,4,1,7,7,2,2,2,-1,-1
5,1,1,3,0,7,7,3,-1,-1,2,2
5,1,0,2,0,7,7,2,2,2,-1,-1
5,0,0,1,0,7,7,1,1,1,1,1
24,0,0,1,1,0,7,1,0,0,0,0
12,0,0,1,1,7,7,1,1,1,1,1
22,21,21,3,1,7,7,1,0,0,0,0
21,21,0,2,1,7,7,4,2,-1,-1,-1
21,21,0,2,1,0,7,0,0,0,0,0
24,0,0,1,1,7,7,1,0,0,0,0
52,2,2,7,1,0,7,2,2,2,-1,-1
52,2,2,6,0,7,7,3,-1,-1,2,2
52,2,2,5,0,7,7,2,2,2,-1,-1
52,2,2,4,0,7,7,3,-1,-1,2,2
52,2,2,3,0,7,7,2,2,2,-1,-1
52,2,0,2,0,7,7,1,0,0,0,0
2,0,0,1,1,7,7,2,2,2,-1,-1
44,5,5,5,1,7,7,0,1,1,1,1
44,5,5,3,1,7,7,4,-1,-1,2,-1
44,5,5,3,1,7,0,2,1,1,-1,-1
44,5,0,2,0,7,0,3,-1,-1,1,0
44,0,0,1,1,7,7,1,0,0,0,0
34,7,7,3,1,7,7,1,0,0,0,0
7,7,0,2,0,7,7,4,0,-1,-1,-1
7,7,0,2,0,0,7,0,0,0,0,0
2,1,1,3,1,7,7,0,1,1,1,1
1,0,0,1,1,7,7,2,2,2,-1,-1
2,1,1,7,1,7,7,0,1,1,1,1
1,1,1,5,1,7,7,0,1,1,1,1
1,1,1,3,1,7,7,0,1,1,1,1
1,0,0,1,1,7,7,2,2,2,-1,-1
4,4,4,3,1,0,7,1,2,1,2,1
4,4,0,2,1,7,7,0,1,1,1,1
16,16,0,2,1,0,1,0,0,0,0,0
24,4,4,7,1,7,7,0,1,1,1,1
24,4,4,5,1,7,7,2,2,1,-1,-1
24,4,4,4,0,7,7,3,-1,-1,1,1
24,4,4,3,0,7,7,2,1,1,-1,-1
24,4,0,2,0,7,7,3,-1,-1,1,1
24,0,0,1,0,7,7,1,0,0,0,0
4,1,1,5,1,7,7,0,1,1,1,1
1,1,1,3,1,7,7,0,1,1,1,1
1,0,0,1,1,7,7,2,2,2,-1,-1
5,2,1,3,1,7,7,0,1,1,1,2
1,0,0,1,0,7,7,3,-1,-1,1,2
2,2,1,6,1,7,7,0,1,1,1,1
1,1,1,4,1,7,7,0,1,1,1,1
1,1,0,2,1,7,7,0,1,1,1,1
4,0,0,1,1,7,7,1,1,1,1,1
4,0,0,1,1,7,7,1,1,1,1,1
9,1,1,4,1,7,7,2,2,2,-1,-1
9,1,1,3,0,7,7,3,-1,-1,2,1
9,1,0,2,0,7,7,1,1,1,1,2
1,0,0,1,0,7,7,2,2,2,-1,-1
6,1,1,3,1,0,7,0,1,1,2,1
1,0,0,1,0,7,7,3,-1,-1,1,2
5,1,1,8,1,7,7,0,1,1,1,1
5,1,1,6,1,7,7,0,1,1,1,1
5,1,1,4,1,7,7,0,1,1,1,1
5,1,0,2,1,7,7,0,1,1,0,2
8,0,0,1,1,7,7,1,1,1,1,1
8,2,2,3,1,0,7,0,1,1,1,1
8,0,0,1,1,7,7,1,1,1,1,1
12,0,0,1,1,0,7,1,1,1,1,1
6,2,0,2,1,7,7,0,1,1,0,2
4,2,2,7,1,7,7,0,1,1,1,1
2,2,2,5,1,7,7,0,1,1,1,1
2,2,2,3,1,7,7,0,1,1,1,1
2,0,0,1,1,7,7,2,2,2,-1,-1
4,4,0,2,1,0,7,0,1,1,1,1
4,4,4,6,1,7,7,0,1,1,1,1
4,4,4,4,1,7,7,0,1,1,1,1
4,4,0,2,1,7,7,0,1,1,1,1
16,9,7,7,1,7,7,2,1,1,-1,-1
16,9,7,6,0,7,7,3,-1,-1,1,1
16,9,7,5,1,7,7,0,1,1,1,2
16,9,7,3,0,7,7,4,-1,-1,0,-1
16,9,7,3,0,7,0,1,0,0,0,1
9,7,0,2,1,7,7,4,-1,-1,2,-1
9,7,0,2,1,7,0,0,0,0,0,0
3,1,1,6,1,7,7,0,1,1,1,1
1,1,1,4,1,7,7,0,1,1,1,1
1,1,0,2,1,7,7,0,1,1,1,1
24,0,0,1,1,7,7,1,0,0,0,0
7,1,1,6,1,7,7,0,1,1,1,1
7,1,1,4,1,7,7,2,2,2,-1,-1
7,1,1,3,0,7,7,3,-1,-1,2,2
7,1,0,2,0,7,7,2,2,2,-1,-1
7,0,0,1,0,7,7,1,1,1,1,1
30,10,5,4,1,0,7,0,1,1,1,2
30,10,0,2,0,7,7,4,-1,-1,0,-1
30,10,0,2,0,7,0,1,0,0,0,0
10,0,0,1,0,7,7,1,1,0,1,1
32,0,0,1,1,7,7,1,0,0,0,0
6,2,2,4,1,7,7,2,2,2,-1,-1
6,2,2,3,0,7,7,3,-1,-1,2,2
6,2,0,2,0,7,7,2,2,2,-1,-1
6,0,0,1,0,7,7,1,1,1,1,1
16,0,0,1,1,0,7,1,0,0,0,0
4,1,1,5,1,7,7,0,1,1,1,1
1,1,1,3,1,7,7,0,1,1,1,1
1,0,0,1,1,7,7,2,2,2,-1,-1
32,0,0,1,1,7,7,1,0,0,0,0
48,0,0,1,1,7,7,1,0,0,0,0
18,1,1,7,1,7,7,0,1,1,1,1
18,1,1,5,1,7,7,2,2,2,-1,-1
18,1,1,4,0,7,7,3,-1,-1,2,2
18,1,1,3,0,7,7,2,2,2,-1,-1
18,1,0,2,0,7,7,1,0,0,0,0
1,0,0,1,0,7,7,2,2,2,-1,-1
18,1,1,7,1,0,1,0,2,1,2,1
18,1,1,5,1,7,7,2,2,2,-1,-1
18,1,1,4,0,7,7,3,-1,-1,2,2
18,1,1,3,0,7,7,2,2,2,-1,-1
18,1,0,2,0,7,7,1,0,0,0,0
1,0,0,1,0,7,7,2,2,2,-1,-1
8,8,4,4,1,0,7,2,1,1,-1,-1
8,8,4,3,0,7,7,3,-1,-1,1,2
8,8,0,2,0,7,7,0,0,0,0,0
1,1,1,4,1,0,7,0,2,1,2,1
1,1,0,2,1,7,7,0,1,1,1,1
10,6,0,2,1,0,7,0,0,0,0,0
6,2,1,6,1,0,7,0,1,1,1,1
6,1,1,4,1,7,7,2,2,2,-1,-1
6,1,1,3,0,7,7,3,-1,-1,2,2
6,1,0,2,0,7,7,2,2,2,-1,-1
6,0,0,1,0,7,7,1,1,1,1,1
10,8,2,5,1,7,7,2,2,2,-1,-1
10,8,2,4,0,7,7,3,-1,-1,2,1
10,8,2,3,0,7,7,1,1,0,1,1
8,2,0,2,0,7,7,2,2,2,-1,-1
8,0,0,1,0,7,7,1,1,1,1,1
2,2,1,7,1,7,7,0,1,1,1,1
1,1,1,5,1,7,7,0,1,1,1,1
1,1,1,3,1,7,7,0,1,1,1,1
1,0,0,1,1,7,7,2,2,2,-1,-1
16,16,16,4,1,7,7,1,0,0,0,1
16,16,16,3,1,7,7,4,-1,-1,2,-1
16,16,16,3,1,7,0,1,0,0,0,1
16,16,0,2,1,7,7,4,-1,-1,2,-1
16,16,0,2,1,7,0,0,0,0,0,0
32,32,0,2,1,7,7,0,0,0,0,0
8,4,0,2,1,7,7,0,0,0,0,0
18,10,7,6,1,7,7,2,1,1,-1,-1
18,10,7,5,0,7,7,3,-1,-1,1,1
18,10,7,4,1,7,7,2,2,1,-1,-1
18,10,7,3,0,7,7,3,-1,-1,0,0
18,10,0,2,0,7,7,4,0,-1,-1,-1
18,10,0,2,0,0,7,1,0,0,0,0
10,0,0,1,0,7,7,1,1,0,1,1
7,3,3,4,1,7,7,2,2,1,-1,-1
7,3,3,3,0,7,7,3,-1,-1,1,1
7,3,0,2,0,7,7,2,1,1,-1,-1
7,0,0,1,0,7,7,1,1,1,1,1
32,0,0,1,1,7,7,1,0,0,0,0
16,0,0,1,1,7,7,1,0,0,0,0
4,2,1,4,1,0,7,0,1,1,2,2
1,1,0,2,0,7,7,3,-1,-1,1,2
1,0,0,1,0,7,7,2,2,2,-1,-1
45,19,0,2,1,7,7,1,0,0,0,0
19,0,0,1,0,7,7,1,0,0,0,0
6,3,3,3,1,7,7,0,1,1,1,1
6,0,0,1,1,7,7,1,1,1,1,1
2,1,1,7,1,7,7,0,1,1,1,1
1,1,1,5,1,7,7,0,1,1,1,1
1,1,1,3,1,7,7,0,1,1,1,1
1,0,0,1,1,7,7,2,2,2,-1,-1
7,5,5,6,1,7,7,0,1,1,1,1
7,5,5,4,1,7,7,4,-1,-1,0,-1
7,5,5,4,1,7,0,2,1,1,-1,-1
7,5,5,3,0,7,0,3,-1,-1,1,2
7,5,0,2,0,7,7,4,2,-1,-1,-1
7,5,0,2,0,0,7,0,0,0,0,0
16,0,0,1,1,0,7,1,0,0,0,0
3,3,1,4,1,7,7,0,1,1,1,1
1,1,0,2,1,7,7,0,1,1,1,1
8,0,0,1,1,0,7,1,1,1,1,1
8,8,8,8,1,7,7,2,1,1,-1,-1
8,8,8,7,0,7,7,3,-1,-1,1,1
8,8,8,6,1,7,7,2,1,1,-1,-1
8,8,8,5,0,7,7,3,-1,-1,1,1
8,8,8,4,1,7,7,0,0,0,0,1
8,8,0,2,1,7,7,4,-1,-1,2,-1
8,8,0,2,1,7,0,0,0,0,0,0
49,9,3,5,1,0,1,2,2,1,-1,-1
49,9,2,4,0,7,1,3,-1,-1,2,1
49,9,1,3,1,7,7,2,2,2,-1,-1
49,9,0,2,0,7,7,1,0,0,0,0
9,0,0,1,0,7,7,1,1,0,1,1
5,1,1,8,1,7,7,0,1,1,1,1
5,1,1,6,1,7,7,0,1,1,1,1
5,1,1,4,1,7,7,0,1,1,1,1
5,1,0,2,1,7,7,0,1,1,0,2
12,0,0,1,1,7,7,1,1,1,1,1
1,1,1,4,1,7,7,0,1,1,1,1
1,1,0,2,1,7,7,0,1,1,1,1
40,4,4,7,1,7,7,2,1,1,-1,-1
40,4,4,6,0,7,7,3,-1,-1,1,1
40,4,4,5,1,7,7,2,2,1,-1,-1
40,4,4,4,0,7,7,3,-1,-1,1,1
40,4,4,3,0,7,7,2,1,1,-1,-1
40,4,0,2,0,7,7,3,-1,-1,1,1
40,0,0,1,0,7,7,1,0,0,0,0
6,2,1,6,1,0,1,0,2,1,2,1
6,1,1,4,1,7,7,2,2,2,-1,-1
6,1,1,3,0,7,7,3,-1,-1,2,2
6,1,0,2,0,7,7,2,2,2,-1,-1
6,0,0,1,0,7,7,1,1,1,1,1
64,0,0,1,1,0,7,1,0,0,0,0
17,3,3,6,1,7,7,0,1,1,1,1
17,3,3,4,1,7,7,2,2,1,-1,-1
17,3,3,3,0,7,7,3,-1,-1,1,1
17,3,0,2,0,7,7,1,0,0,0,0
3,0,0,1,0,7,7,2,1,1,-1,-1
13,1,1,4,1,7,7,2,2,2,-1,-1
13,1,1,3,0,7,7,3,-1,-1,2,1
13,1,0,2,0,7,7,1,0,0,1,0
1,0,0,1,0,7,7,3,-1,-1,2,2
23,5,5,6,1,7,7,0,1,1,1,1
23,5,5,4,1,7,7,4,-1,-1,0,-1
23,5,5,4,1,7,0,2,1,1,-1,-1
23,5,5,3,0,7,0,3,-1,-1,1,2
23,5,0,2,0,7,7,4,2,-1,-1,-1
23,5,0,2,0,0,7,1,0,0,0,0
5,0,0,1,1,7,7,1,1,1,1,1
1,1,1,8,1,0,7,0,2,1,2,1
1,1,1,6,1,7,7,0,1,1,1,1
1,1,1,4,1,7,7,0,1,1,1,1
1,1,0,2,1,7,7,0,1,1,1,1
12,2,1,4,1,0,1,0,2,1,2,1
12,1,0,2,1,7,7,1,1,1,1,1
1,0,0,1,1,7,7,2,2,2,-1,-1
5,1,1,8,1,7,7,0,1,1,1,1
5,1,1,6,1,7,7,0,1,1,1,1
5,1,1,4,1,7,7,0,1,1,1,1
5,1,0,2,1,7,7,0,1,1,0,2
12,0,0,1,1,7,7,1,1,1,1,1
12,12,12,4,1,7,7,1,1,0,1,1
12,12,12,3,0,7,7,4,-1,-1,2,-1
12,12,12,3,0,7,0,1,1,1,1,1
12,12,0,2,1,7,7,4,-1,-1,0,-1
12,12,0,2,1,7,0,2,0,0,-1,-1
12,0,0,1,0,7,7,3,-1,-1,0,2
12,2,2,3,1,0,7,1,1,1,1,1
2,2,0,2,1,7,7,0,1,1,1,1
4,0,0,1,1,7,7,1,1,1,1,1
4,0,0,1,1,7,7,1,1,1,1,1
5,3,2,4,1,7,7,2,2,1,-1,-1
5,3,2,3,0,7,7,3,-1,-1,1,1
5,2,0,2,0,7,7,2,1,1,-1,-1
2,0,0,1,0,7,7,3,-1,-1,1,2
22,12,8,8,1,7,7,2,1,1,-1,-1
22,12,8,7,0,7,7,3,-1,-1,1,1
22,12,8,6,1,7,7,2,1,1,-1,-1
22,12,8,5,0,7,7,3,-1,-1,1,1
22,12,8,4,0,7,7,2,1,1,-1,-1
22,12,8,3,0,7,7,3,-1,-1,0,0
22,12,0,2,0,7,7,1,0,0,0,0
12,0,0,1,1,7,7,1,1,1,1,1
4,4,4,3,1,7,7,0,1,1,1,1
4,0,0,1,1,7,7,1,1,1,1,1
30,9,9,3,1,7,7,1,0,0,0,0
9,9,0,2,0,7,7,4,0,-1,-1,-1
9,9,0,2,0,0,7,0,0,0,0,0
9,7,0,2,1,0,7,0,0,0,0,0
3,1,0,2,1,0,1,0,1,1,1,1
44,10,10,3,1,7,7,1,0,0,0,0
10,10,0,2,1,7,7,4,0,-1,-1,-1
10,10,0,2,1,0,7,0,0,0,0,0
2,2,2,8,1,0,7,0,2,1,2,1
2,2,1,6,1,7,7,0,1,1,1,1
1,1,1,4,1,7,7,0,1,1,1,1
1,1,0,2,1,7,7,0,1,1,1,1
22,10,0,2,1,7,7,1,0,0,0,0
10,0,0,1,1,7,7,1,1,0,1,1
8,1,1,5,1,7,7,0,1,1,1,1
8,1,1,3,1,7,7,2,2,2,-1,-1
8,1,0,2,0,7,7,1,1,1,1,1
1,0,0,1,1,7,7,2,2,2,-1,-1
9,3,1,6,1,7,7,0,1,1,1,1
9,1,1,4,1,7,7,2,2,2,-1,-1
9,1,1,3,0,7,7,3,-1,-1,2,2
9,1,0,2,0,7,7,1,1,1,1,2
1,0,0,1,0,7,7,2,2,2,-1,-1
64,0,0,1,1,7,7,1,0,0,0,0
21,1,1,4,1,7,7,2,2,2,-1,-1
21,1,1,3,0,7,7,3,-1,-1,2,1
21,1,0,2,0,7,7,1,0,0,0,0
1,0,0,1,0,7,7,3,-1,-1,2,2
12,10,10,3,1,7,7,1,1,0,1,1
10,10,0,2,0,7,7,4,-1,-1,2,-1
10,10,0,2,0,7,0,0,0,0,0,0
13,5,3,5,1,7,7,2,2,1,-1,-1
13,5,3,4,0,7,7,3,-1,-1,1,1
13,5,1,3,0,7,7,2,1,1,-1,-1
13,5,0,2,0,7,7,1,0,0,0,0
5,0,0,1,1,7,7,1,1,1,1,1
39,25,0,2,1,7,7,1,0,0,0,0
25,0,0,1,1,7,7,1,0,0,0,0
2,1,1,3,1,0,1,0,2,1,2,1
1,0,0,1,1,7,7,2,2,2,-1,-1
2,1,1,3,1,0,1,0,2,1,2,1
1,0,0,1,1,7,7,2,2,2,-1,-1
32,0,0,1,1,7,7,1,0,0,0,0
5,3,2,8,1,0,7,0,1,1,1,1
5,2,1,6,1,7,7,0,1,1,1,1
5,1,1,4,1,7,7,0,1,1,1,1
5,1,0,2,1,7,7,0,1,1,0,2
16,16,0,2,1,7,7,0,0,0,0,0
10,6,0,2,1,7,7,0,0,0,0,0
8,0,0,1,1,7,7,1,1,1,1,1
6,1,1,3,1,0,7,0,1,1,2,1
1,0,0,1,0,7,7,3,-1,-1,1,2
4,4,0,2,1,7,7,0,1,1,1,1
4,2,2,3,1,7,7,0,1,1,1,1
2,0,0,1,1,7,7,2,2,2,-1,-1
33,9,4,4,1,0,7,2,2,1,-1,-1
33,9,2,3,0,7,7,3,-1,-1,1,2
33,9,0,2,0,7,7,1,0,0,0,0
9,0,0,1,0,7,7,1,1,0,1,1
3,3,3,8,1,0,7,0,1,1,2,2
3,3,3,6,0,7,7,3,-1,-1,1,2
3,3,3,5,0,7,7,0,1,1,1,1
3,1,1,3,1,7,7,0,1,1,1,1
1,0,0,1,1,7,7,2,2,2,-1,-1
40,6,6,5,1,7,7,0,1,1,1,1
40,6,6,3,1,7,7,4,-1,-1,2,-1
40,6,6,3,1,7,0,2,1,1,-1,-1
40,6,0,2,0,7,0,3,-1,-1,1,0
40,0,0,1,1,7,7,1,0,0,0,0
12,0,0,1,1,7,7,1,1,1,1,1
9,1,1,4,1,7,7,2,2,2,-1,-1
9,1,1,3,0,7,7,3,-1,-1,2,1
9,1,0,2,0,7,7,1,1,1,1,2
1,0,0,1,0,7,7,2,2,2,-1,-1
3,3,3,6,1,7,7,0,1,1,1,1
3,1,1,4,1,7,7,0,1,1,1,1
1,1,0,2,1,7,7,0,1,1,1,1
28,5,5,5,1,7,7,0,1,1,1,1
28,5,5,3,1,7,7,4,-1,-1,2,-1
28,5,5,3,1,7,0,2,1,1,-1,-1
28,5,0,2,0,7,0,3,-1,-1,1,0
28,0,0,1,1,7,7,1,0,0,0,0
17,16,5,5,1,7,7,0,1,1,1,1
17,16,5,3,1,7,7,4,-1,-1,0,-1
17,16,5,3,1,7,0,2,1,1,-1,-1
17,16,0,2,0,7,0,0,0,0,0,0
2,1,1,3,1,7,7,0,1,1,1,1
1,0,0,1,1,7,7,2,2,2,-1,-1
16,15,15,6,1,7,7,0,1,0,1,1
16,15,15,4,0,7,7,4,-1,-1,2,-1
16,15,15,4,0,7,0,1,0,0,0,1
15,15,6,3,1,7,7,4,-1,-1,0,-1
15,15,6,3,1,7,0,2,1,1,-1,-1
15,15,0,2,0,7,0,0,0,0,0,0
36,12,0,2,1,0,7,1,0,0,0,0
12,0,0,1,1,7,7,1,1,1,1,1
3,1,1,6,1,7,7,0,1,1,1,1
1,1,1,4,1,7,7,0,1,1,1,1
1,1,0,2,1,7,7,0,1,1,1,1
4,1,1,5,1,7,7,0,1,1,1,1
1,1,1,3,1,7,7,0,1,1,1,1
1,0,0,1,1,7,7,2,2,2,-1,-1
42,11,5,6,1,7,7,2,2,1,-1,-1
42,11,5,5,0,7,7,3,-1,-1,2,1
42,11,5,4,1,7,7,2,2,2,-1,-1
42,11,5,3,0,7,7,1,0,0,0,0
11,5,0,2,1,7,7,4,0,-1,-1,-1
11,5,0,2,1,0,7,1,1,1,1,1
5,0,0,1,1,7,7,1,1,1,1,1
7,3,3,4,1,7,7,2,2,1,-1,-1
7,3,3,3,0,7,7,3,-1,-1,1,1
7,3,0,2,0,7,7,2,1,1,-1,-1
7,0,0,1,0,7,7,1,1,1,1,1
44,10,4,8,1,0,1,2,2,2,-1,-1
44,10,4,7,0,7,1,3,-1,-1,2,2
44,10,4,6,0,7,7,2,2,2,-1,-1
44,10,4,5,0,7,7,3,-1,-1,2,1
44,10,4,4,0,7,7,2,1,1,-1,-1
44,10,1,3,0,7,7,3,-1,-1,1,2
44,10,0,2,0,7,7,1,0,0,0,0
10,0,0,1,1,7,7,1,1,0,1,1
8,8,8,8,1,0,1,1,1,1,1,1
8,8,8,7,1,7,7,0,0,0,0,1
8,8,8,5,1,7,7,4,-1,-1,2,-1
8,8,8,5,1,7,0,1,1,1,1,1
8,8,8,4,1,7,7,0,0,0,0,1
8,8,0,2,1,7,7,4,-1,-1,2,-1
8,8,0,2,1,7,0,0,0,0,0,0
3,1,0,2,1,0,7,0,1,1,1,1
8,8,8,6,1,7,7,0,0,0,0,1
8,8,8,4,1,7,7,4,-1,-1,2,-1
8,8,8,4,1,7,0,1,1,1,1,1
8,8,8,3,1,7,7,1,1,1,1,1
8,8,0,2,1,7,7,0,0,0,0,0
3,3,3,4,1,0,1,0,1,1,1,1
3,3,0,2,1,7,7,0,1,1,1,1
4,3,2,5,1,0,7,0,1,1,2,2
3,2,1,3,0,7,7,3,-1,-1,1,2
3,1,0,2,0,7,7,0,1,1,1,1
13,5,3,5,1,0,1,2,2,1,-1,-1
13,5,3,4,0,7,1,3,-1,-1,1,1
13,5,1,3,0,7,7,2,1,1,-1,-1
13,5,0,2,0,7,7,1,0,0,0,0
5,0,0,1,1,7,7,1,1,1,1,1
35,9,4,3,1,7,7,1,0,0,0,0
9,4,0,2,1,7,7,4,0,-1,-1,-1
9,4,0,2,1,0,7,4,-1,-1,0,-1
9,4,0,2,1,0,0,1,1,1,1,1
4,0,0,1,0,7,7,2,1,1,-1,-1
3,1,1,6,1,7,7,0,1,1,1,1
1,1,1,4,1,7,7,0,1,1,1,1
1,1,0,2,1,7,7,0,1,1,1,1
25,16,13,4,1,7,7,1,0,1,0,0
16,13,10,3,0,7,7,4,0,-1,-1,-1
16,13,10,3,0,0,7,4,-1,-1,0,-1
16,13,10,3,0,0,0,1,0,0,0,1
13,10,0,2,1,7,7,4,-1,-1,2,-1
13,10,0,2,1,7,0,0,0,0,0,0
7,1,1,6,1,0,7,0,1,1,1,1
7,1,1,4,1,7,7,2,2,2,-1,-1
7,1,1,3,0,7,7,3,-1,-1,2,2
7,1,0,2,0,7,7,2,2,2,-1,-1
7,0,0,1,0,7,7,1,1,1,1,1
6,3,1,5,1,7,7,0,1,1,1,1
6,1,1,3,1,7,7,2,2,2,-1,-1
6,1,0,2,0,7,7,0,1,1,0,2
32,32,0,2,1,7,7,0,0,0,0,0
16,0,0,1,1,7,7,1,0,0,0,0
40,6,6,5,1,7,7,0,1,1,1,1
40,6,6,3,1,7,7,4,-1,-1,2,-1
40,6,6,3,1,7,0,2,1,1,-1,-1
40,6,0,2,0,7,0,3,-1,-1,1,0
40,0,0,1,1,7,7,1,0,0,0,0
16,0,0,1,1,7,7,1,0,0,0,0
10,3,2,4,1,7,7,2,2,1,-1,-1
10,2,1,3,0,7,7,3,-1,-1,1,2
10,1,0,2,0,7,7,1,1,1,1,2
1,0,0,1,0,7,7,2,2,2,-1,-1
2,2,1,7,1,7,7,0,1,1,1,1
1,1,1,5,1,7,7,0,1,1,1,1
1,1,1,3,1,7,7,0,1,1,1,1
1,0,0,1,1,7,7,2,2,2,-1,-1
50,2,2,8,1,7,7,2,2,2,-1,-1
50,2,2,7,0,7,7,3,-1,-1,2,2
50,2,2,6,0,7,7,2,2,2,-1,-1
50,2,2,5,0,7,7,3,-1,-1,2,2
50,2,2,4,0,7,7,2,2,2,-1,-1
50,2,2,3,0,7,7,3,-1,-1,2,2
50,2,0,2,0,7,7,1,0,0,0,0
2,0,0,1,0,7,7,2,2,2,-1,-1
15,15,14,7,1,7,7,0,1,1,1,1
15,15,14,5,1,7,7,4,-1,-1,0,-1
15,15,14,5,1,7,0,2,1,1,-1,-1
15,15,14,4,0,7,0,3,-1,-1,1,2
15,15,14,3,0,7,7,4,2,-1,-1,-1
15,15,14,3,0,0,7,1,0,0,0,1
15,14,0,2,1,7,7,4,-1,-1,2,-1
15,14,0,2,1,7,0,0,0,0,0,0
3,3,3,6,1,7,7,0,1,1,1,1
3,1,1,4,1,7,7,0,1,1,1,1
1,1,0,2,1,7,7,0,1,1,1,1
10,2,2,4,1,0,7,2,2,2,-1,-1
10,2,2,3,0,7,7,3,-1,-1,2,1
10,2,0,2,0,7,7,1,1,1,1,2
2,0,0,1,0,7,7,2,2,2,-1,-1
11,5,3,6,1,7,7,2,2,2,-1,-1
11,5,3,5,0,7,7,3,-1,-1,2,2
11,5,3,4,0,7,7,2,2,1,-1,-1
11,5,3,3,0,7,7,1,1,1,1,1
5,3,0,2,1,7,7,0,1,1,1,0
10,6,0,2,1,7,7,0,0,0,0,0
8,8,4,4,1,0,7,2,1,1,-1,-1
8,8,4,3,0,7,7,3,-1,-1,1,2
8,8,0,2,0,7,7,0,0,0,0,0
12,5,3,5,1,7,7,2,2,2,-1,-1
12,5,3,4,0,7,7,3,-1,-1,2,1
12,5,3,3,0,7,7,2,1,1,-1,-1
12,5,0,2,0,7,7,3,-1,-1,1,1
12,0,0,1,0,7,7,1,1,1,1,1
39,9,0,2,1,7,7,1,0,0,0,0
9,0,0,1,1,7,7,1,1,0,1,1
34,7,7,3,1,7,7,1,0,0,0,0
7,7,0,2,0,7,7,4,0,-1,-1,-1
7,7,0,2,0,0,7,0,0,0,0,0
40,12,6,5,1,7,7,2,2,1,-1,-1
40,12,6,4,0,7,7,3,-1,-1,1,1
40,12,6,3,0,7,7,2,1,1,-1,-1
40,12,0,2,0,7,7,1,0,0,0,0
12,0,0,1,1,7,7,1,1,1,1,1
12,0,0,1,1,7,7,1,1,1,1,1
13,6,4,8,1,0,7,0,1,1,1,1
13,6,2,6,1,7,7,2,2,2,-1,-1
13,6,2,5,0,7,7,3,-1,-1,2,2
13,6,1,4,0,7,7,2,2,1,-1,-1
13,6,1,3,0,7,7,1,0,0,0,1
6,1,0,2,1,7,7,4,-1,-1,2,-1
6,1,0,2,1,7,0,0,0,2,1,1
22,10,6,6,1,7,7,0,1,1,1,0
22,10,3,4,0,7,7,4,0,-1,-1,-1
22,10,3,4,0,0,7,3,-1,-1,1,1
22,10,3,3,0,0,7,2,1,1,-1,-1
22,10,0,2,0,7,7,1,0,0,0,0
10,0,0,1,1,7,7,1,1,0,1,1
19,1,1,6,1,7,7,2,2,2,-1,-1
19,1,1,5,0,7,7,3,-1,-1,2,2
19,1,1,4,0,7,7,2,2,2,-1,-1
19,1,1,3,0,7,7,3,-1,-1,2,2
19,1,0,2,0,7,7,1,0,0,0,0
1,0,0,1,1,7,7,2,2,2,-1,-1
5,1,1,8,1,7,7,0,1,1,1,1
5,1,1,6,1,7,7,0,1,1,1,1
5,1,1,4,1,7,7,0,1,1,1,1
5,1,0,2,1,7,7,0,1,1,0,2
9,3,0,2,1,7,7,0,0,0,0,0
17,6,4,6,1,7,7,2,2,2,-1,-1
17,6,4,5,0,7,7,3,-1,-1,2,1
17,6,4,4,0,7,7,2,1,1,-1,-1
17,6,1,3,0,7,7,3,-1,-1,1,2
17,6,0,2,0,7,7,1,0,0,0,0
6,0,0,1,0,7,7,1,1,1,1,1
48,0,0,1,1,0,7,1,0,0,0,0
8,4,0,2,1,0,7,0,0,0,0,0
3,2,1,5,1,7,7,0,1,1,1,1
1,1,1,3,1,7,7,0,1,1,1,1
1,0,0,1,1,7,7,2,2,2,-1,-1
2,2,2,8,1,7,7,0,1,1,1,1
2,2,2,6,1,7,7,0,1,1,1,1
2,2,2,4,1,7,7,0,1,1,1,1
2,2,0,2,1,7,7,0,1,1,1,1
6,3,3,3,1,0,7,0,1,1,1,1
6,0,0,1,1,7,7,1,1,1,1,1
3,3,3,8,1,0,7,0,1,1,1,1
3,3,3,6,1,7,7,0,1,1,1,1
3,3,3,4,1,7,7,0,1,1,1,1
3,3,0,2,1,7,7,0,1,1,1,1
2,2,0,2,1,0,7,0,2,1,2,1
17,15,0,2,1,7,7,0,0,0,0,0
12,2,2,3,1,7,7,1,1,1,1,1
2,2,0,2,1,7,7,0,1,1,1,1
8,4,4,7,1,7,7,0,1,1,1,1
8,4,4,5,1,7,7,0,1,1,1,1
8,4,4,3,1,7,7,0,1,1,1,1
8,0,0,1,1,7,7,1,1,1,1,1
16,4,1,6,1,0,7,0,1,1,1,1
16,1,1,4,1,7,7,2,2,2,-1,-1
16,1,1,3,0,7,7,3,-1,-1,2,2
16,1,0,2,0,7,7,1,0,0,0,0
1,0,0,1,1,7,7,2,2,2,-1,-1
3,3,3,8,1,0,7,0,1,1,1,1
3,3,3,6,1,7,7,0,1,1,1,1
3,3,3,4,1,7,7,0,1,1,1,1
3,3,0,2,1,7,7,0,1,1,1,1
6,6,0,2,1,7,7,0,1,1,1,1
6,6,2,4,1,7,7,0,1,1,1,1
6,6,0,2,1,7,7,0,1,1,1,1
5,4,3,5,1,7,7,0,1,1,1,1
5,2,2,3,1,7,7,2,2,2,-1,-1
5,2,0,2,0,7,7,0,1,1,0,2
12,4,4,4,1,7,7,2,2,1,-1,-1
12,4,4,3,0,7,7,3,-1,-1,1,1
12,4,0,2,0,7,7,2,1,1,-1,-1
12,0,0,1,0,7,7,1,1,1,1,1
22,6,3,4,1,7,7,2,2,2,-1,-1
22,6,3,3,0,7,7,1,0,0,0,0
6,3,0,2,1,7,7,0,1,1,1,0
48,0,0,1,1,0,7,1,0,0,0,0
6,6,6,4,1,7,7,0,1,1,1,1
6,6,0,2,1,7,7,4,-1,-1,0,-1
6,6,0,2,1,7,0,2,1,1,-1,-1
6,0,0,1,0,7,7,3,-1,-1,1,2
4,0,0,1,1,7,7,1,1,1,1,1
13,4,2,8,1,7,7,0,1,1,1,1
13,1,1,6,1,7,7,0,1,1,1,1
13,1,1,4,1,7,7,2,2,2,-1,-1
13,1,1,3,0,7,7,3,-1,-1,2,2
13,1,0,2,0,7,7,1,0,0,1,0
1,0,0,1,0,7,7,3,-1,-1,2,2
2,1,1,3,1,0,7,0,2,1,2,1
1,0,0,1,1,7,7,2,2,2,-1,-1
3,2,1,5,1,7,7,0,1,1,1,1
1,1,1,3,1,7,7,0,1,1,1,1
1,0,0,1,1,7,7,2,2,2,-1,-1
19,4,1,3,1,7,7,1,0,0,0,0
4,1,0,2,1,7,7,0,1,1,1,1
1,1,1,4,1,7,7,0,1,1,1,1
1,1,0,2,1,7,7,0,1,1,1,1
8,4,4,5,1,0,7,0,1,1,1,1
8,4,4,3,1,7,7,0,1,1,1,1
8,0,0,1,1,7,7,1,1,1,1,1
3,3,3,4,1,0,7,0,1,1,1,1
3,3,0,2,1,7,7,0,1,1,1,1
1,1,1,4,1,7,7,0,1,1,1,1
1,1,0,2,1,7,7,0,1,1,1,1
4,0,0,1,1,7,7,1,1,1,1,1
10,4,3,8,1,7,7,0,1,1,1,1
10,2,2,6,1,7,7,0,1,1,1,1
10,1,1,4,1,7,7,2,2,2,-1,-1
10,1,1,3,0,7,7,3,-1,-1,2,2
10,1,0,2,0,7,7,1,1,1,1,2
1,0,0,1,0,7,7,2,2,2,-1,-1
3,3,3,8,1,7,7,0,1,1,1,1
3,3,1,6,1,7,7,0,1,1,1,1
1,1,1,4,1,7,7,0,1,1,1,1
1,1,0,2,1,7,7,0,1,1,1,1
8,8,8,8,1,7,7,2,1,1,-1,-1
8,8,8,7,0,7,7,3,-1,-1,1,1
8,8,8,6,1,7,7,2,1,1,-1,-1
8,8,8,5,0,7,7,3,-1,-1,1,1
8,8,8,4,1,7,7,0,0,0,0,1
8,8,0,2,1,7,7,4,-1,-1,2,-1
8,8,0,2,1,7,0,0,0,0,0,0
18,14,0,2,1,0,7,0,0,0,0,0
22,2,2,6,1,7,7,2,2,2,-1,-1
22,2,2,5,0,7,7,3,-1,-1,2,2
22,2,2,4,0,7,7,2,2,2,-1,-1
22,2,2,3,0,7,7,3,-1,-1,2,2
22,2,0,2,0,7,7,1,0,0,1,0
2,0,0,1,0,7,7,2,2,2,-1,-1
16,6,4,7,1,0,7,0,1,1,1,1
16,6,2,5,1,7,7,2,2,2,-1,-1
16,6,1,4,0,7,7,3,-1,-1,2,2
16,6,1,3,0,7,7,2,2,2,-1,-1
16,6,0,2,0,7,7,1,0,0,0,0
6,0,0,1,1,7,7,1,1,1,1,1
16,4,4,3,1,0,1,1,0,0,0,0
4,4,0,2,1,7,7,0,1,1,1,1
8,4,4,7,1,7,7,0,1,1,1,1
8,4,4,5,1,7,7,0,1,1,1,1
8,4,4,3,1,7,7,0,1,1,1,1
8,0,0,1,1,7,7,1,1,1,1,1
22,2,2,6,1,7,7,2,2,2,-1,-1
22,2,2,5,0,7,7,3,-1,-1,2,2
22,2,2,4,0,7,7,2,2,2,-1,-1
22,2,2,3,0,7,7,3,-1,-1,2,2
22,2,0,2,0,7,7,1,0,0,1,0
2,0,0,1,0,7,7,2,2,2,-1,-1
20,6,6,3,1,7,7,1,0,0,0,1
6,6,0,2,1,7,7,4,-1,-1,2,-1
6,6,0,2,1,7,0,0,1,1,1,1
4,4,2,4,1,0,7,0,1,1,2,2
4,2,0,2,0,7,7,3,-1,-1,1,1
2,0,0,1,0,7,7,2,1,2,-1,-1
48,0,0,1,1,7,7,1,0,0,0,0
8,0,0,1,1,7,7,1,1,1,1,1
8,3,2,6,1,7,7,0,1,1,1,1
8,1,1,4,1,7,7,2,2,2,-1,-1
8,1,1,3,0,7,7,3,-1,-1,2,2
8,1,0,2,0,7,7,2,2,2,-1,-1
8,0,0,1,0,7,7,1,1,1,1,1
22,9,6,7,1,0,7,2,2,2,-1,-1
22,9,6,6,0,7,7,3,-1,-1,2,1
22,9,6,5,0,7,7,2,1,2,-1,-1
22,9,6,4,0,7,7,3,-1,-1,1,1
22,9,6,3,0,7,7,4,0,-1,-1,-1
22,9,6,3,0,0,7,1,0,0,0,0
9,6,0,2,1,7,7,4,2,-1,-1,-1
9,6,0,2,1,0,7,0,0,0,0,0
2,2,2,8,1,7,7,0,1,1,1,1
2,2,2,6,1,7,7,0,1,1,1,1
2,2,2,4,1,7,7,0,1,1,1,1
2,2,0,2,1,7,7,0,1,1,1,1
4,0,0,1,1,7,7,1,1,1,1,1
17,16,5,5,1,7,7,0,1,1,1,1
17,16,5,3,1,7,7,4,-1,-1,0,-1
17,16,5,3,1,7,0,2,1,1,-1,-1
17,16,0,2,0,7,0,0,0,0,0,0
4,0,0,1,1,7,7,1,1,1,1,1
6,6,0,2,1,0,7,0,1,1,1,1
18,6,6,6,1,7,7,0,1,1,1,1
18,6,6,4,1,7,7,4,-1,-1,0,-1
18,6,6,4,1,7,0,2,1,1,-1,-1
18,6,6,3,0,7,0,3,-1,-1,1,2
18,6,0,2,0,7,7,4,2,-1,-1,-1
18,6,0,2,0,0,7,1,0,0,0,0
6,0,0,1,0,7,7,1,1,1,1,1
25,9,5,6,1,0,7,2,1,2,-1,-1
25,9,5,5,0,7,7,3,-1,-1,1,1
25,9,4,4,0,7,7,2,1,1,-1,-1
25,9,3,3,0,7,7,3,-1,-1,1,1
25,9,0,2,0,7,7,1,0,0,0,0
9,0,0,1,0,7,7,1,1,0,1,1
64,0,0,1,1,7,7,1,0,0,0,0
15,15,14,7,1,7,7,0,1,1,1,1
15,15,14,5,1,7,7,4,-1,-1,0,-1
15,15,14,5,1,7,0,2,1,1,-1,-1
15,15,14,4,0,7,0,3,-1,-1,1,2
15,15,14,3,0,7,7,4,2,-1,-1,-1
15,15,14,3,0,0,7,1,0,0,0,1
15,14,0,2,1,7,7,4,-1,-1,2,-1
15,14,0,2,1,7,0,0,0,0,0,0
32,0,0,1,1,0,7,1,0,0,0,0
48,16,0,2,1,7,7,1,0,0,0,0
16,0,0,1,1,7,7,1,0,0,0,0
1,1,1,8,1,0,7,0,2,1,2,1
1,1,1,6,1,7,7,0,1,1,1,1
1,1,1,4,1,7,7,0,1,1,1,1
1,1,0,2,1,7,7,0,1,1,1,1
24,2,2,5,1,0,7,2,2,2,-1,-1
24,2,2,4,0,7,7,3,-1,-1,2,2
24,2,2,3,0,7,7,2,2,2,-1,-1
24,2,0,2,0,7,7,1,0,0,0,0
2,0,0,1,1,7,7,2,2,2,-1,-1
24,24,0,2,1,7,7,0,0,0,0,0
1,1,1,4,1,7,7,0,1,1,1,1
1,1,0,2,1,7,7,0,1,1,1,1
6,6,4,7,1,7,7,0,1,1,1,1
6,6,2,5,1,7,7,0,1,1,1,1
6,6,2,3,1,7,7,2,2,2,-1,-1
6,6,0,2,0,7,7,0,1,1,1,1
1,1,1,8,1,7,7,0,1,1,1,1
1,1,1,6,1,7,7,0,1,1,1,1
1,1,1,4,1,7,7,0,1,1,1,1
1,1,0,2,1,7,7,0,1,1,1,1
15,4,2,6,1,7,7,0,1,1,1,1
15,1,1,4,1,7,7,2,2,2,-1,-1
15,1,1,3,0,7,7,3,-1,-1,2,2
15,1,0,2,0,7,7,1,0,0,0,0
1,0,0,1,1,7,7,2,2,2,-1,-1
29,12,7,8,1,7,7,2,2,2,-1,-1
29,12,7,7,0,7,7,3,-1,-1,2,1
29,12,7,6,0,7,7,2,1,1,-1,-1
29,12,7,5,0,7,7,3,-1,-1,1,1
29,12,7,4,0,7,7,2,1,1,-1,-1
29,12,7,3,0,7,7,3,-1,-1,0,0
29,12,0,2,0,7,7,4,0,-1,-1,-1
29,12,0,2,0,0,7,1,0,0,0,0
12,0,0,1,0,7,7,1,1,1,1,1
2,1,1,3,1,0,7,0,2,1,2,1
1,0,0,1,1,7,7,2,2,2,-1,-1
32,32,0,2,1,7,7,0,0,0,0,0
1,1,1,4,1,0,7,0,2,1,2,1
1,1,0,2,1,7,7,0,1,1,1,1
20,12,0,2,1,0,1,1,0,0,0,0
12,0,0,1,1,7,7,1,1,1,1,1
4,4,0,2,1,7,7,0,1,1,1,1
17,17,7,4,1,7,7,0,0,0,0,1
17,17,0,2,1,7,7,4,-1,-1,2,-1
17,17,0,2,1,7,0,0,0,0,0,0
2,2,0,2,1,7,7,0,1,1,1,1
9,1,1,8,1,7,7,0,1,1,1,1
9,1,1,6,1,7,7,0,1,1,1,1
9,1,1,4,1,7,7,2,2,2,-1,-1
9,1,1,3,0,7,7,3,-1,-1,2,2
9,1,0,2,0,7,7,1,1,1,1,2
1,0,0,1,0,7,7,2,2,2,-1,-1
4,2,2,3,1,7,7,0,1,1,1,1
2,0,0,1,1,7,7,2,2,2,-1,-1
12,3,1,3,1,0,7,1,1,1,1,1
3,1,0,2,1,7,7,0,1,1,1,1
32,0,0,1,1,7,7,1,0,0,0,0
2,1,1,3,1,7,7,0,1,1,1,1
1,0,0,1,1,7,7,2,2,2,-1,-1
3,3,3,8,1,7,7,0,1,1,1,1
3,3,1,6,1,7,7,0,1,1,1,1
1,1,1,4,1,7,7,0,1,1,1,1
1,1,0,2,1,7,7,0,1,1,1,1
19,11,8,8,1,0,7,2,1,1,-1,-1
19,11,8,7,0,7,7,3,-1,-1,1,1
19,11,8,6,0,7,7,2,1,1,-1,-1
19,11,8,5,0,7,7,3,-1,-1,1,1
19,11,8,4,0,7,7,2,0,0,-1,-1
19,11,7,3,0,7,7,4,-1,-1,0,-1
19,11,7,3,0,7,0,1,0,0,0,1
11,7,0,2,1,7,7,4,-1,-1,2,-1
11,7,0,2,1,7,0,1,1,1,1,1
7,0,0,1,1,7,7,1,1,1,1,1
8,2,2,3,1,7,7,0,1,1,1,1
8,0,0,1,1,7,7,1,1,1,1,1
34,30,0,2,1,0,7,0,0,0,0,0
10,3,1,5,1,7,7,2,2,2,-1,-1
10,3,1,4,0,7,7,3,-1,-1,2,1
10,3,1,3,0,7,7,2,1,1,-1,-1
10,1,0,2,0,7,7,3,-1,-1,1,2
10,0,0,1,0,7,7,1,1,0,1,1
48,0,0,1,1,7,7,1,0,0,0,0
28,12,12,4,1,0,7,1,0,1,0,1
12,12,12,3,1,7,7,4,0,-1,-1,-1
12,12,12,3,1,0,7,4,-1,-1,0,-1
12,12,12,3,1,0,0,1,1,1,1,1
12,12,0,2,1,7,7,4,-1,-1,0,-1
12,12,0,2,1,7,0,2,0,0,-1,-1
12,0,0,1,0,7,7,3,-1,-1,0,2
5,4,3,5,1,7,7,0,1,1,1,1
5,2,2,3,1,7,7,2,2,2,-1,-1
5,2,0,2,0,7,7,0,1,1,0,2
6,2,0,2,1,7,7,0,1,1,0,2
14,4,2,7,1,7,7,0,1,1,1,1
14,1,1,5,1,7,7,2,2,2,-1,-1
14,1,1,4,0,7,7,3,-1,-1,2,2
14,1,1,3,0,7,7,2,2,1,-1,-1
14,1,0,2,0,7,7,1,0,0,1,0
1,0,0,1,0,7,7,3,-1,-1,2,2
12,11,3,5,1,0,1,2,2,1,-1,-1
12,11,3,4,0,7,1,3,-1,-1,1,2
12,11,3,3,0,7,7,2,1,1,-1,-1
12,11,0,2,0,7,7,0,0,0,0,0
24,14,10,3,1,0,7,1,0,0,0,0
14,10,0,2,1,7,7,4,2,-1,-1,-1
14,10,0,2,1,0,7,0,0,0,0,0
4,1,1,5,1,7,7,0,1,1,1,1
1,1,1,3,1,7,7,0,1,1,1,1
1,0,0,1,1,7,7,2,2,2,-1,-1
16,0,0,1,1,7,7,1,0,0,0,0
16,0,0,1,1,7,7,1,0,0,0,0
25,10,6,5,1,7,7,2,2,0,-1,-1
25,10,6,4,0,7,7,3,-1,-1,1,2
25,10,6,3,1,7,7,4,-1,-1,2,-1
25,10,6,3,1,7,0,2,1,1,-1,-1
25,10,0,2,0,7,0,3,-1,-1,0,0
25,0,0,1,0,7,7,1,0,0,0,0
7,2,1,5,1,7,7,0,1,1,1,1
7,1,1,3,1,7,7,2,2,2,-1,-1
7,1,0,2,0,7,7,1,1,1,1,1
1,0,0,1,1,7,7,2,2,2,-1,-1
22,21,21,3,1,7,7,1,0,0,0,0
21,21,0,2,1,7,7,4,2,-1,-1,-1
21,21,0,2,1,0,7,0,0,0,0,0
10,2,2,4,1,7,7,2,2,2,-1,-1
10,2,2,3,0,7,7,3,-1,-1,2,1
10,2,0,2,0,7,7,1,1,1,1,2
2,0,0,1,0,7,7,2,2,2,-1,-1
36,12,7,6,1,7,7,2,2,1,-1,-1
36,12,7,5,0,7,7,3,-1,-1,1,1
36,12,7,4,0,7,7,2,1,1,-1,-1
36,12,7,3,0,7,7,1,0,0,0,0
12,7,0,2,1,7,7,4,0,-1,-1,-1
12,7,0,2,1,0,7,1,1,1,1,1
7,0,0,1,1,7,7,1,1,1,1,1
14,10,10,6,1,7,7,0,0,0,0,1
14,10,10,4,1,7,7,4,-1,-1,2,-1
14,10,10,4,1,7,0,1,0,0,0,1
10,10,10,3,1,7,7,4,-1,-1,2,-1
10,10,10,3,1,7,0,1,1,0,1,2
10,10,0,2,0,7,7,4,-1,-1,2,-1
10,10,0,2,0,7,0,0,0,0,0,0
2,2,1,7,1,0,7,0,2,1,2,1
1,1,1,5,1,7,7,0,1,1,1,1
1,1,1,3,1,7,7,0,1,1,1,1
1,0,0,1,1,7,7,2,2,2,-1,-1
3,3,1,4,1,7,7,0,1,1,1,1
1,1,0,2,1,7,7,0,1,1,1,1
36,7,7,5,1,7,7,1,0,0,0,0
7,7,7,4,1,7,7,4,0,-1,-1,-1
7,7,7,4,1,0,7,4,-1,-1,0,-1
7,7,7,4,1,0,0,1,1,1,1,0
7,7,7,3,0,7,7,2,0,0,-1,-1
7,7,0,2,0,7,7,3,-1,-1,0,0
7,0,0,1,0,7,7,1,1,1,1,1
27,3,3,8,1,0,7,0,1,1,1,1
27,3,3,6,1,7,7,2,1,1,-1,-1
27,3,3,5,0,7,7,3,-1,-1,1,0
27,3,3,4,0,7,7,2,1,1,-1,-1
27,3,3,3,0,7,7,3,-1,-1,1,1
27,3,0,2,0,7,7,2,1,1,-1,-1
27,0,0,1,0,7,7,1,0,0,0,0
5,2,1,3,1,7,7,0,1,1,1,2
1,0,0,1,0,7,7,3,-1,-1,1,2
4,1,1,5,1,7,7,0,1,1,1,1
1,1,1,3,1,7,7,0,1,1,1,1
1,0,0,1,1,7,7,2,2,2,-1,-1
2,1,1,7,1,7,7,0,1,1,1,1
1,1,1,5,1,7,7,0,1,1,1,1
1,1,1,3,1,7,7,0,1,1,1,1
1,0,0,1,1,7,7,2,2,2,-1,-1
8,0,0,1,1,7,7,1,1,1,1,1
32,9,4,4,1,7,7,2,1,1,-1,-1
32,9,3,3,0,7,7,3,-1,-1,1,2
32,9,0,2,0,7,7,1,0,0,0,0
9,0,0,1,1,7,7,1,1,0,1,1
8,8,8,4,1,7,7,0,0,0,0,1
8,8,0,2,1,7,7,4,-1,-1,2,-1
8,8,0,2,1,7,0,0,0,0,0,0
5,2,1,7,1,7,7,0,1,1,1,1
5,1,1,5,1,7,7,0,1,1,1,1
5,1,1,3,1,7,7,2,2,2,-1,-1
5,1,0,2,0,7,7,0,1,1,0,2
3,3,3,8,1,7,7,0,1,1,1,1
3,3,3,6,1,7,7,0,1,1,1,1
3,3,3,4,1,7,7,0,1,1,1,1
3,3,0,2,1,7,7,0,1,1,1,1
7,4,3,4,1,7,7,0,1,1,1,1
7,2,0,2,1,7,7,1,1,1,1,1
2,0,0,1,1,7,7,2,2,2,-1,-1
12,12,0,2,1,7,7,0,0,0,0,0
14,9,6,8,1,7,7,0,1,1,1,1
14,9,5,6,0,7,7,3,-1,-1,1,1
14,9,5,5,0,7,7,2,1,2,-1,-1
14,9,5,4,0,7,7,3,-1,-1,1,1
14,9,5,3,0,7,7,4,0,-1,-1,-1
14,9,5,3,0,0,7,1,0,0,0,1
9,5,0,2,1,7,7,4,-1,-1,2,-1
9,5,0,2,1,7,0,0,0,0,0,0
8,8,8,8,1,0,1,1,1,1,1,1
8,8,8,7,1,7,7,0,0,0,0,1
8,8,8,5,1,7,7,4,-1,-1,2,-1
8,8,8,5,1,7,0,1,1,1,1,1
8,8,8,4,1,7,7,0,0,0,0,1
8,8,0,2,1,7,7,4,-1,-1,2,-1
8,8,0,2,1,7,0,0,0,0,0,0
2,1,1,3,1,0,7,0,2,1,2,1
1,0,0,1,1,7,7,2,2,2,-1,-1
32,0,0,1,1,0,7,1,0,0,0,0
6,2,2,6,1,7,7,0,1,1,1,1
6,2,2,4,1,7,7,2,2,2,-1,-1
6,2,2,3,0,7,7,3,-1,-1,2,2
6,2,0,2,0,7,7,2,2,2,-1,-1
6,0,0,1,0,7,7,1,1,1,1,1
34,7,7,3,1,7,7,1,0,0,0,0
7,7,0,2,0,7,7,4,0,-1,-1,-1
7,7,0,2,0,0,7,0,0,0,0,0
14,7,4,6,1,7,7,2,2,2,-1,-1
14,7,4,5,0,7,7,3,-1,-1,2,2
14,7,4,4,0,7,7,2,2,1,-1,-1
14,7,3,3,0,7,7,3,-1,-1,1,1
14,7,0,2,0,7,7,1,0,0,0,0
7,0,0,1,1,7,7,1,1,1,1,1
48,0,0,1,1,7,7,1,0,0,0,0
1,1,1,8,1,7,7,0,1,1,1,1
1,1,1,6,1,7,7,0,1,1,1,1
1,1,1,4,1,7,7,0,1,1,1,1
1,1,0,2,1,7,7,0,1,1,1,1
48,0,0,1,1,0,7,1,0,0,0,0
22,10,7,5,1,7,7,0,1,1,1,2
22,10,7,3,0,7,7,4,-1,-1,0,-1
22,10,7,3,0,7,0,1,0,0,0,0
10,7,0,2,1,7,7,4,2,-1,-1,-1
10,7,0,2,1,0,7,0,0,0,0,0
8,3,1,3,1,7,7,0,1,1,1,1
8,0,0,1,1,7,7,1,1,1,1,1
8,8,8,6,1,7,7,0,0,0,0,1
8,8,8,4,1,7,7,4,-1,-1,2,-1
8,8,8,4,1,7,0,1,1,1,1,1
8,8,8,3,1,7,7,1,1,1,1,1
8,8,0,2,1,7,7,0,0,0,0,0
7,5,0,2,1,7,7,0,0,0,0,0
3,3,3,8,1,7,7,0,1,1,1,1
3,3,3,6,1,7,7,0,1,1,1,1
3,3,3,4,1,7,7,0,1,1,1,1
3,3,0,2,1,7,7,0,1,1,1,1
14,6,4,3,1,7,7,1,0,0,0,1
6,4,0,2,1,7,7,4,-1,-1,2,-1
6,4,0,2,1,7,0,0,1,0,1,1
8,0,0,1,1,7,7,1,1,1,1,1
15,15,14,7,1,7,7,0,1,1,1,1
15,15,14,5,1,7,7,4,-1,-1,0,-1
15,15,14,5,1,7,0,2,1,1,-1,-1
15,15,14,4,0,7,0,3,-1,-1,1,2
15,15,14,3,0,7,7,4,2,-1,-1,-1
15,15,14,3,0,0,7,1,0,0,0,1
15,14,0,2,1,7,7,4,-1,-1,2,-1
15,14,0,2,1,7,0,0,0,0,0,0
8,8,0,2,1,7,7,0,0,0,0,0
8,4,0,2,1,7,7,0,0,0,0,0
6,3,3,3,1,7,7,0,1,1,1,1
6,0,0,1,1,7,7,1,1,1,1,1
4,2,2,5,1,7,7,0,1,1,1,1
2,2,2,3,1,7,7,0,1,1,1,1
2,0,0,1,1,7,7,2,2,2,-1,-1
4,4,4,3,1,7,7,0,1,1,1,1
4,0,0,1,1,7,7,1,1,1,1,1
11,1,1,6,1,7,7,0,1,1,1,1
11,1,1,4,1,7,7,2,2,2,-1,-1
11,1,1,3,0,7,7,3,-1,-1,2,2
11,1,0,2,0,7,7,1,1,1,1,1
1,0,0,1,1,7,7,2,2,2,-1,-1
7,5,0,2,1,7,7,0,0,0,0,0
16,16,16,3,1,0,1,1,0,0,0,1
16,16,0,2,1,7,7,4,-1,-1,2,-1
16,16,0,2,1,7,0,0,0,0,0,0
11,11,10,7,1,0,7,2,1,1,-1,-1
11,11,10,6,0,7,7,3,-1,-1,1,1
11,11,10,5,1,7,7,2,2,2,-1,-1
11,11,10,4,0,7,7,3,-1,-1,2,0
11,11,10,3,0,7,7,4,0,-1,-1,-1
11,11,10,3,0,0,7,1,1,1,2,1
11,10,0,2,1,7,7,4,-1,-1,2,-1
11,10,0,2,1,7,0,2,0,0,-1,-1
11,0,0,1,0,7,0,3,-1,-1,0,0
28,5,5,5,1,0,7,0,1,1,1,1
28,5,5,3,1,7,7,4,-1,-1,2,-1
28,5,5,3,1,7,0,2,1,1,-1,-1
28,5,0,2,0,7,0,3,-1,-1,1,0
28,0,0,1,1,7,7,1,0,0,0,0
2,2,0,2,1,7,7,0,1,1,1,1
2,1,1,7,1,7,7,0,1,1,1,1
1,1,1,5,1,7,7,0,1,1,1,1
1,1,1,3,1,7,7,0,1,1,1,1
1,0,0,1,1,7,7,2,2,2,-1,-1
22,22,10,4,1,7,7,0,0,0,0,1
22,22,0,2,1,7,7,4,-1,-1,2,-1
22,22,0,2,1,7,0,0,0,0,0,0
2,2,2,8,1,7,7,0,1,1,1,1
2,2,1,6,1,7,7,0,1,1,1,1
1,1,1,4,1,7,7,0,1,1,1,1
1,1,0,2,1,7,7,0,1,1,1,1
8,4,3,7,1,7,7,0,1,1,1,1
8,3,2,5,1,7,7,0,1,1,1,1
8,2,2,3,1,7,7,2,2,2,-1,-1
8,2,0,2,0,7,7,1,1,1,1,1
2,0,0,1,1,7,7,2,2,2,-1,-1
13,4,2,8,1,7,7,0,1,1,1,1
13,1,1,6,1,7,7,0,1,1,1,1
13,1,1,4,1,7,7,2,2,2,-1,-1
13,1,1,3,0,7,7,3,-1,-1,2,2
13,1,0,2,0,7,7,1,0,0,1,0
1,0,0,1,0,7,7,3,-1,-1,2,2
31,19,14,3,1,7,7,1,0,0,0,0
19,14,0,2,1,7,7,4,0,-1,-1,-1
19,14,0,2,1,0,7,1,0,0,0,0
14,0,0,1,1,7,7,1,0,0,0,0
3,2,1,5,1,0,1,0,2,1,2,1
3,1,1,3,1,7,7,0,1,1,1,1
1,0,0,1,1,7,7,2,2,2,-1,-1
3,2,1,5,1,0,7,0,1,1,2,2
1,1,1,3,0,7,7,3,-1,-1,1,2
1,1,0,2,0,7,7,0,1,1,1,1
42,22,0,2,1,7,7,1,0,0,0,0
22,0,0,1,1,7,7,1,0,0,0,0
6,1,1,3,1,7,7,0,1,1,1,2
1,0,0,1,0,7,7,3,-1,-1,1,2
6,2,2,6,1,0,7,0,1,1,1,1
6,2,2,4,1,7,7,2,2,2,-1,-1
6,2,2,3,0,7,7,3,-1,-1,2,2
6,2,0,2,0,7,7,2,2,2,-1,-1
6,0,0,1,0,7,7,1,1,1,1,1
34,6,6,6,1,7,7,0,1,1,1,1
34,6,6,4,1,7,7,4,-1,-1,0,-1
34,6,6,4,1,7,0,2,1,1,-1,-1
34,6,6,3,0,7,0,3,-1,-1,1,2
34,6,0,2,0,7,7,4,2,-1,-1,-1
34,6,0,2,0,0,7,1,0,0,0,0
6,0,0,1,0,7,7,1,1,1,1,1
1,1,1,8,1,0,7,0,2,1,2,1
1,1,1,6,1,7,7,0,1,1,1,1
1,1,1,4,1,7,7,0,1,1,1,1
1,1,0,2,1,7,7,0,1,1,1,1
8,0,0,1,1,0,7,1,1,1,1,1
16,12,12,5,1,7,7,1,0,0,0,1
12,12,12,4,1,7,7,4,-1,-1,2,-1
12,12,12,4,1,7,0,1,1,1,1,1
12,12,12,3,1,7,7,4,-1,-1,0,-1
12,12,12,3,1,7,0,2,0,0,-1,-1
12,12,0,2,0,7,7,3,-1,-1,0,2
12,0,0,1,0,7,7,1,1,1,1,1
16,11,8,5,1,7,7,0,0,0,0,1
16,11,6,3,1,7,7,4,-1,-1,2,-1
16,11,6,3,1,7,0,1,0,0,0,1
11,6,0,2,1,7,7,4,-1,-1,2,-1
11,6,0,2,1,7,0,1,1,1,1,1
6,0,0,1,1,7,7,1,1,1,1,1
6,3,2,4,1,7,7,2,2,1,-1,-1
6,3,1,3,0,7,7,3,-1,-1,1,1
6,1,0,2,0,7,7,2,1,1,-1,-1
1,0,0,1,0,7,7,3,-1,-1,1,2
6,6,6,4,1,7,7,0,1,1,1,1
6,6,0,2,1,7,7,4,-1,-1,0,-1
6,6,0,2,1,7,0,2,1,1,-1,-1
6,0,0,1,0,7,7,3,-1,-1,1,2
2,1,1,3,1,7,7,0,1,1,1,1
1,0,0,1,1,7,7,2,2,2,-1,-1
5,1,1,8,1,0,7,0,1,1,1,1
5,1,1,6,1,7,7,0,1,1,1,1
5,1,1,4,1,7,7,0,1,1,1,1
5,1,0,2,1,7,7,0,1,1,0,2
32,0,0,1,1,7,7,1,0,0,0,0
22,2,2,6,1,7,7,2,2,2,-1,-1
22,2,2,5,0,7,7,3,-1,-1,2,2
22,2,2,4,0,7,7,2,2,2,-1,-1
22,2,2,3,0,7,7,3,-1,-1,2,2
22,2,0,2,0,7,7,1,0,0,1,0
2,0,0,1,0,7,7,2,2,2,-1,-1
6,6,2,4,1,0,1,0,1,1,1,1
6,6,0,2,1,7,7,0,1,1,1,1
24,0,0,1,1,7,7,1,0,0,0,0
48,0,0,1,1,7,7,1,0,0,0,0
6,1,1,3,1,7,7,0,1,1,1,2
1,0,0,1,0,7,7,3,-1,-1,1,2
64,0,0,1,1,7,7,1,0,0,0,0
24,4,4,7,1,7,7,0,1,1,1,1
24,4,4,5,1,7,7,2,2,1,-1,-1
24,4,4,4,0,7,7,3,-1,-1,1,1
24,4,4,3,0,7,7,2,1,1,-1,-1
24,4,0,2,0,7,7,3,-1,-1,1,1
24,0,0,1,0,7,7,1,0,0,0,0
45,19,0,2,1,7,7,1,0,0,0,0
19,0,0,1,0,7,7,1,0,0,0,0
12,6,6,7,1,0,7,0,1,1,1,1
12,6,6,5,1,7,7,4,-1,-1,0,-1
12,6,6,5,1,7,0,2,1,1,-1,-1
12,6,6,4,0,7,0,3,-1,-1,1,2
12,6,6,3,0,7,7,4,2,-1,-1,-1
12,6,6,3,0,0,7,1,1,1,1,1
6,6,0,2,1,7,7,4,-1,-1,2,-1
6,6,0,2,1,7,0,2,1,1,-1,-1
6,0,0,1,0,7,7,3,-1,-1,1,0
7,5,5,6,1,7,7,0,1,1,1,1
7,5,5,4,1,7,7,4,-1,-1,0,-1
7,5,5,4,1,7,0,2,1,1,-1,-1
7,5,5,3,0,7,0,3,-1,-1,1,2
7,5,0,2,0,7,7,4,2,-1,-1,-1
7,5,0,2,0,0,7,0,0,0,0,0
34,5,5,7,1,7,7,0,1,1,1,1
34,5,5,5,1,7,7,4,-1,-1,0,-1
34,5,5,5,1,7,0,2,1,1,-1,-1
34,5,5,4,0,7,0,3,-1,-1,1,2
34,5,5,3,0,7,7,4,2,-1,-1,-1
34,5,5,3,0,0,7,1,0,0,0,0
5,5,0,2,0,7,7,4,0,-1,-1,-1
5,5,0,2,0,0,7,0,1,1,1,1
11,3,2,3,1,0,7,1,1,1,1,1
3,2,0,2,1,7,7,0,1,1,1,1
4,4,0,2,1,7,7,0,1,1,1,1
8,8,8,8,1,7,7,2,1,1,-1,-1
8,8,8,7,0,7,7,3,-1,-1,1,1
8,8,8,6,1,7,7,2,1,1,-1,-1
8,8,8,5,0,7,7,3,-1,-1,1,1
8,8,8,4,1,7,7,0,0,0,0,1
8,8,0,2,1,7,7,4,-1,-1,2,-1
8,8,0,2,1,7,0,0,0,0,0,0
1,1,1,4,1,7,7,0,1,1,1,1
1,1,0,2,1,7,7,0,1,1,1,1
16,16,0,2,1,7,7,0,0,0,0,0
8,0,0,1,1,7,7,1,1,1,1,1
3,1,0,2,1,0,1,0,1,1,1,1
4,1,1,5,1,7,7,0,1,1,1,1
1,1,1,3,1,7,7,0,1,1,1,1
1,0,0,1,1,7,7,2,2,2,-1,-1
8,8,8,3,1,7,7,1,1,1,1,1
8,8,0,2,1,7,7,0,0,0,0,0
1,1,1,8,1,7,7,0,1,1,1,1
1,1,1,6,1,7,7,0,1,1,1,1
1,1,1,4,1,7,7,0,1,1,1,1
1,1,0,2,1,7,7,0,1,1,1,1
24,4,4,3,1,7,7,1,0,0,0,0
4,4,0,2,1,7,7,0,1,1,1,1
20,1,1,5,1,0,7,2,2,2,-1,-1
20,1,1,4,0,7,7,3,-1,-1,2,2
20,1,1,3,0,7,7,2,2,2,-1,-1
20,1,0,2,0,7,7,1,0,0,0,0
1,0,0,1,1,7,7,2,2,2,-1,-1
12,5,3,6,1,7,7,2,2,2,-1,-1
12,5,3,5,0,7,7,3,-1,-1,2,2
12,5,3,4,0,7,7,2,2,1,-1,-1
12,5,3,3,0,7,7,1,1,1,1,1
5,3,0,2,1,7,7,0,1,1,1,0
8,0,0,1,1,7,7,1,1,1,1,1
6,3,3,3,1,7,7,0,1,1,1,1
6,0,0,1,1,7,7,1,1,1,1,1
17,5,5,4,1,7,7,1,0,0,0,1
5,5,5,3,0,7,7,4,-1,-1,0,-1
5,5,5,3,0,7,0,2,1,1,-1,-1
5,5,0,2,0,7,7,0,1,1,1,1
8,8,4,4,1,7,7,2,2,2,-1,-1
8,8,4,3,0,7,7,3,-1,-1,2,0
8,8,0,2,0,7,7,4,0,-1,-1,-1
8,8,0,2,0,0,7,0,0,0,0,0
4,2,2,7,1,7,7,0,1,1,1,1
2,1,1,5,1,7,7,0,1,1,1,1
1,1,1,3,1,7,7,0,1,1,1,1
1,0,0,1,1,7,7,2,2,2,-1,-1
34,7,7,3,1,0,1,1,0,0,0,0
7,7,0,2,0,7,7,4,0,-1,-1,-1
7,7,0,2,0,0,7,0,0,0,0,0
4,4,4,8,1,7,7,0,1,1,1,1
4,4,4,6,1,7,7,0,1,1,1,1
4,4,4,4,1,7,7,0,1,1,1,1
4,4,0,2,1,7,7,0,1,1,1,1
48,0,0,1,1,7,7,1,0,0,0,0
7,2,1,5,1,7,7,0,1,1,1,1
7,1,1,3,1,7,7,2,2,2,-1,-1
7,1,0,2,0,7,7,1,1,1,1,1
1,0,0,1,1,7,7,2,2,2,-1,-1
3,1,0,2,1,7,7,0,1,1,1,1
6,1,1,7,1,7,7,0,1,1,1,1
6,1,1,5,1,7,7,0,1,1,1,1
6,1,1,3,1,7,7,2,2,2,-1,-1
6,1,0,2,0,7,7,0,1,1,0,2
9,7,7,6,1,7,7,2,1,1,-1,-1
9,7,7,5,0,7,7,3,-1,-1,1,1
9,7,7,4,1,7,7,1,1,0,1,1
7,7,3,3,0,7,7,4,-1,-1,0,-1
7,7,3,3,0,7,0,2,1,1,-1,-1
7,7,0,2,0,7,0,0,0,0,0,0
4,0,0,1,1,7,7,1,1,1,1,1
7,1,1,6,1,7,7,0,1,1,1,1
7,1,1,4,1,7,7,2,2,2,-1,-1
7,1,1,3,0,7,7,3,-1,-1,2,2
7,1,0,2,0,7,7,2,2,2,-1,-1
7,0,0,1,0,7,7,1,1,1,1,1
37,7,3,4,1,7,7,2,2,2,-1,-1
37,7,3,3,0,7,7,1,0,0,0,0
7,3,0,2,0,7,7,3,-1,-1,1,1
7,0,0,1,0,7,7,1,1,1,1,1
3,3,3,8,1,7,7,0,1,1,1,1
3,3,3,6,1,7,7,0,1,1,1,1
3,3,3,4,1,7,7,0,1,1,1,1
3,3,0,2,1,7,7,0,1,1,1,1
40,8,0,2,1,0,7,1,0,0,0,0
8,0,0,1,1,7,7,1,1,1,1,1
17,7,5,4,1,7,7,1,0,0,0,0
7,5,3,3,0,7,7,2,1,1,-1,-1
7,5,0,2,0,7,7,0,0,0,0,0
14,4,2,7,1,7,7,0,1,1,1,1
14,1,1,5,1,7,7,2,2,2,-1,-1
14,1,1,4,0,7,7,3,-1,-1,2,2
14,1,1,3,0,7,7,2,2,1,-1,-1
14,1,0,2,0,7,7,1,0,0,1,0
1,0,0,1,0,7,7,3,-1,-1,2,2
37,14,8,4,1,7,7,1,0,1,0,0
14,8,5,3,0,7,7,4,0,-1,-1,-1
14,8,5,3,0,0,7,4,-1,-1,0,-1
14,8,5,3,0,0,0,1,0,0,0,1
8,5,0,2,1,7,7,4,-1,-1,2,-1
8,5,0,2,1,7,0,0,0,0,0,0
48,0,0,1,1,7,7,1,0,0,0,0
4,0,0,1,1,7,7,1,1,1,1,1
17,7,0,2,1,0,7,1,0,0,0,0
7,0,0,1,0,7,7,1,1,1,1,1
3,3,3,4,1,0,7,0,1,1,1,1
3,3,0,2,1,7,7,0,1,1,1,1
32,0,0,1,1,7,7,1,0,0,0,0
5,3,2,5,1,7,7,0,1,1,1,1
5,1,1,3,1,7,7,2,2,2,-1,-1
5,1,0,2,0,7,7,0,1,1,0,2
4,2,2,7,1,7,7,0,1,1,1,1
2,1,1,5,1,7,7,0,1,1,1,1
1,1,1,3,1,7,7,0,1,1,1,1
1,0,0,1,1,7,7,2,2,2,-1,-1
12,12,0,2,1,7,7,0,0,0,0,0
2,2,0,2,1,7,7,0,1,1,1,1
1,1,1,8,1,0,7,0,2,1,2,1
1,1,1,6,1,7,7,0,1,1,1,1
1,1,1,4,1,7,7,0,1,1,1,1
1,1,0,2,1,7,7,0,1,1,1,1
24,22,6,5,1,7,7,0,1,1,1,1
24,22,6,3,1,7,7,4,-1,-1,0,-1
24,22,6,3,1,7,0,2,1,1,-1,-1
24,22,0,2,0,7,0,0,0,0,0,0
17,9,6,3,1,7,7,1,0,0,0,1
9,6,0,2,0,7,7,4,-1,-1,2,-1
9,6,0,2,0,7,0,0,0,0,0,0
4,0,0,1,1,7,7,1,1,1,1,1
22,5,5,3,1,7,7,1,0,0,0,0
5,5,0,2,1,7,7,4,2,-1,-1,-1
5,5,0,2,1,0,7,0,1,1,1,1
32,0,0,1,1,0,7,1,0,0,0,0
32,9,4,4,1,0,7,2,1,1,-1,-1
32,9,3,3,0,7,7,3,-1,-1,1,2
32,9,0,2,0,7,7,1,0,0,0,0
9,0,0,1,1,7,7,1,1,0,1,1
9,1,1,8,1,7,7,0,1,1,1,1
9,1,1,6,1,7,7,0,1,1,1,1
9,1,1,4,1,7,7,2,2,2,-1,-1
9,1,1,3,0,7,7,3,-1,-1,2,2
9,1,0,2,0,7,7,1,1,1,1,2
1,0,0,1,0,7,7,2,2,2,-1,-1
11,11,5,4,1,7,7,0,1,0,1,1
11,11,0,2,0,7,7,4,-1,-1,2,-1
11,11,0,2,0,7,0,0,0,0,0,0
16,0,0,1,1,7,7,1,0,0,0,0
14,3,3,7,1,7,7,0,1,1,1,1
14,3,3,5,1,7,7,0,1,1,1,1
14,3,3,3,1,7,7,1,0,0,0,0
3,3,0,2,1,7,7,0,1,1,1,1
6,1,1,3,1,7,7,0,1,1,1,2
1,0,0,1,0,7,7,3,-1,-1,1,2
4,2,1,8,1,7,7,0,1,1,1,1
1,1,1,6,1,7,7,0,1,1,1,1
1,1,1,4,1,7,7,0,1,1,1,1
1,1,0,2,1,7,7,0,1,1,1,1
2,1,1,3,1,0,7,0,2,1,2,1
1,0,0,1,1,7,7,2,2,2,-1,-1
4,0,0,1,1,7,7,1,1,1,1,1
5,4,1,5,1,7,7,0,1,1,1,1
5,1,1,3,1,7,7,2,2,2,-1,-1
5,1,0,2,0,7,7,0,1,1,0,2
32,0,0,1,1,7,7,1,0,0,0,0
36,7,7,5,1,7,7,1,0,0,0,0
7,7,7,4,1,7,7,4,0,-1,-1,-1
7,7,7,4,1,0,7,4,-1,-1,0,-1
7,7,7,4,1,0,0,1,1,1,1,0
7,7,7,3,0,7,7,2,0,0,-1,-1
7,7,0,2,0,7,7,3,-1,-1,0,0
7,0,0,1,0,7,7,1,1,1,1,1
24,4,4,3,1,7,7,1,0,0,0,0
4,4,0,2,1,7,7,0,1,1,1,1
8,0,0,1,1,7,7,1,1,1,1,1
6,1,1,3,1,7,7,0,1,1,1,2
1,0,0,1,0,7,7,3,-1,-1,1,2
2,1,1,3,1,7,7,0,1,1,1,1
1,0,0,1,1,7,7,2,2,2,-1,-1
8,4,4,5,1,0,7,0,1,1,1,1
8,4,4,3,1,7,7,0,1,1,1,1
8,0,0,1,1,7,7,1,1,1,1,1
6,3,3,7,1,7,7,0,1,1,1,1
6,3,3,5,1,7,7,0,1,1,1,1
6,3,3,3,1,7,7,0,1,1,1,1
6,0,0,1,1,7,7,1,1,1,1,1
2,2,0,2,1,7,7,0,1,1,1,1
64,0,0,1,1,7,7,1,0,0,0,0
3,3,3,4,1,7,7,0,1,1,1,1
3,3,0,2,1,7,7,0,1,1,1,1
8,0,0,1,1,7,7,1,1,1,1,1
4,2,2,7,1,7,7,0,1,1,1,1
2,2,2,5,1,7,7,0,1,1,1,1
2,2,2,3,1,7,7,0,1,1,1,1
2,0,0,1,1,7,7,2,2,2,-1,-1
9,1,1,8,1,7,7,0,1,1,1,1
9,1,1,6,1,7,7,0,1,1,1,1
9,1,1,4,1,7,7,2,2,2,-1,-1
9,1,1,3,0,7,7,3,-1,-1,2,2
9,1,0,2,0,7,7,1,1,1,1,2
1,0,0,1,0,7,7,2,2,2,-1,-1
17,17,7,4,1,7,7,0,0,0,0,1
17,17,0,2,1,7,7,4,-1,-1,2,-1
17,17,0,2,1,7,0,0,0,0,0,0
12,0,0,1,1,0,7,1,1,1,1,1
16,4,2,5,1,7,7,2,2,1,-1,-1
16,4,1,4,0,7,7,3,-1,-1,1,1
16,1,1,3,0,7,7,2,1,2,-1,-1
16,1,0,2,0,7,7,1,0,0,0,0
1,0,0,1,1,7,7,2,2,2,-1,-1
28,5,5,5,1,7,7,0,1,1,1,1
28,5,5,3,1,7,7,4,-1,-1,2,-1
28,5,5,3,1,7,0,2,1,1,-1,-1
28,5,0,2,0,7,0,3,-1,-1,1,0
28,0,0,1,1,7,7,1,0,0,0,0
12,1,1,5,1,7,7,2,2,2,-1,-1
12,1,1,4,0,7,7,3,-1,-1,2,2
12,1,1,3,0,7,7,2,2,2,-1,-1
12,1,0,2,0,7,7,1,1,1,1,1
1,0,0,1,1,7,7,2,2,2,-1,-1
8,4,4,3,1,7,7,0,1,1,1,1
8,0,0,1,1,7,7,1,1,1,1,1
4,0,0,1,1,7,7,1,1,1,1,1
8,0,0,1,1,7,7,1,1,1,1,1
2,2,1,6,1,7,7,0,1,1,1,1
1,1,1,4,1,7,7,0,1,1,1,1
1,1,0,2,1,7,7,0,1,1,1,1
18,6,3,7,1,7,7,0,1,1,1,1
18,6,1,5,1,7,7,2,2,2,-1,-1
18,6,1,4,0,7,7,3,-1,-1,2,2
18,6,1,3,0,7,7,1,0,0,0,0
6,1,0,2,0,7,7,2,2,2,-1,-1
6,0,0,1,1,7,7,1,1,1,1,1
10,4,2,3,1,7,7,1,1,1,1,1
4,2,0,2,0,7,7,2,1,1,-1,-1
2,0,0,1,0,7,7,3,-1,-1,1,2
29,14,9,5,1,0,1,0,0,0,0,1
29,14,9,3,0,7,7,4,-1,-1,2,-1
29,14,9,3,0,7,0,1,0,0,0,0
14,9,0,2,0,7,7,4,0,-1,-1,-1
14,9,0,2,0,0,7,0,0,0,0,0
12,0,0,1,1,7,7,1,1,1,1,1
25,14,10,5,1,7,7,0,0,0,0,1
25,14,10,3,1,7,7,4,-1,-1,2,-1
25,14,10,3,1,7,0,1,0,0,0,0
14,10,0,2,0,7,7,4,-1,-1,0,-1
14,10,0,2,0,7,0,0,0,0,0,0
16,4,2,5,1,0,7,2,2,1,-1,-1
16,4,1,4,0,7,7,3,-1,-1,1,1
16,1,1,3,0,7,7,2,1,2,-1,-1
16,1,0,2,0,7,7,1,0,0,0,0
1,0,0,1,1,7,7,2,2,2,-1,-1
27,13,9,6,1,7,7,2,1,2,-1,-1
27,13,9,5,0,7,7,3,-1,-1,1,1
27,13,9,4,0,7,7,4,0,-1,-1,-1
27,13,9,4,0,0,7,1,0,1,0,1
13,9,5,3,1,7,7,4,0,-1,-1,-1
13,9,5,3,1,0,7,4,-1,-1,0,-1
13,9,5,3,1,0,0,1,0,0,0,1
9,5,0,2,1,7,7,4,-1,-1,2,-1
9,5,0,2,1,7,0,0,0,0,0,0
24,0,0,1,1,7,7,1,0,0,0,0
28,16,11,4,1,7,7,1,0,1,0,1
16,11,9,3,1,7,7,4,0,-1,-1,-1
16,11,9,3,1,0,7,4,-1,-1,0,-1
16,11,9,3,1,0,0,1,0,0,0,1
11,9,0,2,1,7,7,4,-1,-1,2,-1
11,9,0,2,1,7,0,0,0,0,0,0
47,9,3,7,1,7,7,2,1,1,-1,-1
47,9,2,6,0,7,7,3,-1,-1,1,1
47,9,2,5,1,7,7,2,2,2,-1,-1
47,9,2,4,0,7,7,3,-1,-1,2,2
47,9,1,3,0,7,7,2,2,2,-1,-1
47,9,0,2,0,7,7,1,0,0,0,0
9,0,0,1,1,7,7,1,1,0,1,1
19,1,1,6,1,7,7,2,2,2,-1,-1
19,1,1,5,0,7,7,3,-1,-1,2,2
19,1,1,4,0,7,7,2,2,2,-1,-1
19,1,1,3,0,7,7,3,-1,-1,2,2
19,1,0,2,0,7,7,1,0,0,0,0
1,0,0,1,1,7,7,2,2,2,-1,-1
6,3,3,7,1,7,7,0,1,1,1,1
6,3,3,5,1,7,7,0,1,1,1,1
6,3,3,3,1,7,7,0,1,1,1,1
6,0,0,1,1,7,7,1,1,1,1,1
10,8,2,5,1,7,7,2,2,2,-1,-1
10,8,2,4,0,7,7,3,-1,-1,2,1
10,8,2,3,0,7,7,1,1,0,1,1
8,2,0,2,0,7,7,2,2,2,-1,-1
8,0,0,1,0,7,7,1,1,1,1,1
64,0,0,1,1,7,7,1,0,0,0,0
8,8,8,6,1,7,7,0,0,0,0,1
8,8,8,4,1,7,7,4,-1,-1,2,-1
8,8,8,4,1,7,0,1,1,1,1,1
8,8,8,3,1,7,7,1,1,1,1,1
8,8,0,2,1,7,7,0,0,0,0,0
4,1,1,5,1,7,7,0,1,1,1,1
1,1,1,3,1,7,7,0,1,1,1,1
1,0,0,1,1,7,7,2,2,2,-1,-1
10,1,1,7,1,7,7,0,1,1,1,1
10,1,1,5,1,7,7,2,2,2,-1,-1
10,1,1,4,0,7,7,3,-1,-1,2,2
10,1,1,3,0,7,7,2,2,1,-1,-1
10,1,0,2,0,7,7,1,1,1,1,2
1,0,0,1,0,7,7,2,2,2,-1,-1
41,1,1,8,1,7,7,2,2,2,-1,-1
41,1,1,7,0,7,7,3,-1,-1,2,2
41,1,1,6,0,7,7,2,2,2,-1,-1
41,1,1,5,0,7,7,3,-1,-1,2,2
41,1,1,4,0,7,7,2,2,2,-1,-1
41,1,1,3,0,7,7,3,-1,-1,2,2
41,1,0,2,0,7,7,1,0,0,0,0
1,0,0,1,0,7,7,3,-1,-1,2,2
14,7,4,6,1,7,7,2,2,2,-1,-1
14,7,4,5,0,7,7,3,-1,-1,2,2
14,7,4,4,0,7,7,2,2,1,-1,-1
14,7,3,3,0,7,7,3,-1,-1,1,1
14,7,0,2,0,7,7,1,0,0,0,0
7,0,0,1,1,7,7,1,1,1,1,1
16,0,0,1,1,7,7,1,0,0,0,0
5,3,0,2,1,0,7,0,1,1,1,0
8,2,1,8,1,7,7,0,1,1,1,1
8,1,1,6,1,7,7,0,1,1,1,1
8,1,1,4,1,7,7,0,1,1,1,1
8,1,0,2,1,7,7,1,1,1,1,1
1,0,0,1,1,7,7,2,2,2,-1,-1
35,17,12,3,1,7,7,1,0,0,0,0
17,12,0,2,1,7,7,4,0,-1,-1,-1
17,12,0,2,1,0,7,1,0,0,0,0
12,0,0,1,0,7,7,1,1,1,1,1
2,1,1,3,1,0,7,0,2,1,2,1
1,0,0,1,1,7,7,2,2,2,-1,-1
4,4,4,8,1,7,7,0,1,1,1,1
4,4,2,6,1,7,7,0,1,1,1,1
2,2,2,4,1,7,7,0,1,1,1,1
2,2,0,2,1,7,7,0,1,1,1,1
8,8,0,2,1,7,7,0,0,0,0,0
16,0,0,1,1,7,7,1,0,0,0,0
1,1,1,4,1,7,7,0,1,1,1,1
1,1,0,2,1,7,7,0,1,1,1,1
16,16,0,2,1,7,7,0,0,0,0,0
24,0,0,1,1,7,7,1,0,0,0,0
12,0,0,1,1,7,7,1,1,1,1,1
11,6,4,4,1,7,7,0,1,1,1,0
11,3,0,2,0,7,7,4,0,-1,-1,-1
11,3,0,2,0,0,7,3,-1,-1,1,1
11,0,0,1,0,0,7,1,1,1,1,1
4,4,2,4,1,7,7,0,1,1,1,1
2,2,0,2,1,7,7,0,1,1,1,1
3,3,3,8,1,0,7,0,1,1,1,1
3,3,3,6,1,7,7,0,1,1,1,1
3,3,3,4,1,7,7,0,1,1,1,1
3,3,0,2,1,7,7,0,1,1,1,1
12,0,0,1,1,7,7,1,1,1,1,1
6,3,3,7,1,7,7,0,1,1,1,1
6,3,3,5,1,7,7,0,1,1,1,1
6,3,3,3,1,7,7,0,1,1,1,1
6,0,0,1,1,7,7,1,1,1,1,1
10,9,9,7,1,7,7,1,1,0,1,2
9,9,9,6,0,7,7,4,-1,-1,2,-1
9,9,9,6,0,7,0,1,1,0,1,2
9,9,9,5,0,7,7,4,-1,-1,2,-1
9,9,9,5,0,7,0,1,1,0,1,2
9,9,9,4,0,7,7,4,-1,-1,2,-1
9,9,9,4,0,7,0,1,1,0,1,2
9,9,9,3,0,7,7,4,-1,-1,2,-1
9,9,9,3,0,7,0,1,1,0,1,2
9,9,0,2,0,7,7,4,-1,-1,2,-1
9,9,0,2,0,7,0,0,0,0,0,0
6,1,1,7,1,7,7,0,1,1,1,1
6,1,1,5,1,7,7,0,1,1,1,1
6,1,1,3,1,7,7,2,2,2,-1,-1
6,1,0,2,0,7,7,0,1,1,0,2
5,2,1,3,1,7,7,0,1,1,1,2
1,0,0,1,0,7,7,3,-1,-1,1,2
4,4,4,8,1,7,7,0,1,1,1,1
4,4,4,6,1,7,7,0,1,1,1,1
4,4,4,4,1,7,7,0,1,1,1,1
4,4,0,2,1,7,7,0,1,1,1,1
34,7,7,3,1,7,7,1,0,0,0,0
7,7,0,2,0,7,7,4,0,-1,-1,-1
7,7,0,2,0,0,7,0,0,0,0,0
24,0,0,1,1,7,7,1,0,0,0,0
29,9,5,5,1,7,7,2,2,1,-1,-1
29,9,5,4,0,7,7,3,-1,-1,1,1
29,9,5,3,0,7,7,2,1,1,-1,-1
29,9,0,2,0,7,7,1,0,0,0,0
9,0,0,1,0,7,7,1,1,0,1,1
6,1,1,3,1,7,7,0,1,1,1,2
1,0,0,1,0,7,7,3,-1,-1,1,2
1,1,1,8,1,7,7,0,1,1,1,1
1,1,1,6,1,7,7,0,1,1,1,1
1,1,1,4,1,7,7,0,1,1,1,1
1,1,0,2,1,7,7,0,1,1,1,1
4,4,2,4,1,7,7,0,1,1,1,1
2,2,0,2,1,7,7,0,1,1,1,1
5,1,1,4,1,7,7,2,2,2,-1,-1
5,1,1,3,0,7,7,3,-1,-1,2,2
5,1,0,2,0,7,7,2,2,2,-1,-1
5,0,0,1,0,7,7,1,1,1,1,1
19,1,1,6,1,7,7,2,2,2,-1,-1
19,1,1,5,0,7,7,3,-1,-1,2,2
19,1,1,4,0,7,7,2,2,2,-1,-1
19,1,1,3,0,7,7,3,-1,-1,2,2
19,1,0,2,0,7,7,1,0,0,0,0
1,0,0,1,1,7,7,2,2,2,-1,-1
16,16,16,4,1,7,7,1,0,0,0,1
16,16,16,3,1,7,7,4,-1,-1,2,-1
16,16,16,3,1,7,0,1,0,0,0,1
16,16,0,2,1,7,7,4,-1,-1,2,-1
16,16,0,2,1,7,0,0,0,0,0,0
4,2,2,3,1,7,7,0,1,1,1,1
2,0,0,1,1,7,7,2,2,2,-1,-1
4,4,4,8,1,7,7,0,1,1,1,1
4,4,4,6,1,7,7,0,1,1,1,1
4,4,4,4,1,7,7,0,1,1,1,1
4,4,0,2,1,7,7,0,1,1,1,1
4,0,0,1,1,7,7,1,1,1,1,1
4,0,0,1,1,7,7,1,1,1,1,1
5,3,0,2,1,7,7,0,1,1,1,0
32,0,0,1,1,7,7,1,0,0,0,0
6,2,1,6,1,7,7,0,1,1,1,1
6,1,1,4,1,7,7,2,2,2,-1,-1
6,1,1,3,0,7,7,3,-1,-1,2,2
6,1,0,2,0,7,7,2,2,2,-1,-1
6,0,0,1,0,7,7,1,1,1,1,1
8,8,8,3,1,7,7,1,1,1,1,1
8,8,0,2,1,7,7,0,0,0,0,0
47,10,4,5,1,7,7,2,2,1,-1,-1
47,10,2,4,0,7,7,3,-1,-1,2,1
47,10,1,3,1,7,7,2,2,2,-1,-1
47,10,0,2,0,7,7,1,0,0,0,0
10,0,0,1,1,7,7,1,1,0,1,1
8,1,1,5,1,7,7,0,1,1,1,1
8,1,1,3,1,7,7,2,2,2,-1,-1
8,1,0,2,0,7,7,1,1,1,1,1
1,0,0,1,1,7,7,2,2,2,-1,-1
64,0,0,1,1,7,7,1,0,0,0,0
4,0,0,1,1,0,7,1,2,1,2,1
24,8,0,2,1,7,7,1,0,0,0,0
8,0,0,1,1,7,7,1,1,1,1,1
31,17,0,2,1,7,7,1,0,0,0,0
17,0,0,1,1,7,7,1,0,0,0,0
6,3,2,6,1,7,7,0,1,1,1,1
6,2,2,4,1,7,7,2,2,2,-1,-1
6,2,1,3,0,7,7,3,-1,-1,2,2
6,1,0,2,0,7,7,2,2,2,-1,-1
6,0,0,1,0,7,7,1,1,1,1,1
48,0,0,1,1,0,7,1,0,0,0,0
31,9,5,4,1,0,7,0,1,1,1,2
31,9,0,2,0,7,7,4,-1,-1,0,-1
31,9,0,2,0,7,0,1,0,0,0,0
9,0,0,1,1,7,7,1,1,0,1,1
2,2,0,2,1,7,7,0,1,1,1,1
4,0,0,1,1,7,7,1,1,1,1,1
8,0,0,1,1,7,7,1,1,1,1,1
11,11,11,8,1,7,7,2,1,1,-1,-1
11,11,11,7,0,7,7,3,-1,-1,1,1
11,11,11,6,1,7,7,4,-1,-1,0,-1
11,11,11,6,1,7,0,2,1,1,-1,-1
11,11,11,5,0,7,0,3,-1,-1,1,0
11,11,11,4,0,7,7,4,2,-1,-1,-1
11,11,11,4,0,0,7,1,1,1,1,1
11,11,11,3,1,7,7,4,-1,-1,0,-1
11,11,11,3,1,7,0,2,0,0,-1,-1
11,11,0,2,0,7,7,3,-1,-1,0,2
11,0,0,1,0,7,7,1,1,1,1,1
10,1,1,7,1,7,7,0,1,1,1,1
10,1,1,5,1,7,7,2,2,2,-1,-1
10,1,1,4,0,7,7,3,-1,-1,2,2
10,1,1,3,0,7,7,2,2,1,-1,-1
10,1,0,2,0,7,7,1,1,1,1,2
1,0,0,1,0,7,7,2,2,2,-1,-1
6,6,6,4,1,7,7,0,1,1,1,1
6,6,0,2,1,7,7,4,-1,-1,0,-1
6,6,0,2,1,7,0,2,1,1,-1,-1
6,0,0,1,0,7,7,3,-1,-1,1,2
28,5,5,5,1,7,7,0,1,1,1,1
28,5,5,3,1,7,7,4,-1,-1,2,-1
28,5,5,3,1,7,0,2,1,1,-1,-1
28,5,0,2,0,7,0,3,-1,-1,1,0
28,0,0,1,1,7,7,1,0,0,0,0
8,8,8,3,1,0,7,1,1,1,1,1
8,8,0,2,1,7,7,0,0,0,0,0
14,6,4,7,1,7,7,0,1,1,1,1
14,6,2,5,1,7,7,2,2,2,-1,-1
14,6,2,4,0,7,7,3,-1,-1,2,2
14,6,1,3,0,7,7,2,2,2,-1,-1
14,6,0,2,0,7,7,1,0,0,0,0
6,0,0,1,1,7,7,1,1,1,1,1
64,0,0,1,1,7,7,1,0,0,0,0
35,9,4,3,1,7,7,1,0,0,0,0
9,4,0,2,1,7,7,4,0,-1,-1,-1
9,4,0,2,1,0,7,4,-1,-1,0,-1
9,4,0,2,1,0,0,1,1,1,1,1
4,0,0,1,0,7,7,2,1,1,-1,-1
3,3,2,7,1,7,7,0,1,1,1,1
2,1,1,5,1,7,7,0,1,1,1,1
1,1,1,3,1,7,7,0,1,1,1,1
1,0,0,1,1,7,7,2,2,2,-1,-1
7,2,1,5,1,7,7,0,1,1,1,1
7,1,1,3,1,7,7,2,2,2,-1,-1
7,1,0,2,0,7,7,1,1,1,1,1
1,0,0,1,1,7,7,2,2,2,-1,-1
1,1,1,8,1,7,7,0,1,1,1,1
1,1,1,6,1,7,7,0,1,1,1,1
1,1,1,4,1,7,7,0,1,1,1,1
1,1,0,2,1,7,7,0,1,1,1,1
2,2,0,2,1,7,7,0,1,1,1,1
25,5,2,3,1,7,7,1,0,0,0,0
5,2,0,2,0,7,7,3,-1,-1,2,2
5,0,0,1,1,7,7,1,1,1,1,1
32,0,0,1,1,7,7,1,0,0,0,0
11,3,1,4,1,7,7,2,2,1,-1,-1
11,1,1,3,0,7,7,3,-1,-1,2,1
11,1,0,2,1,7,7,2,2,2,-1,-1
11,0,0,1,0,7,7,1,1,1,1,1
6,6,6,6,1,7,7,2,2,2,-1,-1
6,6,6,5,0,7,7,3,-1,-1,2,2
6,6,6,4,0,7,7,0,1,1,1,1
6,2,0,2,1,7,7,4,-1,-1,0,-1
6,2,0,2,1,7,0,2,1,1,-1,-1
2,0,0,1,0,7,7,3,-1,-1,2,1
12,2,2,3,1,7,7,1,1,1,1,1
2,2,0,2,1,7,7,0,1,1,1,1
50,2,2,8,1,7,7,2,2,2,-1,-1
50,2,2,7,0,7,7,3,-1,-1,2,2
50,2,2,6,0,7,7,2,2,2,-1,-1
50,2,2,5,0,7,7,3,-1,-1,2,2
50,2,2,4,0,7,7,2,2,2,-1,-1
50,2,2,3,0,7,7,3,-1,-1,2,2
50,2,0,2,0,7,7,1,0,0,0,0
2,0,0,1,0,7,7,2,2,2,-1,-1
10,2,2,4,1,7,7,2,2,2,-1,-1
10,2,2,3,0,7,7,3,-1,-1,2,1
10,2,0,2,0,7,7,1,1,1,1,2
2,0,0,1,0,7,7,2,2,2,-1,-1
10,4,2,3,1,7,7,1,1,1,1,1
4,2,0,2,0,7,7,2,1,1,-1,-1
2,0,0,1,0,7,7,3,-1,-1,1,2
48,0,0,1,1,0,7,1,0,0,0,0
36,12,0,2,1,0,7,1,0,0,0,0
12,0,0,1,1,7,7,1,1,1,1,1
2,2,0,2,1,7,7,0,1,1,1,1
2,2,1,6,1,7,7,0,1,1,1,1
1,1,1,4,1,7,7,0,1,1,1,1
1,1,0,2,1,7,7,0,1,1,1,1
12,0,0,1,1,0,7,1,1,1,1,1
48,4,4,5,1,7,7,2,2,1,-1,-1
48,4,4,4,0,7,7,3,-1,-1,1,1
48,4,4,3,0,7,7,2,1,1,-1,-1
48,4,0,2,0,7,7,3,-1,-1,1,1
48,0,0,1,0,7,7,1,0,0,0,0
48,0,0,1,1,7,7,1,0,0,0,0
7,5,5,6,1,7,7,0,1,1,1,1
7,5,5,4,1,7,7,4,-1,-1,0,-1
7,5,5,4,1,7,0,2,1,1,-1,-1
7,5,5,3,0,7,0,3,-1,-1,1,2
7,5,0,2,0,7,7,4,2,-1,-1,-1
7,5,0,2,0,0,7,0,0,0,0,0
17,7,0,2,1,7,7,1,0,0,0,0
7,0,0,1,0,7,7,1,1,1,1,1
14,5,3,4,1,7,7,2,2,2,-1,-1
14,5,3,3,0,7,7,1,0,0,0,0
5,3,0,2,1,7,7,0,1,1,1,0
5,2,1,7,1,7,7,0,1,1,1,1
5,1,1,5,1,7,7,0,1,1,1,1
5,1,1,3,1,7,7,2,2,2,-1,-1
5,1,0,2,0,7,7,0,1,1,0,2
8,4,0,2,1,7,7,0,0,0,0,0
5,3,0,2,1,7,7,0,1,1,1,0
48,0,0,1,1,7,7,1,0,0,0,0
16,0,0,1,1,0,7,1,0,0,0,0
4,0,0,1,1,7,7,1,1,1,1,1
4,0,0,1,1,7,7,1,1,1,1,1
10,2,1,6,1,7,7,0,1,1,1,1
10,1,1,4,1,7,7,2,2,2,-1,-1
10,1,1,3,0,7,7,3,-1,-1,2,2
10,1,0,2,0,7,7,1,1,1,1,2
1,0,0,1,0,7,7,2,2,2,-1,-1
18,15,15,3,1,7,7,1,0,0,0,1
15,15,0,2,0,7,7,4,-1,-1,2,-1
15,15,0,2,0,7,0,0,0,0,0,0
6,3,2,4,1,7,7,2,2,1,-1,-1
6,3,1,3,0,7,7,3,-1,-1,1,1
6,1,0,2,0,7,7,2,1,1,-1,-1
1,0,0,1,0,7,7,3,-1,-1,1,2
6,1,1,7,1,0,1,0,2,1,2,1
6,1,1,5,1,7,7,0,1,1,1,1
6,1,1,3,1,7,7,2,2,2,-1,-1
6,1,0,2,0,7,7,0,1,1,0,2
12,0,0,1,1,7,7,1,1,1,1,1
4,0,0,1,1,7,7,1,1,1,1,1
32,15,10,4,1,7,7,1,0,0,0,0
15,10,7,3,1,7,7,4,0,-1,-1,-1
15,10,7,3,1,0,7,4,-1,-1,0,-1
15,10,7,3,1,0,0,1,0,0,0,1
10,7,0,2,1,7,7,4,-1,-1,2,-1
10,7,0,2,1,7,0,0,0,0,0,0
3,1,0,2,1,7,7,0,1,1,1,1
3,1,1,6,1,7,7,0,1,1,1,1
1,1,1,4,1,7,7,0,1,1,1,1
1,1,0,2,1,7,7,0,1,1,1,1
22,10,0,2,1,7,7,1,0,0,0,0
10,0,0,1,1,7,7,1,1,0,1,1
12,0,0,1,1,7,7,1,1,1,1,1
3,3,2,7,1,0,1,0,1,1,2,2
3,1,1,5,0,7,7,3,-1,-1,1,2
3,1,1,4,0,7,7,0,1,1,1,1
1,1,0,2,1,7,7,0,1,1,1,1
3,3,3,8,1,7,7,0,1,1,1,1
3,3,3,6,1,7,7,0,1,1,1,1
3,3,3,4,1,7,7,0,1,1,1,1
3,3,0,2,1,7,7,0,1,1,1,1
20,2,2,7,1,7,7,0,1,1,1,1
20,2,2,5,1,7,7,2,2,2,-1,-1
20,2,2,4,0,7,7,3,-1,-1,2,2
20,2,2,3,0,7,7,2,2,2,-1,-1
20,2,0,2,0,7,7,1,0,0,0,0
2,0,0,1,1,7,7,2,2,2,-1,-1
4,1,1,5,1,7,7,0,1,1,1,1
1,1,1,3,1,7,7,0,1,1,1,1
1,0,0,1,1,7,7,2,2,2,-1,-1
12,2,2,3,1,7,7,1,1,1,1,1
2,2,0,2,1,7,7,0,1,1,1,1
6,4,2,5,1,0,1,0,2,1,1,2
6,2,2,3,0,7,7,2,2,2,-1,-1
6,2,0,2,0,7,7,0,1,1,0,2
1,1,1,4,1,0,7,0,2,1,2,1
1,1,0,2,1,7,7,0,1,1,1,1
35,13,0,2,1,7,7,1,0,0,0,0
13,0,0,1,1,7,7,1,0,0,0,0
32,16,16,3,1,7,7,1,0,0,0,0
16,16,0,2,1,7,7,4,0,-1,-1,-1
16,16,0,2,1,0,7,0,0,0,0,0
11,1,1,6,1,7,7,0,1,1,1,1
11,1,1,4,1,7,7,2,2,2,-1,-1
11,1,1,3,0,7,7,3,-1,-1,2,2
11,1,0,2,0,7,7,1,1,1,1,1
1,0,0,1,1,7,7,2,2,2,-1,-1
10,3,3,3,1,7,7,1,1,0,1,1
3,3,0,2,0,7,7,0,1,1,1,1
4,0,0,1,1,7,7,1,1,1,1,1
8,8,8,6,1,7,7,0,0,0,0,1
8,8,8,4,1,7,7,4,-1,-1,2,-1
8,8,8,4,1,7,0,1,1,1,1,1
8,8,8,3,1,7,7,1,1,1,1,1
8,8,0,2,1,7,7,0,0,0,0,0
19,8,5,3,1,0,1,1,0,0,0,1
8,5,0,2,1,7,7,4,-1,-1,2,-1
8,5,0,2,1,7,0,0,0,0,0,0
26,1,1,7,1,7,7,2,2,2,-1,-1
26,1,1,6,0,7,7,3,-1,-1,2,2
26,1,1,5,0,7,7,2,2,2,-1,-1
26,1,1,4,0,7,7,3,-1,-1,2,2
26,1,1,3,0,7,7,2,2,2,-1,-1
26,1,0,2,0,7,7,1,0,0,1,0
1,0,0,1,0,7,7,3,-1,-1,2,2
10,9,9,7,1,7,7,1,1,0,1,2
9,9,9,6,0,7,7,4,-1,-1,2,-1
9,9,9,6,0,7,0,1,1,0,1,2
9,9,9,5,0,7,7,4,-1,-1,2,-1
9,9,9,5,0,7,0,1,1,0,1,2
9,9,9,4,0,7,7,4,-1,-1,2,-1
9,9,9,4,0,7,0,1,1,0,1,2
9,9,9,3,0,7,7,4,-1,-1,2,-1
9,9,9,3,0,7,0,1,1,0,1,2
9,9,0,2,0,7,7,4,-1,-1,2,-1
9,9,0,2,0,7,0,0,0,0,0,0
32,0,0,1,1,7,7,1,0,0,0,0
6,4,2,5,1,7,7,0,1,1,1,1
6,2,2,3,1,7,7,2,2,2,-1,-1
6,2,0,2,0,7,7,0,1,1,0,2
24,0,0,1,1,7,7,1,0,0,0,0
16,0,0,1,1,0,7,1,0,0,0,0
12,6,6,7,1,7,7,0,1,1,1,1
12,6,6,5,1,7,7,4,-1,-1,0,-1
12,6,6,5,1,7,0,2,1,1,-1,-1
12,6,6,4,0,7,0,3,-1,-1,1,2
12,6,6,3,0,7,7,4,2,-1,-1,-1
12,6,6,3,0,0,7,1,1,1,1,1
6,6,0,2,1,7,7,4,-1,-1,2,-1
6,6,0,2,1,7,0,2,1,1,-1,-1
6,0,0,1,0,7,7,3,-1,-1,1,0
12,12,12,4,1,7,7,1,1,0,1,1
12,12,12,3,0,7,7,4,-1,-1,2,-1
12,12,12,3,0,7,0,1,1,1,1,1
12,12,0,2,1,7,7,4,-1,-1,0,-1
12,12,0,2,1,7,0,2,0,0,-1,-1
12,0,0,1,0,7,7,3,-1,-1,0,2
32,0,0,1,1,7,7,1,0,0,0,0
2,1,1,3,1,7,7,0,1,1,1,1
1,0,0,1,1,7,7,2,2,2,-1,-1
32,0,0,1,1,7,7,1,0,0,0,0
28,6,6,7,1,7,7,0,1,1,1,1
28,6,6,5,1,7,7,4,-1,-1,0,-1
28,6,6,5,1,7,0,2,1,1,-1,-1
28,6,6,4,0,7,0,3,-1,-1,1,2
28,6,6,3,0,7,7,4,2,-1,-1,-1
28,6,6,3,0,0,7,1,0,0,0,0
6,6,0,2,1,7,7,4,2,-1,-1,-1
6,6,0,2,1,0,7,0,1,1,1,1
8,4,4,5,1,0,1,0,1,1,1,1
8,4,4,3,1,7,7,0,1,1,1,1
8,0,0,1,1,7,7,1,1,1,1,1
23,14,11,5,1,0,7,0,0,0,0,1
23,14,11,3,0,7,7,4,-1,-1,0,-1
23,14,11,3,0,7,0,1,0,0,0,0
14,11,0,2,1,7,7,4,2,-1,-1,-1
14,11,0,2,1,0,7,0,0,0,0,0
30,3,3,7,1,7,7,0,1,1,1,1
30,3,3,5,1,7,7,2,2,1,-1,-1
30,3,3,4,0,7,7,3,-1,-1,1,1
30,3,3,3,0,7,7,2,1,1,-1,-1
30,3,0,2,0,7,7,3,-1,-1,1,1
30,0,0,1,0,7,7,1,0,0,0,0
1,1,1,8,1,0,7,0,2,1,2,1
1,1,1,6,1,7,7,0,1,1,1,1
1,1,1,4,1,7,7,0,1,1,1,1
1,1,0,2,1,7,7,0,1,1,1,1
8,4,0,2,1,7,7,0,0,0,0,0
12,9,9,5,1,7,7,1,1,0,1,1
9,9,9,4,0,7,7,4,-1,-1,2,-1
9,9,9,4,0,7,0,1,1,0,1,2
9,9,9,3,0,7,7,4,-1,-1,2,-1
9,9,9,3,0,7,0,1,1,0,1,2
9,9,0,2,0,7,7,4,-1,-1,2,-1
9,9,0,2,0,7,0,0,0,0,0,0
8,2,1,8,1,7,7,0,1,1,1,1
8,1,1,6,1,7,7,0,1,1,1,1
8,1,1,4,1,7,7,0,1,1,1,1
8,1,0,2,1,7,7,1,1,1,1,1
1,0,0,1,1,7,7,2,2,2,-1,-1
8,2,1,4,1,7,7,2,2,2,-1,-1
8,1,1,3,0,7,7,3,-1,-1,2,2
8,1,0,2,0,7,7,2,2,2,-1,-1
8,0,0,1,0,7,7,1,1,1,1,1
1,1,1,8,1,7,7,0,1,1,1,1
1,1,1,6,1,7,7,0,1,1,1,1
1,1,1,4,1,7,7,0,1,1,1,1
1,1,0,2,1,7,7,0,1,1,1,1
5,3,0,2,1,7,7,0,1,1,1,0
17,17,7,4,1,7,7,0,0,0,0,1
17,17,0,2,1,7,7,4,-1,-1,2,-1
17,17,0,2,1,7,0,0,0,0,0,0
57,1,1,8,1,0,7,2,2,2,-1,-1
57,1,1,7,0,7,7,3,-1,-1,2,2
57,1,1,6,0,7,7,2,2,2,-1,-1
57,1,1,5,0,7,7,3,-1,-1,2,2
57,1,1,4,0,7,7,2,2,2,-1,-1
57,1,1,3,0,7,7,3,-1,-1,2,2
57,1,0,2,0,7,7,1,0,0,0,0
1,0,0,1,0,7,7,3,-1,-1,2,2
12,2,1,4,1,7,7,2,2,2,-1,-1
12,1,1,3,0,7,7,3,-1,-1,2,2
12,1,0,2,0,7,7,2,2,2,-1,-1
12,0,0,1,0,7,7,1,1,1,1,1
24,0,0,1,1,7,7,1,0,0,0,0
4,2,2,7,1,7,7,0,1,1,1,1
2,1,1,5,1,7,7,0,1,1,1,1
1,1,1,3,1,7,7,0,1,1,1,1
1,0,0,1,1,7,7,2,2,2,-1,-1
24,0,0,1,1,7,7,1,0,0,0,0
6,4,2,5,1,0,1,0,2,1,1,2
6,2,2,3,0,7,7,2,2,2,-1,-1
6,2,0,2,0,7,7,0,1,1,0,2
6,1,1,3,1,0,7,0,1,1,2,1
1,0,0,1,0,7,7,3,-1,-1,1,2
6,6,0,2,1,7,7,0,1,1,1,1
1,1,1,8,1,7,7,0,1,1,1,1
1,1,1,6,1,7,7,0,1,1,1,1
1,1,1,4,1,7,7,0,1,1,1,1
1,1,0,2,1,7,7,0,1,1,1,1
12,1,1,5,1,7,7,2,2,2,-1,-1
12,1,1,4,0,7,7,3,-1,-1,2,2
12,1,1,3,0,7,7,2,2,2,-1,-1
12,1,0,2,0,7,7,1,1,1,1,1
1,0,0,1,1,7,7,2,2,2,-1,-1
6,6,6,8,1,0,7,2,2,2,-1,-1
6,6,6,7,0,7,7,3,-1,-1,2,2
6,6,6,6,0,7,7,2,2,2,-1,-1
6,6,6,5,0,7,7,3,-1,-1,2,2
6,6,6,4,0,7,7,0,1,1,1,1
6,6,0,2,1,7,7,4,-1,-1,0,-1
6,6,0,2,1,7,0,2,1,1,-1,-1
6,0,0,1,0,7,7,3,-1,-1,1,2
17,17,7,4,1,7,7,0,0,0,0,1
17,17,0,2,1,7,7,4,-1,-1,2,-1
17,17,0,2,1,7,0,0,0,0,0,0
6,2,1,6,1,0,7,0,1,1,1,1
6,1,1,4,1,7,7,2,2,2,-1,-1
6,1,1,3,0,7,7,3,-1,-1,2,2
6,1,0,2,0,7,7,2,2,2,-1,-1
6,0,0,1,0,7,7,1,1,1,1,1
46,9,4,7,1,7,7,2,1,1,-1,-1
46,9,2,6,0,7,7,3,-1,-1,1,1
46,9,2,5,1,7,7,2,2,2,-1,-1
46,9,2,4,0,7,7,3,-1,-1,2,2
46,9,1,3,0,7,7,2,2,2,-1,-1
46,9,0,2,0,7,7,1,0,0,0,0
9,0,0,1,0,7,7,1,1,0,1,1
64,0,0,1,1,7,7,1,0,0,0,0
12,0,0,1,1,7,7,1,1,1,1,1
7,3,2,3,1,7,7,0,1,1,1,1
7,0,0,1,1,7,7,1,1,1,1,1
8,8,8,6,1,7,7,0,0,0,0,1
8,8,8,4,1,7,7,4,-1,-1,2,-1
8,8,8,4,1,7,0,1,1,1,1,1
8,8,8,3,1,7,7,1,1,1,1,1
8,8,0,2,1,7,7,0,0,0,0,0
34,30,0,2,1,7,7,0,0,0,0,0
4,2,2,3,1,7,7,0,1,1,1,1
2,0,0,1,1,7,7,2,2,2,-1,-1
8,8,8,8,1,7,7,2,1,1,-1,-1
8,8,8,7,0,7,7,3,-1,-1,1,1
8,8,8,6,1,7,7,2,1,1,-1,-1
8,8,8,5,0,7,7,3,-1,-1,1,1
8,8,8,4,1,7,7,0,0,0,0,1
8,8,0,2,1,7,7,4,-1,-1,2,-1
8,8,0,2,1,7,0,0,0,0,0,0
16,5,2,4,1,7,7,2,2,2,-1,-1
16,5,1,3,0,7,7,1,0,0,0,0
5,1,0,2,1,7,7,0,1,1,0,2
2,2,0,2,1,7,7,0,1,1,1,1
2,2,0,2,1,7,7,0,1,1,1,1
17,5,2,3,1,7,7,1,0,0,0,0
5,2,0,2,0,7,7,2,2,2,-1,-1
5,0,0,1,1,7,7,1,1,1,1,1
4,1,1,5,1,0,7,0,1,1,2,2
1,1,1,3,0,7,7,3,-1,-1,1,2
1,1,0,2,0,7,7,0,1,1,1,1
42,22,0,2,1,0,1,1,0,0,0,0
22,0,0,1,1,7,7,1,0,0,0,0
31,8,3,8,1,7,7,0,1,1,1,1
31,8,1,6,1,7,7,2,2,2,-1,-1
31,8,1,5,0,7,7,3,-1,-1,2,2
31,8,1,4,0,7,7,2,2,2,-1,-1
31,8,1,3,0,7,7,1,0,0,0,0
8,1,0,2,1,7,7,4,0,-1,-1,-1
8,1,0,2,1,0,7,1,1,1,1,1
1,0,0,1,1,7,7,2,2,2,-1,-1
25,14,10,5,1,7,7,0,0,0,0,1
25,14,10,3,1,7,7,4,-1,-1,2,-1
25,14,10,3,1,7,0,1,0,0,0,0
14,10,0,2,0,7,7,4,-1,-1,0,-1
14,10,0,2,0,7,0,0,0,0,0,0
43,3,3,8,1,7,7,2,1,1,-1,-1
43,3,3,7,0,7,7,3,-1,-1,1,1
43,3,3,6,1,7,7,2,1,1,-1,-1
43,3,3,5,0,7,7,3,-1,-1,1,1
43,3,3,4,1,7,7,2,2,1,-1,-1
43,3,3,3,0,7,7,3,-1,-1,1,1
43,3,0,2,0,7,7,2,1,1,-1,-1
43,0,0,1,0,7,7,1,0,0,0,0
20,4,4,8,1,7,7,0,1,1,1,1
20,4,4,6,1,7,7,0,1,1,1,1
20,4,4,4,1,7,7,2,2,1,-1,-1
20,4,4,3,0,7,7,3,-1,-1,1,1
20,4,0,2,0,7,7,2,1,1,-1,-1
20,0,0,1,0,7,7,1,0,0,0,0
16,0,0,1,1,7,7,1,0,0,0,0
32,0,0,1,1,7,7,1,0,0,0,0
2,1,1,3,1,7,7,0,1,1,1,1
1,0,0,1,1,7,7,2,2,2,-1,-1
33,3,3,6,1,7,7,2,1,1,-1,-1
33,3,3,5,0,7,7,3,-1,-1,1,0
33,3,3,4,0,7,7,2,1,1,-1,-1
33,3,3,3,0,7,7,3,-1,-1,1,1
33,3,0,2,0,7,7,1,0,0,0,0
3,0,0,1,0,7,7,2,1,1,-1,-1
5,2,1,3,1,7,7,0,1,1,1,2
1,0,0,1,0,7,7,3,-1,-1,1,2
14,5,2,5,1,0,1,2,2,2,-1,-1
14,5,2,4,0,7,1,3,-1,-1,2,2
14,5,1,3,0,7,7,2,2,2,-1,-1
14,5,0,2,0,7,7,1,0,0,0,0
5,0,0,1,1,7,7,1,1,1,1,1
12,3,1,3,1,7,7,1,1,1,1,1
3,1,0,2,1,7,7,0,1,1,1,1
12,2,2,3,1,7,7,1,1,1,1,1
2,2,0,2,1,7,7,0,1,1,1,1
13,1,1,4,1,7,7,2,2,2,-1,-1
13,1,1,3,0,7,7,3,-1,-1,2,1
13,1,0,2,0,7,7,1,0,0,1,0
1,0,0,1,0,7,7,3,-1,-1,2,2
35,9,4,3,1,7,7,1,0,0,0,0
9,4,0,2,1,7,7,4,0,-1,-1,-1
9,4,0,2,1,0,7,4,-1,-1,0,-1
9,4,0,2,1,0,0,1,1,1,1,1
4,0,0,1,0,7,7,2,1,1,-1,-1
20,5,2,8,1,0,7,0,1,1,1,1
20,5,1,6,1,7,7,2,2,2,-1,-1
20,5,1,5,0,7,7,3,-1,-1,2,2
20,5,1,4,0,7,7,2,2,2,-1,-1
20,5,1,3,0,7,7,1,0,0,0,0
5,1,0,2,1,7,7,0,1,1,0,2
12,0,0,1,1,7,7,1,1,1,1,1
11,1,1,6,1,7,7,0,1,1,1,1
11,1,1,4,1,7,7,2,2,2,-1,-1
11,1,1,3,0,7,7,3,-1,-1,2,2
11,1,0,2,0,7,7,1,1,1,1,1
1,0,0,1,1,7,7,2,2,2,-1,-1
8,8,0,2,1,7,7,0,0,0,0,0
64,0,0,1,1,7,7,1,0,0,0,0
6,6,6,8,1,7,7,2,2,2,-1,-1
6,6,6,7,0,7,7,3,-1,-1,2,2
6,6,6,6,0,7,7,2,2,2,-1,-1
6,6,6,5,0,7,7,3,-1,-1,2,2
6,6,6,4,0,7,7,0,1,1,1,1
6,6,0,2,1,7,7,4,-1,-1,0,-1
6,6,0,2,1,7,0,2,1,1,-1,-1
6,0,0,1,0,7,7,3,-1,-1,1,2
16,0,0,1,1,7,7,1,0,0,0,0
6,2,0,2,1,0,7,0,1,1,0,2
3,1,0,2,1,7,7,0,1,1,1,1
4,0,0,1,1,7,7,1,1,1,1,1
18,6,0,2,1,7,7,1,0,0,0,0
6,0,0,1,0,7,7,1,1,1,1,1
10,6,0,2,1,7,7,0,0,0,0,0
46,18,0,2,1,7,7,1,0,0,0,0
18,0,0,1,0,7,7,1,0,0,0,0
4,0,0,1,1,7,7,1,1,1,1,1
8,0,0,1,1,7,7,1,1,1,1,1
22,7,3,3,1,7,7,1,0,0,0,0
7,3,0,2,1,7,7,4,2,-1,-1,-1
7,3,0,2,1,0,7,0,0,0,0,0
64,0,0,1,1,0,7,1,0,0,0,0
4,4,4,6,1,7,7,0,1,1,1,1
4,4,4,4,1,7,7,0,1,1,1,1
4,4,0,2,1,7,7,0,1,1,1,1
12,0,0,1,1,0,7,1,1,1,1,1
2,1,1,3,1,0,1,0,2,1,2,1
1,0,0,1,1,7,7,2,2,2,-1,-1
27,14,10,5,1,0,7,0,0,0,0,1
27,14,10,3,0,7,7,4,-1,-1,2,-1
27,14,10,3,0,7,0,1,0,0,0,0
14,10,0,2,1,7,7,4,2,-1,-1,-1
14,10,0,2,1,0,7,0,0,0,0,0
16,4,4,5,1,0,7,0,1,1,1,1
16,4,4,3,1,7,7,1,0,0,0,0
4,4,0,2,1,7,7,0,1,1,1,1
13,7,5,5,1,7,7,0,1,1,1,1
13,7,5,3,1,7,7,1,0,0,0,1
7,5,0,2,1,7,7,4,-1,-1,2,-1
7,5,0,2,1,7,0,0,0,0,0,0
8,8,8,6,1,7,7,0,0,0,0,1
8,8,8,4,1,7,7,4,-1,-1,2,-1
8,8,8,4,1,7,0,1,1,1,1,1
8,8,8,3,1,7,7,1,1,1,1,1
8,8,0,2,1,7,7,0,0,0,0,0
3,1,0,2,1,7,7,0,1,1,1,1
4,4,4,4,1,7,7,0,1,1,1,1
4,4,0,2,1,7,7,0,1,1,1,1
2,2,1,6,1,7,7,0,1,1,1,1
1,1,1,4,1,7,7,0,1,1,1,1
1,1,0,2,1,7,7,0,1,1,1,1
2,1,1,3,1,7,7,0,1,1,1,1
1,0,0,1,1,7,7,2,2,2,-1,-1
24,12,12,3,1,7,7,1,0,0,0,0
12,12,0,2,1,7,7,4,2,-1,-1,-1
12,12,0,2,1,0,7,0,0,0,0,0
42,1,1,7,1,0,7,2,2,2,-1,-1
42,1,1,6,0,7,7,3,-1,-1,2,2
42,1,1,5,0,7,7,2,2,2,-1,-1
42,1,1,4,0,7,7,3,-1,-1,2,2
42,1,1,3,0,7,7,2,2,2,-1,-1
42,1,0,2,0,7,7,1,0,0,1,0
1,0,0,1,0,7,7,3,-1,-1,2,2
48,10,4,4,1,0,7,2,2,1,-1,-1
48,10,2,3,0,7,7,3,-1,-1,1,2
48,10,0,2,0,7,7,1,0,0,0,0
10,0,0,1,1,7,7,1,1,0,1,1
20,14,14,3,1,7,7,1,0,0,0,1
14,14,0,2,1,7,7,4,-1,-1,2,-1
14,14,0,2,1,7,0,0,0,0,0,0
24,0,0,1,1,7,7,1,0,0,0,0
12,2,2,3,1,7,7,1,1,1,1,1
2,2,0,2,1,7,7,0,1,1,1,1
4,4,2,4,1,7,7,0,1,1,1,1
2,2,0,2,1,7,7,0,1,1,1,1
12,0,0,1,1,7,7,1,1,1,1,1
4,0,0,1,1,0,7,1,2,1,2,1
6,3,2,8,1,0,1,0,2,1,1,2
6,1,1,6,0,7,7,2,2,2,-1,-1
6,1,1,5,0,7,7,0,1,1,1,1
6,1,1,3,1,7,7,2,2,2,-1,-1
6,1,0,2,0,7,7,0,1,1,0,2
1,1,1,8,1,7,7,0,1,1,1,1
1,1,1,6,1,7,7,0,1,1,1,1
1,1,1,4,1,7,7,0,1,1,1,1
1,1,0,2,1,7,7,0,1,1,1,1
48,9,3,6,1,7,7,2,2,1,-1,-1
48,9,2,5,0,7,7,3,-1,-1,2,1
48,9,1,4,1,7,7,2,2,2,-1,-1
48,9,1,3,0,7,7,3,-1,-1,2,2
48,9,0,2,0,7,7,1,0,0,0,0
9,0,0,1,1,7,7,1,1,0,1,1
6,1,1,7,1,7,7,0,1,1,1,1
6,1,1,5,1,7,7,0,1,1,1,1
6,1,1,3,1,7,7,2,2,2,-1,-1
6,1,0,2,0,7,7,0,1,1,0,2
8,4,0,2,1,0,1,0,0,0,0,0
12,4,0,2,1,7,7,1,1,1,1,1
4,0,0,1,1,7,7,1,1,1,1,1
37,27,0,2,1,0,7,1,0,0,0,0
27,0,0,1,0,7,7,1,0,0,0,0
3,3,3,8,1,7,7,0,1,1,1,1
3,3,1,6,1,7,7,0,1,1,1,1
1,1,1,4,1,7,7,0,1,1,1,1
1,1,0,2,1,7,7,0,1,1,1,1
12,0,0,1,1,7,7,1,1,1,1,1
48,0,0,1,1,0,7,1,0,0,0,0
3,2,1,5,1,7,7,0,1,1,1,1
1,1,1,3,1,7,7,0,1,1,1,1
1,0,0,1,1,7,7,2,2,2,-1,-1
17,3,3,6,1,7,7,0,1,1,1,1
17,3,3,4,1,7,7,2,2,1,-1,-1
17,3,3,3,0,7,7,3,-1,-1,1,1
17,3,0,2,0,7,7,1,0,0,0,0
3,0,0,1,0,7,7,2,1,1,-1,-1
13,5,3,5,1,0,1,2,2,1,-1,-1
13,5,3,4,0,7,1,3,-1,-1,1,1
13,5,1,3,0,7,7,2,1,1,-1,-1
13,5,0,2,0,7,7,1,0,0,0,0
5,0,0,1,1,7,7,1,1,1,1,1
12,2,2,3,1,7,7,1,1,1,1,1
2,2,0,2,1,7,7,0,1,1,1,1
2,1,1,3,1,0,7,0,2,1,2,1
1,0,0,1,1,7,7,2,2,2,-1,-1
5,1,1,8,1,0,7,0,1,1,1,1
5,1,1,6,1,7,7,0,1,1,1,1
5,1,1,4,1,7,7,0,1,1,1,1
5,1,0,2,1,7,7,0,1,1,0,2
7,3,2,3,1,7,7,0,1,1,1,1
7,0,0,1,1,7,7,1,1,1,1,1
29,5,5,8,1,7,7,0,1,1,1,1
29,5,5,6,1,7,7,4,-1,-1,0,-1
29,5,5,6,1,7,0,2,1,1,-1,-1
29,5,5,5,0,7,0,3,-1,-1,1,1
29,5,5,4,1,7,7,4,-1,-1,0,-1
29,5,5,4,1,7,0,2,1,1,-1,-1
29,5,5,3,0,7,0,3,-1,-1,1,2
29,5,0,2,0,7,7,4,2,-1,-1,-1
29,5,0,2,0,0,7,1,0,0,0,0
5,0,0,1,0,7,7,1,1,1,1,1
6,5,5,3,1,7,7,1,1,1,1,1
5,5,0,2,1,7,7,0,1,1,1,1
26,1,1,7,1,7,7,2,2,2,-1,-1
26,1,1,6,0,7,7,3,-1,-1,2,2
26,1,1,5,0,7,7,2,2,2,-1,-1
26,1,1,4,0,7,7,3,-1,-1,2,2
26,1,1,3,0,7,7,2,2,2,-1,-1
26,1,0,2,0,7,7,1,0,0,1,0
1,0,0,1,0,7,7,3,-1,-1,2,2
6,5,5,3,1,7,7,1,1,1,1,1
5,5,0,2,1,7,7,0,1,1,1,1
43,3,3,8,1,0,7,2,1,1,-1,-1
43,3,3,7,0,7,7,3,-1,-1,1,1
43,3,3,6,1,7,7,2,1,1,-1,-1
43,3,3,5,0,7,7,3,-1,-1,1,1
43,3,3,4,1,7,7,2,2,1,-1,-1
43,3,3,3,0,7,7,3,-1,-1,1,1
43,3,0,2,0,7,7,2,1,1,-1,-1
43,0,0,1,0,7,7,1,0,0,0,0
11,1,1,6,1,7,7,0,1,1,1,1
11,1,1,4,1,7,7,2,2,2,-1,-1
11,1,1,3,0,7,7,3,-1,-1,2,2
11,1,0,2,0,7,7,1,1,1,1,1
1,0,0,1,1,7,7,2,2,2,-1,-1
48,0,0,1,1,7,7,1,0,0,0,0
4,0,0,1,1,7,7,1,1,1,1,1
3,1,1,6,1,7,7,0,1,1,1,1
1,1,1,4,1,7,7,0,1,1,1,1
1,1,0,2,1,7,7,0,1,1,1,1
4,4,2,4,1,7,7,0,1,1,1,1
2,2,0,2,1,7,7,0,1,1,1,1
8,2,2,3,1,7,7,0,1,1,1,1
8,0,0,1,1,7,7,1,1,1,1,1
4,0,0,1,1,7,7,1,1,1,1,1
16,0,0,1,1,7,7,1,0,0,0,0
38,26,0,2,1,0,7,1,0,0,0,0
26,0,0,1,1,7,7,1,0,0,0,0
4,4,4,3,1,7,7,0,1,1,1,1
4,0,0,1,1,7,7,1,1,1,1,1
41,11,5,7,1,7,7,2,2,2,-1,-1
41,11,5,6,0,7,7,3,-1,-1,2,2
41,11,5,5,0,7,7,2,2,1,-1,-1
41,11,5,4,0,7,7,3,-1,-1,1,1
41,11,5,3,0,7,7,2,1,1,-1,-1
41,11,0,2,0,7,7,1,0,0,0,0
11,0,0,1,0,7,7,1,1,1,1,1
4,4,0,2,1,0,7,0,1,1,1,1
4,4,4,3,1,7,7,0,1,1,1,1
4,0,0,1,1,7,7,1,1,1,1,1
7,1,1,6,1,0,7,0,1,1,1,1
7,1,1,4,1,7,7,2,2,2,-1,-1
7,1,1,3,0,7,7,3,-1,-1,2,2
7,1,0,2,0,7,7,2,2,2,-1,-1
7,0,0,1,0,7,7,1,1,1,1,1
4,4,4,4,1,7,7,0,1,1,1,1
4,4,0,2,1,7,7,0,1,1,1,1
15,10,7,6,1,7,7,0,1,0,1,1
15,10,7,4,0,7,7,4,-1,-1,2,-1
15,10,7,4,0,7,0,1,0,0,0,1
10,7,5,3,1,7,7,4,-1,-1,2,-1
10,7,5,3,1,7,0,1,1,0,1,2
7,5,0,2,0,7,7,4,-1,-1,2,-1
7,5,0,2,0,7,0,0,0,0,0,0
12,12,0,2,1,7,7,0,0,0,0,0
6,2,0,2,1,0,7,0,1,1,0,2
32,0,0,1,1,7,7,1,0,0,0,0
6,3,3,7,1,7,7,0,1,1,1,1
6,3,3,5,1,7,7,0,1,1,1,1
6,3,3,3,1,7,7,0,1,1,1,1
6,0,0,1,1,7,7,1,1,1,1,1
27,1,1,6,1,7,7,2,2,2,-1,-1
27,1,1,5,0,7,7,3,-1,-1,2,2
27,1,1,4,0,7,7,2,2,2,-1,-1
27,1,1,3,0,7,7,3,-1,-1,2,2
27,1,0,2,0,7,7,1,0,0,0,0
1,0,0,1,1,7,7,2,2,2,-1,-1
2,2,0,2,1,7,7,0,1,1,1,1
64,0,0,1,1,7,7,1,0,0,0,0
5,2,1,3,1,7,7,0,1,1,1,2
1,0,0,1,0,7,7,3,-1,-1,1,2
22,5,2,6,1,7,7,2,2,2,-1,-1
22,5,1,5,0,7,7,3,-1,-1,2,2
22,5,1,4,0,7,7,2,2,2,-1,-1
22,5,1,3,0,7,7,1,0,0,1,0
5,1,0,2,0,7,7,2,2,2,-1,-1
5,0,0,1,1,7,7,1,1,1,1,1
4,0,0,1,1,7,7,1,1,1,1,1
12,0,0,1,1,0,7,1,1,1,1,1
22,7,3,3,1,7,7,1,0,0,0,0
7,3,0,2,1,7,7,4,2,-1,-1,-1
7,3,0,2,1,0,7,0,0,0,0,0
12,0,0,1,1,7,7,1,1,1,1,1
48,0,0,1,1,7,7,1,0,0,0,0
3,1,1,6,1,7,7,0,1,1,1,1
1,1,1,4,1,7,7,0,1,1,1,1
1,1,0,2,1,7,7,0,1,1,1,1
3,1,0,2,1,7,7,0,1,1,1,1
4,0,0,1,1,7,7,1,1,1,1,1
45,9,4,8,1,7,7,2,2,2,-1,-1
45,9,4,7,0,7,7,3,-1,-1,2,2
45,9,4,6,0,7,7,2,2,2,-1,-1
45,9,4,5,0,7,7,3,-1,-1,2,1
45,9,4,4,0,7,7,2,1,1,-1,-1
45,9,1,3,0,7,7,3,-1,-1,1,2
45,9,0,2,0,7,7,1,0,0,0,0
9,0,0,1,0,7,7,1,1,0,1,1
3,1,1,6,1,7,7,0,1,1,1,1
1,1,1,4,1,7,7,0,1,1,1,1
1,1,0,2,1,7,7,0,1,1,1,1
6,6,4,7,1,7,7,0,1,1,1,1
6,6,2,5,1,7,7,0,1,1,1,1
6,6,2,3,1,7,7,2,2,2,-1,-1
6,6,0,2,0,7,7,0,1,1,1,1
32,32,0,2,1,7,7,0,0,0,0,0
48,0,0,1,1,7,7,1,0,0,0,0
8,0,0,1,1,0,7,1,1,1,1,1
11,5,0,2,1,7,7,1,1,1,1,1
5,0,0,1,1,7,7,1,1,1,1,1
6,1,1,7,1,7,7,0,1,1,1,1
6,1,1,5,1,7,7,0,1,1,1,1
6,1,1,3,1,7,7,2,2,2,-1,-1
6,1,0,2,0,7,7,0,1,1,0,2
4,4,4,8,1,7,7,0,1,1,1,1
4,4,4,6,1,7,7,0,1,1,1,1
4,4,4,4,1,7,7,0,1,1,1,1
4,4,0,2,1,7,7,0,1,1,1,1
3,1,1,6,1,7,7,0,1,1,1,1
1,1,1,4,1,7,7,0,1,1,1,1
1,1,0,2,1,7,7,0,1,1,1,1
1,1,1,4,1,0,7,0,2,1,2,1
1,1,0,2,1,7,7,0,1,1,1,1
32,0,0,1,1,7,7,1,0,0,0,0
13,4,2,8,1,7,7,0,1,1,1,1
13,1,1,6,1,7,7,0,1,1,1,1
13,1,1,4,1,7,7,2,2,2,-1,-1
13,1,1,3,0,7,7,3,-1,-1,2,2
13,1,0,2,0,7,7,1,0,0,1,0
1,0,0,1,0,7,7,3,-1,-1,2,2
16,0,0,1,1,0,7,1,0,0,0,0
21,5,3,6,1,7,7,2,2,2,-1,-1
21,5,3,5,0,7,7,3,-1,-1,2,2
21,5,3,4,0,7,7,2,2,2,-1,-1
21,5,3,3,0,7,7,1,0,0,0,0
5,3,0,2,0,7,7,0,1,1,1,0
2,2,0,2,1,7,7,0,1,1,1,1
7,3,3,4,1,0,7,0,1,1,1,1
7,3,0,2,1,7,7,0,0,0,0,0
18,9,6,7,1,7,7,0,1,1,1,1
18,9,4,5,1,7,7,4,0,-1,-1,-1
18,9,4,5,1,0,7,4,-1,-1,0,-1
18,9,4,5,1,0,0,2,1,2,-1,-1
18,9,3,4,0,7,0,3,-1,-1,1,1
18,9,3,3,0,7,7,4,0,-1,-1,-1
18,9,3,3,0,0,7,1,0,0,0,1
9,3,0,2,0,7,7,4,-1,-1,0,-1
9,3,0,2,0,7,0,2,1,1,-1,-1
9,0,0,1,0,7,0,1,1,0,1,1
3,3,1,4,1,0,7,0,1,1,2,2
3,1,0,2,0,7,7,3,-1,-1,1,1
1,0,0,1,0,7,7,2,1,2,-1,-1
4,0,0,1,1,0,7,1,2,1,2,1
34,14,0,2,1,7,7,1,0,0,0,0
14,0,0,1,0,7,7,1,0,0,0,0
8,0,0,1,1,0,7,1,1,1,1,1
24,0,0,1,1,7,7,1,0,0,0,0
11,5,0,2,1,7,7,1,1,1,1,1
5,0,0,1,1,7,7,1,1,1,1,1
2,1,1,3,1,7,7,0,1,1,1,1
1,0,0,1,1,7,7,2,2,2,-1,-1
12,0,0,1,1,7,7,1,1,1,1,1
24,0,0,1,1,0,7,1,0,0,0,0
28,12,12,4,1,0,7,1,0,1,0,1
12,12,12,3,1,7,7,4,0,-1,-1,-1
12,12,12,3,1,0,7,4,-1,-1,0,-1
12,12,12,3,1,0,0,1,1,1,1,1
12,12,0,2,1,7,7,4,-1,-1,0,-1
12,12,0,2,1,7,0,2,0,0,-1,-1
12,0,0,1,0,7,7,3,-1,-1,0,2
36,2,2,7,1,7,7,2,2,2,-1,-1
36,2,2,6,0,7,7,3,-1,-1,2,2
36,2,2,5,0,7,7,2,2,2,-1,-1
36,2,2,4,0,7,7,3,-1,-1,2,2
36,2,2,3,0,7,7,2,2,2,-1,-1
36,2,0,2,0,7,7,1,0,0,0,0
2,0,0,1,1,7,7,2,2,2,-1,-1
24,24,0,2,1,0,7,0,0,0,0,0
1,1,1,4,1,7,7,0,1,1,1,1
1,1,0,2,1,7,7,0,1,1,1,1
21,5,2,7,1,7,7,0,1,1,1,1
21,5,1,5,1,7,7,2,2,2,-1,-1
21,5,1,4,0,7,7,3,-1,-1,2,2
21,5,1,3,0,7,7,1,0,0,0,0
5,1,0,2,0,7,7,3,-1,-1,2,2
5,0,0,1,1,7,7,1,1,1,1,1
1,1,1,8,1,7,7,0,1,1,1,1
1,1,1,6,1,7,7,0,1,1,1,1
1,1,1,4,1,7,7,0,1,1,1,1
1,1,0,2,1,7,7,0,1,1,1,1
16,4,4,3,1,7,7,1,0,0,0,0
4,4,0,2,1,7,7,0,1,1,1,1
2,2,2,8,1,0,7,0,2,1,2,1
2,2,2,6,1,7,7,0,1,1,1,1
2,2,2,4,1,7,7,0,1,1,1,1
2,2,0,2,1,7,7,0,1,1,1,1
7,1,0,2,1,7,7,1,1,1,1,1
1,0,0,1,1,7,7,2,2,2,-1,-1
17,7,0,2,1,7,7,1,0,0,0,0
7,0,0,1,0,7,7,1,1,1,1,1
6,6,6,8,1,7,7,2,2,2,-1,-1
6,6,6,7,0,7,7,3,-1,-1,2,2
6,6,6,6,0,7,7,2,2,2,-1,-1
6,6,6,5,0,7,7,3,-1,-1,2,2
6,6,6,4,0,7,7,0,1,1,1,1
6,6,0,2,1,7,7,4,-1,-1,0,-1
6,6,0,2,1,7,0,2,1,1,-1,-1
6,0,0,1,0,7,7,3,-1,-1,1,2
64,0,0,1,1,7,7,1,0,0,0,0
4,0,0,1,1,0,7,1,2,1,2,1
8,8,8,3,1,7,7,1,1,1,1,1
8,8,0,2,1,7,7,0,0,0,0,0
20,4,4,4,1,7,7,2,2,1,-1,-1
20,4,4,3,0,7,7,3,-1,-1,1,1
20,4,0,2,0,7,7,2,1,1,-1,-1
20,0,0,1,0,7,7,1,0,0,0,0
2,2,0,2,1,7,7,0,1,1,1,1
1,1,1,4,1,7,7,0,1,1,1,1
1,1,0,2,1,7,7,0,1,1,1,1
10,1,1,7,1,0,7,0,1,1,1,1
10,1,1,5,1,7,7,2,2,2,-1,-1
10,1,1,4,0,7,7,3,-1,-1,2,2
10,1,1,3,0,7,7,2,2,1,-1,-1
10,1,0,2,0,7,7,1,1,1,1,2
1,0,0,1,0,7,7,2,2,2,-1,-1
6,1,1,3,1,7,7,0,1,1,1,2
1,0,0,1,0,7,7,3,-1,-1,1,2
35,9,4,3,1,0,7,1,0,0,0,0
9,4,0,2,1,7,7,4,0,-1,-1,-1
9,4,0,2,1,0,7,4,-1,-1,0,-1
9,4,0,2,1,0,0,1,1,1,1,1
4,0,0,1,0,7,7,2,1,1,-1,-1
24,0,0,1,1,7,7,1,0,0,0,0
2,1,1,7,1,0,7,0,2,1,2,1
1,1,1,5,1,7,7,0,1,1,1,1
1,1,1,3,1,7,7,0,1,1,1,1
1,0,0,1,1,7,7,2,2,2,-1,-1
33,15,9,4,1,7,7,1,0,0,0,1
15,9,7,3,0,7,7,4,0,-1,-1,-1
15,9,7,3,0,0,7,4,-1,-1,0,-1
15,9,7,3,0,0,0,1,0,0,0,1
9,7,0,2,1,7,7,4,-1,-1,2,-1
9,7,0,2,1,7,0,0,0,0,0,0
8,8,8,6,1,0,1,1,1,1,1,1
8,8,8,5,1,7,7,0,0,0,0,1
8,8,8,3,1,7,7,4,-1,-1,2,-1
8,8,8,3,1,7,0,1,1,1,1,1
8,8,0,2,1,7,7,0,0,0,0,0
8,1,1,5,1,0,7,0,1,1,1,1
8,1,1,3,1,7,7,2,2,2,-1,-1
8,1,0,2,0,7,7,1,1,1,1,1
1,0,0,1,1,7,7,2,2,2,-1,-1
36,2,2,7,1,0,7,2,2,2,-1,-1
36,2,2,6,0,7,7,3,-1,-1,2,2
36,2,2,5,0,7,7,2,2,2,-1,-1
36,2,2,4,0,7,7,3,-1,-1,2,2
36,2,2,3,0,7,7,2,2,2,-1,-1
36,2,0,2,0,7,7,1,0,0,0,0
2,0,0,1,1,7,7,2,2,2,-1,-1
10,2,2,8,1,0,7,0,1,1,1,1
10,2,2,6,1,7,7,0,1,1,1,1
10,2,2,4,1,7,7,2,2,2,-1,-1
10,2,2,3,0,7,7,3,-1,-1,2,2
10,2,0,2,0,7,7,1,1,1,1,2
2,0,0,1,0,7,7,2,2,2,-1,-1
2,2,2,6,1,7,7,0,1,1,1,1
2,2,2,4,1,7,7,0,1,1,1,1
2,2,0,2,1,7,7,0,1,1,1,1
11,11,5,4,1,0,7,0,1,0,1,1
11,11,0,2,0,7,7,4,-1,-1,2,-1
11,11,0,2,0,7,0,0,0,0,0,0
12,0,0,1,1,7,7,1,1,1,1,1
36,4,4,4,1,7,7,2,2,1,-1,-1
36,4,4,3,0,7,7,3,-1,-1,1,1
36,4,0,2,0,7,7,2,1,1,-1,-1
36,0,0,1,0,7,7,1,0,0,0,0
6,6,6,8,1,0,7,0,1,1,1,1
6,6,6,6,1,7,7,4,-1,-1,0,-1
6,6,6,6,1,7,0,2,1,1,-1,-1
6,6,6,5,0,7,7,3,-1,-1,1,1
6,6,6,4,1,7,7,4,-1,-1,0,-1
6,6,6,4,1,7,0,2,1,1,-1,-1
6,6,6,3,0,7,7,3,-1,-1,1,2
6,6,0,2,0,7,7,4,2,-1,-1,-1
6,6,0,2,0,0,7,0,1,1,1,1
48,0,0,1,1,7,7,1,0,0,0,0
11,5,0,2,1,7,7,1,1,1,1,1
5,0,0,1,1,7,7,1,1,1,1,1
6,2,2,4,1,7,7,2,2,2,-1,-1
6,2,2,3,0,7,7,3,-1,-1,2,2
6,2,0,2,0,7,7,2,2,2,-1,-1
6,0,0,1,0,7,7,1,1,1,1,1
48,0,0,1,1,7,7,1,0,0,0,0
26,6,0,2,1,7,7,1,0,0,0,0
6,0,0,1,1,7,7,1,1,1,1,1
12,11,3,5,1,0,7,2,2,1,-1,-1
12,11,3,4,0,7,7,3,-1,-1,1,2
12,11,3,3,0,7,7,2,1,1,-1,-1
12,11,0,2,0,7,7,0,0,0,0,0
13,11,0,2,1,7,7,0,0,0,0,0
8,4,4,5,1,0,1,0,1,1,1,1
8,4,4,3,1,7,7,0,1,1,1,1
8,0,0,1,1,7,7,1,1,1,1,1
1,1,1,8,1,0,7,0,2,1,2,1
1,1,1,6,1,7,7,0,1,1,1,1
1,1,1,4,1,7,7,0,1,1,1,1
1,1,0,2,1,7,7,0,1,1,1,1
8,1,1,5,1,7,7,0,1,1,1,1
8,1,1,3,1,7,7,2,2,2,-1,-1
8,1,0,2,0,7,7,1,1,1,1,1
1,0,0,1,1,7,7,2,2,2,-1,-1
1,1,1,4,1,7,7,0,1,1,1,1
1,1,0,2,1,7,7,0,1,1,1,1
1,1,1,8,1,7,7,0,1,1,1,1
1,1,1,6,1,7,7,0,1,1,1,1
1,1,1,4,1,7,7,0,1,1,1,1
1,1,0,2,1,7,7,0,1,1,1,1
32,0,0,1,1,0,7,1,0,0,0,0
30,6,6,4,1,0,7,1,0,0,0,0
6,6,6,3,1,7,7,4,0,-1,-1,-1
6,6,6,3,1,0,7,4,-1,-1,0,-1
6,6,6,3,1,0,0,1,2,2,1,1
6,6,0,2,0,7,7,2,1,1,-1,-1
6,0,0,1,0,7,7,3,-1,-1,1,1
36,3,3,5,1,7,7,2,2,1,-1,-1
36,3,3,4,0,7,7,3,-1,-1,1,1
36,3,3,3,0,7,7,2,1,1,-1,-1
36,3,0,2,0,7,7,3,-1,-1,1,1
36,0,0,1,0,7,7,1,0,0,0,0
6,6,6,6,1,7,7,2,2,2,-1,-1
6,6,6,5,0,7,7,3,-1,-1,2,2
6,6,6,4,0,7,7,0,1,1,1,1
6,2,0,2,1,7,7,4,-1,-1,0,-1
6,2,0,2,1,7,0,2,1,1,-1,-1
2,0,0,1,0,7,7,3,-1,-1,2,1
6,1,1,3,1,7,7,0,1,1,1,2
1,0,0,1,0,7,7,3,-1,-1,1,2
47,9,4,6,1,7,7,2,2,1,-1,-1
47,9,2,5,0,7,7,3,-1,-1,2,1
47,9,1,4,1,7,7,2,2,2,-1,-1
47,9,1,3,0,7,7,3,-1,-1,2,2
47,9,0,2,0,7,7,1,0,0,0,0
9,0,0,1,1,7,7,1,1,0,1,1
6,2,0,2,1,7,7,0,1,1,0,2
7,5,4,6,1,0,7,0,1,1,1,1
7,5,3,4,1,7,7,2,2,2,-1,-1
7,5,3,3,0,7,7,1,1,1,1,1
5,3,0,2,1,7,7,0,1,1,1,0
4,0,0,1,1,7,7,1,1,1,1,1
12,5,3,5,1,0,1,2,2,2,-1,-1
12,5,3,4,0,7,1,3,-1,-1,2,1
12,5,3,3,0,7,7,2,1,1,-1,-1
12,5,0,2,0,7,7,3,-1,-1,1,1
12,0,0,1,0,7,7,1,1,1,1,1
11,5,3,7,1,7,7,0,1,1,1,1
11,5,1,5,1,7,7,2,2,2,-1,-1
11,5,1,4,0,7,7,3,-1,-1,2,2
11,5,1,3,0,7,7,2,2,2,-1,-1
11,5,0,2,0,7,7,1,1,1,1,1
5,0,0,1,1,7,7,1,1,1,1,1
8,8,8,3,1,7,7,1,1,1,1,1
8,8,0,2,1,7,7,0,0,0,0,0
26,9,5,6,1,7,7,2,1,2,-1,-1
26,9,5,5,0,7,7,3,-1,-1,1,1
26,9,3,4,0,7,7,2,1,1,-1,-1
26,9,3,3,0,7,7,3,-1,-1,1,1
26,9,0,2,0,7,7,1,0,0,0,0
9,0,0,1,1,7,7,1,1,0,1,1
24,22,6,5,1,7,7,0,1,1,1,1
24,22,6,3,1,7,7,4,-1,-1,0,-1
24,22,6,3,1,7,0,2,1,1,-1,-1
24,22,0,2,0,7,0,0,0,0,0,0
1,1,1,4,1,7,7,0,1,1,1,1
1,1,0,2,1,7,7,0,1,1,1,1
11,11,10,7,1,7,7,2,1,1,-1,-1
11,11,10,6,0,7,7,3,-1,-1,1,1
11,11,10,5,1,7,7,2,2,2,-1,-1
11,11,10,4,0,7,7,3,-1,-1,2,0
11,11,10,3,0,7,7,4,0,-1,-1,-1
11,11,10,3,0,0,7,1,1,1,2,1
11,10,0,2,1,7,7,4,-1,-1,2,-1
11,10,0,2,1,7,0,2,0,0,-1,-1
11,0,0,1,0,7,0,3,-1,-1,0,0
8,6,6,5,1,0,7,0,1,1,1,1
8,6,6,3,1,7,7,4,-1,-1,2,-1
8,6,6,3,1,7,0,2,1,1,-1,-1
8,6,0,2,0,7,0,3,-1,-1,1,0
8,0,0,1,1,7,7,1,1,1,1,1
32,0,0,1,1,7,7,1,0,0,0,0
34,7,7,3,1,7,7,1,0,0,0,0
7,7,0,2,0,7,7,4,0,-1,-1,-1
7,7,0,2,0,0,7,0,0,0,0,0
7,2,1,5,1,0,1,0,2,1,2,1
7,1,1,3,1,7,7,2,2,2,-1,-1
7,1,0,2,0,7,7,1,1,1,1,1
1,0,0,1,1,7,7,2,2,2,-1,-1
21,12,8,8,1,7,7,2,1,1,-1,-1
21,12,8,7,0,7,7,3,-1,-1,1,1
21,12,8,6,1,7,7,2,1,1,-1,-1
21,12,8,5,0,7,7,3,-1,-1,1,1
21,12,8,4,0,7,7,2,1,1,-1,-1
21,12,8,3,0,7,7,3,-1,-1,0,0
21,12,0,2,0,7,7,1,0,0,0,0
12,0,0,1,0,7,7,1,1,1,1,1
2,1,1,7,1,7,7,0,1,1,1,1
1,1,1,5,1,7,7,0,1,1,1,1
1,1,1,3,1,7,7,0,1,1,1,1
1,0,0,1,1,7,7,2,2,2,-1,-1
12,12,0,2,1,7,7,0,0,0,0,0
48,0,0,1,1,7,7,1,0,0,0,0
35,12,6,7,1,7,7,2,2,1,-1,-1
35,12,6,6,0,7,7,3,-1,-1,1,1
35,12,6,5,0,7,7,2,1,2,-1,-1
35,12,6,4,0,7,7,3,-1,-1,1,2
35,12,6,3,0,7,7,4,0,-1,-1,-1
35,12,6,3,0,0,7,1,0,0,0,0
12,6,0,2,1,7,7,4,0,-1,-1,-1
12,6,0,2,1,0,7,1,1,1,1,1
6,0,0,1,1,7,7,1,1,1,1,1
6,1,1,3,1,7,7,0,1,1,1,2
1,0,0,1,0,7,7,3,-1,-1,1,2
2,1,1,3,1,0,7,0,2,1,2,1
1,0,0,1,1,7,7,2,2,2,-1,-1
6,1,1,7,1,7,7,0,1,1,1,1
6,1,1,5,1,7,7,0,1,1,1,1
6,1,1,3,1,7,7,2,2,2,-1,-1
6,1,0,2,0,7,7,0,1,1,0,2
2,2,0,2,1,0,7,0,2,1,2,1
8,3,1,7,1,0,7,0,1,1,1,1
8,1,1,5,1,7,7,0,1,1,1,1
8,1,1,3,1,7,7,2,2,2,-1,-1
8,1,0,2,0,7,7,1,1,1,1,1
1,0,0,1,1,7,7,2,2,2,-1,-1
64,0,0,1,1,7,7,1,0,0,0,0
12,7,5,3,1,7,7,1,1,0,1,1
7,5,0,2,0,7,7,4,-1,-1,2,-1
7,5,0,2,0,7,0,0,0,0,0,0
23,5,2,5,1,7,7,2,2,2,-1,-1
23,5,1,4,0,7,7,3,-1,-1,2,2
23,5,1,3,0,7,7,2,2,2,-1,-1
23,5,0,2,0,7,7,1,0,0,0,0
5,0,0,1,1,7,7,1,1,1,1,1
1,1,1,4,1,7,7,0,1,1,1,1
1,1,0,2,1,7,7,0,1,1,1,1
49,3,3,6,1,7,7,2,1,1,-1,-1
49,3,3,5,0,7,7,3,-1,-1,1,0
49,3,3,4,0,7,7,2,1,1,-1,-1
49,3,3,3,0,7,7,3,-1,-1,1,1
49,3,0,2,0,7,7,1,0,0,0,0
3,0,0,1,0,7,7,2,1,1,-1,-1
3,3,3,4,1,0,7,0,1,1,1,1
3,3,0,2,1,7,7,0,1,1,1,1
53,11,0,2,1,0,7,1,0,0,0,0
11,0,0,1,0,7,7,1,1,1,1,1
12,1,1,5,1,7,7,2,2,2,-1,-1
12,1,1,4,0,7,7,3,-1,-1,2,2
12,1,1,3,0,7,7,2,2,2,-1,-1
12,1,0,2,0,7,7,1,1,1,1,1
1,0,0,1,1,7,7,2,2,2,-1,-1
12,0,0,1,1,0,7,1,1,1,1,1
8,4,0,2,1,7,7,0,0,0,0,0
4,0,0,1,1,7,7,1,1,1,1,1
17,17,7,4,1,7,7,0,0,0,0,1
17,17,0,2,1,7,7,4,-1,-1,2,-1
17,17,0,2,1,7,0,0,0,0,0,0
16,0,0,1,1,7,7,1,0,0,0,0
8,1,1,5,1,7,7,0,1,1,1,1
8,1,1,3,1,7,7,2,2,2,-1,-1
8,1,0,2,0,7,7,1,1,1,1,1
1,0,0,1,1,7,7,2,2,2,-1,-1
4,0,0,1,1,7,7,1,1,1,1,1
2,1,1,7,1,7,7,0,1,1,1,1
1,1,1,5,1,7,7,0,1,1,1,1
1,1,1,3,1,7,7,0,1,1,1,1
1,0,0,1,1,7,7,2,2,2,-1,-1
18,9,5,3,1,7,7,1,0,0,0,1
9,5,0,2,0,7,7,4,-1,-1,2,-1
9,5,0,2,0,7,0,0,0,0,0,0
6,3,3,7,1,7,7,0,1,1,1,1
6,3,3,5,1,7,7,0,1,1,1,1
6,3,3,3,1,7,7,0,1,1,1,1
6,0,0,1,1,7,7,1,1,1,1,1
25,7,0,2,1,0,7,1,0,0,0,0
7,0,0,1,0,7,7,1,1,1,1,1
2,1,1,3,1,7,7,0,1,1,1,1
1,0,0,1,1,7,7,2,2,2,-1,-1
24,22,6,5,1,0,1,0,1,1,1,1
24,22,6,3,1,7,7,4,-1,-1,0,-1
24,22,6,3,1,7,0,2,1,1,-1,-1
24,22,0,2,0,7,0,0,0,0,0,0
12,0,0,1,1,0,7,1,1,1,1,1
5,1,1,8,1,0,7,0,1,1,1,1
5,1,1,6,1,7,7,0,1,1,1,1
5,1,1,4,1,7,7,0,1,1,1,1
5,1,0,2,1,7,7,0,1,1,0,2
14,4,2,7,1,0,7,0,1,1,1,1
14,1,1,5,1,7,7,2,2,2,-1,-1
14,1,1,4,0,7,7,3,-1,-1,2,2
14,1,1,3,0,7,7,2,2,1,-1,-1
14,1,0,2,0,7,7,1,0,0,1,0
1,0,0,1,0,7,7,3,-1,-1,2,2
4,2,2,5,1,7,7,0,1,1,1,1
2,2,2,3,1,7,7,0,1,1,1,1
2,0,0,1,1,7,7,2,2,2,-1,-1
2,2,2,8,1,7,7,0,1,1,1,1
2,2,2,6,1,7,7,0,1,1,1,1
2,2,2,4,1,7,7,0,1,1,1,1
2,2,0,2,1,7,7,0,1,1,1,1
8,0,0,1,1,0,7,1,1,1,1,1
48,0,0,1,1,7,7,1,0,0,0,0
3,1,0,2,1,7,7,0,1,1,1,1
5,3,2,4,1,7,7,2,2,1,-1,-1
5,3,2,3,0,7,7,3,-1,-1,1,1
5,2,0,2,0,7,7,2,1,1,-1,-1
2,0,0,1,0,7,7,3,-1,-1,1,2
15,9,6,8,1,7,7,0,1,1,1,1
15,9,5,6,0,7,7,3,-1,-1,1,1
15,9,5,5,0,7,7,2,1,2,-1,-1
15,9,5,4,0,7,7,3,-1,-1,1,1
15,9,5,3,0,7,7,4,0,-1,-1,-1
15,9,5,3,0,0,7,1,0,0,0,1
9,5,0,2,1,7,7,4,-1,-1,2,-1
9,5,0,2,1,7,0,0,0,0,0,0
10,9,9,7,1,7,7,1,1,0,1,2
9,9,9,6,0,7,7,4,-1,-1,2,-1
9,9,9,6,0,7,0,1,1,0,1,2
9,9,9,5,0,7,7,4,-1,-1,2,-1
9,9,9,5,0,7,0,1,1,0,1,2
9,9,9,4,0,7,7,4,-1,-1,2,-1
9,9,9,4,0,7,0,1,1,0,1,2
9,9,9,3,0,7,7,4,-1,-1,2,-1
9,9,9,3,0,7,0,1,1,0,1,2
9,9,0,2,0,7,7,4,-1,-1,2,-1
9,9,0,2,0,7,0,0,0,0,0,0
6,3,2,6,1,7,7,0,1,1,1,1
6,2,2,4,1,7,7,2,2,2,-1,-1
6,2,1,3,0,7,7,3,-1,-1,2,2
6,1,0,2,0,7,7,2,2,2,-1,-1
6,0,0,1,0,7,7,1,1,1,1,1
16,0,0,1,1,7,7,1,0,0,0,0
8,0,0,1,1,7,7,1,1,1,1,1
6,3,2,4,1,7,7,2,2,1,-1,-1
6,3,1,3,0,7,7,3,-1,-1,1,1
6,1,0,2,0,7,7,2,1,1,-1,-1
1,0,0,1,0,7,7,3,-1,-1,1,2
8,0,0,1,1,7,7,1,1,1,1,1
16,16,16,3,1,7,7,1,0,0,0,1
16,16,0,2,1,7,7,4,-1,-1,2,-1
16,16,0,2,1,7,0,0,0,0,0,0
8,8,8,8,1,7,7,2,1,1,-1,-1
8,8,8,7,0,7,7,3,-1,-1,1,1
8,8,8,6,1,7,7,2,1,1,-1,-1
8,8,8,5,0,7,7,3,-1,-1,1,1
8,8,8,4,1,7,7,0,0,0,0,1
8,8,0,2,1,7,7,4,-1,-1,2,-1
8,8,0,2,1,7,0,0,0,0,0,0
1,1,1,4,1,0,1,0,2,1,2,1
1,1,0,2,1,7,7,0,1,1,1,1
12,12,0,2,1,0,7,0,0,0,0,0
16,8,0,2,1,7,7,1,0,0,0,0
8,0,0,1,1,7,7,1,1,1,1,1
1,1,1,4,1,7,7,0,1,1,1,1
1,1,0,2,1,7,7,0,1,1,1,1
64,0,0,1,1,7,7,1,0,0,0,0
22,12,8,4,1,0,7,1,0,1,0,1
12,8,6,3,1,7,7,4,0,-1,-1,-1
12,8,6,3,1,0,7,4,-1,-1,0,-1
12,8,6,3,1,0,0,1,1,1,1,1
8,6,0,2,1,7,7,4,-1,-1,2,-1
8,6,0,2,1,7,0,2,1,1,-1,-1
8,0,0,1,0,7,0,3,-1,-1,0,0
8,8,8,8,1,7,7,2,1,1,-1,-1
8,8,8,7,0,7,7,3,-1,-1,1,1
8,8,8,6,1,7,7,2,1,1,-1,-1
8,8,8,5,0,7,7,3,-1,-1,1,1
8,8,8,4,1,7,7,0,0,0,0,1
8,8,0,2,1,7,7,4,-1,-1,2,-1
8,8,0,2,1,7,0,0,0,0,0,0
41,7,0,2,1,0,7,1,0,0,0,0
7,0,0,1,0,7,7,1,1,1,1,1
32,0,0,1,1,7,7,1,0,0,0,0
48,16,0,2,1,7,7,1,0,0,0,0
16,0,0,1,1,7,7,1,0,0,0,0
6,5,5,3,1,7,7,1,1,1,1,1
5,5,0,2,1,7,7,0,1,1,1,1
35,7,3,6,1,7,7,2,2,2,-1,-1
35,7,3,5,0,7,7,3,-1,-1,2,2
35,7,3,4,0,7,7,2,2,2,-1,-1
35,7,3,3,0,7,7,1,0,0,0,0
7,3,0,2,1,7,7,4,0,-1,-1,-1
7,3,0,2,1,0,7,0,0,0,0,0
4,0,0,1,1,7,7,1,1,1,1,1
32,0,0,1,1,0,7,1,0,0,0,0
32,0,0,1,1,7,7,1,0,0,0,0
19,11,8,8,1,7,7,2,1,1,-1,-1
19,11,8,7,0,7,7,3,-1,-1,1,1
19,11,8,6,0,7,7,2,1,1,-1,-1
19,11,8,5,0,7,7,3,-1,-1,1,1
19,11,8,4,0,7,7,2,0,0,-1,-1
19,11,7,3,0,7,7,4,-1,-1,0,-1
19,11,7,3,0,7,0,1,0,0,0,1
11,7,0,2,1,7,7,4,-1,-1,2,-1
11,7,0,2,1,7,0,1,1,1,1,1
7,0,0,1,1,7,7,1,1,1,1,1
18,1,1,7,1,7,7,0,1,1,1,1
18,1,1,5,1,7,7,2,2,2,-1,-1
18,1,1,4,0,7,7,3,-1,-1,2,2
18,1,1,3,0,7,7,2,2,2,-1,-1
18,1,0,2,0,7,7,1,0,0,0,0
1,0,0,1,0,7,7,2,2,2,-1,-1
4,2,2,5,1,0,7,0,1,1,2,2
2,2,2,3,0,7,7,3,-1,-1,1,2
2,2,0,2,0,7,7,0,1,1,1,1
19,11,7,5,1,0,7,0,1,0,1,1
19,11,7,3,0,7,7,4,-1,-1,2,-1
19,11,7,3,0,7,0,1,0,0,0,1
11,7,0,2,1,7,7,4,-1,-1,2,-1
11,7,0,2,1,7,0,1,1,1,1,1
7,0,0,1,1,7,7,1,1,1,1,1
1,1,1,8,1,7,7,0,1,1,1,1
1,1,1,6,1,7,7,0,1,1,1,1
1,1,1,4,1,7,7,0,1,1,1,1
1,1,0,2,1,7,7,0,1,1,1,1
12,11,3,5,1,7,7,2,2,1,-1,-1
12,11,3,4,0,7,7,3,-1,-1,1,2
12,11,3,3,0,7,7,2,1,1,-1,-1
12,11,0,2,0,7,7,0,0,0,0,0
23,5,2,5,1,7,7,2,2,2,-1,-1
23,5,1,4,0,7,7,3,-1,-1,2,2
23,5,1,3,0,7,7,2,2,2,-1,-1
23,5,0,2,0,7,7,1,0,0,0,0
5,0,0,1,1,7,7,1,1,1,1,1
16,16,16,3,1,7,7,1,0,0,0,1
16,16,0,2,1,7,7,4,-1,-1,2,-1
16,16,0,2,1,7,0,0,0,0,0,0
6,6,6,8,1,7,7,2,2,2,-1,-1
6,6,6,7,0,7,7,3,-1,-1,2,2
6,6,6,6,0,7,7,2,2,2,-1,-1
6,6,6,5,0,7,7,3,-1,-1,2,2
6,6,6,4,0,7,7,0,1,1,1,1
6,6,0,2,1,7,7,4,-1,-1,0,-1
6,6,0,2,1,7,0,2,1,1,-1,-1
6,0,0,1,0,7,7,3,-1,-1,1,2
4,0,0,1,1,7,7,1,1,1,1,1
24,0,0,1,1,7,7,1,0,0,0,0
50,7,7,3,1,7,7,1,0,0,0,0
7,7,0,2,0,7,7,4,0,-1,-1,-1
7,7,0,2,0,0,7,0,0,0,0,0
24,0,0,1,1,0,7,1,0,0,0,0
8,2,2,3,1,7,7,0,1,1,1,1
8,0,0,1,1,7,7,1,1,1,1,1
6,1,1,7,1,7,7,0,1,1,1,1
6,1,1,5,1,7,7,0,1,1,1,1
6,1,1,3,1,7,7,2,2,2,-1,-1
6,1,0,2,0,7,7,0,1,1,0,2
32,32,0,2,1,7,7,0,0,0,0,0
4,0,0,1,1,7,7,1,1,1,1,1
2,2,2,8,1,7,7,0,1,1,1,1
2,2,1,6,1,7,7,0,1,1,1,1
1,1,1,4,1,7,7,0,1,1,1,1
1,1,0,2,1,7,7,0,1,1,1,1
2,2,1,6,1,7,7,0,1,1,1,1
1,1,1,4,1,7,7,0,1,1,1,1
1,1,0,2,1,7,7,0,1,1,1,1
32,0,0,1,1,0,7,1,0,0,0,0
3,3,3,4,1,0,7,0,1,1,1,1
3,3,0,2,1,7,7,0,1,1,1,1
18,6,6,6,1,0,7,0,1,1,1,1
18,6,6,4,1,7,7,4,-1,-1,0,-1
18,6,6,4,1,7,0,2,1,1,-1,-1
18,6,6,3,0,7,0,3,-1,-1,1,2
18,6,0,2,0,7,7,4,2,-1,-1,-1
18,6,0,2,0,0,7,1,0,0,0,0
6,0,0,1,0,7,7,1,1,1,1,1
4,1,1,5,1,7,7,0,1,1,1,1
1,1,1,3,1,7,7,0,1,1,1,1
1,0,0,1,1,7,7,2,2,2,-1,-1
4,2,1,8,1,7,7,0,1,1,1,1
1,1,1,6,1,7,7,0,1,1,1,1
1,1,1,4,1,7,7,0,1,1,1,1
1,1,0,2,1,7,7,0,1,1,1,1
16,8,8,3,1,0,7,1,0,0,0,1
8,8,0,2,1,7,7,4,-1,-1,2,-1
8,8,0,2,1,7,0,0,0,0,0,0
48,0,0,1,1,7,7,1,0,0,0,0
6,4,2,5,1,7,7,0,1,1,1,1
6,2,2,3,1,7,7,2,2,2,-1,-1
6,2,0,2,0,7,7,0,1,1,0,2
8,0,0,1,1,7,7,1,1,1,1,1
18,10,10,4,1,7,7,1,0,0,0,1
10,10,10,3,0,7,7,4,-1,-1,2,-1
10,10,10,3,0,7,0,1,1,0,1,2
10,10,0,2,0,7,7,4,-1,-1,2,-1
10,10,0,2,0,7,0,0,0,0,0,0
20,5,2,8,1,7,7,0,1,1,1,1
20,5,1,6,1,7,7,2,2,2,-1,-1
20,5,1,5,0,7,7,3,-1,-1,2,2
20,5,1,4,0,7,7,2,2,2,-1,-1
20,5,1,3,0,7,7,1,0,0,0,0
5,1,0,2,1,7,7,0,1,1,0,2
6,1,1,7,1,7,7,0,1,1,1,1
6,1,1,5,1,7,7,0,1,1,1,1
6,1,1,3,1,7,7,2,2,2,-1,-1
6,1,0,2,0,7,7,0,1,1,0,2
48,0,0,1,1,7,7,1,0,0,0,0
24,0,0,1,1,7,7,1,0,0,0,0
14,6,4,3,1,7,7,1,0,0,0,1
6,4,0,2,1,7,7,4,-1,-1,2,-1
6,4,0,2,1,7,0,0,1,0,1,1
12,0,0,1,1,0,7,1,1,1,1,1
1,1,1,4,1,7,7,0,1,1,1,1
1,1,0,2,1,7,7,0,1,1,1,1
8,4,4,7,1,7,7,0,1,1,1,1
8,4,4,5,1,7,7,0,1,1,1,1
8,4,4,3,1,7,7,0,1,1,1,1
8,0,0,1,1,7,7,1,1,1,1,1
4,0,0,1,1,7,7,1,1,1,1,1
1,1,1,4,1,7,7,0,1,1,1,1
1,1,0,2,1,7,7,0,1,1,1,1
2,2,2,4,1,7,7,0,1,1,1,1
2,2,0,2,1,7,7,0,1,1,1,1
10,9,9,7,1,7,7,1,1,0,1,2
9,9,9,6,0,7,7,4,-1,-1,2,-1
9,9,9,6,0,7,0,1,1,0,1,2
9,9,9,5,0,7,7,4,-1,-1,2,-1
9,9,9,5,0,7,0,1,1,0,1,2
9,9,9,4,0,7,7,4,-1,-1,2,-1
9,9,9,4,0,7,0,1,1,0,1,2
9,9,9,3,0,7,7,4,-1,-1,2,-1
9,9,9,3,0,7,0,1,1,0,1,2
9,9,0,2,0,7,7,4,-1,-1,2,-1
9,9,0,2,0,7,0,0,0,0,0,0
20,3,3,5,1,0,7,2,2,1,-1,-1
20,3,3,4,0,7,7,3,-1,-1,1,1
20,3,3,3,0,7,7,2,1,1,-1,-1
20,3,0,2,0,7,7,3,-1,-1,1,1
20,0,0,1,0,7,7,1,0,0,0,0
6,3,3,3,1,7,7,0,1,1,1,1
6,0,0,1,1,7,7,1,1,1,1,1
12,5,5,5,1,7,7,0,1,1,1,1
12,5,5,3,1,7,7,4,-1,-1,2,-1
12,5,5,3,1,7,0,2,1,1,-1,-1
12,5,0,2,0,7,0,3,-1,-1,1,0
12,0,0,1,1,7,7,1,1,1,1,1
6,1,1,3,1,7,7,0,1,1,1,2
1,0,0,1,0,7,7,3,-1,-1,1,2
3,1,0,2,1,7,7,0,1,1,1,1
26,6,0,2,1,7,7,1,0,0,0,0
6,0,0,1,1,7,7,1,1,1,1,1
17,1,1,8,1,7,7,0,1,1,1,1
17,1,1,6,1,7,7,2,2,2,-1,-1
17,1,1,5,0,7,7,3,-1,-1,2,2
17,1,1,4,0,7,7,2,2,1,-1,-1
17,1,1,3,0,7,7,3,-1,-1,1,2
17,1,0,2,0,7,7,1,0,0,0,0
1,0,0,1,0,7,7,2,2,2,-1,-1
24,0,0,1,1,0,7,1,0,0,0,0
22,22,10,4,1,0,7,0,0,0,0,1
22,22,0,2,1,7,7,4,-1,-1,2,-1
22,22,0,2,1,7,0,0,0,0,0,0
27,1,1,6,1,7,7,2,2,2,-1,-1
27,1,1,5,0,7,7,3,-1,-1,2,2
27,1,1,4,0,7,7,2,2,2,-1,-1
27,1,1,3,0,7,7,3,-1,-1,2,2
27,1,0,2,0,7,7,1,0,0,0,0
1,0,0,1,1,7,7,2,2,2,-1,-1
1,1,1,4,1,7,7,0,1,1,1,1
1,1,0,2,1,7,7,0,1,1,1,1
2,2,0,2,1,7,7,0,1,1,1,1
32,0,0,1,1,7,7,1,0,0,0,0
2,1,1,3,1,7,7,0,1,1,1,1
1,0,0,1,1,7,7,2,2,2,-1,-1
8,0,0,1,1,7,7,1,1,1,1,1
6,2,1,6,1,7,7,0,1,1,1,1
6,1,1,4,1,7,7,2,2,2,-1,-1
6,1,1,3,0,7,7,3,-1,-1,2,2
6,1,0,2,0,7,7,2,2,2,-1,-1
6,0,0,1,0,7,7,1,1,1,1,1
12,10,10,3,1,0,7,1,1,1,1,1
10,10,0,2,1,7,7,4,-1,-1,0,-1
10,10,0,2,1,7,0,2,0,0,-1,-1
10,0,0,1,0,7,7,3,-1,-1,0,2
4,0,0,1,1,7,7,1,1,1,1,1
1,1,1,4,1,7,7,0,1,1,1,1
1,1,0,2,1,7,7,0,1,1,1,1
14,8,6,8,1,7,7,0,1,1,1,1
14,8,5,6,0,7,7,3,-1,-1,1,1
14,8,5,5,0,7,7,2,1,1,-1,-1
14,8,5,4,0,7,7,3,-1,-1,1,1
14,8,5,3,0,7,7,1,0,0,0,1
8,5,0,2,1,7,7,4,-1,-1,2,-1
8,5,0,2,1,7,0,0,0,0,0,0
20,2,2,3,1,7,7,1,0,0,0,0
2,2,0,2,1,7,7,0,1,1,1,1
20,1,1,5,1,7,7,2,2,2,-1,-1
20,1,1,4,0,7,7,3,-1,-1,2,2
20,1,1,3,0,7,7,2,2,2,-1,-1
20,1,0,2,0,7,7,1,0,0,0,0
1,0,0,1,1,7,7,2,2,2,-1,-1
4,0,0,1,1,7,7,1,1,1,1,1
32,0,0,1,1,7,7,1,0,0,0,0
64,0,0,1,1,7,7,1,0,0,0,0
4,2,2,7,1,7,7,0,1,1,1,1
2,1,1,5,1,7,7,0,1,1,1,1
1,1,1,3,1,7,7,0,1,1,1,1
1,0,0,1,1,7,7,2,2,2,-1,-1
2,2,0,2,1,7,7,0,1,1,1,1
5,4,3,5,1,7,7,0,1,1,1,1
5,2,2,3,1,7,7,2,2,2,-1,-1
5,2,0,2,0,7,7,0,1,1,0,2
4,0,0,1,1,7,7,1,1,1,1,1
16,0,0,1,1,0,7,1,0,0,0,0
6,6,6,4,1,7,7,0,1,1,1,1
6,6,0,2,1,7,7,4,-1,-1,0,-1
6,6,0,2,1,7,0,2,1,1,-1,-1
6,0,0,1,0,7,7,3,-1,-1,1,2
32,8,3,7,1,7,7,2,2,2,-1,-1
32,8,3,6,0,7,7,3,-1,-1,2,2
32,8,3,5,0,7,7,2,2,2,-1,-1
32,8,3,4,0,7,7,3,-1,-1,2,2
32,8,3,3,0,7,7,1,0,0,0,0
8,3,0,2,1,7,7,4,0,-1,-1,-1
8,3,0,2,1,0,7,0,0,0,0,0
20,5,2,8,1,0,7,0,1,1,1,1
20,5,1,6,1,7,7,2,2,2,-1,-1
20,5,1,5,0,7,7,3,-1,-1,2,2
20,5,1,4,0,7,7,2,2,2,-1,-1
20,5,1,3,0,7,7,1,0,0,0,0
5,1,0,2,1,7,7,0,1,1,0,2
10,2,0,2,1,0,7,1,1,1,1,2
2,0,0,1,0,7,7,2,2,2,-1,-1
6,1,1,7,1,7,7,0,1,1,1,1
6,1,1,5,1,7,7,0,1,1,1,1
6,1,1,3,1,7,7,2,2,2,-1,-1
6,1,0,2,0,7,7,0,1,1,0,2
12,0,0,1,1,7,7,1,1,1,1,1
12,4,4,6,1,0,1,0,1,1,1,1
12,4,4,4,1,7,7,2,2,1,-1,-1
12,4,4,3,0,7,7,3,-1,-1,1,1
12,4,0,2,0,7,7,2,1,1,-1,-1
12,0,0,1,0,7,7,1,1,1,1,1
2,2,0,2,1,0,7,0,2,1,2,1
2,2,1,6,1,7,7,0,1,1,1,1
1,1,1,4,1,7,7,0,1,1,1,1
1,1,0,2,1,7,7,0,1,1,1,1
3,1,0,2,1,7,7,0,1,1,1,1
10,2,0,2,1,7,7,1,1,1,1,2
2,0,0,1,0,7,7,2,2,2,-1,-1
64,0,0,1,1,0,7,1,0,0,0,0
2,1,1,7,1,7,7,0,1,1,1,1
1,1,1,5,1,7,7,0,1,1,1,1
1,1,1,3,1,7,7,0,1,1,1,1
1,0,0,1,1,7,7,2,2,2,-1,-1
18,2,2,8,1,7,7,0,1,1,1,1
18,2,2,6,1,7,7,2,2,2,-1,-1
18,2,2,5,0,7,7,3,-1,-1,2,2
18,2,2,4,0,7,7,2,2,1,-1,-1
18,2,2,3,0,7,7,3,-1,-1,1,2
18,2,0,2,0,7,7,1,0,0,0,0
2,0,0,1,0,7,7,2,2,2,-1,-1
4,0,0,1,1,7,7,1,1,1,1,1
16,16,16,4,1,0,7,1,0,0,0,1
16,16,16,3,1,7,7,4,-1,-1,2,-1
16,16,16,3,1,7,0,1,0,0,0,1
16,16,0,2,1,7,7,4,-1,-1,2,-1
16,16,0,2,1,7,0,0,0,0,0,0
44,10,10,3,1,7,7,1,0,0,0,0
10,10,0,2,1,7,7,4,0,-1,-1,-1
10,10,0,2,1,0,7,0,0,0,0,0
24,0,0,1,1,7,7,1,0,0,0,0
22,21,21,3,1,7,7,1,0,0,0,0
21,21,0,2,1,7,7,4,2,-1,-1,-1
21,21,0,2,1,0,7,0,0,0,0,0
12,1,1,5,1,7,7,2,2,2,-1,-1
12,1,1,4,0,7,7,3,-1,-1,2,2
12,1,1,3,0,7,7,2,2,2,-1,-1
12,1,0,2,0,7,7,1,1,1,1,1
1,0,0,1,1,7,7,2,2,2,-1,-1
12,0,0,1,1,0,7,1,1,1,1,1
16,0,0,1,1,7,7,1,0,0,0,0
33,3,3,6,1,7,7,2,1,1,-1,-1
33,3,3,5,0,7,7,3,-1,-1,1,0
33,3,3,4,0,7,7,2,1,1,-1,-1
33,3,3,3,0,7,7,3,-1,-1,1,1
33,3,0,2,0,7,7,1,0,0,0,0
3,0,0,1,0,7,7,2,1,1,-1,-1
12,0,0,1,1,7,7,1,1,1,1,1
12,7,5,3,1,0,1,1,1,1,1,1
7,5,0,2,1,7,7,4,-1,-1,2,-1
7,5,0,2,1,7,0,2,1,1,-1,-1
7,0,0,1,0,7,0,3,-1,-1,0,0
14,9,9,3,1,7,7,1,0,0,0,1
9,9,0,2,1,7,7,4,-1,-1,2,-1
9,9,0,2,1,7,0,0,0,0,0,0
16,0,0,1,1,7,7,1,0,0,0,0
2,1,1,7,1,7,7,0,1,1,1,1
1,1,1,5,1,7,7,0,1,1,1,1
1,1,1,3,1,7,7,0,1,1,1,1
1,0,0,1,1,7,7,2,2,2,-1,-1
16,0,0,1,1,7,7,1,0,0,0,0
6,3,2,8,1,7,7,0,1,1,1,1
6,1,1,6,1,7,7,0,1,1,1,1
6,1,1,4,1,7,7,0,1,1,1,1
6,1,0,2,1,7,7,0,1,1,0,2
12,2,2,3,1,7,7,1,1,1,1,1
2,2,0,2,1,7,7,0,1,1,1,1
10,2,0,2,1,7,7,1,1,1,1,2
2,0,0,1,0,7,7,2,2,2,-1,-1
6,6,4,7,1,7,7,0,1,1,1,1
6,6,2,5,1,7,7,0,1,1,1,1
6,6,2,3,1,7,7,2,2,2,-1,-1
6,6,0,2,0,7,7,0,1,1,1,1
16,0,0,1,1,7,7,1,0,0,0,0
4,3,3,5,1,0,1,0,1,1,1,1
3,3,3,3,1,7,7,0,1,1,1,1
3,0,0,1,1,7,7,1,1,1,1,1
10,1,1,3,1,7,7,1,1,1,1,2
1,1,0,2,0,7,7,2,2,2,-1,-1
1,0,0,1,0,7,7,3,-1,-1,2,2
6,6,6,8,1,7,7,0,1,1,1,1
6,6,6,6,1,7,7,4,-1,-1,0,-1
6,6,6,6,1,7,0,2,1,1,-1,-1
6,6,6,5,0,7,7,3,-1,-1,1,1
6,6,6,4,1,7,7,4,-1,-1,0,-1
6,6,6,4,1,7,0,2,1,1,-1,-1
6,6,6,3,0,7,7,3,-1,-1,1,2
6,6,0,2,0,7,7,4,2,-1,-1,-1
6,6,0,2,0,0,7,0,1,1,1,1
48,0,0,1,1,0,7,1,0,0,0,0
64,0,0,1,1,7,7,1,0,0,0,0
22,10,6,6,1,7,7,0,1,1,1,0
22,10,3,4,0,7,7,4,0,-1,-1,-1
22,10,3,4,0,0,7,3,-1,-1,1,1
22,10,3,3,0,0,7,2,1,1,-1,-1
22,10,0,2,0,7,7,1,0,0,0,0
10,0,0,1,1,7,7,1,1,0,1,1
24,0,0,1,1,7,7,1,0,0,0,0
15,3,3,4,1,7,7,2,2,1,-1,-1
15,3,3,3,0,7,7,3,-1,-1,1,1
15,3,0,2,0,7,7,2,1,1,-1,-1
15,0,0,1,0,7,7,1,0,0,0,0
9,5,3,7,1,7,7,0,1,1,1,1
9,5,2,5,1,7,7,2,2,2,-1,-1
9,5,2,4,0,7,7,3,-1,-1,2,2
9,5,1,3,0,7,7,2,2,2,-1,-1
9,5,0,2,0,7,7,0,0,0,0,0
3,3,2,7,1,7,7,0,1,1,1,1
2,1,1,5,1,7,7,0,1,1,1,1
1,1,1,3,1,7,7,0,1,1,1,1
1,0,0,1,1,7,7,2,2,2,-1,-1
18,4,2,3,1,7,7,1,0,0,0,0
4,2,0,2,0,7,7,2,1,1,-1,-1
2,0,0,1,0,7,7,3,-1,-1,1,2
11,7,5,6,1,7,7,0,1,1,1,1
11,7,5,4,1,7,7,2,2,2,-1,-1
11,7,5,3,0,7,7,1,1,0,1,1
7,5,0,2,0,7,7,4,-1,-1,2,-1
7,5,0,2,0,7,0,0,0,0,0,0
49,15,0,2,1,7,7,1,0,0,0,0
15,0,0,1,0,7,7,1,0,0,0,0
6,4,2,5,1,7,7,0,1,1,1,1
6,2,2,3,1,7,7,2,2,2,-1,-1
6,2,0,2,0,7,7,0,1,1,0,2
29,9,5,5,1,7,7,2,2,1,-1,-1
29,9,5,4,0,7,7,3,-1,-1,1,1
29,9,5,3,0,7,7,2,1,1,-1,-1
29,9,0,2,0,7,7,1,0,0,0,0
9,0,0,1,0,7,7,1,1,0,1,1
24,0,0,1,1,7,7,1,0,0,0,0
2,1,1,3,1,7,7,0,1,1,1,1
1,0,0,1,1,7,7,2,2,2,-1,-1
2,2,0,2,1,7,7,0,1,1,1,1
10,9,9,7,1,7,7,1,1,0,1,2
9,9,9,6,0,7,7,4,-1,-1,2,-1
9,9,9,6,0,7,0,1,1,0,1,2
9,9,9,5,0,7,7,4,-1,-1,2,-1
9,9,9,5,0,7,0,1,1,0,1,2
9,9,9,4,0,7,7,4,-1,-1,2,-1
9,9,9,4,0,7,0,1,1,0,1,2
9,9,9,3,0,7,7,4,-1,-1,2,-1
9,9,9,3,0,7,0,1,1,0,1,2
9,9,0,2,0,7,7,4,-1,-1,2,-1
9,9,0,2,0,7,0,0,0,0,0,0
15,15,14,7,1,7,7,0,1,1,1,1
15,15,14,5,1,7,7,4,-1,-1,0,-1
15,15,14,5,1,7,0,2,1,1,-1,-1
15,15,14,4,0,7,0,3,-1,-1,1,2
15,15,14,3,0,7,7,4,2,-1,-1,-1
15,15,14,3,0,0,7,1,0,0,0,1
15,14,0,2,1,7,7,4,-1,-1,2,-1
15,14,0,2,1,7,0,0,0,0,0,0
20,5,2,8,1,7,7,0,1,1,1,1
20,5,1,6,1,7,7,2,2,2,-1,-1
20,5,1,5,0,7,7,3,-1,-1,2,2
20,5,1,4,0,7,7,2,2,2,-1,-1
20,5,1,3,0,7,7,1,0,0,0,0
5,1,0,2,1,7,7,0,1,1,0,2
15,8,5,4,1,7,7,1,0,0,0,1
8,5,4,3,1,7,7,4,-1,-1,2,-1
8,5,4,3,1,7,0,1,1,1,1,1
5,4,0,2,1,7,7,0,1,1,1,0
48,9,4,5,1,0,7,2,2,1,-1,-1
48,9,2,4,0,7,7,3,-1,-1,2,1
48,9,1,3,1,7,7,2,2,2,-1,-1
48,9,0,2,0,7,7,1,0,0,0,0
9,0,0,1,1,7,7,1,1,0,1,1
17,17,7,4,1,7,7,0,0,0,0,1
17,17,0,2,1,7,7,4,-1,-1,2,-1
17,17,0,2,1,7,0,0,0,0,0,0
4,2,2,6,1,7,7,0,1,1,1,1
2,2,1,4,1,7,7,0,1,1,1,1
1,1,0,2,1,7,7,0,1,1,1,1
24,2,2,5,1,7,7,2,2,2,-1,-1
24,2,2,4,0,7,7,3,-1,-1,2,2
24,2,2,3,0,7,7,2,2,2,-1,-1
24,2,0,2,0,7,7,1,0,0,0,0
2,0,0,1,1,7,7,2,2,2,-1,-1
3,3,3,6,1,7,7,0,1,1,1,1
3,1,1,4,1,7,7,0,1,1,1,1
1,1,0,2,1,7,7,0,1,1,1,1
26,9,5,7,1,7,7,2,2,2,-1,-1
26,9,5,6,0,7,7,3,-1,-1,2,1
26,9,5,5,0,7,7,2,1,1,-1,-1
26,9,5,4,0,7,7,3,-1,-1,1,1
26,9,5,3,0,7,7,2,1,1,-1,-1
26,9,0,2,0,7,7,3,-1,-1,0,0
26,0,0,1,0,7,7,1,0,0,0,0
1,1,1,4,1,7,7,0,1,1,1,1
1,1,0,2,1,7,7,0,1,1,1,1
4,4,2,6,1,7,7,0,1,1,1,1
2,2,2,4,1,7,7,0,1,1,1,1
2,2,0,2,1,7,7,0,1,1,1,1
6,1,1,7,1,7,7,0,1,1,1,1
6,1,1,5,1,7,7,0,1,1,1,1
6,1,1,3,1,7,7,2,2,2,-1,-1
6,1,0,2,0,7,7,0,1,1,0,2
18,4,1,4,1,0,7,2,2,1,-1,-1
18,1,1,3,0,7,7,3,-1,-1,1,2
18,1,0,2,0,7,7,1,0,0,0,0
1,0,0,1,0,7,7,2,2,2,-1,-1
6,6,6,6,1,7,7,2,2,2,-1,-1
6,6,6,5,0,7,7,3,-1,-1,2,2
6,6,6,4,0,7,7,0,1,1,1,1
6,2,0,2,1,7,7,4,-1,-1,0,-1
6,2,0,2,1,7,0,2,1,1,-1,-1
2,0,0,1,0,7,7,3,-1,-1,2,1
1,1,1,4,1,0,7,0,2,1,2,1
1,1,0,2,1,7,7,0,1,1,1,1
8,0,0,1,1,7,7,1,1,1,1,1
12,10,10,3,1,7,7,1,1,0,1,1
10,10,0,2,0,7,7,4,-1,-1,2,-1
10,10,0,2,0,7,0,0,0,0,0,0
4,4,4,8,1,7,7,0,1,1,1,1
4,4,4,6,1,7,7,0,1,1,1,1
4,4,4,4,1,7,7,0,1,1,1,1
4,4,0,2,1,7,7,0,1,1,1,1
8,2,1,4,1,7,7,2,2,2,-1,-1
8,1,1,3,0,7,7,3,-1,-1,2,2
8,1,0,2,0,7,7,2,2,2,-1,-1
8,0,0,1,0,7,7,1,1,1,1,1
3,3,2,7,1,0,7,0,1,1,2,2
3,1,1,5,0,7,7,3,-1,-1,1,2
3,1,1,4,0,7,7,0,1,1,1,1
1,1,0,2,1,7,7,0,1,1,1,1
3,3,3,8,1,0,7,0,1,1,1,1
3,3,3,6,1,7,7,0,1,1,1,1
3,3,3,4,1,7,7,0,1,1,1,1
3,3,0,2,1,7,7,0,1,1,1,1
12,0,0,1,1,7,7,1,1,1,1,1
4,4,2,4,1,0,1,0,1,1,2,2
4,2,0,2,0,7,7,3,-1,-1,1,1
2,0,0,1,0,7,7,2,1,2,-1,-1
5,2,1,7,1,7,7,0,1,1,1,1
5,1,1,5,1,7,7,0,1,1,1,1
5,1,1,3,1,7,7,2,2,2,-1,-1
5,1,0,2,0,7,7,0,1,1,0,2
64,0,0,1,1,7,7,1,0,0,0,0
2,1,1,3,1,0,7,0,2,1,2,1
1,0,0,1,1,7,7,2,2,2,-1,-1
2,1,1,3,1,7,7,0,1,1,1,1
1,0,0,1,1,7,7,2,2,2,-1,-1
3,1,0,2,1,7,7,0,1,1,1,1
17,5,2,3,1,7,7,1,0,0,0,0
5,2,0,2,0,7,7,2,2,2,-1,-1
5,0,0,1,1,7,7,1,1,1,1,1
48,0,0,1,1,7,7,1,0,0,0,0
31,17,0,2,1,7,7,1,0,0,0,0
17,0,0,1,1,7,7,1,0,0,0,0
4,2,1,4,1,7,7,0,1,1,1,1
1,1,0,2,1,7,7,0,1,1,1,1
34,7,7,3,1,7,7,1,0,0,0,0
7,7,0,2,0,7,7,4,0,-1,-1,-1
7,7,0,2,0,0,7,0,0,0,0,0
2,2,2,8,1,7,7,0,1,1,1,1
2,2,1,6,1,7,7,0,1,1,1,1
1,1,1,4,1,7,7,0,1,1,1,1
1,1,0,2,1,7,7,0,1,1,1,1
9,7,7,6,1,7,7,2,1,1,-1,-1
9,7,7,5,0,7,7,3,-1,-1,1,1
9,7,7,4,1,7,7,1,1,0,1,1
7,7,3,3,0,7,7,4,-1,-1,0,-1
7,7,3,3,0,7,0,2,1,1,-1,-1
7,7,0,2,0,7,0,0,0,0,0,0
4,4,4,3,1,0,7,1,2,1,2,1
4,4,0,2,1,7,7,0,1,1,1,1
6,5,5,3,1,7,7,1,1,1,1,1
5,5,0,2,1,7,7,0,1,1,1,1
7,3,2,6,1,0,7,0,1,1,1,1
7,2,1,4,1,7,7,2,2,2,-1,-1
7,1,1,3,0,7,7,3,-1,-1,2,2
7,1,0,2,0,7,7,2,2,2,-1,-1
7,0,0,1,0,7,7,1,1,1,1,1
32,0,0,1,1,7,7,1,0,0,0,0
64,0,0,1,1,0,7,1,0,0,0,0
5,3,2,4,1,0,7,2,2,1,-1,-1
5,3,2,3,0,7,7,3,-1,-1,1,1
5,2,0,2,0,7,7,2,1,1,-1,-1
2,0,0,1,0,7,7,3,-1,-1,1,2
6,1,1,7,1,7,7,0,1,1,1,1
6,1,1,5,1,7,7,0,1,1,1,1
6,1,1,3,1,7,7,2,2,2,-1,-1
6,1,0,2,0,7,7,0,1,1,0,2
12,0,0,1,1,0,7,1,1,1,1,1
24,6,6,5,1,0,1,0,1,1,1,1
24,6,6,3,1,7,7,4,-1,-1,0,-1
24,6,6,3,1,7,0,2,1,1,-1,-1
24,6,0,2,0,7,0,3,-1,-1,1,2
24,0,0,1,0,7,7,1,0,0,0,0
7,3,2,6,1,7,7,0,1,1,1,1
7,2,1,4,1,7,7,2,2,2,-1,-1
7,1,1,3,0,7,7,3,-1,-1,2,2
7,1,0,2,0,7,7,2,2,2,-1,-1
7,0,0,1,0,7,7,1,1,1,1,1
6,5,5,3,1,7,7,1,1,1,1,1
5,5,0,2,1,7,7,0,1,1,1,1
4,0,0,1,1,7,7,1,1,1,1,1
7,1,1,6,1,7,7,0,1,1,1,1
7,1,1,4,1,7,7,2,2,2,-1,-1
7,1,1,3,0,7,7,3,-1,-1,2,2
7,1,0,2,0,7,7,2,2,2,-1,-1
7,0,0,1,0,7,7,1,1,1,1,1
6,3,3,3,1,7,7,0,1,1,1,1
6,0,0,1,1,7,7,1,1,1,1,1
6,2,1,6,1,0,7,0,1,1,1,1
6,1,1,4,1,7,7,2,2,2,-1,-1
6,1,1,3,0,7,7,3,-1,-1,2,2
6,1,0,2,0,7,7,2,2,2,-1,-1
6,0,0,1,0,7,7,1,1,1,1,1
16,16,16,4,1,7,7,1,0,0,0,1
16,16,16,3,1,7,7,4,-1,-1,2,-1
16,16,16,3,1,7,0,1,0,0,0,1
16,16,0,2,1,7,7,4,-1,-1,2,-1
16,16,0,2,1,7,0,0,0,0,0,0
2,1,1,3,1,7,7,0,1,1,1,1
1,0,0,1,1,7,7,2,2,2,-1,-1
16,0,0,1,1,7,7,1,0,0,0,0
12,10,10,3,1,7,7,1,1,0,1,1
10,10,0,2,0,7,7,4,-1,-1,2,-1
10,10,0,2,0,7,0,0,0,0,0,0
23,14,11,3,1,7,7,1,0,0,0,0
14,11,0,2,1,7,7,4,2,-1,-1,-1
14,11,0,2,1,0,7,0,0,0,0,0
33,5,5,4,1,7,7,1,0,0,0,1
5,5,5,3,0,7,7,4,0,-1,-1,-1
5,5,5,3,0,0,7,4,-1,-1,0,-1
5,5,5,3,0,0,0,1,2,2,1,1
5,5,0,2,0,7,7,2,1,1,-1,-1
5,0,0,1,0,7,7,3,-1,-1,1,1
3,1,1,6,1,7,7,0,1,1,1,1
1,1,1,4,1,7,7,0,1,1,1,1
1,1,0,2,1,7,7,0,1,1,1,1
24,2,2,5,1,7,7,2,2,2,-1,-1
24,2,2,4,0,7,7,3,-1,-1,2,2
24,2,2,3,0,7,7,2,2,2,-1,-1
24,2,0,2,0,7,7,1,0,0,0,0
2,0,0,1,1,7,7,2,2,2,-1,-1
8,0,0,1,1,7,7,1,1,1,1,1
2,2,1,6,1,7,7,0,1,1,1,1
1,1,1,4,1,7,7,0,1,1,1,1
1,1,0,2,1,7,7,0,1,1,1,1
27,7,7,4,1,0,7,1,0,1,0,1
7,7,7,3,1,7,7,4,0,-1,-1,-1
7,7,7,3,1,0,7,4,-1,-1,0,-1
7,7,7,3,1,0,0,1,1,1,1,0
7,7,0,2,0,7,7,2,0,0,-1,-1
7,0,0,1,0,7,7,3,-1,-1,0,0
12,0,0,1,1,7,7,1,1,1,1,1
12,7,5,3,1,7,7,1,1,0,1,1
7,5,0,2,0,7,7,4,-1,-1,2,-1
7,5,0,2,0,7,0,0,0,0,0,0
32,32,0,2,1,7,7,0,0,0,0,0
24,0,0,1,1,7,7,1,0,0,0,0
28,9,4,7,1,0,1,0,1,1,1,1
28,9,2,5,1,7,7,2,2,2,-1,-1
28,9,1,4,0,7,7,3,-1,-1,2,2
28,9,1,3,0,7,7,2,2,2,-1,-1
28,9,0,2,0,7,7,1,0,0,0,0
9,0,0,1,1,7,7,1,1,0,1,1
1,1,1,4,1,0,1,0,2,1,2,1
1,1,0,2,1,7,7,0,1,1,1,1
11,5,0,2,1,7,7,1,1,1,1,1
5,0,0,1,1,7,7,1,1,1,1,1
28,6,6,7,1,7,7,0,1,1,1,1
28,6,6,5,1,7,7,4,-1,-1,0,-1
28,6,6,5,1,7,0,2,1,1,-1,-1
28,6,6,4,0,7,0,3,-1,-1,1,2
28,6,6,3,0,7,7,4,2,-1,-1,-1
28,6,6,3,0,0,7,1,0,0,0,0
6,6,0,2,1,7,7,4,2,-1,-1,-1
6,6,0,2,1,0,7,0,1,1,1,1
45,10,4,7,1,7,7,2,1,1,-1,-1
45,10,2,6,0,7,7,3,-1,-1,1,1
45,10,2,5,1,7,7,2,2,2,-1,-1
45,10,2,4,0,7,7,3,-1,-1,2,2
45,10,1,3,0,7,7,2,2,2,-1,-1
45,10,0,2,0,7,7,1,0,0,0,0
10,0,0,1,0,7,7,1,1,0,1,1
6,6,6,4,1,7,7,0,1,1,1,1
6,6,0,2,1,7,7,4,-1,-1,0,-1
6,6,0,2,1,7,0,2,1,1,-1,-1
6,0,0,1,0,7,7,3,-1,-1,1,2
15,10,7,6,1,7,7,0,1,0,1,1
15,10,7,4,0,7,7,4,-1,-1,2,-1
15,10,7,4,0,7,0,1,0,0,0,1
10,7,5,3,1,7,7,4,-1,-1,2,-1
10,7,5,3,1,7,0,1,1,0,1,2
7,5,0,2,0,7,7,4,-1,-1,2,-1
7,5,0,2,0,7,0,0,0,0,0,0
8,8,0,2,1,7,7,0,0,0,0,0
2,2,1,6,1,7,7,0,1,1,1,1
1,1,1,4,1,7,7,0,1,1,1,1
1,1,0,2,1,7,7,0,1,1,1,1
48,0,0,1,1,0,7,1,0,0,0,0
64,0,0,1,1,0,7,1,0,0,0,0
35,12,6,7,1,0,1,2,2,1,-1,-1
35,12,6,6,0,7,1,3,-1,-1,1,1
35,12,6,5,0,7,7,2,1,2,-1,-1
35,12,6,4,0,7,7,3,-1,-1,1,2
35,12,6,3,0,7,7,4,0,-1,-1,-1
35,12,6,3,0,0,7,1,0,0,0,0
12,6,0,2,1,7,7,4,0,-1,-1,-1
12,6,0,2,1,0,7,1,1,1,1,1
6,0,0,1,1,7,7,1,1,1,1,1
32,4,4,5,1,7,7,2,2,1,-1,-1
32,4,4,4,0,7,7,3,-1,-1,1,1
32,4,4,3,0,7,7,2,1,1,-1,-1
32,4,0,2,0,7,7,3,-1,-1,1,1
32,0,0,1,0,7,7,1,0,0,0,0
32,0,0,1,1,7,7,1,0,0,0,0
13,8,6,4,1,0,7,1,0,0,0,1
8,6,5,3,1,7,7,4,-1,-1,2,-1
8,6,5,3,1,7,0,1,1,1,1,1
6,5,0,2,1,7,7,0,1,1,1,1
48,0,0,1,1,0,7,1,0,0,0,0
3,1,1,6,1,0,7,0,1,1,2,2
1,1,1,4,0,7,7,3,-1,-1,1,2
1,1,1,3,0,7,7,0,1,1,1,1
1,0,0,1,1,7,7,2,2,2,-1,-1
8,8,8,4,1,7,7,0,0,0,0,1
8,8,0,2,1,7,7,4,-1,-1,2,-1
8,8,0,2,1,7,0,0,0,0,0,0
64,0,0,1,1,7,7,1,0,0,0,0
4,2,1,8,1,7,7,0,1,1,1,1
1,1,1,6,1,7,7,0,1,1,1,1
1,1,1,4,1,7,7,0,1,1,1,1
1,1,0,2,1,7,7,0,1,1,1,1
3,1,1,6,1,7,7,0,1,1,1,1
1,1,1,4,1,7,7,0,1,1,1,1
1,1,0,2,1,7,7,0,1,1,1,1
48,0,0,1,1,0,7,1,0,0,0,0
12,1,1,5,1,7,7,2,2,2,-1,-1
12,1,1,4,0,7,7,3,-1,-1,2,2
12,1,1,3,0,7,7,2,2,2,-1,-1
12,1,0,2,0,7,7,1,1,1,1,1
1,0,0,1,1,7,7,2,2,2,-1,-1
2,1,1,7,1,7,7,0,1,1,1,1
1,1,1,5,1,7,7,0,1,1,1,1
1,1,1,3,1,7,7,0,1,1,1,1
1,0,0,1,1,7,7,2,2,2,-1,-1
9,3,2,5,1,7,7,2,2,2,-1,-1
9,3,1,4,0,7,7,3,-1,-1,2,1
9,3,1,3,0,7,7,2,1,1,-1,-1
9,1,0,2,0,7,7,3,-1,-1,1,2
9,0,0,1,0,7,7,1,1,0,1,1
14,4,2,7,1,7,7,0,1,1,1,1
14,1,1,5,1,7,7,2,2,2,-1,-1
14,1,1,4,0,7,7,3,-1,-1,2,2
14,1,1,3,0,7,7,2,2,1,-1,-1
14,1,0,2,0,7,7,1,0,0,1,0
1,0,0,1,0,7,7,3,-1,-1,2,2
16,0,0,1,1,7,7,1,0,0,0,0
64,0,0,1,1,7,7,1,0,0,0,0
6,5,5,3,1,7,7,1,1,1,1,1
5,5,0,2,1,7,7,0,1,1,1,1
22,21,21,3,1,7,7,1,0,0,0,0
21,21,0,2,1,7,7,4,2,-1,-1,-1
21,21,0,2,1,0,7,0,0,0,0,0
64,0,0,1,1,7,7,1,0,0,0,0
12,5,2,7,1,7,7,0,1,1,1,1
12,5,1,5,1,7,7,2,2,2,-1,-1
12,5,1,4,0,7,7,3,-1,-1,2,2
12,5,1,3,0,7,7,2,2,2,-1,-1
12,5,0,2,0,7,7,1,1,1,1,1
5,0,0,1,1,7,7,1,1,1,1,1
2,2,0,2,1,7,7,0,1,1,1,1
18,11,8,5,1,7,7,0,1,0,1,1
18,11,8,3,0,7,7,4,-1,-1,2,-1
18,11,8,3,0,7,0,1,0,0,0,1
11,8,0,2,0,7,7,4,-1,-1,2,-1
11,8,0,2,0,7,0,1,1,1,1,1
8,0,0,1,1,7,7,1,1,1,1,1
4,0,0,1,1,7,7,1,1,1,1,1
10,2,0,2,1,7,7,1,1,1,1,2
2,0,0,1,0,7,7,2,2,2,-1,-1
18,6,3,7,1,0,7,0,1,1,1,1
18,6,1,5,1,7,7,2,2,2,-1,-1
18,6,1,4,0,7,7,3,-1,-1,2,2
18,6,1,3,0,7,7,1,0,0,0,0
6,1,0,2,0,7,7,2,2,2,-1,-1
6,0,0,1,1,7,7,1,1,1,1,1
48,0,0,1,1,7,7,1,0,0,0,0
14,2,2,6,1,7,7,0,1,1,1,1
14,2,2,4,1,7,7,2,2,2,-1,-1
14,2,2,3,0,7,7,3,-1,-1,2,2
14,2,0,2,0,7,7,1,0,0,1,0
2,0,0,1,0,7,7,3,-1,-1,2,2
12,12,12,4,1,7,7,1,1,0,1,1
12,12,12,3,0,7,7,4,-1,-1,2,-1
12,12,12,3,0,7,0,1,1,1,1,1
12,12,0,2,1,7,7,4,-1,-1,0,-1
12,12,0,2,1,7,0,2,0,0,-1,-1
12,0,0,1,0,7,7,3,-1,-1,0,2
32,0,0,1,1,7,7,1,0,0,0,0
4,2,2,7,1,7,7,0,1,1,1,1
2,2,2,5,1,7,7,0,1,1,1,1
2,2,2,3,1,7,7,0,1,1,1,1
2,0,0,1,1,7,7,2,2,2,-1,-1
8,4,2,4,1,7,7,0,1,1,1,1
8,2,0,2,1,7,7,1,1,1,1,1
2,0,0,1,1,7,7,2,2,2,-1,-1
8,8,0,2,1,7,7,0,0,0,0,0
46,3,3,7,1,0,7,2,1,1,-1,-1
46,3,3,6,0,7,7,3,-1,-1,1,1
46,3,3,5,1,7,7,2,2,1,-1,-1
46,3,3,4,0,7,7,3,-1,-1,1,1
46,3,3,3,0,7,7,2,1,1,-1,-1
46,3,0,2,0,7,7,3,-1,-1,1,1
46,0,0,1,0,7,7,1,0,0,0,0
2,1,1,3,1,7,7,0,1,1,1,1
1,0,0,1,1,7,7,2,2,2,-1,-1
3,1,0,2,1,7,7,0,1,1,1,1
11,11,11,8,1,7,7,2,1,1,-1,-1
11,11,11,7,0,7,7,3,-1,-1,1,1
11,11,11,6,1,7,7,4,-1,-1,0,-1
11,11,11,6,1,7,0,2,1,1,-1,-1
11,11,11,5,0,7,0,3,-1,-1,1,0
11,11,11,4,0,7,7,4,2,-1,-1,-1
11,11,11,4,0,0,7,1,1,1,1,1
11,11,11,3,1,7,7,4,-1,-1,0,-1
11,11,11,3,1,7,0,2,0,0,-1,-1
11,11,0,2,0,7,7,3,-1,-1,0,2
11,0,0,1,0,7,7,1,1,1,1,1
24,0,0,1,1,7,7,1,0,0,0,0
32,0,0,1,1,7,7,1,0,0,0,0
8,2,2,3,1,7,7,0,1,1,1,1
8,0,0,1,1,7,7,1,1,1,1,1
33,8,3,6,1,7,7,2,2,1,-1,-1
33,8,2,5,0,7,7,3,-1,-1,2,1
33,8,1,4,1,7,7,2,2,2,-1,-1
33,8,1,3,0,7,7,3,-1,-1,2,2
33,8,0,2,0,7,7,1,0,0,0,0
8,0,0,1,0,7,7,1,1,1,1,1
8,4,4,3,1,7,7,0,1,1,1,1
8,0,0,1,1,7,7,1,1,1,1,1
12,0,0,1,1,0,7,1,1,1,1,1
3,2,2,4,1,7,7,0,1,1,1,1
2,1,0,2,1,7,7,0,1,1,1,1
9,3,2,5,1,7,7,2,2,2,-1,-1
9,3,1,4,0,7,7,3,-1,-1,2,1
9,3,1,3,0,7,7,2,1,1,-1,-1
9,1,0,2,0,7,7,3,-1,-1,1,2
9,0,0,1,0,7,7,1,1,0,1,1
32,7,3,8,1,0,1,0,1,1,1,1
32,7,1,6,1,7,7,2,2,2,-1,-1
32,7,1,5,0,7,7,3,-1,-1,2,2
32,7,1,4,0,7,7,2,2,2,-1,-1
32,7,1,3,0,7,7,1,0,0,0,0
7,1,0,2,1,7,7,4,0,-1,-1,-1
7,1,0,2,1,0,7,1,1,1,1,1
1,0,0,1,1,7,7,2,2,2,-1,-1
5,1,1,8,1,7,7,0,1,1,1,1
5,1,1,6,1,7,7,0,1,1,1,1
5,1,1,4,1,7,7,0,1,1,1,1
5,1,0,2,1,7,7,0,1,1,0,2
3,1,0,2,1,7,7,0,1,1,1,1
9,1,1,4,1,7,7,2,2,2,-1,-1
9,1,1,3,0,7,7,3,-1,-1,2,1
9,1,0,2,0,7,7,1,1,1,1,2
1,0,0,1,0,7,7,2,2,2,-1,-1
3,3,3,4,1,7,7,0,1,1,1,1
3,3,0,2,1,7,7,0,1,1,1,1
12,0,0,1,1,7,7,1,1,1,1,1
8,0,0,1,1,7,7,1,1,1,1,1
4,2,2,5,1,7,7,0,1,1,1,1
2,2,2,3,1,7,7,0,1,1,1,1
2,0,0,1,1,7,7,2,2,2,-1,-1
15,15,14,7,1,7,7,0,1,1,1,1
15,15,14,5,1,7,7,4,-1,-1,0,-1
15,15,14,5,1,7,0,2,1,1,-1,-1
15,15,14,4,0,7,0,3,-1,-1,1,2
15,15,14,3,0,7,7,4,2,-1,-1,-1
15,15,14,3,0,0,7,1,0,0,0,1
15,14,0,2,1,7,7,4,-1,-1,2,-1
15,14,0,2,1,7,0,0,0,0,0,0
45,19,0,2,1,0,1,1,0,0,0,0
19,0,0,1,0,7,7,1,0,0,0,0
20,6,3,5,1,7,7,2,2,1,-1,-1
20,6,2,4,0,7,7,3,-1,-1,2,1
20,6,1,3,1,7,7,2,2,2,-1,-1
20,6,0,2,0,7,7,1,0,0,0,0
6,0,0,1,1,7,7,1,1,1,1,1
1,1,1,4,1,0,7,0,2,1,2,1
1,1,0,2,1,7,7,0,1,1,1,1
50,10,4,3,1,7,7,1,0,0,0,1
10,4,0,2,0,7,7,4,-1,-1,0,-1
10,4,0,2,0,7,0,2,1,1,-1,-1
10,0,0,1,0,7,0,1,1,0,1,1
7,1,1,6,1,7,7,0,1,1,1,1
7,1,1,4,1,7,7,2,2,2,-1,-1
7,1,1,3,0,7,7,3,-1,-1,2,2
7,1,0,2,0,7,7,2,2,2,-1,-1
7,0,0,1,0,7,7,1,1,1,1,1
40,2,2,5,1,7,7,2,2,2,-1,-1
40,2,2,4,0,7,7,3,-1,-1,2,2
40,2,2,3,0,7,7,2,2,2,-1,-1
40,2,0,2,0,7,7,1,0,0,0,0
2,0,0,1,1,7,7,2,2,2,-1,-1
37,9,9,4,1,7,7,1,0,1,0,0
9,9,9,3,0,7,7,4,0,-1,-1,-1
9,9,9,3,0,0,7,4,-1,-1,0,-1
9,9,9,3,0,0,0,1,1,0,1,2
9,9,0,2,0,7,7,4,-1,-1,2,-1
9,9,0,2,0,7,0,0,0,0,0,0
4,2,2,3,1,7,7,0,1,1,1,1
2,0,0,1,1,7,7,2,2,2,-1,-1
64,0,0,1,1,0,7,1,0,0,0,0
4,0,0,1,1,0,7,1,2,1,2,1
2,2,0,2,1,7,7,0,1,1,1,1
22,5,5,3,1,7,7,1,0,0,0,0
5,5,0,2,1,7,7,4,2,-1,-1,-1
5,5,0,2,1,0,7,0,1,1,1,1
6,1,1,3,1,0,7,0,1,1,2,1
1,0,0,1,0,7,7,3,-1,-1,1,2
7,3,3,4,1,7,7,2,2,1,-1,-1
7,3,3,3,0,7,7,3,-1,-1,1,1
7,3,0,2,0,7,7,2,1,1,-1,-1
7,0,0,1,0,7,7,1,1,1,1,1
8,8,8,3,1,0,7,1,1,1,1,1
8,8,0,2,1,7,7,0,0,0,0,0
23,5,5,6,1,0,7,0,1,1,1,1
23,5,5,4,1,7,7,4,-1,-1,0,-1
23,5,5,4,1,7,0,2,1,1,-1,-1
23,5,5,3,0,7,0,3,-1,-1,1,2
23,5,0,2,0,7,7,4,2,-1,-1,-1
23,5,0,2,0,0,7,1,0,0,0,0
5,0,0,1,1,7,7,1,1,1,1,1
16,0,0,1,1,7,7,1,0,0,0,0
17,4,1,5,1,7,7,2,2,1,-1,-1
17,4,1,4,0,7,7,3,-1,-1,1,1
17,1,1,3,0,7,7,2,1,2,-1,-1
17,1,0,2,0,7,7,1,0,0,0,0
1,0,0,1,0,7,7,2,2,2,-1,-1
14,10,10,6,1,0,7,0,0,0,0,1
14,10,10,4,1,7,7,4,-1,-1,2,-1
14,10,10,4,1,7,0,1,0,0,0,1
10,10,10,3,1,7,7,4,-1,-1,2,-1
10,10,10,3,1,7,0,1,1,0,1,2
10,10,0,2,0,7,7,4,-1,-1,2,-1
10,10,0,2,0,7,0,0,0,0,0,0
12,0,0,1,1,0,7,1,1,1,1,1
24,8,0,2,1,7,7,1,0,0,0,0
8,0,0,1,1,7,7,1,1,1,1,1
40,11,5,8,1,7,7,2,2,2,-1,-1
40,11,5,7,0,7,7,3,-1,-1,2,2
40,11,5,6,0,7,7,2,2,2,-1,-1
40,11,5,5,0,7,7,3,-1,-1,1,2
40,11,5,4,0,7,7,2,1,1,-1,-1
40,11,3,3,0,7,7,3,-1,-1,1,1
40,11,0,2,0,7,7,1,0,0,0,0
11,0,0,1,1,7,7,1,1,1,1,1
12,12,12,4,1,7,7,1,1,0,1,1
12,12,12,3,0,7,7,4,-1,-1,2,-1
12,12,12,3,0,7,0,1,1,1,1,1
12,12,0,2,1,7,7,4,-1,-1,0,-1
12,12,0,2,1,7,0,2,0,0,-1,-1
12,0,0,1,0,7,7,3,-1,-1,0,2
11,2,1,5,1,0,7,2,2,2,-1,-1
11,1,1,4,0,7,7,3,-1,-1,2,2
11,1,1,3,0,7,7,2,2,2,-1,-1
11,1,0,2,0,7,7,1,1,1,1,1
1,0,0,1,1,7,7,2,2,2,-1,-1
8,2,2,3,1,7,7,0,1,1,1,1
8,0,0,1,1,7,7,1,1,1,1,1
34,14,0,2,1,7,7,1,0,0,0,0
14,0,0,1,0,7,7,1,0,0,0,0
6,1,1,3,1,7,7,0,1,1,1,2
1,0,0,1,0,7,7,3,-1,-1,1,2
12,10,10,3,1,7,7,1,1,0,1,1
10,10,0,2,0,7,7,4,-1,-1,2,-1
10,10,0,2,0,7,0,0,0,0,0,0
8,0,0,1,1,0,7,1,1,1,1,1
2,2,0,2,1,0,7,0,2,1,2,1
33,9,4,4,1,7,7,2,2,1,-1,-1
33,9,2,3,0,7,7,3,-1,-1,1,2
33,9,0,2,0,7,7,1,0,0,0,0
9,0,0,1,0,7,7,1,1,0,1,1
34,7,7,3,1,7,7,1,0,0,0,0
7,7,0,2,0,7,7,4,0,-1,-1,-1
7,7,0,2,0,0,7,0,0,0,0,0
12,0,0,1,1,7,7,1,1,1,1,1
2,1,1,3,1,7,7,0,1,1,1,1
1,0,0,1,1,7,7,2,2,2,-1,-1
5,1,1,4,1,7,7,2,2,2,-1,-1
5,1,1,3,0,7,7,3,-1,-1,2,2
5,1,0,2,0,7,7,2,2,2,-1,-1
5,0,0,1,0,7,7,1,1,1,1,1
12,4,4,4,1,7,7,2,2,1,-1,-1
12,4,4,3,0,7,7,3,-1,-1,1,1
12,4,0,2,0,7,7,2,1,1,-1,-1
12,0,0,1,0,7,7,1,1,1,1,1
12,0,0,1,1,7,7,1,1,1,1,1
24,2,2,5,1,7,7,2,2,2,-1,-1
24,2,2,4,0,7,7,3,-1,-1,2,2
24,2,2,3,0,7,7,2,2,2,-1,-1
24,2,0,2,0,7,7,1,0,0,0,0
2,0,0,1,1,7,7,2,2,2,-1,-1
22,5,5,3,1,0,1,1,0,0,0,0
5,5,0,2,1,7,7,4,2,-1,-1,-1
5,5,0,2,1,0,7,0,1,1,1,1
17,16,5,5,1,7,7,0,1,1,1,1
17,16,5,3,1,7,7,4,-1,-1,0,-1
17,16,5,3,1,7,0,2,1,1,-1,-1
17,16,0,2,0,7,0,0,0,0,0,0
2,2,1,6,1,0,7,0,2,1,2,1
1,1,1,4,1,7,7,0,1,1,1,1
1,1,0,2,1,7,7,0,1,1,1,1
16,4,4,3,1,7,7,1,0,0,0,0
4,4,0,2,1,7,7,0,1,1,1,1
28,10,10,3,1,0,1,1,0,0,0,0
10,10,0,2,1,7,7,4,2,-1,-1,-1
10,10,0,2,1,0,7,0,0,0,0,0
22,22,10,4,1,7,7,0,0,0,0,1
22,22,0,2,1,7,7,4,-1,-1,2,-1
22,22,0,2,1,7,0,0,0,0,0,0
33,7,3,7,1,7,7,2,1,1,-1,-1
33,7,2,6,0,7,7,3,-1,-1,1,1
33,7,2,5,1,7,7,2,2,2,-1,-1
33,7,2,4,0,7,7,3,-1,-1,2,2
33,7,1,3,0,7,7,2,2,2,-1,-1
33,7,0,2,0,7,7,1,0,0,0,0
7,0,0,1,0,7,7,1,1,1,1,1
2,1,1,7,1,7,7,0,1,1,1,1
1,1,1,5,1,7,7,0,1,1,1,1
1,1,1,3,1,7,7,0,1,1,1,1
1,0,0,1,1,7,7,2,2,2,-1,-1
3,3,2,7,1,7,7,0,1,1,1,1
2,1,1,5,1,7,7,0,1,1,1,1
1,1,1,3,1,7,7,0,1,1,1,1
1,0,0,1,1,7,7,2,2,2,-1,-1
6,5,5,3,1,7,7,1,1,1,1,1
5,5,0,2,1,7,7,0,1,1,1,1
14,5,5,3,1,7,7,1,0,0,0,1
5,5,0,2,1,7,7,4,-1,-1,2,-1
5,5,0,2,1,7,0,0,1,1,1,1
32,32,0,2,1,0,7,0,0,0,0,0
28,5,5,5,1,7,7,0,1,1,1,1
28,5,5,3,1,7,7,4,-1,-1,2,-1
28,5,5,3,1,7,0,2,1,1,-1,-1
28,5,0,2,0,7,0,3,-1,-1,1,0
28,0,0,1,1,7,7,1,0,0,0,0
10,6,0,2,1,7,7,0,0,0,0,0
12,6,6,7,1,7,7,0,1,1,1,1
12,6,6,5,1,7,7,4,-1,-1,0,-1
12,6,6,5,1,7,0,2,1,1,-1,-1
12,6,6,4,0,7,0,3,-1,-1,1,2
12,6,6,3,0,7,7,4,2,-1,-1,-1
12,6,6,3,0,0,7,1,1,1,1,1
6,6,0,2,1,7,7,4,-1,-1,2,-1
6,6,0,2,1,7,0,2,1,1,-1,-1
6,0,0,1,0,7,7,3,-1,-1,1,0
4,0,0,1,1,7,7,1,1,1,1,1
6,2,1,6,1,7,7,0,1,1,1,1
6,1,1,4,1,7,7,2,2,2,-1,-1
6,1,1,3,0,7,7,3,-1,-1,2,2
6,1,0,2,0,7,7,2,2,2,-1,-1
6,0,0,1,0,7,7,1,1,1,1,1
32,0,0,1,1,7,7,1,0,0,0,0
16,0,0,1,1,7,7,1,0,0,0,0
12,0,0,1,1,0,7,1,1,1,1,1
34,7,7,3,1,0,7,1,0,0,0,0
7,7,0,2,0,7,7,4,0,-1,-1,-1
7,7,0,2,0,0,7,0,0,0,0,0
12,2,2,3,1,7,7,1,1,1,1,1
2,2,0,2,1,7,7,0,1,1,1,1
29,10,5,4,1,7,7,0,1,1,1,2
29,10,0,2,0,7,7,4,-1,-1,0,-1
29,10,0,2,0,7,0,1,0,0,0,0
10,0,0,1,0,7,7,1,1,0,1,1
22,10,0,2,1,0,7,1,0,0,0,0
10,0,0,1,1,7,7,1,1,0,1,1
6,6,6,8,1,0,7,0,1,1,1,1
6,6,6,6,1,7,7,4,-1,-1,0,-1
6,6,6,6,1,7,0,2,1,1,-1,-1
6,6,6,5,0,7,7,3,-1,-1,1,1
6,6,6,4,1,7,7,4,-1,-1,0,-1
6,6,6,4,1,7,0,2,1,1,-1,-1
6,6,6,3,0,7,7,3,-1,-1,1,2
6,6,0,2,0,7,7,4,2,-1,-1,-1
6,6,0,2,0,0,7,0,1,1,1,1
8,0,0,1,1,7,7,1,1,1,1,1
4,4,2,4,1,7,7,0,1,1,1,1
2,2,0,2,1,7,7,0,1,1,1,1
4,4,2,6,1,0,7,0,1,1,2,2
4,2,2,4,0,7,7,3,-1,-1,1,2
4,2,2,3,0,7,7,0,1,1,1,1
2,0,0,1,1,7,7,2,2,2,-1,-1
44,4,4,6,1,7,7,2,1,1,-1,-1
44,4,4,5,0,7,7,3,-1,-1,1,0
44,4,4,4,0,7,7,2,1,1,-1,-1
44,4,4,3,0,7,7,3,-1,-1,1,1
44,4,0,2,0,7,7,2,1,1,-1,-1
44,0,0,1,0,7,7,1,0,0,0,0
40,11,5,8,1,0,7,2,2,2,-1,-1
40,11,5,7,0,7,7,3,-1,-1,2,2
40,11,5,6,0,7,7,2,2,2,-1,-1
40,11,5,5,0,7,7,3,-1,-1,1,2
40,11,5,4,0,7,7,2,1,1,-1,-1
40,11,3,3,0,7,7,3,-1,-1,1,1
40,11,0,2,0,7,7,1,0,0,0,0
11,0,0,1,1,7,7,1,1,1,1,1
12,0,0,1,1,7,7,1,1,1,1,1
8,8,4,4,1,7,7,2,2,2,-1,-1
8,8,4,3,0,7,7,3,-1,-1,2,0
8,8,0,2,0,7,7,4,0,-1,-1,-1
8,8,0,2,0,0,7,0,0,0,0,0
10,9,9,7,1,7,7,1,1,0,1,2
9,9,9,6,0,7,7,4,-1,-1,2,-1
9,9,9,6,0,7,0,1,1,0,1,2
9,9,9,5,0,7,7,4,-1,-1,2,-1
9,9,9,5,0,7,0,1,1,0,1,2
9,9,9,4,0,7,7,4,-1,-1,2,-1
9,9,9,4,0,7,0,1,1,0,1,2
9,9,9,3,0,7,7,4,-1,-1,2,-1
9,9,9,3,0,7,0,1,1,0,1,2
9,9,0,2,0,7,7,4,-1,-1,2,-1
9,9,0,2,0,7,0,0,0,0,0,0
24,8,8,4,1,0,7,1,0,1,0,1
8,8,8,3,1,7,7,4,0,-1,-1,-1
8,8,8,3,1,0,7,4,-1,-1,0,-1
8,8,8,3,1,0,0,1,1,1,1,0
8,8,0,2,0,7,7,2,0,0,-1,-1
8,0,0,1,0,7,7,3,-1,-1,0,0
2,2,0,2,1,0,1,0,2,1,2,1
7,1,1,6,1,7,7,0,1,1,1,1
7,1,1,4,1,7,7,2,2,2,-1,-1
7,1,1,3,0,7,7,3,-1,-1,2,2
7,1,0,2,0,7,7,2,2,2,-1,-1
7,0,0,1,0,7,7,1,1,1,1,1
12,1,1,5,1,7,7,2,2,2,-1,-1
12,1,1,4,0,7,7,3,-1,-1,2,2
12,1,1,3,0,7,7,2,2,2,-1,-1
12,1,0,2,0,7,7,1,1,1,1,1
1,0,0,1,1,7,7,2,2,2,-1,-1
23,3,3,4,1,7,7,2,2,1,-1,-1
23,3,3,3,0,7,7,3,-1,-1,1,1
23,3,0,2,0,7,7,2,1,1,-1,-1
23,0,0,1,0,7,7,1,0,0,0,0
16,4,4,3,1,0,7,1,0,0,0,0
4,4,0,2,1,7,7,0,1,1,1,1
44,10,10,3,1,0,1,1,0,0,0,0
10,10,0,2,1,7,7,4,0,-1,-1,-1
10,10,0,2,1,0,7,0,0,0,0,0
17,7,0,2,1,0,1,1,0,0,0,0
7,0,0,1,0,7,7,1,1,1,1,1
4,0,0,1,1,7,7,1,1,1,1,1
44,5,5,5,1,7,7,0,1,1,1,1
44,5,5,3,1,7,7,4,-1,-1,2,-1
44,5,5,3,1,7,0,2,1,1,-1,-1
44,5,0,2,0,7,0,3,-1,-1,1,0
44,0,0,1,1,7,7,1,0,0,0,0
24,0,0,1,1,7,7,1,0,0,0,0
16,8,0,2,1,0,7,1,0,0,0,0
8,0,0,1,1,7,7,1,1,1,1,1
10,1,1,7,1,7,7,0,1,1,1,1
10,1,1,5,1,7,7,2,2,2,-1,-1
10,1,1,4,0,7,7,3,-1,-1,2,2
10,1,1,3,0,7,7,2,2,1,-1,-1
10,1,0,2,0,7,7,1,1,1,1,2
1,0,0,1,0,7,7,2,2,2,-1,-1
24,0,0,1,1,7,7,1,0,0,0,0
48,0,0,1,1,7,7,1,0,0,0,0
48,0,0,1,1,7,7,1,0,0,0,0
36,3,3,5,1,7,7,2,2,1,-1,-1
36,3,3,4,0,7,7,3,-1,-1,1,1
36,3,3,3,0,7,7,2,1,1,-1,-1
36,3,0,2,0,7,7,3,-1,-1,1,1
36,0,0,1,0,7,7,1,0,0,0,0
8,1,1,5,1,7,7,0,1,1,1,1
8,1,1,3,1,7,7,2,2,2,-1,-1
8,1,0,2,0,7,7,1,1,1,1,1
1,0,0,1,1,7,7,2,2,2,-1,-1
3,1,0,2,1,7,7,0,1,1,1,1
40,6,6,5,1,7,7,0,1,1,1,1
40,6,6,3,1,7,7,4,-1,-1,2,-1
40,6,6,3,1,7,0,2,1,1,-1,-1
40,6,0,2,0,7,0,3,-1,-1,1,0
40,0,0,1,1,7,7,1,0,0,0,0
24,22,6,5,1,7,7,0,1,1,1,1
24,22,6,3,1,7,7,4,-1,-1,0,-1
24,22,6,3,1,7,0,2,1,1,-1,-1
24,22,0,2,0,7,0,0,0,0,0,0
32,0,0,1,1,7,7,1,0,0,0,0
2,2,2,8,1,7,7,0,1,1,1,1
2,2,1,6,1,7,7,0,1,1,1,1
1,1,1,4,1,7,7,0,1,1,1,1
1,1,0,2,1,7,7,0,1,1,1,1
2,2,0,2,1,7,7,0,1,1,1,1
12,6,6,7,1,7,7,0,1,1,1,1
12,6,6,5,1,7,7,4,-1,-1,0,-1
12,6,6,5,1,7,0,2,1,1,-1,-1
12,6,6,4,0,7,0,3,-1,-1,1,2
12,6,6,3,0,7,7,4,2,-1,-1,-1
12,6,6,3,0,0,7,1,1,1,1,1
6,6,0,2,1,7,7,4,-1,-1,2,-1
6,6,0,2,1,7,0,2,1,1,-1,-1
6,0,0,1,0,7,7,3,-1,-1,1,0
16,0,0,1,1,7,7,1,0,0,0,0
17,7,0,2,1,7,7,1,0,0,0,0
7,0,0,1,0,7,7,1,1,1,1,1
8,4,3,7,1,0,7,0,1,1,1,1
8,3,2,5,1,7,7,0,1,1,1,1
8,2,2,3,1,7,7,2,2,2,-1,-1
8,2,0,2,0,7,7,1,1,1,1,1
2,0,0,1,1,7,7,2,2,2,-1,-1
1,1,1,8,1,7,7,0,1,1,1,1
1,1,1,6,1,7,7,0,1,1,1,1
1,1,1,4,1,7,7,0,1,1,1,1
1,1,0,2,1,7,7,0,1,1,1,1
5,1,1,4,1,7,7,2,2,2,-1,-1
5,1,1,3,0,7,7,3,-1,-1,2,2
5,1,0,2,0,7,7,2,2,2,-1,-1
5,0,0,1,0,7,7,1,1,1,1,1
16,0,0,1,1,7,7,1,0,0,0,0
12,0,0,1,1,7,7,1,1,1,1,1
8,8,8,6,1,7,7,0,0,0,0,1
8,8,8,4,1,7,7,4,-1,-1,2,-1
8,8,8,4,1,7,0,1,1,1,1,1
8,8,8,3,1,7,7,1,1,1,1,1
8,8,0,2,1,7,7,0,0,0,0,0
4,4,4,3,1,7,7,0,1,1,1,1
4,0,0,1,1,7,7,1,1,1,1,1
6,6,6,8,1,0,7,0,1,1,1,1
6,6,6,6,1,7,7,4,-1,-1,0,-1
6,6,6,6,1,7,0,2,1,1,-1,-1
6,6,6,5,0,7,7,3,-1,-1,1,1
6,6,6,4,1,7,7,4,-1,-1,0,-1
6,6,6,4,1,7,0,2,1,1,-1,-1
6,6,6,3,0,7,7,3,-1,-1,1,2
6,6,0,2,0,7,7,4,2,-1,-1,-1
6,6,0,2,0,0,7,0,1,1,1,1
4,4,4,3,1,7,7,0,1,1,1,1
4,0,0,1,1,7,7,1,1,1,1,1
16,0,0,1,1,7,7,1,0,0,0,0
2,1,1,3,1,0,7,0,2,1,2,1
1,0,0,1,1,7,7,2,2,2,-1,-1
10,5,3,6,1,0,7,2,2,2,-1,-1
10,5,3,5,0,7,7,3,-1,-1,2,2
10,5,3,4,0,7,7,2,2,1,-1,-1
10,5,3,3,0,7,7,1,1,0,1,1
5,3,0,2,0,7,7,0,1,1,1,0
8,4,0,2,1,7,7,0,0,0,0,0
6,2,2,6,1,7,7,0,1,1,1,1
6,2,2,4,1,7,7,2,2,2,-1,-1
6,2,2,3,0,7,7,3,-1,-1,2,2
6,2,0,2,0,7,7,2,2,2,-1,-1
6,0,0,1,0,7,7,1,1,1,1,1
14,2,2,6,1,7,7,0,1,1,1,1
14,2,2,4,1,7,7,2,2,2,-1,-1
14,2,2,3,0,7,7,3,-1,-1,2,2
14,2,0,2,0,7,7,1,0,0,1,0
2,0,0,1,0,7,7,3,-1,-1,2,2
4,0,0,1,1,7,7,1,1,1,1,1
1,1,1,8,1,7,7,0,1,1,1,1
1,1,1,6,1,7,7,0,1,1,1,1
1,1,1,4,1,7,7,0,1,1,1,1
1,1,0,2,1,7,7,0,1,1,1,1
8,8,8,8,1,7,7,0,0,0,0,1
8,8,8,6,1,7,7,4,-1,-1,2,-1
8,8,8,6,1,7,0,1,1,1,1,1
8,8,8,5,1,7,7,0,0,0,0,1
8,8,8,3,1,7,7,4,-1,-1,2,-1
8,8,8,3,1,7,0,1,1,1,1,1
8,8,0,2,1,7,7,0,0,0,0,0
11,1,1,6,1,7,7,0,1,1,1,1
11,1,1,4,1,7,7,2,2,2,-1,-1
11,1,1,3,0,7,7,3,-1,-1,2,2
11,1,0,2,0,7,7,1,1,1,1,1
1,0,0,1,1,7,7,2,2,2,-1,-1
23,6,3,3,1,7,7,1,0,0,0,0
6,3,0,2,1,7,7,4,2,-1,-1,-1
6,3,0,2,1,0,7,0,1,1,1,0
16,8,8,3,1,0,7,1,0,0,0,1
8,8,0,2,1,7,7,4,-1,-1,2,-1
8,8,0,2,1,7,0,0,0,0,0,0
10,6,4,8,1,7,7,0,1,1,1,1
10,6,3,6,1,7,7,2,2,2,-1,-1
10,6,3,5,0,7,7,3,-1,-1,2,2
10,6,3,4,0,7,7,2,2,1,-1,-1
10,6,3,3,0,7,7,1,1,0,1,1
6,3,0,2,0,7,7,0,1,1,1,0
32,0,0,1,1,7,7,1,0,0,0,0
3,2,1,5,1,0,7,0,1,1,2,2
1,1,1,3,0,7,7,3,-1,-1,1,2
1,1,0,2,0,7,7,0,1,1,1,1
14,8,6,4,1,0,7,1,0,0,0,1
8,6,4,3,1,7,7,4,-1,-1,2,-1
8,6,4,3,1,7,0,1,1,1,1,1
6,4,0,2,1,7,7,0,1,1,1,0
1,1,1,8,1,7,7,0,1,1,1,1
1,1,1,6,1,7,7,0,1,1,1,1
1,1,1,4,1,7,7,0,1,1,1,1
1,1,0,2,1,7,7,0,1,1,1,1
48,10,4,4,1,7,7,2,2,1,-1,-1
48,10,2,3,0,7,7,3,-1,-1,1,2
48,10,0,2,0,7,7,1,0,0,0,0
10,0,0,1,1,7,7,1,1,0,1,1
20,7,3,4,1,7,7,2,2,1,-1,-1
20,7,2,3,0,7,7,3,-1,-1,1,2
20,7,0,2,0,7,7,1,0,0,0,0
7,0,0,1,1,7,7,1,1,1,1,1
5,1,1,4,1,7,7,2,2,2,-1,-1
5,1,1,3,0,7,7,3,-1,-1,2,2
5,1,0,2,0,7,7,2,2,2,-1,-1
5,0,0,1,0,7,7,1,1,1,1,1
6,6,2,4,1,7,7,0,1,1,1,1
6,6,0,2,1,7,7,0,1,1,1,1
1,1,1,4,1,7,7,0,1,1,1,1
1,1,0,2,1,7,7,0,1,1,1,1
5,1,1,8,1,7,7,0,1,1,1,1
5,1,1,6,1,7,7,0,1,1,1,1
5,1,1,4,1,7,7,0,1,1,1,1
5,1,0,2,1,7,7,0,1,1,0,2
23,14,11,3,1,7,7,1,0,0,0,0
14,11,0,2,1,7,7,4,2,-1,-1,-1
14,11,0,2,1,0,7,0,0,0,0,0
47,10,4,5,1,7,7,2,2,1,-1,-1
47,10,2,4,0,7,7,3,-1,-1,2,1
47,10,1,3,1,7,7,2,2,2,-1,-1
47,10,0,2,0,7,7,1,0,0,0,0
10,0,0,1,1,7,7,1,1,0,1,1
3,3,3,8,1,7,7,0,1,1,1,1
3,3,1,6,1,7,7,0,1,1,1,1
1,1,1,4,1,7,7,0,1,1,1,1
1,1,0,2,1,7,7,0,1,1,1,1
2,2,1,6,1,7,7,0,1,1,1,1
1,1,1,4,1,7,7,0,1,1,1,1
1,1,0,2,1,7,7,0,1,1,1,1
6,6,6,8,1,0,1,0,1,1,1,1
6,6,6,6,1,7,7,4,-1,-1,0,-1
6,6,6,6,1,7,0,2,1,1,-1,-1
6,6,6,5,0,7,7,3,-1,-1,1,1
6,6,6,4,1,7,7,4,-1,-1,0,-1
6,6,6,4,1,7,0,2,1,1,-1,-1
6,6,6,3,0,7,7,3,-1,-1,1,2
6,6,0,2,0,7,7,4,2,-1,-1,-1
6,6,0,2,0,0,7,0,1,1,1,1
26,11,11,3,1,7,7,1,0,0,0,0
11,11,0,2,1,7,7,4,2,-1,-1,-1
11,11,0,2,1,0,7,0,0,0,0,0
6,6,2,4,1,7,7,0,1,1,1,1
6,6,0,2,1,7,7,0,1,1,1,1
18,1,1,7,1,7,7,0,1,1,1,1
18,1,1,5,1,7,7,2,2,2,-1,-1
18,1,1,4,0,7,7,3,-1,-1,2,2
18,1,1,3,0,7,7,2,2,2,-1,-1
18,1,0,2,0,7,7,1,0,0,0,0
1,0,0,1,0,7,7,2,2,2,-1,-1
4,0,0,1,1,7,7,1,1,1,1,1
16,0,0,1,1,7,7,1,0,0,0,0
4,4,0,2,1,7,7,0,1,1,1,1
7,2,1,5,1,7,7,0,1,1,1,1
7,1,1,3,1,7,7,2,2,2,-1,-1
7,1,0,2,0,7,7,1,1,1,1,1
1,0,0,1,1,7,7,2,2,2,-1,-1
37,12,6,6,1,7,7,2,2,1,-1,-1
37,12,6,5,0,7,7,3,-1,-1,1,1
37,12,6,4,0,7,7,2,1,1,-1,-1
37,12,6,3,0,7,7,3,-1,-1,1,1
37,12,0,2,0,7,7,1,0,0,0,0
12,0,0,1,0,7,7,1,1,1,1,1
9,7,7,6,1,7,7,2,1,1,-1,-1
9,7,7,5,0,7,7,3,-1,-1,1,1
9,7,7,4,1,7,7,1,1,0,1,1
7,7,3,3,0,7,7,4,-1,-1,0,-1
7,7,3,3,0,7,0,2,1,1,-1,-1
7,7,0,2,0,7,0,0,0,0,0,0
8,0,0,1,1,0,7,1,1,1,1,1
5,2,1,3,1,0,7,0,1,1,2,1
1,0,0,1,0,7,7,3,-1,-1,1,2
64,0,0,1,1,7,7,1,0,0,0,0
22,10,0,2,1,7,7,1,0,0,0,0
10,0,0,1,1,7,7,1,1,0,1,1
34,15,15,3,1,7,7,1,0,0,0,0
15,15,0,2,0,7,7,4,0,-1,-1,-1
15,15,0,2,0,0,7,0,0,0,0,0
6,2,2,4,1,7,7,2,2,2,-1,-1
6,2,2,3,0,7,7,3,-1,-1,2,2
6,2,0,2,0,7,7,2,2,2,-1,-1
6,0,0,1,0,7,7,1,1,1,1,1
5,3,0,2,1,0,7,0,1,1,1,0
19,1,1,6,1,7,7,2,2,2,-1,-1
19,1,1,5,0,7,7,3,-1,-1,2,2
19,1,1,4,0,7,7,2,2,2,-1,-1
19,1,1,3,0,7,7,3,-1,-1,2,2
19,1,0,2,0,7,7,1,0,0,0,0
1,0,0,1,1,7,7,2,2,2,-1,-1
9,3,0,2,1,7,7,0,0,0,0,0
12,0,0,1,1,7,7,1,1,1,1,1
21,11,0,2,1,7,7,1,0,0,0,0
11,0,0,1,0,7,7,1,1,1,1,1
64,0,0,1,1,7,7,1,0,0,0,0
6,1,1,7,1,7,7,0,1,1,1,1
6,1,1,5,1,7,7,0,1,1,1,1
6,1,1,3,1,7,7,2,2,2,-1,-1
6,1,0,2,0,7,7,0,1,1,0,2
8,8,0,2,1,7,7,0,0,0,0,0
16,12,12,5,1,7,7,1,0,0,0,1
12,12,12,4,1,7,7,4,-1,-1,2,-1
12,12,12,4,1,7,0,1,1,1,1,1
12,12,12,3,1,7,7,4,-1,-1,0,-1
12,12,12,3,1,7,0,2,0,0,-1,-1
12,12,0,2,0,7,7,3,-1,-1,0,2
12,0,0,1,0,7,7,1,1,1,1,1
5,1,1,4,1,7,7,2,2,2,-1,-1
5,1,1,3,0,7,7,3,-1,-1,2,2
5,1,0,2,0,7,7,2,2,2,-1,-1
5,0,0,1,0,7,7,1,1,1,1,1
22,10,0,2,1,7,7,1,0,0,0,0
10,0,0,1,1,7,7,1,1,0,1,1
4,4,4,6,1,7,7,0,1,1,1,1
4,4,4,4,1,7,7,0,1,1,1,1
4,4,0,2,1,7,7,0,1,1,1,1
5,3,2,8,1,7,7,0,1,1,1,1
5,2,1,6,1,7,7,0,1,1,1,1
5,1,1,4,1,7,7,0,1,1,1,1
5,1,0,2,1,7,7,0,1,1,0,2
37,14,8,4,1,0,7,1,0,1,0,0
14,8,5,3,0,7,7,4,0,-1,-1,-1
14,8,5,3,0,0,7,4,-1,-1,0,-1
14,8,5,3,0,0,0,1,0,0,0,1
8,5,0,2,1,7,7,4,-1,-1,2,-1
8,5,0,2,1,7,0,0,0,0,0,0
11,1,1,6,1,7,7,0,1,1,1,1
11,1,1,4,1,7,7,2,2,2,-1,-1
11,1,1,3,0,7,7,3,-1,-1,2,2
11,1,0,2,0,7,7,1,1,1,1,1
1,0,0,1,1,7,7,2,2,2,-1,-1
11,11,5,4,1,7,7,0,1,0,1,1
11,11,0,2,0,7,7,4,-1,-1,2,-1
11,11,0,2,0,7,0,0,0,0,0,0
2,1,1,3,1,0,7,0,2,1,2,1
1,0,0,1,1,7,7,2,2,2,-1,-1
14,7,5,5,1,7,7,0,1,1,1,1
14,7,5,3,1,7,7,1,0,0,0,1
7,5,0,2,1,7,7,4,-1,-1,2,-1
7,5,0,2,1,7,0,0,0,0,0,0
30,6,6,4,1,7,7,1,0,0,0,0
6,6,6,3,1,7,7,4,0,-1,-1,-1
6,6,6,3,1,0,7,4,-1,-1,0,-1
6,6,6,3,1,0,0,1,2,2,1,1
6,6,0,2,0,7,7,2,1,1,-1,-1
6,0,0,1,0,7,7,3,-1,-1,1,1
5,3,0,2,1,7,7,0,1,1,1,0
5,3,2,4,1,7,7,2,2,1,-1,-1
5,3,2,3,0,7,7,3,-1,-1,1,1
5,2,0,2,0,7,7,2,1,1,-1,-1
2,0,0,1,0,7,7,3,-1,-1,1,2
22,9,6,7,1,7,7,2,2,2,-1,-1
22,9,6,6,0,7,7,3,-1,-1,2,1
22,9,6,5,0,7,7,2,1,2,-1,-1
22,9,6,4,0,7,7,3,-1,-1,1,1
22,9,6,3,0,7,7,4,0,-1,-1,-1
22,9,6,3,0,0,7,1,0,0,0,0
9,6,0,2,1,7,7,4,2,-1,-1,-1
9,6,0,2,1,0,7,0,0,0,0,0
8,4,0,2,1,7,7,0,0,0,0,0
24,24,0,2,1,7,7,0,0,0,0,0
29,7,7,6,1,7,7,0,0,0,0,1
29,7,7,4,1,7,7,4,-1,-1,2,-1
29,7,7,4,1,7,0,1,0,0,0,1
7,7,7,3,0,7,7,4,0,-1,-1,-1
7,7,7,3,0,0,7,4,-1,-1,0,-1
7,7,7,3,0,0,0,1,1,1,1,0
7,7,0,2,0,7,7,2,0,0,-1,-1
7,0,0,1,0,7,7,3,-1,-1,0,0
24,0,0,1,1,7,7,1,0,0,0,0
16,0,0,1,1,7,7,1,0,0,0,0
13,7,4,3,1,7,7,1,0,1,0,1
7,4,0,2,0,7,7,4,-1,-1,0,-1
7,4,0,2,0,7,0,2,1,1,-1,-1
7,0,0,1,0,7,0,1,1,1,1,1
4,1,1,5,1,0,7,0,1,1,2,2
1,1,1,3,0,7,7,3,-1,-1,1,2
1,1,0,2,0,7,7,0,1,1,1,1
4,4,2,6,1,7,7,0,1,1,1,1
2,2,2,4,1,7,7,0,1,1,1,1
2,2,0,2,1,7,7,0,1,1,1,1
48,0,0,1,1,7,7,1,0,0,0,0
8,2,2,3,1,7,7,0,1,1,1,1
8,0,0,1,1,7,7,1,1,1,1,1
24,22,6,5,1,7,7,0,1,1,1,1
24,22,6,3,1,7,7,4,-1,-1,0,-1
24,22,6,3,1,7,0,2,1,1,-1,-1
24,22,0,2,0,7,0,0,0,0,0,0
11,1,1,6,1,7,7,0,1,1,1,1
11,1,1,4,1,7,7,2,2,2,-1,-1
11,1,1,3,0,7,7,3,-1,-1,2,2
11,1,0,2,0,7,7,1,1,1,1,1
1,0,0,1,1,7,7,2,2,2,-1,-1
1,1,1,8,1,0,7,0,2,1,2,1
1,1,1,6,1,7,7,0,1,1,1,1
1,1,1,4,1,7,7,0,1,1,1,1
1,1,0,2,1,7,7,0,1,1,1,1
2,2,1,7,1,7,7,0,1,1,1,1
1,1,1,5,1,7,7,0,1,1,1,1
1,1,1,3,1,7,7,0,1,1,1,1
1,0,0,1,1,7,7,2,2,2,-1,-1
3,1,0,2,1,7,7,0,1,1,1,1
37,9,9,4,1,7,7,1,0,1,0,0
9,9,9,3,0,7,7,4,0,-1,-1,-1
9,9,9,3,0,0,7,4,-1,-1,0,-1
9,9,9,3,0,0,0,1,1,0,1,2
9,9,0,2,0,7,7,4,-1,-1,2,-1
9,9,0,2,0,7,0,0,0,0,0,0
8,4,2,4,1,0,1,0,2,1,1,2
8,2,0,2,0,7,7,2,2,2,-1,-1
8,0,0,1,0,7,7,1,1,1,1,1
2,1,1,3,1,7,7,0,1,1,1,1
1,0,0,1,1,7,7,2,2,2,-1,-1
4,0,0,1,1,7,7,1,1,1,1,1
48,0,0,1,1,7,7,1,0,0,0,0
24,0,0,1,1,7,7,1,0,0,0,0
4,4,2,4,1,7,7,0,1,1,1,1
2,2,0,2,1,7,7,0,1,1,1,1
9,5,4,8,1,7,7,0,1,1,1,1
9,5,3,6,1,7,7,2,2,2,-1,-1
9,5,3,5,0,7,7,3,-1,-1,2,2
9,5,3,4,0,7,7,2,2,1,-1,-1
9,5,3,3,0,7,7,3,-1,-1,1,1
9,3,0,2,0,7,7,2,1,1,-1,-1
9,0,0,1,0,7,7,1,1,0,1,1
4,0,0,1,1,7,7,1,1,1,1,1
13,2,1,3,1,7,7,1,0,0,1,0
2,1,0,2,0,7,7,3,-1,-1,2,2
1,0,0,1,0,7,7,2,2,2,-1,-1
8,0,0,1,1,7,7,1,1,1,1,1
8,2,2,3,1,0,7,0,1,1,1,1
8,0,0,1,1,7,7,1,1,1,1,1
52,6,6,3,1,0,7,1,0,0,0,0
6,6,0,2,1,7,7,4,0,-1,-1,-1
6,6,0,2,1,0,7,0,1,1,1,1
9,2,1,3,1,7,7,1,1,1,1,2
2,1,0,2,0,7,7,2,2,2,-1,-1
1,0,0,1,0,7,7,3,-1,-1,2,2
4,2,2,5,1,7,7,0,1,1,1,1
2,2,2,3,1,7,7,0,1,1,1,1
2,0,0,1,1,7,7,2,2,2,-1,-1
24,24,0,2,1,7,7,0,0,0,0,0
9,3,2,5,1,0,7,2,2,2,-1,-1
9,3,1,4,0,7,7,3,-1,-1,2,1
9,3,1,3,0,7,7,2,1,1,-1,-1
9,1,0,2,0,7,7,3,-1,-1,1,2
9,0,0,1,0,7,7,1,1,0,1,1
1,1,1,4,1,0,1,0,2,1,2,1
1,1,0,2,1,7,7,0,1,1,1,1
12,0,0,1,1,7,7,1,1,1,1,1
2,1,1,3,1,7,7,0,1,1,1,1
1,0,0,1,1,7,7,2,2,2,-1,-1
16,16,16,3,1,7,7,1,0,0,0,1
16,16,0,2,1,7,7,4,-1,-1,2,-1
16,16,0,2,1,7,0,0,0,0,0,0
48,0,0,1,1,0,7,1,0,0,0,0
32,0,0,1,1,0,7,1,0,0,0,0
12,0,0,1,1,7,7,1,1,1,1,1
25,13,13,4,1,7,7,1,0,1,0,0
13,13,13,3,0,7,7,4,0,-1,-1,-1
13,13,13,3,0,0,7,4,-1,-1,0,-1
13,13,13,3,0,0,0,1,0,0,0,1
13,13,0,2,1,7,7,4,-1,-1,2,-1
13,13,0,2,1,7,0,0,0,0,0,0
22,21,21,3,1,7,7,1,0,0,0,0
21,21,0,2,1,7,7,4,2,-1,-1,-1
21,21,0,2,1,0,7,0,0,0,0,0
48,0,0,1,1,7,7,1,0,0,0,0
6,6,6,8,1,7,7,0,1,1,1,1
6,6,6,6,1,7,7,4,-1,-1,0,-1
6,6,6,6,1,7,0,2,1,1,-1,-1
6,6,6,5,0,7,7,3,-1,-1,1,1
6,6,6,4,1,7,7,4,-1,-1,0,-1
6,6,6,4,1,7,0,2,1,1,-1,-1
6,6,6,3,0,7,7,3,-1,-1,1,2
6,6,0,2,0,7,7,4,2,-1,-1,-1
6,6,0,2,0,0,7,0,1,1,1,1
6,6,6,6,1,7,7,2,2,2,-1,-1
6,6,6,5,0,7,7,3,-1,-1,2,2
6,6,6,4,0,7,7,0,1,1,1,1
6,2,0,2,1,7,7,4,-1,-1,0,-1
6,2,0,2,1,7,0,2,1,1,-1,-1
2,0,0,1,0,7,7,3,-1,-1,2,1
48,0,0,1,1,7,7,1,0,0,0,0
7,5,0,2,1,7,7,0,0,0,0,0
4,2,2,7,1,7,7,0,1,1,1,1
2,2,2,5,1,7,7,0,1,1,1,1
2,2,2,3,1,7,7,0,1,1,1,1
2,0,0,1,1,7,7,2,2,2,-1,-1
10,8,2,5,1,7,7,2,2,2,-1,-1
10,8,2,4,0,7,7,3,-1,-1,2,1
10,8,2,3,0,7,7,1,1,0,1,1
8,2,0,2,0,7,7,2,2,2,-1,-1
8,0,0,1,0,7,7,1,1,1,1,1
12,10,10,3,1,0,7,1,1,1,1,1
10,10,0,2,1,7,7,4,-1,-1,0,-1
10,10,0,2,1,7,0,2,0,0,-1,-1
10,0,0,1,0,7,7,3,-1,-1,0,2
6,2,1,6,1,7,7,0,1,1,1,1
6,1,1,4,1,7,7,2,2,2,-1,-1
6,1,1,3,0,7,7,3,-1,-1,2,2
6,1,0,2,0,7,7,2,2,2,-1,-1
6,0,0,1,0,7,7,1,1,1,1,1
12,0,0,1,1,0,7,1,1,1,1,1
6,1,1,7,1,7,7,0,1,1,1,1
6,1,1,5,1,7,7,0,1,1,1,1
6,1,1,3,1,7,7,2,2,2,-1,-1
6,1,0,2,0,7,7,0,1,1,0,2
7,5,5,6,1,7,7,0,1,1,1,1
7,5,5,4,1,7,7,4,-1,-1,0,-1
7,5,5,4,1,7,0,2,1,1,-1,-1
7,5,5,3,0,7,0,3,-1,-1,1,2
7,5,0,2,0,7,7,4,2,-1,-1,-1
7,5,0,2,0,0,7,0,0,0,0,0
30,18,0,2,1,7,7,1,0,0,0,0
18,0,0,1,0,7,7,1,0,0,0,0
3,1,0,2,1,7,7,0,1,1,1,1
21,11,0,2,1,7,7,1,0,0,0,0
11,0,0,1,0,7,7,1,1,1,1,1
8,0,0,1,1,7,7,1,1,1,1,1
48,0,0,1,1,7,7,1,0,0,0,0
25,10,6,5,1,0,7,2,2,0,-1,-1
25,10,6,4,0,7,7,3,-1,-1,1,2
25,10,6,3,1,7,7,4,-1,-1,2,-1
25,10,6,3,1,7,0,2,1,1,-1,-1
25,10,0,2,0,7,0,3,-1,-1,0,0
25,0,0,1,0,7,7,1,0,0,0,0
5,3,2,8,1,7,7,0,1,1,1,1
5,2,1,6,1,7,7,0,1,1,1,1
5,1,1,4,1,7,7,0,1,1,1,1
5,1,0,2,1,7,7,0,1,1,0,2
9,5,4,5,1,7,7,0,1,1,1,1
9,5,3,3,1,7,7,1,1,0,1,2
5,3,0,2,0,7,7,4,-1,-1,2,-1
5,3,0,2,0,7,0,0,1,0,1,1
5,3,0,2,1,7,7,0,1,1,1,0
12,9,9,5,1,0,7,1,1,1,1,1
9,9,9,4,1,7,7,4,-1,-1,0,-1
9,9,9,4,1,7,0,2,0,0,-1,-1
9,9,9,3,0,7,7,3,-1,-1,0,2
9,9,0,2,0,7,7,0,0,0,0,0
34,7,7,3,1,7,7,1,0,0,0,0
7,7,0,2,0,7,7,4,0,-1,-1,-1
7,7,0,2,0,0,7,0,0,0,0,0
12,3,3,5,1,7,7,0,1,1,1,1
12,3,3,3,1,7,7,1,1,1,1,1
3,3,0,2,1,7,7,0,1,1,1,1
10,2,0,2,1,0,7,1,1,1,1,2
2,0,0,1,0,7,7,2,2,2,-1,-1
14,4,2,7,1,7,7,0,1,1,1,1
14,1,1,5,1,7,7,2,2,2,-1,-1
14,1,1,4,0,7,7,3,-1,-1,2,2
14,1,1,3,0,7,7,2,2,1,-1,-1
14,1,0,2,0,7,7,1,0,0,1,0
1,0,0,1,0,7,7,3,-1,-1,2,2
6,1,1,3,1,7,7,0,1,1,1,2
1,0,0,1,0,7,7,3,-1,-1,1,2
7,5,5,6,1,7,7,0,1,1,1,1
7,5,5,4,1,7,7,4,-1,-1,0,-1
7,5,5,4,1,7,0,2,1,1,-1,-1
7,5,5,3,0,7,0,3,-1,-1,1,2
7,5,0,2,0,7,7,4,2,-1,-1,-1
7,5,0,2,0,0,7,0,0,0,0,0
4,0,0,1,1,0,7,1,2,1,2,1
14,4,2,7,1,7,7,0,1,1,1,1
14,1,1,5,1,7,7,2,2,2,-1,-1
14,1,1,4,0,7,7,3,-1,-1,2,2
14,1,1,3,0,7,7,2,2,1,-1,-1
14,1,0,2,0,7,7,1,0,0,1,0
1,0,0,1,0,7,7,3,-1,-1,2,2
6,2,0,2,1,7,7,0,1,1,0,2
2,1,1,7,1,7,7,0,1,1,1,1
1,1,1,5,1,7,7,0,1,1,1,1
1,1,1,3,1,7,7,0,1,1,1,1
1,0,0,1,1,7,7,2,2,2,-1,-1
4,2,1,8,1,0,7,0,1,1,2,2
1,1,1,6,0,7,7,3,-1,-1,1,2
1,1,1,5,0,7,7,0,1,1,1,1
1,1,1,3,1,7,7,0,1,1,1,1
1,0,0,1,1,7,7,2,2,2,-1,-1
48,0,0,1,1,7,7,1,0,0,0,0
2,1,1,7,1,7,7,0,1,1,1,1
1,1,1,5,1,7,7,0,1,1,1,1
1,1,1,3,1,7,7,0,1,1,1,1
1,0,0,1,1,7,7,2,2,2,-1,-1
4,0,0,1,1,7,7,1,1,1,1,1
12,2,1,4,1,7,7,2,2,2,-1,-1
12,1,1,3,0,7,7,3,-1,-1,2,2
12,1,0,2,0,7,7,2,2,2,-1,-1
12,0,0,1,0,7,7,1,1,1,1,1
5,3,0,2,1,7,7,0,1,1,1,0
13,7,5,5,1,7,7,0,1,1,1,1
13,7,5,3,1,7,7,1,0,0,0,1
7,5,0,2,1,7,7,4,-1,-1,2,-1
7,5,0,2,1,7,0,0,0,0,0,0
3,1,0,2,1,7,7,0,1,1,1,1
15,8,5,4,1,0,1,1,0,0,0,1
8,5,4,3,1,7,7,4,-1,-1,2,-1
8,5,4,3,1,7,0,1,1,1,1,1
5,4,0,2,1,7,7,0,1,1,1,0
1,1,1,4,1,7,7,0,1,1,1,1
1,1,0,2,1,7,7,0,1,1,1,1
8,5,3,7,1,7,7,0,1,1,1,1
8,5,2,5,1,7,7,2,2,2,-1,-1
8,5,2,4,0,7,7,3,-1,-1,2,1
8,5,2,3,0,7,7,2,1,1,-1,-1
8,5,0,2,0,7,7,3,-1,-1,1,1
8,0,0,1,0,7,7,1,1,1,1,1
3,1,0,2,1,7,7,0,1,1,1,1
8,0,0,1,1,7,7,1,1,1,1,1
64,0,0,1,1,7,7,1,0,0,0,0
12,0,0,1,1,7,7,1,1,1,1,1
6,6,6,6,1,0,7,2,2,2,-1,-1
6,6,6,5,0,7,7,3,-1,-1,2,2
6,6,6,4,0,7,7,0,1,1,1,1
6,2,0,2,1,7,7,4,-1,-1,0,-1
6,2,0,2,1,7,0,2,1,1,-1,-1
2,0,0,1,0,7,7,3,-1,-1,2,1
15,8,5,4,1,7,7,1,0,0,0,1
8,5,4,3,1,7,7,4,-1,-1,2,-1
8,5,4,3,1,7,0,1,1,1,1,1
5,4,0,2,1,7,7,0,1,1,1,0
64,0,0,1,1,7,7,1,0,0,0,0
4,2,2,3,1,7,7,0,1,1,1,1
2,0,0,1,1,7,7,2,2,2,-1,-1
34,14,0,2,1,7,7,1,0,0,0,0
14,0,0,1,0,7,7,1,0,0,0,0
2,1,1,3,1,7,7,0,1,1,1,1
1,0,0,1,1,7,7,2,2,2,-1,-1
1,1,1,4,1,7,7,0,1,1,1,1
1,1,0,2,1,7,7,0,1,1,1,1
48,0,0,1,1,7,7,1,0,0,0,0
7,5,4,3,1,7,7,1,1,1,1,1
5,4,0,2,1,7,7,0,1,1,1,0
6,1,1,7,1,7,7,0,1,1,1,1
6,1,1,5,1,7,7,0,1,1,1,1
6,1,1,3,1,7,7,2,2,2,-1,-1
6,1,0,2,0,7,7,0,1,1,0,2
4,0,0,1,1,7,7,1,1,1,1,1
29,12,8,7,1,7,7,2,2,1,-1,-1
29,12,8,6,0,7,7,3,-1,-1,1,2
29,12,8,5,0,7,7,2,1,1,-1,-1
29,12,8,4,0,7,7,4,-1,-1,0,-1
29,12,8,4,0,7,0,1,0,0,0,1
12,8,5,3,0,7,7,4,0,-1,-1,-1
12,8,5,3,0,0,7,4,-1,-1,0,-1
12,8,5,3,0,0,0,1,1,1,1,1
8,5,0,2,1,7,7,4,-1,-1,2,-1
8,5,0,2,1,7,0,2,1,1,-1,-1
8,0,0,1,0,7,0,3,-1,-1,0,0
48,0,0,1,1,7,7,1,0,0,0,0
12,0,0,1,1,0,7,1,1,1,1,1
6,6,4,7,1,7,7,0,1,1,1,1
6,6,2,5,1,7,7,0,1,1,1,1
6,6,2,3,1,7,7,2,2,2,-1,-1
6,6,0,2,0,7,7,0,1,1,1,1
2,2,1,6,1,7,7,0,1,1,1,1
1,1,1,4,1,7,7,0,1,1,1,1
1,1,0,2,1,7,7,0,1,1,1,1
4,4,4,8,1,7,7,0,1,1,1,1
4,4,2,6,1,7,7,0,1,1,1,1
2,2,2,4,1,7,7,0,1,1,1,1
2,2,0,2,1,7,7,0,1,1,1,1
8,4,4,7,1,0,7,0,1,1,1,1
8,4,4,5,1,7,7,0,1,1,1,1
8,4,4,3,1,7,7,0,1,1,1,1
8,0,0,1,1,7,7,1,1,1,1,1
3,3,3,6,1,7,7,0,1,1,1,1
3,1,1,4,1,7,7,0,1,1,1,1
1,1,0,2,1,7,7,0,1,1,1,1
4,2,2,7,1,0,1,0,2,1,2,1
4,1,1,5,1,7,7,0,1,1,1,1
1,1,1,3,1,7,7,0,1,1,1,1
1,0,0,1,1,7,7,2,2,2,-1,-1
48,0,0,1,1,0,7,1,0,0,0,0
12,0,0,1,1,0,7,1,1,1,1,1
24,22,6,5,1,7,7,0,1,1,1,1
24,22,6,3,1,7,7,4,-1,-1,0,-1
24,22,6,3,1,7,0,2,1,1,-1,-1
24,22,0,2,0,7,0,0,0,0,0,0
39,25,0,2,1,7,7,1,0,0,0,0
25,0,0,1,1,7,7,1,0,0,0,0
4,0,0,1,1,7,7,1,1,1,1,1
64,0,0,1,1,7,7,1,0,0,0,0
12,11,3,5,1,7,7,2,2,1,-1,-1
12,11,3,4,0,7,7,3,-1,-1,1,2
12,11,3,3,0,7,7,2,1,1,-1,-1
12,11,0,2,0,7,7,0,0,0,0,0
6,6,4,7,1,0,7,0,1,1,1,1
6,6,2,5,1,7,7,0,1,1,1,1
6,6,2,3,1,7,7,2,2,2,-1,-1
6,6,0,2,0,7,7,0,1,1,1,1
4,2,2,3,1,0,7,0,1,1,2,2
2,0,0,1,0,7,7,3,-1,-1,1,2
22,7,3,3,1,7,7,1,0,0,0,0
7,3,0,2,1,7,7,4,2,-1,-1,-1
7,3,0,2,1,0,7,0,0,0,0,0
17,16,5,5,1,7,7,0,1,1,1,1
17,16,5,3,1,7,7,4,-1,-1,0,-1
17,16,5,3,1,7,0,2,1,1,-1,-1
17,16,0,2,0,7,0,0,0,0,0,0
1,1,1,8,1,7,7,0,1,1,1,1
1,1,1,6,1,7,7,0,1,1,1,1
1,1,1,4,1,7,7,0,1,1,1,1
1,1,0,2,1,7,7,0,1,1,1,1
4,2,1,8,1,0,7,0,1,1,2,2
1,1,1,6,0,7,7,3,-1,-1,1,2
1,1,1,5,0,7,7,0,1,1,1,1
1,1,1,3,1,7,7,0,1,1,1,1
1,0,0,1,1,7,7,2,2,2,-1,-1
16,5,2,4,1,7,7,2,2,2,-1,-1
16,5,1,3,0,7,7,1,0,0,0,0
5,1,0,2,1,7,7,0,1,1,0,2
6,6,0,2,1,0,7,0,1,1,1,1
32,8,3,7,1,7,7,2,2,2,-1,-1
32,8,3,6,0,7,7,3,-1,-1,2,2
32,8,3,5,0,7,7,2,2,2,-1,-1
32,8,3,4,0,7,7,3,-1,-1,2,2
32,8,3,3,0,7,7,1,0,0,0,0
8,3,0,2,1,7,7,4,0,-1,-1,-1
8,3,0,2,1,0,7,0,0,0,0,0
8,0,0,1,1,7,7,1,1,1,1,1
4,3,3,5,1,7,7,0,1,1,1,1
3,3,3,3,1,7,7,0,1,1,1,1
3,0,0,1,1,7,7,1,1,1,1,1
4,0,0,1,1,0,7,1,2,1,2,1
2,2,2,8,1,0,7,0,2,1,2,1
2,2,2,6,1,7,7,0,1,1,1,1
2,2,2,4,1,7,7,0,1,1,1,1
2,2,0,2,1,7,7,0,1,1,1,1
2,2,0,2,1,7,7,0,1,1,1,1
64,0,0,1,1,7,7,1,0,0,0,0
3,1,0,2,1,7,7,0,1,1,1,1
1,1,1,8,1,0,1,0,2,1,2,1
1,1,1,6,1,7,7,0,1,1,1,1
1,1,1,4,1,7,7,0,1,1,1,1
1,1,0,2,1,7,7,0,1,1,1,1
4,0,0,1,1,0,7,1,2,1,2,1
32,0,0,1,1,7,7,1,0,0,0,0
16,15,15,6,1,7,7,0,1,0,1,1
16,15,15,4,0,7,7,4,-1,-1,2,-1
16,15,15,4,0,7,0,1,0,0,0,1
15,15,6,3,1,7,7,4,-1,-1,0,-1
15,15,6,3,1,7,0,2,1,1,-1,-1
15,15,0,2,0,7,0,0,0,0,0,0
6,2,0,2,1,7,7,0,1,1,0,2
6,6,0,2,1,7,7,0,1,1,1,1
64,0,0,1,1,7,7,1,0,0,0,0
2,2,2,8,1,0,7,0,2,1,2,1
2,2,2,6,1,7,7,0,1,1,1,1
2,2,2,4,1,7,7,0,1,1,1,1
2,2,0,2,1,7,7,0,1,1,1,1
48,0,0,1,1,0,7,1,0,0,0,0
9,1,1,4,1,0,7,2,2,2,-1,-1
9,1,1,3,0,7,7,3,-1,-1,2,1
9,1,0,2,0,7,7,1,1,1,1,2
1,0,0,1,0,7,7,2,2,2,-1,-1
11,11,11,8,1,7,7,2,1,1,-1,-1
11,11,11,7,0,7,7,3,-1,-1,1,1
11,11,11,6,1,7,7,4,-1,-1,0,-1
11,11,11,6,1,7,0,2,1,1,-1,-1
11,11,11,5,0,7,0,3,-1,-1,1,0
11,11,11,4,0,7,7,4,2,-1,-1,-1
11,11,11,4,0,0,7,1,1,1,1,1
11,11,11,3,1,7,7,4,-1,-1,0,-1
11,11,11,3,1,7,0,2,0,0,-1,-1
11,11,0,2,0,7,7,3,-1,-1,0,2
11,0,0,1,0,7,7,1,1,1,1,1
8,8,8,4,1,0,7,1,1,1,1,1
8,8,8,3,1,7,7,1,1,1,1,1
8,8,0,2,1,7,7,0,0,0,0,0
3,1,0,2,1,7,7,0,1,1,1,1
23,4,2,6,1,7,7,2,2,2,-1,-1
23,4,1,5,0,7,7,3,-1,-1,2,2
23,4,1,4,0,7,7,2,2,1,-1,-1
23,4,1,3,0,7,7,3,-1,-1,1,1
23,1,0,2,0,7,7,2,1,2,-1,-1
23,0,0,1,0,7,7,1,0,0,0,0
8,1,1,5,1,7,7,0,1,1,1,1
8,1,1,3,1,7,7,2,2,2,-1,-1
8,1,0,2,0,7,7,1,1,1,1,1
1,0,0,1,1,7,7,2,2,2,-1,-1
16,16,16,3,1,7,7,1,0,0,0,1
16,16,0,2,1,7,7,4,-1,-1,2,-1
16,16,0,2,1,7,0,0,0,0,0,0
1,1,1,4,1,7,7,0,1,1,1,1
1,1,0,2,1,7,7,0,1,1,1,1
12,2,2,7,1,0,7,0,1,1,1,1
12,2,2,5,1,7,7,2,2,2,-1,-1
12,2,2,4,0,7,7,3,-1,-1,2,1
12,2,2,3,0,7,7,2,1,1,-1,-1
12,2,0,2,0,7,7,3,-1,-1,1,2
12,0,0,1,0,7,7,1,1,1,1,1
2,1,1,7,1,7,7,0,1,1,1,1
1,1,1,5,1,7,7,0,1,1,1,1
1,1,1,3,1,7,7,0,1,1,1,1
1,0,0,1,1,7,7,2,2,2,-1,-1
10,2,0,2,1,0,7,1,1,1,1,2
2,0,0,1,0,7,7,2,2,2,-1,-1
6,1,1,7,1,0,7,0,1,1,1,1
6,1,1,5,1,7,7,0,1,1,1,1
6,1,1,3,1,7,7,2,2,2,-1,-1
6,1,0,2,0,7,7,0,1,1,0,2
12,2,1,4,1,7,7,2,2,2,-1,-1
12,1,1,3,0,7,7,3,-1,-1,2,2
12,1,0,2,0,7,7,2,2,2,-1,-1
12,0,0,1,0,7,7,1,1,1,1,1
18,2,2,4,1,7,7,2,2,2,-1,-1
18,2,2,3,0,7,7,3,-1,-1,2,1
18,2,0,2,0,7,7,1,0,0,0,0
2,0,0,1,0,7,7,2,2,2,-1,-1
8,1,1,5,1,7,7,0,1,1,1,1
8,1,1,3,1,7,7,2,2,2,-1,-1
8,1,0,2,0,7,7,1,1,1,1,1
1,0,0,1,1,7,7,2,2,2,-1,-1
4,0,0,1,1,0,7,1,2,1,2,1
8,0,0,1,1,7,7,1,1,1,1,1
25,7,0,2,1,0,7,1,0,0,0,0
7,0,0,1,0,7,7,1,1,1,1,1
35,8,3,4,1,7,7,2,2,1,-1,-1
35,8,2,3,0,7,7,3,-1,-1,1,2
35,8,0,2,0,7,7,1,0,0,0,0
8,0,0,1,1,7,7,1,1,1,1,1
12,12,0,2,1,7,7,0,0,0,0,0
3,2,1,5,1,0,7,0,1,1,2,2
1,1,1,3,0,7,7,3,-1,-1,1,2
1,1,0,2,0,7,7,0,1,1,1,1
5,1,1,8,1,0,7,0,1,1,1,1
5,1,1,6,1,7,7,0,1,1,1,1
5,1,1,4,1,7,7,0,1,1,1,1
5,1,0,2,1,7,7,0,1,1,0,2
13,6,4,8,1,7,7,0,1,1,1,1
13,6,2,6,1,7,7,2,2,2,-1,-1
13,6,2,5,0,7,7,3,-1,-1,2,2
13,6,1,4,0,7,7,2,2,1,-1,-1
13,6,1,3,0,7,7,1,0,0,0,1
6,1,0,2,1,7,7,4,-1,-1,2,-1
6,1,0,2,1,7,0,0,0,2,1,1
1,1,1,8,1,7,7,0,1,1,1,1
1,1,1,6,1,7,7,0,1,1,1,1
1,1,1,4,1,7,7,0,1,1,1,1
1,1,0,2,1,7,7,0,1,1,1,1
9,1,1,4,1,0,7,2,2,2,-1,-1
9,1,1,3,0,7,7,3,-1,-1,2,1
9,1,0,2,0,7,7,1,1,1,1,2
1,0,0,1,0,7,7,2,2,2,-1,-1
15,6,4,6,1,7,7,2,2,2,-1,-1
15,6,4,5,0,7,7,3,-1,-1,2,2
15,6,4,4,0,7,7,2,2,1,-1,-1
15,6,3,3,0,7,7,3,-1,-1,1,1
15,3,0,2,0,7,7,2,1,1,-1,-1
15,0,0,1,0,7,7,1,0,0,0,0
39,16,9,3,1,7,7,1,0,0,0,0
16,9,0,2,1,7,7,4,0,-1,-1,-1
16,9,0,2,1,0,7,1,0,0,0,0
9,0,0,1,1,7,7,1,1,0,1,1
6,6,4,7,1,7,7,0,1,1,1,1
6,6,2,5,1,7,7,0,1,1,1,1
6,6,2,3,1,7,7,2,2,2,-1,-1
6,6,0,2,0,7,7,0,1,1,1,1
14,8,6,8,1,7,7,0,1,1,1,1
14,8,5,6,0,7,7,3,-1,-1,1,1
14,8,5,5,0,7,7,2,1,1,-1,-1
14,8,5,4,0,7,7,3,-1,-1,1,1
14,8,5,3,0,7,7,1,0,0,0,1
8,5,0,2,1,7,7,4,-1,-1,2,-1
8,5,0,2,1,7,0,0,0,0,0,0
8,0,0,1,1,0,7,1,1,1,1,1
10,7,7,7,1,0,7,2,2,2,-1,-1
10,7,7,6,0,7,7,3,-1,-1,2,2
10,7,7,5,0,7,7,2,2,2,-1,-1
10,7,7,4,0,7,7,1,1,1,1,2
7,7,2,3,0,7,7,2,2,2,-1,-1
7,7,0,2,0,7,7,0,0,0,0,0
64,0,0,1,1,7,7,1,0,0,0,0
3,1,0,2,1,7,7,0,1,1,1,1
19,1,1,6,1,0,7,2,2,2,-1,-1
19,1,1,5,0,7,7,3,-1,-1,2,2
19,1,1,4,0,7,7,2,2,2,-1,-1
19,1,1,3,0,7,7,3,-1,-1,2,2
19,1,0,2,0,7,7,1,0,0,0,0
1,0,0,1,1,7,7,2,2,2,-1,-1
9,2,1,3,1,0,1,0,2,1,2,1
9,0,0,1,1,7,7,1,1,0,1,1
4,2,1,8,1,7,7,0,1,1,1,1
1,1,1,6,1,7,7,0,1,1,1,1
1,1,1,4,1,7,7,0,1,1,1,1
1,1,0,2,1,7,7,0,1,1,1,1
21,12,9,7,1,0,1,2,1,1,-1,-1
21,12,9,6,0,7,1,3,-1,-1,1,1
21,12,9,5,0,7,7,2,1,1,-1,-1
21,12,9,4,0,7,7,3,-1,-1,0,0
21,12,9,3,0,7,7,4,0,-1,-1,-1
21,12,9,3,0,0,7,1,0,0,0,0
12,9,0,2,0,7,7,0,0,0,0,0
7,5,4,3,1,7,7,1,1,1,1,1
5,4,0,2,1,7,7,0,1,1,1,0
8,3,1,7,1,7,7,0,1,1,1,1
8,1,1,5,1,7,7,0,1,1,1,1
8,1,1,3,1,7,7,2,2,2,-1,-1
8,1,0,2,0,7,7,1,1,1,1,1
1,0,0,1,1,7,7,2,2,2,-1,-1
4,4,2,4,1,0,1,0,1,1,2,2
4,2,0,2,0,7,7,3,-1,-1,1,1
2,0,0,1,0,7,7,2,1,2,-1,-1
1,1,1,4,1,7,7,0,1,1,1,1
1,1,0,2,1,7,7,0,1,1,1,1
33,9,4,4,1,7,7,2,2,1,-1,-1
33,9,2,3,0,7,7,3,-1,-1,1,2
33,9,0,2,0,7,7,1,0,0,0,0
9,0,0,1,0,7,7,1,1,0,1,1
24,0,0,1,1,7,7,1,0,0,0,0
10,1,1,7,1,7,7,0,1,1,1,1
10,1,1,5,1,7,7,2,2,2,-1,-1
10,1,1,4,0,7,7,3,-1,-1,2,2
10,1,1,3,0,7,7,2,2,1,-1,-1
10,1,0,2,0,7,7,1,1,1,1,2
1,0,0,1,0,7,7,2,2,2,-1,-1
64,0,0,1,1,7,7,1,0,0,0,0
6,3,2,6,1,0,1,0,2,1,1,2
6,2,2,4,0,7,7,2,2,2,-1,-1
6,2,1,3,0,7,7,3,-1,-1,2,2
6,1,0,2,0,7,7,0,1,1,0,2
24,13,9,6,1,7,7,0,0,1,1,0
24,13,9,4,0,7,7,4,0,-1,-1,-1
24,13,9,4,0,0,7,3,-1,-1,1,1
24,13,9,3,0,0,7,2,0,0,-1,-1
24,13,0,2,0,7,7,4,-1,-1,0,-1
24,13,0,2,0,7,0,1,0,0,0,0
13,0,0,1,1,7,7,1,0,0,0,0
3,1,0,2,1,7,7,0,1,1,1,1
4,2,1,8,1,7,7,0,1,1,1,1
1,1,1,6,1,7,7,0,1,1,1,1
1,1,1,4,1,7,7,0,1,1,1,1
1,1,0,2,1,7,7,0,1,1,1,1
6,5,5,3,1,7,7,1,1,1,1,1
5,5,0,2,1,7,7,0,1,1,1,1
5,1,1,8,1,7,7,0,1,1,1,1
5,1,1,6,1,7,7,0,1,1,1,1
5,1,1,4,1,7,7,0,1,1,1,1
5,1,0,2,1,7,7,0,1,1,0,2
10,6,4,8,1,0,7,0,1,1,1,1
10,6,3,6,1,7,7,2,2,2,-1,-1
10,6,3,5,0,7,7,3,-1,-1,2,2
10,6,3,4,0,7,7,2,2,1,-1,-1
10,6,3,3,0,7,7,1,1,0,1,1
6,3,0,2,0,7,7,0,1,1,1,0
16,16,16,3,1,7,7,1,0,0,0,1
16,16,0,2,1,7,7,4,-1,-1,2,-1
16,16,0,2,1,7,0,0,0,0,0,0
26,6,0,2,1,0,7,1,0,0,0,0
6,0,0,1,1,7,7,1,1,1,1,1
2,1,1,3,1,0,7,0,2,1,2,1
1,0,0,1,1,7,7,2,2,2,-1,-1
12,3,1,3,1,0,7,1,1,1,1,1
3,1,0,2,1,7,7,0,1,1,1,1
3,2,1,5,1,0,7,0,1,1,2,2
1,1,1,3,0,7,7,3,-1,-1,1,2
1,1,0,2,0,7,7,0,1,1,1,1
1,1,1,4,1,0,1,0,2,1,2,1
1,1,0,2,1,7,7,0,1,1,1,1
3,1,0,2,1,7,7,0,1,1,1,1
3,3,3,8,1,7,7,0,1,1,1,1
3,3,1,6,1,7,7,0,1,1,1,1
1,1,1,4,1,7,7,0,1,1,1,1
1,1,0,2,1,7,7,0,1,1,1,1
4,0,0,1,1,7,7,1,1,1,1,1
36,17,11,3,1,7,7,1,0,0,0,0
17,11,0,2,1,7,7,4,0,-1,-1,-1
17,11,0,2,1,0,7,1,0,0,0,0
11,0,0,1,0,7,7,1,1,1,1,1
46,9,9,3,1,0,7,1,0,0,0,0
9,9,0,2,0,7,7,4,0,-1,-1,-1
9,9,0,2,0,0,7,0,0,0,0,0
4,0,0,1,1,7,7,1,1,1,1,1
18,10,7,6,1,7,7,2,1,1,-1,-1
18,10,7,5,0,7,7,3,-1,-1,1,1
18,10,7,4,1,7,7,2,2,1,-1,-1
18,10,7,3,0,7,7,3,-1,-1,0,0
18,10,0,2,0,7,7,4,0,-1,-1,-1
18,10,0,2,0,0,7,1,0,0,0,0
10,0,0,1,0,7,7,1,1,0,1,1
18,14,0,2,1,7,7,0,0,0,0,0
64,0,0,1,1,0,7,1,0,0,0,0
6,1,1,3,1,7,7,0,1,1,1,2
1,0,0,1,0,7,7,3,-1,-1,1,2
11,1,1,6,1,0,7,0,1,1,1,1
11,1,1,4,1,7,7,2,2,2,-1,-1
11,1,1,3,0,7,7,3,-1,-1,2,2
11,1,0,2,0,7,7,1,1,1,1,1
1,0,0,1,1,7,7,2,2,2,-1,-1
6,1,1,7,1,7,7,0,1,1,1,1
6,1,1,5,1,7,7,0,1,1,1,1
6,1,1,3,1,7,7,2,2,2,-1,-1
6,1,0,2,0,7,7,0,1,1,0,2
32,16,16,3,1,7,7,1,0,0,0,0
16,16,0,2,1,7,7,4,0,-1,-1,-1
16,16,0,2,1,0,7,0,0,0,0,0
40,6,6,5,1,7,7,0,1,1,1,1
40,6,6,3,1,7,7,4,-1,-1,2,-1
40,6,6,3,1,7,0,2,1,1,-1,-1
40,6,0,2,0,7,0,3,-1,-1,1,0
40,0,0,1,1,7,7,1,0,0,0,0
64,0,0,1,1,7,7,1,0,0,0,0
48,0,0,1,1,0,7,1,0,0,0,0
12,0,0,1,1,7,7,1,1,1,1,1
12,0,0,1,1,7,7,1,1,1,1,1
12,4,4,4,1,7,7,2,2,1,-1,-1
12,4,4,3,0,7,7,3,-1,-1,1,1
12,4,0,2,0,7,7,2,1,1,-1,-1
12,0,0,1,0,7,7,1,1,1,1,1
12,2,2,3,1,7,7,1,1,1,1,1
2,2,0,2,1,7,7,0,1,1,1,1
12,2,1,4,1,7,7,2,2,2,-1,-1
12,1,1,3,0,7,7,3,-1,-1,2,2
12,1,0,2,0,7,7,2,2,2,-1,-1
12,0,0,1,0,7,7,1,1,1,1,1
8,0,0,1,1,7,7,1,1,1,1,1
9,7,7,6,1,7,7,2,1,1,-1,-1
9,7,7,5,0,7,7,3,-1,-1,1,1
9,7,7,4,1,7,7,1,1,0,1,1
7,7,3,3,0,7,7,4,-1,-1,0,-1
7,7,3,3,0,7,0,2,1,1,-1,-1
7,7,0,2,0,7,0,0,0,0,0,0
9,3,1,6,1,7,7,0,1,1,1,1
9,1,1,4,1,7,7,2,2,2,-1,-1
9,1,1,3,0,7,7,3,-1,-1,2,2
9,1,0,2,0,7,7,1,1,1,1,2
1,0,0,1,0,7,7,2,2,2,-1,-1
24,6,6,5,1,7,7,0,1,1,1,1
24,6,6,3,1,7,7,4,-1,-1,2,-1
24,6,6,3,1,7,0,2,1,1,-1,-1
24,6,0,2,0,7,0,3,-1,-1,1,0
24,0,0,1,1,7,7,1,0,0,0,0
9,4,3,3,1,7,7,1,1,0,1,1
4,3,0,2,0,7,7,0,1,1,1,1
16,16,16,3,1,7,7,1,0,0,0,1
16,16,0,2,1,7,7,4,-1,-1,2,-1
16,16,0,2,1,7,0,0,0,0,0,0
8,8,0,2,1,7,7,0,0,0,0,0
6,1,1,3,1,7,7,0,1,1,1,2
1,0,0,1,0,7,7,3,-1,-1,1,2
21,5,2,7,1,7,7,0,1,1,1,1
21,5,1,5,1,7,7,2,2,2,-1,-1
21,5,1,4,0,7,7,3,-1,-1,2,2
21,5,1,3,0,7,7,1,0,0,0,0
5,1,0,2,0,7,7,3,-1,-1,2,2
5,0,0,1,1,7,7,1,1,1,1,1
5,2,1,3,1,7,7,0,1,1,1,2
1,0,0,1,0,7,7,3,-1,-1,1,2
29,12,7,8,1,7,7,2,2,2,-1,-1
29,12,7,7,0,7,7,3,-1,-1,2,1
29,12,7,6,0,7,7,2,1,1,-1,-1
29,12,7,5,0,7,7,3,-1,-1,1,1
29,12,7,4,0,7,7,2,1,1,-1,-1
29,12,7,3,0,7,7,3,-1,-1,0,0
29,12,0,2,0,7,7,4,0,-1,-1,-1
29,12,0,2,0,0,7,1,0,0,0,0
12,0,0,1,0,7,7,1,1,1,1,1
1,1,1,4,1,7,7,0,1,1,1,1
1,1,0,2,1,7,7,0,1,1,1,1
3,3,1,4,1,7,7,0,1,1,1,1
1,1,0,2,1,7,7,0,1,1,1,1
5,2,1,3,1,7,7,0,1,1,1,2
1,0,0,1,0,7,7,3,-1,-1,1,2
32,13,7,6,1,0,7,2,1,1,-1,-1
32,13,7,5,0,7,7,3,-1,-1,1,1
32,13,7,4,1,7,7,2,2,1,-1,-1
32,13,7,3,0,7,7,3,-1,-1,0,0
32,13,0,2,0,7,7,4,0,-1,-1,-1
32,13,0,2,0,0,7,1,0,0,0,0
13,0,0,1,1,7,7,1,0,0,0,0
14,10,10,6,1,0,7,0,0,0,0,1
14,10,10,4,1,7,7,4,-1,-1,2,-1
14,10,10,4,1,7,0,1,0,0,0,1
10,10,10,3,1,7,7,4,-1,-1,2,-1
10,10,10,3,1,7,0,1,1,0,1,2
10,10,0,2,0,7,7,4,-1,-1,2,-1
10,10,0,2,0,7,0,0,0,0,0,0
34,14,0,2,1,7,7,1,0,0,0,0
14,0,0,1,0,7,7,1,0,0,0,0
1,1,1,4,1,7,7,0,1,1,1,1
1,1,0,2,1,7,7,0,1,1,1,1
3,1,0,2,1,7,7,0,1,1,1,1
4,2,2,5,1,7,7,0,1,1,1,1
2,2,2,3,1,7,7,0,1,1,1,1
2,0,0,1,1,7,7,2,2,2,-1,-1
5,3,0,2,1,7,7,0,1,1,1,0
2,1,1,3,1,7,7,0,1,1,1,1
1,0,0,1,1,7,7,2,2,2,-1,-1
7,5,0,2,1,7,7,0,0,0,0,0
1,1,1,4,1,7,7,0,1,1,1,1
1,1,0,2,1,7,7,0,1,1,1,1
47,12,5,3,1,7,7,1,0,0,0,0
12,5,0,2,1,7,7,4,0,-1,-1,-1
12,5,0,2,1,0,7,1,1,1,1,1
5,0,0,1,1,7,7,1,1,1,1,1
5,1,1,4,1,7,7,2,2,2,-1,-1
5,1,1,3,0,7,7,3,-1,-1,2,2
5,1,0,2,0,7,7,2,2,2,-1,-1
5,0,0,1,0,7,7,1,1,1,1,1
6,1,1,3,1,7,7,0,1,1,1,2
1,0,0,1,0,7,7,3,-1,-1,1,2
8,8,8,8,1,0,1,1,1,1,1,1
8,8,8,7,1,7,7,0,0,0,0,1
8,8,8,5,1,7,7,4,-1,-1,2,-1
8,8,8,5,1,7,0,1,1,1,1,1
8,8,8,4,1,7,7,0,0,0,0,1
8,8,0,2,1,7,7,4,-1,-1,2,-1
8,8,0,2,1,7,0,0,0,0,0,0
6,6,2,4,1,7,7,0,1,1,1,1
6,6,0,2,1,7,7,0,1,1,1,1
8,8,8,6,1,7,7,0,0,0,0,1
8,8,8,4,1,7,7,4,-1,-1,2,-1
8,8,8,4,1,7,0,1,1,1,1,1
8,8,8,3,1,7,7,1,1,1,1,1
8,8,0,2,1,7,7,0,0,0,0,0
25,1,1,8,1,0,7,0,1,1,1,1
25,1,1,6,1,7,7,2,2,2,-1,-1
25,1,1,5,0,7,7,3,-1,-1,2,2
25,1,1,4,0,7,7,2,2,2,-1,-1
25,1,1,3,0,7,7,3,-1,-1,2,2
25,1,0,2,0,7,7,1,0,0,0,0
1,0,0,1,0,7,7,3,-1,-1,2,2
2,1,1,3,1,7,7,0,1,1,1,1
1,0,0,1,1,7,7,2,2,2,-1,-1
16,0,0,1,1,7,7,1,0,0,0,0
6,6,6,8,1,7,7,0,1,1,1,1
6,6,6,6,1,7,7,4,-1,-1,0,-1
6,6,6,6,1,7,0,2,1,1,-1,-1
6,6,6,5,0,7,7,3,-1,-1,1,1
6,6,6,4,1,7,7,4,-1,-1,0,-1
6,6,6,4,1,7,0,2,1,1,-1,-1
6,6,6,3,0,7,7,3,-1,-1,1,2
6,6,0,2,0,7,7,4,2,-1,-1,-1
6,6,0,2,0,0,7,0,1,1,1,1
14,4,2,7,1,7,7,0,1,1,1,1
14,1,1,5,1,7,7,2,2,2,-1,-1
14,1,1,4,0,7,7,3,-1,-1,2,2
14,1,1,3,0,7,7,2,2,1,-1,-1
14,1,0,2,0,7,7,1,0,0,1,0
1,0,0,1,0,7,7,3,-1,-1,2,2
8,8,4,4,1,7,7,2,2,2,-1,-1
8,8,4,3,0,7,7,3,-1,-1,2,0
8,8,0,2,0,7,7,4,0,-1,-1,-1
8,8,0,2,0,0,7,0,0,0,0,0
22,10,0,2,1,0,7,1,0,0,0,0
10,0,0,1,1,7,7,1,1,0,1,1
7,3,2,3,1,7,7,0,1,1,1,1
7,0,0,1,1,7,7,1,1,1,1,1
7,1,1,6,1,0,7,0,1,1,1,1
7,1,1,4,1,7,7,2,2,2,-1,-1
7,1,1,3,0,7,7,3,-1,-1,2,2
7,1,0,2,0,7,7,2,2,2,-1,-1
7,0,0,1,0,7,7,1,1,1,1,1
11,4,3,8,1,7,7,0,1,1,1,1
11,2,1,6,1,7,7,0,1,1,1,1
11,1,1,4,1,7,7,2,2,2,-1,-1
11,1,1,3,0,7,7,3,-1,-1,2,2
11,1,0,2,0,7,7,1,1,1,1,1
1,0,0,1,1,7,7,2,2,2,-1,-1
4,0,0,1,1,7,7,1,1,1,1,1
4,3,3,5,1,7,7,0,1,1,1,1
3,3,3,3,1,7,7,0,1,1,1,1
3,0,0,1,1,7,7,1,1,1,1,1
4,0,0,1,1,0,7,1,2,1,2,1
64,0,0,1,1,0,7,1,0,0,0,0
6,6,6,6,1,7,7,2,2,2,-1,-1
6,6,6,5,0,7,7,3,-1,-1,2,2
6,6,6,4,0,7,7,0,1,1,1,1
6,2,0,2,1,7,7,4,-1,-1,0,-1
6,2,0,2,1,7,0,2,1,1,-1,-1
2,0,0,1,0,7,7,3,-1,-1,2,1
10,6,4,7,1,7,7,0,1,1,1,1
10,6,3,5,1,7,7,2,2,1,-1,-1
10,6,3,4,0,7,7,3,-1,-1,1,1
10,6,3,3,0,7,7,2,1,1,-1,-1
10,3,0,2,0,7,7,3,-1,-1,1,1
10,0,0,1,0,7,7,1,1,0,1,1
4,0,0,1,1,7,7,1,1,1,1,1
5,1,1,4,1,7,7,2,2,2,-1,-1
5,1,1,3,0,7,7,3,-1,-1,2,2
5,1,0,2,0,7,7,2,2,2,-1,-1
5,0,0,1,0,7,7,1,1,1,1,1
5,4,1,5,1,7,7,0,1,1,1,1
5,1,1,3,1,7,7,2,2,2,-1,-1
5,1,0,2,0,7,7,0,1,1,0,2
4,4,4,7,1,7,7,0,1,1,1,1
4,1,1,5,1,7,7,0,1,1,1,1
1,1,1,3,1,7,7,0,1,1,1,1
1,0,0,1,1,7,7,2,2,2,-1,-1
3,1,0,2,1,7,7,0,1,1,1,1
6,3,3,7,1,0,7,0,1,1,1,1
6,3,3,5,1,7,7,0,1,1,1,1
6,3,3,3,1,7,7,0,1,1,1,1
6,0,0,1,1,7,7,1,1,1,1,1
15,15,14,7,1,0,7,0,1,1,1,1
15,15,14,5,1,7,7,4,-1,-1,0,-1
15,15,14,5,1,7,0,2,1,1,-1,-1
15,15,14,4,0,7,0,3,-1,-1,1,2
15,15,14,3,0,7,7,4,2,-1,-1,-1
15,15,14,3,0,0,7,1,0,0,0,1
15,14,0,2,1,7,7,4,-1,-1,2,-1
15,14,0,2,1,7,0,0,0,0,0,0
6,2,2,6,1,7,7,0,1,1,1,1
6,2,2,4,1,7,7,2,2,2,-1,-1
6,2,2,3,0,7,7,3,-1,-1,2,2
6,2,0,2,0,7,7,2,2,2,-1,-1
6,0,0,1,0,7,7,1,1,1,1,1
40,15,9,3,1,0,1,1,0,0,0,0
15,9,0,2,1,7,7,4,0,-1,-1,-1
15,9,0,2,1,0,7,1,0,0,0,0
9,0,0,1,1,7,7,1,1,0,1,1
6,2,2,4,1,7,7,2,2,2,-1,-1
6,2,2,3,0,7,7,3,-1,-1,2,2
6,2,0,2,0,7,7,2,2,2,-1,-1
6,0,0,1,0,7,7,1,1,1,1,1
8,0,0,1,1,7,7,1,1,1,1,1
2,1,1,7,1,7,7,0,1,1,1,1
1,1,1,5,1,7,7,0,1,1,1,1
1,1,1,3,1,7,7,0,1,1,1,1
1,0,0,1,1,7,7,2,2,2,-1,-1
12,11,3,5,1,7,7,2,2,1,-1,-1
12,11,3,4,0,7,7,3,-1,-1,1,2
12,11,3,3,0,7,7,2,1,1,-1,-1
12,11,0,2,0,7,7,0,0,0,0,0
6,3,2,8,1,0,7,0,1,1,1,1
6,1,1,6,1,7,7,0,1,1,1,1
6,1,1,4,1,7,7,0,1,1,1,1
6,1,0,2,1,7,7,0,1,1,0,2
15,15,14,7,1,7,7,0,1,1,1,1
15,15,14,5,1,7,7,4,-1,-1,0,-1
15,15,14,5,1,7,0,2,1,1,-1,-1
15,15,14,4,0,7,0,3,-1,-1,1,2
15,15,14,3,0,7,7,4,2,-1,-1,-1
15,15,14,3,0,0,7,1,0,0,0,1
15,14,0,2,1,7,7,4,-1,-1,2,-1
15,14,0,2,1,7,0,0,0,0,0,0
8,2,2,5,1,7,7,0,1,1,1,1
8,2,2,3,1,7,7,2,2,2,-1,-1
8,2,0,2,0,7,7,1,1,1,1,1
2,0,0,1,1,7,7,2,2,2,-1,-1
40,8,0,2,1,7,7,1,0,0,0,0
8,0,0,1,1,7,7,1,1,1,1,1
64,0,0,1,1,0,7,1,0,0,0,0
9,4,3,3,1,7,7,1,1,0,1,1
4,3,0,2,0,7,7,0,1,1,1,1
7,3,1,8,1,7,7,0,1,1,1,1
7,1,1,6,1,7,7,0,1,1,1,1
7,1,1,4,1,7,7,0,1,1,1,1
7,1,0,2,1,7,7,1,1,1,1,1
1,0,0,1,1,7,7,2,2,2,-1,-1
7,3,1,4,1,7,7,0,1,1,1,1
7,1,0,2,1,7,7,1,1,1,1,1
1,0,0,1,1,7,7,2,2,2,-1,-1
33,8,4,5,1,7,7,2,2,1,-1,-1
33,8,2,4,0,7,7,3,-1,-1,2,1
33,8,1,3,1,7,7,2,2,2,-1,-1
33,8,0,2,0,7,7,1,0,0,0,0
8,0,0,1,0,7,7,1,1,1,1,1
12,11,3,5,1,7,7,2,2,1,-1,-1
12,11,3,4,0,7,7,3,-1,-1,1,2
12,11,3,3,0,7,7,2,1,1,-1,-1
12,11,0,2,0,7,7,0,0,0,0,0
4,4,4,7,1,7,7,0,1,1,1,1
4,1,1,5,1,7,7,0,1,1,1,1
1,1,1,3,1,7,7,0,1,1,1,1
1,0,0,1,1,7,7,2,2,2,-1,-1
2,1,1,3,1,0,7,0,2,1,2,1
1,0,0,1,1,7,7,2,2,2,-1,-1
8,0,0,1,1,7,7,1,1,1,1,1
17,5,5,4,1,7,7,1,0,0,0,1
5,5,5,3,0,7,7,4,-1,-1,0,-1
5,5,5,3,0,7,0,2,1,1,-1,-1
5,5,0,2,0,7,7,0,1,1,1,1
8,8,8,3,1,7,7,1,1,1,1,1
8,8,0,2,1,7,7,0,0,0,0,0
32,0,0,1,1,7,7,1,0,0,0,0
9,1,1,8,1,0,7,0,1,1,1,1
9,1,1,6,1,7,7,0,1,1,1,1
9,1,1,4,1,7,7,2,2,2,-1,-1
9,1,1,3,0,7,7,3,-1,-1,2,2
9,1,0,2,0,7,7,1,1,1,1,2
1,0,0,1,0,7,7,2,2,2,-1,-1
4,4,4,8,1,0,7,0,1,1,2,2
4,4,4,6,0,7,7,3,-1,-1,1,2
4,4,4,5,0,7,7,0,1,1,1,1
4,2,2,3,1,7,7,0,1,1,1,1
2,0,0,1,1,7,7,2,2,2,-1,-1
19,3,1,4,1,7,7,2,2,1,-1,-1
19,1,1,3,0,7,7,3,-1,-1,2,1
19,1,0,2,1,7,7,2,2,2,-1,-1
19,0,0,1,0,7,7,1,0,0,0,0
2,2,2,8,1,0,7,0,2,1,2,1
2,2,2,6,1,7,7,0,1,1,1,1
2,2,2,4,1,7,7,0,1,1,1,1
2,2,0,2,1,7,7,0,1,1,1,1
16,15,15,6,1,7,7,0,1,0,1,1
16,15,15,4,0,7,7,4,-1,-1,2,-1
16,15,15,4,0,7,0,1,0,0,0,1
15,15,6,3,1,7,7,4,-1,-1,0,-1
15,15,6,3,1,7,0,2,1,1,-1,-1
15,15,0,2,0,7,0,0,0,0,0,0
34,15,15,3,1,7,7,1,0,0,0,0
15,15,0,2,0,7,7,4,0,-1,-1,-1
15,15,0,2,0,0,7,0,0,0,0,0
3,1,1,6,1,7,7,0,1,1,1,1
1,1,1,4,1,7,7,0,1,1,1,1
1,1,0,2,1,7,7,0,1,1,1,1
32,0,0,1,1,7,7,1,0,0,0,0
26,19,19,3,1,7,7,1,0,0,0,0
19,19,0,2,1,7,7,4,2,-1,-1,-1
19,19,0,2,1,0,7,0,0,0,0,0
1,1,1,4,1,0,7,0,2,1,2,1
1,1,0,2,1,7,7,0,1,1,1,1
17,4,2,4,1,0,7,2,2,1,-1,-1
17,2,1,3,0,7,7,3,-1,-1,1,2
17,1,0,2,0,7,7,1,0,0,0,0
1,0,0,1,0,7,7,2,2,2,-1,-1
32,0,0,1,1,7,7,1,0,0,0,0
4,4,4,4,1,0,1,0,1,1,1,1
4,4,0,2,1,7,7,0,1,1,1,1
16,0,0,1,1,0,7,1,0,0,0,0
4,2,2,3,1,0,1,0,1,1,2,2
2,0,0,1,0,7,7,3,-1,-1,1,2
17,7,0,2,1,0,1,1,0,0,0,0
7,0,0,1,0,7,7,1,1,1,1,1
17,5,5,4,1,7,7,1,0,0,0,1
5,5,5,3,0,7,7,4,-1,-1,0,-1
5,5,5,3,0,7,0,2,1,1,-1,-1
5,5,0,2,0,7,7,0,1,1,1,1
28,12,12,4,1,7,7,1,0,1,0,1
12,12,12,3,1,7,7,4,0,-1,-1,-1
12,12,12,3,1,0,7,4,-1,-1,0,-1
12,12,12,3,1,0,0,1,1,1,1,1
12,12,0,2,1,7,7,4,-1,-1,0,-1
12,12,0,2,1,7,0,2,0,0,-1,-1
12,0,0,1,0,7,7,3,-1,-1,0,2
10,9,9,7,1,7,7,1,1,0,1,2
9,9,9,6,0,7,7,4,-1,-1,2,-1
9,9,9,6,0,7,0,1,1,0,1,2
9,9,9,5,0,7,7,4,-1,-1,2,-1
9,9,9,5,0,7,0,1,1,0,1,2
9,9,9,4,0,7,7,4,-1,-1,2,-1
9,9,9,4,0,7,0,1,1,0,1,2
9,9,9,3,0,7,7,4,-1,-1,2,-1
9,9,9,3,0,7,0,1,1,0,1,2
9,9,0,2,0,7,7,4,-1,-1,2,-1
9,9,0,2,0,7,0,0,0,0,0,0
32,0,0,1,1,7,7,1,0,0,0,0
8,2,2,3,1,0,7,0,1,1,1,1
8,0,0,1,1,7,7,1,1,1,1,1
6,6,4,7,1,7,7,0,1,1,1,1
6,6,2,5,1,7,7,0,1,1,1,1
6,6,2,3,1,7,7,2,2,2,-1,-1
6,6,0,2,0,7,7,0,1,1,1,1
6,6,6,8,1,0,7,0,1,1,1,1
6,6,6,6,1,7,7,4,-1,-1,0,-1
6,6,6,6,1,7,0,2,1,1,-1,-1
6,6,6,5,0,7,7,3,-1,-1,1,1
6,6,6,4,1,7,7,4,-1,-1,0,-1
6,6,6,4,1,7,0,2,1,1,-1,-1
6,6,6,3,0,7,7,3,-1,-1,1,2
6,6,0,2,0,7,7,4,2,-1,-1,-1
6,6,0,2,0,0,7,0,1,1,1,1
12,0,0,1,1,0,7,1,1,1,1,1
1,1,1,4,1,7,7,0,1,1,1,1
1,1,0,2,1,7,7,0,1,1,1,1
5,2,1,3,1,0,7,0,1,1,2,1
1,0,0,1,0,7,7,3,-1,-1,1,2
10,3,2,4,1,7,7,2,2,1,-1,-1
10,2,1,3,0,7,7,3,-1,-1,1,2
10,1,0,2,0,7,7,1,1,1,1,2
1,0,0,1,0,7,7,2,2,2,-1,-1
24,6,6,5,1,7,7,0,1,1,1,1
24,6,6,3,1,7,7,4,-1,-1,2,-1
24,6,6,3,1,7,0,2,1,1,-1,-1
24,6,0,2,0,7,0,3,-1,-1,1,0
24,0,0,1,1,7,7,1,0,0,0,0
2,2,0,2,1,7,7,0,1,1,1,1
10,2,1,6,1,7,7,0,1,1,1,1
10,1,1,4,1,7,7,2,2,2,-1,-1
10,1,1,3,0,7,7,3,-1,-1,2,2
10,1,0,2,0,7,7,1,1,1,1,2
1,0,0,1,0,7,7,2,2,2,-1,-1
6,6,6,6,1,0,1,2,2,2,-1,-1
6,6,6,5,0,7,1,3,-1,-1,2,2
6,6,6,4,0,7,7,0,1,1,1,1
6,2,0,2,1,7,7,4,-1,-1,0,-1
6,2,0,2,1,7,0,2,1,1,-1,-1
2,0,0,1,0,7,7,3,-1,-1,2,1
1,1,1,4,1,7,7,0,1,1,1,1
1,1,0,2,1,7,7,0,1,1,1,1
16,16,16,4,1,7,7,1,0,0,0,1
16,16,16,3,1,7,7,4,-1,-1,2,-1
16,16,16,3,1,7,0,1,0,0,0,1
16,16,0,2,1,7,7,4,-1,-1,2,-1
16,16,0,2,1,7,0,0,0,0,0,0
7,2,1,5,1,7,7,0,1,1,1,1
7,1,1,3,1,7,7,2,2,2,-1,-1
7,1,0,2,0,7,7,1,1,1,1,1
1,0,0,1,1,7,7,2,2,2,-1,-1
16,0,0,1,1,7,7,1,0,0,0,0
2,1,1,7,1,7,7,0,1,1,1,1
1,1,1,5,1,7,7,0,1,1,1,1
1,1,1,3,1,7,7,0,1,1,1,1
1,0,0,1,1,7,7,2,2,2,-1,-1
32,4,4,5,1,7,7,2,2,1,-1,-1
32,4,4,4,0,7,7,3,-1,-1,1,1
32,4,4,3,0,7,7,2,1,1,-1,-1
32,4,0,2,0,7,7,3,-1,-1,1,1
32,0,0,1,0,7,7,1,0,0,0,0
4,0,0,1,1,7,7,1,1,1,1,1
3,1,1,6,1,0,7,0,1,1,2,2
1,1,1,4,0,7,7,3,-1,-1,1,2
1,1,1,3,0,7,7,0,1,1,1,1
1,0,0,1,1,7,7,2,2,2,-1,-1
1,1,1,8,1,7,7,0,1,1,1,1
1,1,1,6,1,7,7,0,1,1,1,1
1,1,1,4,1,7,7,0,1,1,1,1
1,1,0,2,1,7,7,0,1,1,1,1
24,0,0,1,1,7,7,1,0,0,0,0
4,0,0,1,1,7,7,1,1,1,1,1
34,7,7,3,1,7,7,1,0,0,0,0
7,7,0,2,0,7,7,4,0,-1,-1,-1
7,7,0,2,0,0,7,0,0,0,0,0
32,0,0,1,1,7,7,1,0,0,0,0
18,7,7,3,1,7,7,1,0,0,0,1
7,7,0,2,0,7,7,4,-1,-1,2,-1
7,7,0,2,0,7,0,0,0,0,0,0
2,1,1,7,1,7,7,0,1,1,1,1
1,1,1,5,1,7,7,0,1,1,1,1
1,1,1,3,1,7,7,0,1,1,1,1
1,0,0,1,1,7,7,2,2,2,-1,-1
35,13,0,2,1,0,7,1,0,0,0,0
13,0,0,1,1,7,7,1,0,0,0,0
4,0,0,1,1,7,7,1,1,1,1,1
1,1,1,8,1,7,7,0,1,1,1,1
1,1,1,6,1,7,7,0,1,1,1,1
1,1,1,4,1,7,7,0,1,1,1,1
1,1,0,2,1,7,7,0,1,1,1,1
8,3,2,5,1,0,7,0,1,1,1,1
8,2,1,3,1,7,7,2,2,2,-1,-1
8,1,0,2,0,7,7,1,1,1,1,1
1,0,0,1,1,7,7,2,2,2,-1,-1
24,0,0,1,1,0,7,1,0,0,0,0
4,2,2,3,1,7,7,0,1,1,1,1
2,0,0,1,1,7,7,2,2,2,-1,-1
4,2,2,5,1,7,7,0,1,1,1,1
2,2,2,3,1,7,7,0,1,1,1,1
2,0,0,1,1,7,7,2,2,2,-1,-1
48,0,0,1,1,7,7,1,0,0,0,0
25,13,9,6,1,7,7,0,0,1,1,0
25,13,9,4,0,7,7,4,0,-1,-1,-1
25,13,9,4,0,0,7,3,-1,-1,1,1
25,13,9,3,0,0,7,2,0,0,-1,-1
25,13,0,2,0,7,7,4,-1,-1,0,-1
25,13,0,2,0,7,0,1,0,0,0,0
13,0,0,1,0,7,7,1,0,0,0,0
15,15,14,7,1,7,7,0,1,1,1,1
15,15,14,5,1,7,7,4,-1,-1,0,-1
15,15,14,5,1,7,0,2,1,1,-1,-1
15,15,14,4,0,7,0,3,-1,-1,1,2
15,15,14,3,0,7,7,4,2,-1,-1,-1
15,15,14,3,0,0,7,1,0,0,0,1
15,14,0,2,1,7,7,4,-1,-1,2,-1
15,14,0,2,1,7,0,0,0,0,0,0
6,6,6,8,1,7,7,0,1,1,1,1
6,6,6,6,1,7,7,4,-1,-1,0,-1
6,6,6,6,1,7,0,2,1,1,-1,-1
6,6,6,5,0,7,7,3,-1,-1,1,1
6,6,6,4,1,7,7,4,-1,-1,0,-1
6,6,6,4,1,7,0,2,1,1,-1,-1
6,6,6,3,0,7,7,3,-1,-1,1,2
6,6,0,2,0,7,7,4,2,-1,-1,-1
6,6,0,2,0,0,7,0,1,1,1,1
8,8,8,6,1,7,7,0,0,0,0,1
8,8,8,4,1,7,7,4,-1,-1,2,-1
8,8,8,4,1,7,0,1,1,1,1,1
8,8,8,3,1,7,7,1,1,1,1,1
8,8,0,2,1,7,7,0,0,0,0,0
22,5,2,6,1,7,7,2,2,2,-1,-1
22,5,1,5,0,7,7,3,-1,-1,2,2
22,5,1,4,0,7,7,2,2,2,-1,-1
22,5,1,3,0,7,7,1,0,0,1,0
5,1,0,2,0,7,7,2,2,2,-1,-1
5,0,0,1,1,7,7,1,1,1,1,1
1,1,1,8,1,7,7,0,1,1,1,1
1,1,1,6,1,7,7,0,1,1,1,1
1,1,1,4,1,7,7,0,1,1,1,1
1,1,0,2,1,7,7,0,1,1,1,1
3,1,0,2,1,7,7,0,1,1,1,1
10,2,0,2,1,0,1,1,1,1,1,2
2,0,0,1,0,7,7,2,2,2,-1,-1
9,3,1,6,1,0,7,0,1,1,1,1
9,1,1,4,1,7,7,2,2,2,-1,-1
9,1,1,3,0,7,7,3,-1,-1,2,2
9,1,0,2,0,7,7,1,1,1,1,2
1,0,0,1,0,7,7,2,2,2,-1,-1
7,5,4,3,1,0,1,1,1,1,1,1
5,4,0,2,1,7,7,0,1,1,1,0
20,7,7,5,1,7,7,1,0,0,0,1
7,7,7,4,1,7,7,4,-1,-1,2,-1
7,7,7,4,1,7,0,1,1,1,1,1
7,7,7,3,1,7,7,1,1,1,1,1
7,7,0,2,1,7,7,0,0,0,0,0
22,21,21,3,1,7,7,1,0,0,0,0
21,21,0,2,1,7,7,4,2,-1,-1,-1
21,21,0,2,1,0,7,0,0,0,0,0
5,2,1,7,1,7,7,0,1,1,1,1
5,1,1,5,1,7,7,0,1,1,1,1
5,1,1,3,1,7,7,2,2,2,-1,-1
5,1,0,2,0,7,7,0,1,1,0,2
35,7,2,7,1,0,7,2,2,2,-1,-1
35,7,1,6,0,7,7,3,-1,-1,2,2
35,7,1,5,0,7,7,2,2,2,-1,-1
35,7,1,4,0,7,7,3,-1,-1,2,2
35,7,1,3,0,7,7,1,0,0,0,0
7,1,0,2,1,7,7,4,0,-1,-1,-1
7,1,0,2,1,0,7,1,1,1,1,1
1,0,0,1,1,7,7,2,2,2,-1,-1
10,2,1,6,1,7,7,0,1,1,1,1
10,1,1,4,1,7,7,2,2,2,-1,-1
10,1,1,3,0,7,7,3,-1,-1,2,2
10,1,0,2,0,7,7,1,1,1,1,2
1,0,0,1,0,7,7,2,2,2,-1,-1
10,3,2,4,1,0,1,0,2,1,1,2
10,1,0,2,0,7,7,2,2,2,-1,-1
10,0,0,1,0,7,7,1,1,0,1,1
22,12,8,8,1,0,7,2,1,1,-1,-1
22,12,8,7,0,7,7,3,-1,-1,1,1
22,12,8,6,1,7,7,2,1,1,-1,-1
22,12,8,5,0,7,7,3,-1,-1,1,1
22,12,8,4,0,7,7,2,1,1,-1,-1
22,12,8,3,0,7,7,3,-1,-1,0,0
22,12,0,2,0,7,7,1,0,0,0,0
12,0,0,1,1,7,7,1,1,1,1,1
18,6,0,2,1,7,7,1,0,0,0,0
6,0,0,1,0,7,7,1,1,1,1,1
6,6,6,4,1,7,7,0,1,1,1,1
6,6,0,2,1,7,7,4,-1,-1,0,-1
6,6,0,2,1,7,0,2,1,1,-1,-1
6,0,0,1,0,7,7,3,-1,-1,1,2
8,8,0,2,1,7,7,0,0,0,0,0
4,0,0,1,1,7,7,1,1,1,1,1
24,0,0,1,1,0,7,1,0,0,0,0
12,0,0,1,1,7,7,1,1,1,1,1
16,0,0,1,1,7,7,1,0,0,0,0
12,12,0,2,1,0,7,0,0,0,0,0
5,1,1,8,1,0,7,0,1,1,1,1
5,1,1,6,1,7,7,0,1,1,1,1
5,1,1,4,1,7,7,0,1,1,1,1
5,1,0,2,1,7,7,0,1,1,0,2
12,9,9,5,1,7,7,1,1,0,1,1
9,9,9,4,0,7,7,4,-1,-1,2,-1
9,9,9,4,0,7,0,1,1,0,1,2
9,9,9,3,0,7,7,4,-1,-1,2,-1
9,9,9,3,0,7,0,1,1,0,1,2
9,9,0,2,0,7,7,4,-1,-1,2,-1
9,9,0,2,0,7,0,0,0,0,0,0
2,1,1,3,1,7,7,0,1,1,1,1
1,0,0,1,1,7,7,2,2,2,-1,-1
6,3,2,4,1,0,1,0,2,1,1,2
6,1,0,2,0,7,7,2,2,2,-1,-1
6,0,0,1,0,7,7,1,1,1,1,1
26,22,0,2,1,0,7,0,0,0,0,0
2,1,1,3,1,7,7,0,1,1,1,1
1,0,0,1,1,7,7,2,2,2,-1,-1
47,9,4,6,1,0,1,2,2,1,-1,-1
47,9,2,5,0,7,1,3,-1,-1,2,1
47,9,1,4,1,7,7,2,2,2,-1,-1
47,9,1,3,0,7,7,3,-1,-1,2,2
47,9,0,2,0,7,7,1,0,0,0,0
9,0,0,1,1,7,7,1,1,0,1,1
48,0,0,1,1,0,7,1,0,0,0,0
4,4,4,8,1,7,7,0,1,1,1,1
4,4,4,6,1,7,7,0,1,1,1,1
4,4,4,4,1,7,7,0,1,1,1,1
4,4,0,2,1,7,7,0,1,1,1,1
8,8,4,4,1,7,7,2,2,2,-1,-1
8,8,4,3,0,7,7,3,-1,-1,2,0
8,8,0,2,0,7,7,4,0,-1,-1,-1
8,8,0,2,0,0,7,0,0,0,0,0
12,12,0,2,1,7,7,0,0,0,0,0
9,1,1,8,1,0,7,0,1,1,1,1
9,1,1,6,1,7,7,0,1,1,1,1
9,1,1,4,1,7,7,2,2,2,-1,-1
9,1,1,3,0,7,7,3,-1,-1,2,2
9,1,0,2,0,7,7,1,1,1,1,2
1,0,0,1,0,7,7,2,2,2,-1,-1
4,0,0,1,1,7,7,1,1,1,1,1
14,10,10,6,1,0,7,0,0,0,0,1
14,10,10,4,1,7,7,4,-1,-1,2,-1
14,10,10,4,1,7,0,1,0,0,0,1
10,10,10,3,1,7,7,4,-1,-1,2,-1
10,10,10,3,1,7,0,1,1,0,1,2
10,10,0,2,0,7,7,4,-1,-1,2,-1
10,10,0,2,0,7,0,0,0,0,0,0
12,0,0,1,1,7,7,1,1,1,1,1
5,1,1,4,1,0,7,2,2,2,-1,-1
5,1,1,3,0,7,7,3,-1,-1,2,2
5,1,0,2,0,7,7,2,2,2,-1,-1
5,0,0,1,0,7,7,1,1,1,1,1
12,1,1,5,1,7,7,2,2,2,-1,-1
12,1,1,4,0,7,7,3,-1,-1,2,2
12,1,1,3,0,7,7,2,2,2,-1,-1
12,1,0,2,0,7,7,1,1,1,1,1
1,0,0,1,1,7,7,2,2,2,-1,-1
24,10,10,5,1,7,7,0,0,0,0,1
24,10,10,3,1,7,7,4,-1,-1,2,-1
24,10,10,3,1,7,0,1,0,0,0,0
10,10,0,2,1,7,7,4,2,-1,-1,-1
10,10,0,2,1,0,7,0,0,0,0,0
48,0,0,1,1,0,7,1,0,0,0,0
16,0,0,1,1,7,7,1,0,0,0,0
44,10,4,7,1,7,7,2,1,1,-1,-1
44,10,2,6,0,7,7,3,-1,-1,1,1
44,10,2,5,1,7,7,2,2,2,-1,-1
44,10,2,4,0,7,7,3,-1,-1,2,2
44,10,2,3,0,7,7,2,2,2,-1,-1
44,10,0,2,0,7,7,1,0,0,0,0
10,0,0,1,1,7,7,1,1,0,1,1
2,1,1,3,1,7,7,0,1,1,1,1
1,0,0,1,1,7,7,2,2,2,-1,-1
2,2,2,6,1,7,7,0,1,1,1,1
2,2,2,4,1,7,7,0,1,1,1,1
2,2,0,2,1,7,7,0,1,1,1,1
4,3,3,5,1,7,7,0,1,1,1,1
3,3,3,3,1,7,7,0,1,1,1,1
3,0,0,1,1,7,7,1,1,1,1,1
32,0,0,1,1,7,7,1,0,0,0,0
2,2,1,6,1,0,7,0,2,1,2,1
1,1,1,4,1,7,7,0,1,1,1,1
1,1,0,2,1,7,7,0,1,1,1,1
12,2,2,7,1,7,7,0,1,1,1,1
12,2,2,5,1,7,7,2,2,2,-1,-1
12,2,2,4,0,7,7,3,-1,-1,2,1
12,2,2,3,0,7,7,2,1,1,-1,-1
12,2,0,2,0,7,7,3,-1,-1,1,2
12,0,0,1,0,7,7,1,1,1,1,1
1,1,1,4,1,7,7,0,1,1,1,1
1,1,0,2,1,7,7,0,1,1,1,1
24,0,0,1,1,7,7,1,0,0,0,0
6,6,6,6,1,7,7,2,2,2,-1,-1
6,6,6,5,0,7,7,3,-1,-1,2,2
6,6,6,4,0,7,7,0,1,1,1,1
6,2,0,2,1,7,7,4,-1,-1,0,-1
6,2,0,2,1,7,0,2,1,1,-1,-1
2,0,0,1,0,7,7,3,-1,-1,2,1
24,0,0,1,1,7,7,1,0,0,0,0
4,4,4,3,1,7,7,0,1,1,1,1
4,0,0,1,1,7,7,1,1,1,1,1
6,3,2,7,1,7,7,0,1,1,1,1
6,2,1,5,1,7,7,0,1,1,1,1
6,1,1,3,1,7,7,2,2,2,-1,-1
6,1,0,2,0,7,7,0,1,1,0,2
20,2,2,7,1,7,7,0,1,1,1,1
20,2,2,5,1,7,7,2,2,2,-1,-1
20,2,2,4,0,7,7,3,-1,-1,2,2
20,2,2,3,0,7,7,2,2,2,-1,-1
20,2,0,2,0,7,7,1,0,0,0,0
2,0,0,1,1,7,7,2,2,2,-1,-1
64,0,0,1,1,7,7,1,0,0,0,0
32,0,0,1,1,0,7,1,0,0,0,0
17,17,7,4,1,7,7,0,0,0,0,1
17,17,0,2,1,7,7,4,-1,-1,2,-1
17,17,0,2,1,7,0,0,0,0,0,0
38,7,3,3,1,0,7,1,0,0,0,0
7,3,0,2,1,7,7,4,0,-1,-1,-1
7,3,0,2,1,0,7,0,0,0,0,0
24,0,0,1,1,7,7,1,0,0,0,0
64,0,0,1,1,0,7,1,0,0,0,0
12,0,0,1,1,7,7,1,1,1,1,1
3,2,1,5,1,7,7,0,1,1,1,1
1,1,1,3,1,7,7,0,1,1,1,1
1,0,0,1,1,7,7,2,2,2,-1,-1
12,2,2,3,1,0,7,1,1,1,1,1
2,2,0,2,1,7,7,0,1,1,1,1
3,1,1,6,1,7,7,0,1,1,1,1
1,1,1,4,1,7,7,0,1,1,1,1
1,1,0,2,1,7,7,0,1,1,1,1
5,2,1,7,1,7,7,0,1,1,1,1
5,1,1,5,1,7,7,0,1,1,1,1
5,1,1,3,1,7,7,2,2,2,-1,-1
5,1,0,2,0,7,7,0,1,1,0,2
48,0,0,1,1,7,7,1,0,0,0,0
2,1,1,3,1,7,7,0,1,1,1,1
1,0,0,1,1,7,7,2,2,2,-1,-1
30,14,9,5,1,0,7,0,1,0,1,1
30,14,9,3,0,7,7,4,-1,-1,2,-1
30,14,9,3,0,7,0,1,0,0,0,0
14,9,0,2,0,7,7,4,0,-1,-1,-1
14,9,0,2,0,0,7,0,0,0,0,0
3,3,3,4,1,7,7,0,1,1,1,1
3,3,0,2,1,7,7,0,1,1,1,1
34,14,0,2,1,7,7,1,0,0,0,0
14,0,0,1,0,7,7,1,0,0,0,0
10,3,1,5,1,0,1,0,2,1,1,2
10,1,1,3,0,7,7,2,2,2,-1,-1
10,1,0,2,0,7,7,1,1,1,1,2
1,0,0,1,0,7,7,2,2,2,-1,-1
5,2,1,7,1,0,7,0,1,1,1,1
5,1,1,5,1,7,7,0,1,1,1,1
5,1,1,3,1,7,7,2,2,2,-1,-1
5,1,0,2,0,7,7,0,1,1,0,2
32,0,0,1,1,7,7,1,0,0,0,0
25,23,0,2,1,7,7,0,0,0,0,0
8,8,8,8,1,0,1,1,1,1,1,1
8,8,8,7,1,7,7,0,0,0,0,1
8,8,8,5,1,7,7,4,-1,-1,2,-1
8,8,8,5,1,7,0,1,1,1,1,1
8,8,8,4,1,7,7,0,0,0,0,1
8,8,0,2,1,7,7,4,-1,-1,2,-1
8,8,0,2,1,7,0,0,0,0,0,0
4,0,0,1,1,7,7,1,1,1,1,1
16,0,0,1,1,7,7,1,0,0,0,0
3,1,0,2,1,7,7,0,1,1,1,1
17,16,5,5,1,7,7,0,1,1,1,1
17,16,5,3,1,7,7,4,-1,-1,0,-1
17,16,5,3,1,7,0,2,1,1,-1,-1
17,16,0,2,0,7,0,0,0,0,0,0
16,0,0,1,1,7,7,1,0,0,0,0
16,0,0,1,1,7,7,1,0,0,0,0
4,4,4,6,1,7,7,0,1,1,1,1
4,4,4,4,1,7,7,0,1,1,1,1
4,4,0,2,1,7,7,0,1,1,1,1
18,2,2,8,1,7,7,0,1,1,1,1
18,2,2,6,1,7,7,2,2,2,-1,-1
18,2,2,5,0,7,7,3,-1,-1,2,2
18,2,2,4,0,7,7,2,2,1,-1,-1
18,2,2,3,0,7,7,3,-1,-1,1,2
18,2,0,2,0,7,7,1,0,0,0,0
2,0,0,1,0,7,7,2,2,2,-1,-1
6,1,1,7,1,0,7,0,1,1,1,1
6,1,1,5,1,7,7,0,1,1,1,1
6,1,1,3,1,7,7,2,2,2,-1,-1
6,1,0,2,0,7,7,0,1,1,0,2
4,2,1,8,1,0,7,0,1,1,2,2
1,1,1,6,0,7,7,3,-1,-1,1,2
1,1,1,5,0,7,7,0,1,1,1,1
1,1,1,3,1,7,7,0,1,1,1,1
1,0,0,1,1,7,7,2,2,2,-1,-1
12,11,3,5,1,7,7,2,2,1,-1,-1
12,11,3,4,0,7,7,3,-1,-1,1,2
12,11,3,3,0,7,7,2,1,1,-1,-1
12,11,0,2,0,7,7,0,0,0,0,0
28,1,1,5,1,7,7,2,2,2,-1,-1
28,1,1,4,0,7,7,3,-1,-1,2,2
28,1,1,3,0,7,7,2,2,2,-1,-1
28,1,0,2,0,7,7,1,0,0,0,0
1,0,0,1,1,7,7,2,2,2,-1,-1
8,5,4,6,1,7,7,0,1,1,1,1
8,5,2,4,1,7,7,2,2,2,-1,-1
8,5,2,3,0,7,7,1,1,1,1,1
5,2,0,2,1,7,7,0,1,1,0,2
2,1,1,7,1,7,7,0,1,1,1,1
1,1,1,5,1,7,7,0,1,1,1,1
1,1,1,3,1,7,7,0,1,1,1,1
1,0,0,1,1,7,7,2,2,2,-1,-1
12,5,3,6,1,7,7,2,2,2,-1,-1
12,5,3,5,0,7,7,3,-1,-1,2,2
12,5,3,4,0,7,7,2,2,1,-1,-1
12,5,3,3,0,7,7,1,1,1,1,1
5,3,0,2,1,7,7,0,1,1,1,0
12,10,10,3,1,0,7,1,1,1,1,1
10,10,0,2,1,7,7,4,-1,-1,0,-1
10,10,0,2,1,7,0,2,0,0,-1,-1
10,0,0,1,0,7,7,3,-1,-1,0,2
13,6,4,7,1,0,7,0,1,1,1,1
13,6,2,5,1,7,7,2,2,2,-1,-1
13,6,2,4,0,7,7,3,-1,-1,2,2
13,6,2,3,0,7,7,2,2,2,-1,-1
13,6,0,2,0,7,7,1,0,0,0,0
6,0,0,1,1,7,7,1,1,1,1,1
31,11,6,3,1,0,7,1,0,0,0,0
11,6,0,2,1,7,7,4,0,-1,-1,-1
11,6,0,2,1,0,7,1,1,1,1,1
6,0,0,1,1,7,7,1,1,1,1,1
4,4,4,8,1,7,7,0,1,1,1,1
4,4,2,6,1,7,7,0,1,1,1,1
2,2,2,4,1,7,7,0,1,1,1,1
2,2,0,2,1,7,7,0,1,1,1,1
48,0,0,1,1,7,7,1,0,0,0,0
7,5,5,6,1,7,7,0,1,1,1,1
7,5,5,4,1,7,7,4,-1,-1,0,-1
7,5,5,4,1,7,0,2,1,1,-1,-1
7,5,5,3,0,7,0,3,-1,-1,1,2
7,5,0,2,0,7,7,4,2,-1,-1,-1
7,5,0,2,0,0,7,0,0,0,0,0
4,0,0,1,1,7,7,1,1,1,1,1
40,24,0,2,1,0,7,1,0,0,0,0
24,0,0,1,1,7,7,1,0,0,0,0
19,8,5,3,1,7,7,1,0,0,0,1
8,5,0,2,1,7,7,4,-1,-1,2,-1
8,5,0,2,1,7,0,0,0,0,0,0
15,7,4,5,1,0,7,2,2,1,-1,-1
15,7,3,4,0,7,7,3,-1,-1,1,1
15,7,3,3,0,7,7,2,1,1,-1,-1
15,7,0,2,0,7,7,1,0,0,0,0
7,0,0,1,1,7,7,1,1,1,1,1
8,8,8,4,1,7,7,0,0,0,0,1
8,8,0,2,1,7,7,4,-1,-1,2,-1
8,8,0,2,1,7,0,0,0,0,0,0
64,0,0,1,1,7,7,1,0,0,0,0
48,0,0,1,1,7,7,1,0,0,0,0
27,11,6,4,1,7,7,0,1,1,1,2
27,11,0,2,0,7,7,4,-1,-1,0,-1
27,11,0,2,0,7,0,1,0,0,0,0
11,0,0,1,1,7,7,1,1,1,1,1
6,6,2,4,1,0,7,0,1,1,1,1
6,6,0,2,1,7,7,0,1,1,1,1
28,6,6,7,1,0,7,0,1,1,1,1
28,6,6,5,1,7,7,4,-1,-1,0,-1
28,6,6,5,1,7,0,2,1,1,-1,-1
28,6,6,4,0,7,0,3,-1,-1,1,2
28,6,6,3,0,7,7,4,2,-1,-1,-1
28,6,6,3,0,0,7,1,0,0,0,0
6,6,0,2,1,7,7,4,2,-1,-1,-1
6,6,0,2,1,0,7,0,1,1,1,1
12,0,0,1,1,0,7,1,1,1,1,1
3,2,1,5,1,7,7,0,1,1,1,1
1,1,1,3,1,7,7,0,1,1,1,1
1,0,0,1,1,7,7,2,2,2,-1,-1
4,4,4,3,1,7,7,0,1,1,1,1
4,0,0,1,1,7,7,1,1,1,1,1
48,10,4,4,1,7,7,2,2,1,-1,-1
48,10,2,3,0,7,7,3,-1,-1,1,2
48,10,0,2,0,7,7,1,0,0,0,0
10,0,0,1,1,7,7,1,1,0,1,1
22,22,10,4,1,7,7,0,0,0,0,1
22,22,0,2,1,7,7,4,-1,-1,2,-1
22,22,0,2,1,7,0,0,0,0,0,0
21,11,7,5,1,7,7,0,1,1,1,2
21,11,7,3,0,7,7,4,-1,-1,0,-1
21,11,7,3,0,7,0,1,0,0,0,0
11,7,0,2,0,7,7,4,-1,-1,0,-1
11,7,0,2,0,7,0,1,1,1,1,1
7,0,0,1,1,7,7,1,1,1,1,1
12,2,2,3,1,0,1,0,2,1,2,1
12,0,0,1,1,7,7,1,1,1,1,1
4,2,2,5,1,0,7,0,1,1,2,2
2,2,2,3,0,7,7,3,-1,-1,1,2
2,2,0,2,0,7,7,0,1,1,1,1
9,1,1,4,1,7,7,2,2,2,-1,-1
9,1,1,3,0,7,7,3,-1,-1,2,1
9,1,0,2,0,7,7,1,1,1,1,2
1,0,0,1,0,7,7,2,2,2,-1,-1
6,2,2,4,1,7,7,2,2,2,-1,-1
6,2,2,3,0,7,7,3,-1,-1,2,2
6,2,0,2,0,7,7,2,2,2,-1,-1
6,0,0,1,0,7,7,1,1,1,1,1
4,0,0,1,1,7,7,1,1,1,1,1
8,4,4,5,1,7,7,0,1,1,1,1
8,4,4,3,1,7,7,0,1,1,1,1
8,0,0,1,1,7,7,1,1,1,1,1
6,1,1,3,1,7,7,0,1,1,1,2
1,0,0,1,0,7,7,3,-1,-1,1,2
16,15,15,6,1,7,7,0,1,0,1,1
16,15,15,4,0,7,7,4,-1,-1,2,-1
16,15,15,4,0,7,0,1,0,0,0,1
15,15,6,3,1,7,7,4,-1,-1,0,-1
15,15,6,3,1,7,0,2,1,1,-1,-1
15,15,0,2,0,7,0,0,0,0,0,0
4,4,4,6,1,0,7,0,1,1,1,1
4,4,4,4,1,7,7,0,1,1,1,1
4,4,0,2,1,7,7,0,1,1,1,1
42,11,5,6,1,7,7,2,2,1,-1,-1
42,11,5,5,0,7,7,3,-1,-1,2,1
42,11,5,4,1,7,7,2,2,2,-1,-1
42,11,5,3,0,7,7,1,0,0,0,0
11,5,0,2,1,7,7,4,0,-1,-1,-1
11,5,0,2,1,0,7,1,1,1,1,1
5,0,0,1,1,7,7,1,1,1,1,1
8,8,0,2,1,0,7,0,0,0,0,0
7,3,3,4,1,0,7,0,1,1,1,1
7,3,0,2,1,7,7,0,0,0,0,0
4,2,1,8,1,7,7,0,1,1,1,1
1,1,1,6,1,7,7,0,1,1,1,1
1,1,1,4,1,7,7,0,1,1,1,1
1,1,0,2,1,7,7,0,1,1,1,1
48,0,0,1,1,0,7,1,0,0,0,0
64,0,0,1,1,0,7,1,0,0,0,0
6,2,2,6,1,0,7,0,1,1,1,1
6,2,2,4,1,7,7,2,2,2,-1,-1
6,2,2,3,0,7,7,3,-1,-1,2,2
6,2,0,2,0,7,7,2,2,2,-1,-1
6,0,0,1,0,7,7,1,1,1,1,1
19,6,3,6,1,7,7,2,2,2,-1,-1
19,6,3,5,0,7,7,3,-1,-1,2,1
19,6,3,4,0,7,7,2,1,1,-1,-1
19,6,1,3,0,7,7,3,-1,-1,1,2
19,6,0,2,0,7,7,1,0,0,0,0
6,0,0,1,1,7,7,1,1,1,1,1
15,9,0,2,1,0,7,1,0,0,0,0
9,0,0,1,1,7,7,1,1,0,1,1
3,1,0,2,1,7,7,0,1,1,1,1
8,8,8,8,1,7,7,2,1,1,-1,-1
8,8,8,7,0,7,7,3,-1,-1,1,1
8,8,8,6,1,7,7,2,1,1,-1,-1
8,8,8,5,0,7,7,3,-1,-1,1,1
8,8,8,4,1,7,7,0,0,0,0,1
8,8,0,2,1,7,7,4,-1,-1,2,-1
8,8,0,2,1,7,0,0,0,0,0,0
4,2,2,7,1,7,7,0,1,1,1,1
2,1,1,5,1,7,7,0,1,1,1,1
1,1,1,3,1,7,7,0,1,1,1,1
1,0,0,1,1,7,7,2,2,2,-1,-1
12,0,0,1,1,7,7,1,1,1,1,1
17,17,7,4,1,7,7,0,0,0,0,1
17,17,0,2,1,7,7,4,-1,-1,2,-1
17,17,0,2,1,7,0,0,0,0,0,0
48,0,0,1,1,7,7,1,0,0,0,0
37,13,7,5,1,7,7,2,2,0,-1,-1
37,13,7,4,0,7,7,3,-1,-1,1,2
37,13,7,3,1,7,7,4,-1,-1,2,-1
37,13,7,3,1,7,0,2,0,0,-1,-1
37,13,0,2,0,7,0,3,-1,-1,0,0
37,0,0,1,0,7,7,1,0,0,0,0
9,1,1,8,1,7,7,0,1,1,1,1
9,1,1,6,1,7,7,0,1,1,1,1
9,1,1,4,1,7,7,2,2,2,-1,-1
9,1,1,3,0,7,7,3,-1,-1,2,2
9,1,0,2,0,7,7,1,1,1,1,2
1,0,0,1,0,7,7,2,2,2,-1,-1
4,1,1,5,1,0,7,0,1,1,2,2
1,1,1,3,0,7,7,3,-1,-1,1,2
1,1,0,2,0,7,7,0,1,1,1,1
7,5,5,6,1,7,7,0,1,1,1,1
7,5,5,4,1,7,7,4,-1,-1,0,-1
7,5,5,4,1,7,0,2,1,1,-1,-1
7,5,5,3,0,7,0,3,-1,-1,1,2
7,5,0,2,0,7,7,4,2,-1,-1,-1
7,5,0,2,0,0,7,0,0,0,0,0
12,2,2,3,1,0,7,1,1,1,1,1
2,2,0,2,1,7,7,0,1,1,1,1
6,5,5,3,1,7,7,1,1,1,1,1
5,5,0,2,1,7,7,0,1,1,1,1
6,3,3,7,1,7,7,0,1,1,1,1
6,3,3,5,1,7,7,0,1,1,1,1
6,3,3,3,1,7,7,0,1,1,1,1
6,0,0,1,1,7,7,1,1,1,1,1
6,2,0,2,1,7,7,0,1,1,0,2
24,0,0,1,1,7,7,1,0,0,0,0
52,2,2,7,1,7,7,2,2,2,-1,-1
52,2,2,6,0,7,7,3,-1,-1,2,2
52,2,2,5,0,7,7,2,2,2,-1,-1
52,2,2,4,0,7,7,3,-1,-1,2,2
52,2,2,3,0,7,7,2,2,2,-1,-1
52,2,0,2,0,7,7,1,0,0,0,0
2,0,0,1,1,7,7,2,2,2,-1,-1
16,0,0,1,1,7,7,1,0,0,0,0
6,2,1,6,1,0,7,0,1,1,1,1
6,1,1,4,1,7,7,2,2,2,-1,-1
6,1,1,3,0,7,7,3,-1,-1,2,2
6,1,0,2,0,7,7,2,2,2,-1,-1
6,0,0,1,0,7,7,1,1,1,1,1
8,3,1,3,1,0,7,0,1,1,1,1
8,0,0,1,1,7,7,1,1,1,1,1
8,6,6,5,1,7,7,0,1,1,1,1
8,6,6,3,1,7,7,4,-1,-1,2,-1
8,6,6,3,1,7,0,2,1,1,-1,-1
8,6,0,2,0,7,0,3,-1,-1,1,0
8,0,0,1,1,7,7,1,1,1,1,1
5,1,1,4,1,7,7,2,2,2,-1,-1
5,1,1,3,0,7,7,3,-1,-1,2,2
5,1,0,2,0,7,7,2,2,2,-1,-1
5,0,0,1,0,7,7,1,1,1,1,1
17,1,1,8,1,7,7,0,1,1,1,1
17,1,1,6,1,7,7,2,2,2,-1,-1
17,1,1,5,0,7,7,3,-1,-1,2,2
17,1,1,4,0,7,7,2,2,1,-1,-1
17,1,1,3,0,7,7,3,-1,-1,1,2
17,1,0,2,0,7,7,1,0,0,0,0
1,0,0,1,0,7,7,2,2,2,-1,-1
2,1,1,3,1,7,7,0,1,1,1,1
1,0,0,1,1,7,7,2,2,2,-1,-1
17,17,7,4,1,7,7,0,0,0,0,1
17,17,0,2,1,7,7,4,-1,-1,2,-1
17,17,0,2,1,7,0,0,0,0,0,0
48,11,5,3,1,7,7,1,0,0,0,0
11,5,0,2,1,7,7,4,0,-1,-1,-1
11,5,0,2,1,0,7,1,1,1,1,1
5,0,0,1,1,7,7,1,1,1,1,1
3,1,0,2,1,7,7,0,1,1,1,1
2,1,1,7,1,0,1,0,2,1,2,1
1,1,1,5,1,7,7,0,1,1,1,1
1,1,1,3,1,7,7,0,1,1,1,1
1,0,0,1,1,7,7,2,2,2,-1,-1
17,3,1,6,1,0,7,2,2,2,-1,-1
17,3,1,5,0,7,7,3,-1,-1,2,2
17,3,1,4,0,7,7,2,2,1,-1,-1
17,3,1,3,0,7,7,3,-1,-1,1,1
17,1,0,2,0,7,7,1,0,0,0,0
1,0,0,1,0,7,7,2,2,2,-1,-1
9,7,7,6,1,7,7,2,1,1,-1,-1
9,7,7,5,0,7,7,3,-1,-1,1,1
9,7,7,4,1,7,7,1,1,0,1,1
7,7,3,3,0,7,7,4,-1,-1,0,-1
7,7,3,3,0,7,0,2,1,1,-1,-1
7,7,0,2,0,7,0,0,0,0,0,0
5,3,2,5,1,7,7,0,1,1,1,1
5,1,1,3,1,7,7,2,2,2,-1,-1
5,1,0,2,0,7,7,0,1,1,0,2
31,8,3,8,1,0,7,0,1,1,1,1
31,8,1,6,1,7,7,2,2,2,-1,-1
31,8,1,5,0,7,7,3,-1,-1,2,2
31,8,1,4,0,7,7,2,2,2,-1,-1
31,8,1,3,0,7,7,1,0,0,0,0
8,1,0,2,1,7,7,4,0,-1,-1,-1
8,1,0,2,1,0,7,1,1,1,1,1
1,0,0,1,1,7,7,2,2,2,-1,-1
24,0,0,1,1,7,7,1,0,0,0,0
16,16,0,2,1,7,7,0,0,0,0,0
17,7,0,2,1,0,7,1,0,0,0,0
7,0,0,1,0,7,7,1,1,1,1,1
3,1,0,2,1,7,7,0,1,1,1,1
12,6,6,7,1,7,7,0,1,1,1,1
12,6,6,5,1,7,7,4,-1,-1,0,-1
12,6,6,5,1,7,0,2,1,1,-1,-1
12,6,6,4,0,7,0,3,-1,-1,1,2
12,6,6,3,0,7,7,4,2,-1,-1,-1
12,6,6,3,0,0,7,1,1,1,1,1
6,6,0,2,1,7,7,4,-1,-1,2,-1
6,6,0,2,1,7,0,2,1,1,-1,-1
6,0,0,1,0,7,7,3,-1,-1,1,0
64,0,0,1,1,7,7,1,0,0,0,0
16,0,0,1,1,7,7,1,0,0,0,0
6,2,2,4,1,7,7,2,2,2,-1,-1
6,2,2,3,0,7,7,3,-1,-1,2,2
6,2,0,2,0,7,7,2,2,2,-1,-1
6,0,0,1,0,7,7,1,1,1,1,1
32,0,0,1,1,7,7,1,0,0,0,0
19,5,0,2,1,7,7,1,0,0,0,0
5,0,0,1,1,7,7,1,1,1,1,1
34,14,0,2,1,0,1,1,0,0,0,0
14,0,0,1,0,7,7,1,0,0,0,0
44,10,10,3,1,7,7,1,0,0,0,0
10,10,0,2,1,7,7,4,0,-1,-1,-1
10,10,0,2,1,0,7,0,0,0,0,0
17,7,0,2,1,7,7,1,0,0,0,0
7,0,0,1,0,7,7,1,1,1,1,1
2,1,1,3,1,7,7,0,1,1,1,1
1,0,0,1,1,7,7,2,2,2,-1,-1
25,9,5,8,1,7,7,2,2,2,-1,-1
25,9,5,7,0,7,7,3,-1,-1,2,2
25,9,5,6,0,7,7,2,2,2,-1,-1
25,9,5,5,0,7,7,3,-1,-1,1,2
25,9,5,4,0,7,7,2,1,1,-1,-1
25,9,3,3,0,7,7,3,-1,-1,1,1
25,9,0,2,0,7,7,1,0,0,0,0
9,0,0,1,0,7,7,1,1,0,1,1
25,1,1,8,1,7,7,0,1,1,1,1
25,1,1,6,1,7,7,2,2,2,-1,-1
25,1,1,5,0,7,7,3,-1,-1,2,2
25,1,1,4,0,7,7,2,2,2,-1,-1
25,1,1,3,0,7,7,3,-1,-1,2,2
25,1,0,2,0,7,7,1,0,0,0,0
1,0,0,1,0,7,7,3,-1,-1,2,2
2,1,1,3,1,7,7,0,1,1,1,1
1,0,0,1,1,7,7,2,2,2,-1,-1
48,0,0,1,1,7,7,1,0,0,0,0
4,0,0,1,1,7,7,1,1,1,1,1
7,1,1,6,1,7,7,0,1,1,1,1
7,1,1,4,1,7,7,2,2,2,-1,-1
7,1,1,3,0,7,7,3,-1,-1,2,2
7,1,0,2,0,7,7,2,2,2,-1,-1
7,0,0,1,0,7,7,1,1,1,1,1
4,3,3,5,1,7,7,0,1,1,1,1
3,3,3,3,1,7,7,0,1,1,1,1
3,0,0,1,1,7,7,1,1,1,1,1
34,12,6,8,1,0,7,2,2,2,-1,-1
34,12,6,7,0,7,7,3,-1,-1,2,2
34,12,6,6,0,7,7,2,2,1,-1,-1
34,12,6,5,0,7,7,3,-1,-1,1,1
34,12,6,4,0,7,7,2,1,1,-1,-1
34,12,6,3,0,7,7,3,-1,-1,1,1
34,12,0,2,0,7,7,1,0,0,0,0
12,0,0,1,0,7,7,1,1,1,1,1
20,12,0,2,1,0,7,1,0,0,0,0
12,0,0,1,1,7,7,1,1,1,1,1
3,3,3,4,1,7,7,0,1,1,1,1
3,3,0,2,1,7,7,0,1,1,1,1
26,1,1,7,1,7,7,2,2,2,-1,-1
26,1,1,6,0,7,7,3,-1,-1,2,2
26,1,1,5,0,7,7,2,2,2,-1,-1
26,1,1,4,0,7,7,3,-1,-1,2,2
26,1,1,3,0,7,7,2,2,2,-1,-1
26,1,0,2,0,7,7,1,0,0,1,0
1,0,0,1,0,7,7,3,-1,-1,2,2
35,9,4,3,1,7,7,1,0,0,0,0
9,4,0,2,1,7,7,4,0,-1,-1,-1
9,4,0,2,1,0,7,4,-1,-1,0,-1
9,4,0,2,1,0,0,1,1,1,1,1
4,0,0,1,0,7,7,2,1,1,-1,-1
2,1,1,3,1,7,7,0,1,1,1,1
1,0,0,1,1,7,7,2,2,2,-1,-1
15,15,14,7,1,7,7,0,1,1,1,1
15,15,14,5,1,7,7,4,-1,-1,0,-1
15,15,14,5,1,7,0,2,1,1,-1,-1
15,15,14,4,0,7,0,3,-1,-1,1,2
15,15,14,3,0,7,7,4,2,-1,-1,-1
15,15,14,3,0,0,7,1,0,0,0,1
15,14,0,2,1,7,7,4,-1,-1,2,-1
15,14,0,2,1,7,0,0,0,0,0,0
11,5,0,2,1,0,7,1,1,1,1,1
5,0,0,1,1,7,7,1,1,1,1,1
1,1,1,4,1,7,7,0,1,1,1,1
1,1,0,2,1,7,7,0,1,1,1,1
3,1,1,6,1,7,7,0,1,1,1,1
1,1,1,4,1,7,7,0,1,1,1,1
1,1,0,2,1,7,7,0,1,1,1,1
5,4,1,5,1,0,7,0,1,1,1,1
5,1,1,3,1,7,7,2,2,2,-1,-1
5,1,0,2,0,7,7,0,1,1,0,2
20,6,3,5,1,7,7,2,2,1,-1,-1
20,6,2,4,0,7,7,3,-1,-1,2,1
20,6,1,3,1,7,7,2,2,2,-1,-1
20,6,0,2,0,7,7,1,0,0,0,0
6,0,0,1,1,7,7,1,1,1,1,1
3,3,3,4,1,7,7,0,1,1,1,1
3,3,0,2,1,7,7,0,1,1,1,1
48,16,0,2,1,7,7,1,0,0,0,0
16,0,0,1,1,7,7,1,0,0,0,0
8,2,1,4,1,7,7,2,2,2,-1,-1
8,1,1,3,0,7,7,3,-1,-1,2,2
8,1,0,2,0,7,7,2,2,2,-1,-1
8,0,0,1,0,7,7,1,1,1,1,1
11,11,11,6,1,0,7,0,1,0,1,1
11,11,11,4,0,7,7,4,-1,-1,2,-1
11,11,11,4,0,7,0,1,1,1,1,1
11,11,5,3,1,7,7,4,-1,-1,0,-1
11,11,5,3,1,7,0,2,1,1,-1,-1
11,11,0,2,0,7,0,0,0,0,0,0
24,0,0,1,1,7,7,1,0,0,0,0
13,11,0,2,1,0,7,0,0,0,0,0
14,6,6,4,1,7,7,1,0,0,0,1
6,6,6,3,1,7,7,4,-1,-1,2,-1
6,6,6,3,1,7,0,1,1,1,1,1
6,6,0,2,1,7,7,0,1,1,1,1
9,1,1,8,1,7,7,0,1,1,1,1
9,1,1,6,1,7,7,0,1,1,1,1
9,1,1,4,1,7,7,2,2,2,-1,-1
9,1,1,3,0,7,7,3,-1,-1,2,2
9,1,0,2,0,7,7,1,1,1,1,2
1,0,0,1,0,7,7,2,2,2,-1,-1
64,0,0,1,1,0,7,1,0,0,0,0
30,6,6,4,1,0,1,1,0,0,0,0
6,6,6,3,1,7,7,4,0,-1,-1,-1
6,6,6,3,1,0,7,4,-1,-1,0,-1
6,6,6,3,1,0,0,1,2,2,1,1
6,6,0,2,0,7,7,2,1,1,-1,-1
6,0,0,1,0,7,7,3,-1,-1,1,1
16,0,0,1,1,7,7,1,0,0,0,0
10,9,9,7,1,7,7,1,1,0,1,2
9,9,9,6,0,7,7,4,-1,-1,2,-1
9,9,9,6,0,7,0,1,1,0,1,2
9,9,9,5,0,7,7,4,-1,-1,2,-1
9,9,9,5,0,7,0,1,1,0,1,2
9,9,9,4,0,7,7,4,-1,-1,2,-1
9,9,9,4,0,7,0,1,1,0,1,2
9,9,9,3,0,7,7,4,-1,-1,2,-1
9,9,9,3,0,7,0,1,1,0,1,2
9,9,0,2,0,7,7,4,-1,-1,2,-1
9,9,0,2,0,7,0,0,0,0,0,0
40,8,0,2,1,7,7,1,0,0,0,0
8,0,0,1,1,7,7,1,1,1,1,1
23,9,0,2,1,7,7,1,0,0,0,0
9,0,0,1,1,7,7,1,1,0,1,1
28,20,0,2,1,7,7,1,0,0,0,0
20,0,0,1,1,7,7,1,0,0,0,0
64,0,0,1,1,0,7,1,0,0,0,0
4,0,0,1,1,7,7,1,1,1,1,1
28,18,18,3,1,7,7,1,0,0,0,0
18,18,0,2,1,7,7,4,2,-1,-1,-1
18,18,0,2,1,0,7,0,0,0,0,0
18,1,1,7,1,0,7,0,1,1,1,1
18,1,1,5,1,7,7,2,2,2,-1,-1
18,1,1,4,0,7,7,3,-1,-1,2,2
18,1,1,3,0,7,7,2,2,2,-1,-1
18,1,0,2,0,7,7,1,0,0,0,0
1,0,0,1,0,7,7,2,2,2,-1,-1
6,2,2,6,1,0,7,0,1,1,1,1
6,2,2,4,1,7,7,2,2,2,-1,-1
6,2,2,3,0,7,7,3,-1,-1,2,2
6,2,0,2,0,7,7,2,2,2,-1,-1
6,0,0,1,0,7,7,1,1,1,1,1
15,15,14,7,1,7,7,0,1,1,1,1
15,15,14,5,1,7,7,4,-1,-1,0,-1
15,15,14,5,1,7,0,2,1,1,-1,-1
15,15,14,4,0,7,0,3,-1,-1,1,2
15,15,14,3,0,7,7,4,2,-1,-1,-1
15,15,14,3,0,0,7,1,0,0,0,1
15,14,0,2,1,7,7,4,-1,-1,2,-1
15,14,0,2,1,7,0,0,0,0,0,0
12,4,4,6,1,0,1,0,1,1,1,1
12,4,4,4,1,7,7,2,2,1,-1,-1
12,4,4,3,0,7,7,3,-1,-1,1,1
12,4,0,2,0,7,7,2,1,1,-1,-1
12,0,0,1,0,7,7,1,1,1,1,1
11,5,0,2,1,7,7,1,1,1,1,1
5,0,0,1,1,7,7,1,1,1,1,1
11,6,5,6,1,7,7,0,1,1,1,1
11,5,3,4,0,7,7,3,-1,-1,1,1
11,5,3,3,0,7,7,4,0,-1,-1,-1
11,5,3,3,0,0,7,1,1,1,1,1
5,3,0,2,1,7,7,4,-1,-1,2,-1
5,3,0,2,1,7,0,2,1,1,-1,-1
5,0,0,1,0,7,0,3,-1,-1,1,1
2,1,1,3,1,7,7,0,1,1,1,1
1,0,0,1,1,7,7,2,2,2,-1,-1
43,7,7,4,1,7,7,1,0,0,0,0
7,7,7,3,1,7,7,4,0,-1,-1,-1
7,7,7,3,1,0,7,4,-1,-1,0,-1
7,7,7,3,1,0,0,1,1,1,1,0
7,7,0,2,0,7,7,2,0,0,-1,-1
7,0,0,1,0,7,7,3,-1,-1,0,0
2,1,1,3,1,7,7,0,1,1,1,1
1,0,0,1,1,7,7,2,2,2,-1,-1
4,1,1,5,1,0,7,0,1,1,2,2
1,1,1,3,0,7,7,3,-1,-1,1,2
1,1,0,2,0,7,7,0,1,1,1,1
8,0,0,1,1,7,7,1,1,1,1,1
10,1,1,7,1,7,7,0,1,1,1,1
10,1,1,5,1,7,7,2,2,2,-1,-1
10,1,1,4,0,7,7,3,-1,-1,2,2
10,1,1,3,0,7,7,2,2,1,-1,-1
10,1,0,2,0,7,7,1,1,1,1,2
1,0,0,1,0,7,7,2,2,2,-1,-1
29,19,0,2,1,0,1,1,0,0,0,0
19,0,0,1,0,7,7,1,0,0,0,0
64,0,0,1,1,7,7,1,0,0,0,0
14,5,2,5,1,7,7,2,2,2,-1,-1
14,5,2,4,0,7,7,3,-1,-1,2,2
14,5,1,3,0,7,7,2,2,2,-1,-1
14,5,0,2,0,7,7,1,0,0,0,0
5,0,0,1,1,7,7,1,1,1,1,1
16,12,12,5,1,7,7,1,0,0,0,1
12,12,12,4,1,7,7,4,-1,-1,2,-1
12,12,12,4,1,7,0,1,1,1,1,1
12,12,12,3,1,7,7,4,-1,-1,0,-1
12,12,12,3,1,7,0,2,0,0,-1,-1
12,12,0,2,0,7,7,3,-1,-1,0,2
12,0,0,1,0,7,7,1,1,1,1,1
17,16,5,5,1,7,7,0,1,1,1,1
17,16,5,3,1,7,7,4,-1,-1,0,-1
17,16,5,3,1,7,0,2,1,1,-1,-1
17,16,0,2,0,7,0,0,0,0,0,0
10,3,3,3,1,0,7,1,1,0,1,1
3,3,0,2,0,7,7,0,1,1,1,1
3,1,1,6,1,0,7,0,1,1,2,2
1,1,1,4,0,7,7,3,-1,-1,1,2
1,1,1,3,0,7,7,0,1,1,1,1
1,0,0,1,1,7,7,2,2,2,-1,-1
4,2,1,8,1,7,7,0,1,1,1,1
1,1,1,6,1,7,7,0,1,1,1,1
1,1,1,4,1,7,7,0,1,1,1,1
1,1,0,2,1,7,7,0,1,1,1,1
2,2,0,2,1,7,7,0,1,1,1,1
24,0,0,1,1,7,7,1,0,0,0,0
4,2,2,5,1,7,7,0,1,1,1,1
2,2,2,3,1,7,7,0,1,1,1,1
2,0,0,1,1,7,7,2,2,2,-1,-1
20,3,3,5,1,0,7,2,2,1,-1,-1
20,3,3,4,0,7,7,3,-1,-1,1,1
20,3,3,3,0,7,7,2,1,1,-1,-1
20,3,0,2,0,7,7,3,-1,-1,1,1
20,0,0,1,0,7,7,1,0,0,0,0
46,11,5,4,1,0,7,2,2,2,-1,-1
46,11,5,3,0,7,7,1,0,0,0,0
11,5,0,2,0,7,7,4,0,-1,-1,-1
11,5,0,2,0,0,7,1,1,1,1,1
5,0,0,1,1,7,7,1,1,1,1,1
24,12,12,3,1,7,7,1,0,0,0,0
12,12,0,2,1,7,7,4,2,-1,-1,-1
12,12,0,2,1,0,7,0,0,0,0,0
24,0,0,1,1,0,7,1,0,0,0,0
2,1,1,7,1,7,7,0,1,1,1,1
1,1,1,5,1,7,7,0,1,1,1,1
1,1,1,3,1,7,7,0,1,1,1,1
1,0,0,1,1,7,7,2,2,2,-1,-1
3,1,0,2,1,7,7,0,1,1,1,1
2,1,1,7,1,7,7,0,1,1,1,1
1,1,1,5,1,7,7,0,1,1,1,1
1,1,1,3,1,7,7,0,1,1,1,1
1,0,0,1,1,7,7,2,2,2,-1,-1
6,4,2,5,1,0,1,0,2,1,1,2
6,2,2,3,0,7,7,2,2,2,-1,-1
6,2,0,2,0,7,7,0,1,1,0,2
2,1,1,3,1,7,7,0,1,1,1,1
1,0,0,1,1,7,7,2,2,2,-1,-1
41,10,5,8,1,7,7,2,2,2,-1,-1
41,10,5,7,0,7,7,3,-1,-1,2,2
41,10,5,6,0,7,7,2,2,2,-1,-1
41,10,5,5,0,7,7,3,-1,-1,1,2
41,10,5,4,0,7,7,2,1,1,-1,-1
41,10,3,3,0,7,7,3,-1,-1,1,1
41,10,0,2,0,7,7,1,0,0,0,0
10,0,0,1,0,7,7,1,1,0,1,1
5,2,1,7,1,7,7,0,1,1,1,1
5,1,1,5,1,7,7,0,1,1,1,1
5,1,1,3,1,7,7,2,2,2,-1,-1
5,1,0,2,0,7,7,0,1,1,0,2
3,1,0,2,1,7,7,0,1,1,1,1
1,1,1,4,1,7,7,0,1,1,1,1
1,1,0,2,1,7,7,0,1,1,1,1
28,8,4,8,1,0,1,0,1,1,1,1
28,8,2,6,1,7,7,2,2,2,-1,-1
28,8,1,5,0,7,7,3,-1,-1,2,2
28,8,1,4,0,7,7,2,2,2,-1,-1
28,8,1,3,0,7,7,1,0,0,0,0
8,1,0,2,1,7,7,4,2,-1,-1,-1
8,1,0,2,1,0,7,1,1,1,1,1
1,0,0,1,1,7,7,2,2,2,-1,-1
48,0,0,1,1,7,7,1,0,0,0,0
10,7,7,7,1,7,7,2,2,2,-1,-1
10,7,7,6,0,7,7,3,-1,-1,2,2
10,7,7,5,0,7,7,2,2,2,-1,-1
10,7,7,4,0,7,7,1,1,1,1,2
7,7,2,3,0,7,7,2,2,2,-1,-1
7,7,0,2,0,7,7,0,0,0,0,0
3,1,0,2,1,7,7,0,1,1,1,1
12,1,1,5,1,7,7,2,2,2,-1,-1
12,1,1,4,0,7,7,3,-1,-1,2,2
12,1,1,3,0,7,7,2,2,2,-1,-1
12,1,0,2,0,7,7,1,1,1,1,1
1,0,0,1,1,7,7,2,2,2,-1,-1
52,2,2,7,1,0,7,2,2,2,-1,-1
52,2,2,6,0,7,7,3,-1,-1,2,2
52,2,2,5,0,7,7,2,2,2,-1,-1
52,2,2,4,0,7,7,3,-1,-1,2,2
52,2,2,3,0,7,7,2,2,2,-1,-1
52,2,0,2,0,7,7,1,0,0,0,0
2,0,0,1,1,7,7,2,2,2,-1,-1
4,0,0,1,1,7,7,1,1,1,1,1
7,2,1,5,1,7,7,0,1,1,1,1
7,1,1,3,1,7,7,2,2,2,-1,-1
7,1,0,2,0,7,7,1,1,1,1,1
1,0,0,1,1,7,7,2,2,2,-1,-1
3,1,0,2,1,7,7,0,1,1,1,1
24,22,6,5,1,7,7,0,1,1,1,1
24,22,6,3,1,7,7,4,-1,-1,0,-1
24,22,6,3,1,7,0,2,1,1,-1,-1
24,22,0,2,0,7,0,0,0,0,0,0
16,4,4,3,1,0,7,1,0,0,0,0
4,4,0,2,1,7,7,0,1,1,1,1
2,1,1,7,1,0,7,0,2,1,2,1
1,1,1,5,1,7,7,0,1,1,1,1
1,1,1,3,1,7,7,0,1,1,1,1
1,0,0,1,1,7,7,2,2,2,-1,-1
3,1,1,6,1,7,7,0,1,1,1,1
1,1,1,4,1,7,7,0,1,1,1,1
1,1,0,2,1,7,7,0,1,1,1,1
7,3,2,3,1,7,7,0,1,1,1,1
7,0,0,1,1,7,7,1,1,1,1,1
24,0,0,1,1,7,7,1,0,0,0,0
6,2,1,6,1,7,7,0,1,1,1,1
6,1,1,4,1,7,7,2,2,2,-1,-1
6,1,1,3,0,7,7,3,-1,-1,2,2
6,1,0,2,0,7,7,2,2,2,-1,-1
6,0,0,1,0,7,7,1,1,1,1,1
10,8,2,5,1,0,1,2,2,2,-1,-1
10,8,2,4,0,7,1,3,-1,-1,2,1
10,8,2,3,0,7,7,1,1,0,1,1
8,2,0,2,0,7,7,2,2,2,-1,-1
8,0,0,1,0,7,7,1,1,1,1,1
8,2,2,3,1,7,7,0,1,1,1,1
8,0,0,1,1,7,7,1,1,1,1,1
64,0,0,1,1,7,7,1,0,0,0,0
23,5,2,5,1,7,7,2,2,2,-1,-1
23,5,1,4,0,7,7,3,-1,-1,2,2
23,5,1,3,0,7,7,2,2,2,-1,-1
23,5,0,2,0,7,7,1,0,0,0,0
5,0,0,1,1,7,7,1,1,1,1,1
28,9,9,5,1,7,7,0,0,0,0,1
28,9,9,3,1,7,7,4,-1,-1,2,-1
28,9,9,3,1,7,0,1,0,0,0,0
9,9,0,2,1,7,7,4,2,-1,-1,-1
9,9,0,2,1,0,7,0,0,0,0,0
4,1,1,5,1,0,7,0,1,1,2,2
1,1,1,3,0,7,7,3,-1,-1,1,2
1,1,0,2,0,7,7,0,1,1,1,1
8,8,0,2,1,7,7,0,0,0,0,0
2,1,1,3,1,0,1,0,2,1,2,1
1,0,0,1,1,7,7,2,2,2,-1,-1
2,2,2,4,1,7,7,0,1,1,1,1
2,2,0,2,1,7,7,0,1,1,1,1
4,0,0,1,1,0,7,1,2,1,2,1
3,2,1,5,1,7,7,0,1,1,1,1
1,1,1,3,1,7,7,0,1,1,1,1
1,0,0,1,1,7,7,2,2,2,-1,-1
14,5,3,4,1,7,7,2,2,2,-1,-1
14,5,3,3,0,7,7,1,0,0,0,0
5,3,0,2,1,7,7,0,1,1,1,0
8,0,0,1,1,0,7,1,1,1,1,1
1,1,1,4,1,7,7,0,1,1,1,1
1,1,0,2,1,7,7,0,1,1,1,1
6,6,6,8,1,0,7,2,2,2,-1,-1
6,6,6,7,0,7,7,3,-1,-1,2,2
6,6,6,6,0,7,7,2,2,2,-1,-1
6,6,6,5,0,7,7,3,-1,-1,2,2
6,6,6,4,0,7,7,0,1,1,1,1
6,6,0,2,1,7,7,4,-1,-1,0,-1
6,6,0,2,1,7,0,2,1,1,-1,-1
6,0,0,1,0,7,7,3,-1,-1,1,2
3,3,2,7,1,7,7,0,1,1,1,1
2,1,1,5,1,7,7,0,1,1,1,1
1,1,1,3,1,7,7,0,1,1,1,1
1,0,0,1,1,7,7,2,2,2,-1,-1
8,0,0,1,1,7,7,1,1,1,1,1
16,0,0,1,1,7,7,1,0,0,0,0
3,3,2,7,1,7,7,0,1,1,1,1
2,1,1,5,1,7,7,0,1,1,1,1
1,1,1,3,1,7,7,0,1,1,1,1
1,0,0,1,1,7,7,2,2,2,-1,-1
2,1,1,3,1,7,7,0,1,1,1,1
1,0,0,1,1,7,7,2,2,2,-1,-1
12,12,0,2,1,7,7,0,0,0,0,0
16,9,7,7,1,7,7,2,1,1,-1,-1
16,9,7,6,0,7,7,3,-1,-1,1,1
16,9,7,5,1,7,7,0,1,1,1,2
16,9,7,3,0,7,7,4,-1,-1,0,-1
16,9,7,3,0,7,0,1,0,0,0,1
9,7,0,2,1,7,7,4,-1,-1,2,-1
9,7,0,2,1,7,0,0,0,0,0,0
12,10,10,3,1,0,1,1,1,1,1,1
10,10,0,2,1,7,7,4,-1,-1,0,-1
10,10,0,2,1,7,0,2,0,0,-1,-1
10,0,0,1,0,7,7,3,-1,-1,0,2
6,6,2,4,1,7,7,0,1,1,1,1
6,6,0,2,1,7,7,0,1,1,1,1
5,4,3,3,1,7,7,0,1,1,1,1
5,0,0,1,1,7,7,1,1,1,1,1
4,4,4,3,1,0,7,1,2,1,2,1
4,4,0,2,1,7,7,0,1,1,1,1
4,0,0,1,1,7,7,1,1,1,1,1
4,2,1,4,1,7,7,0,1,1,1,1
1,1,0,2,1,7,7,0,1,1,1,1
4,2,1,4,1,7,7,0,1,1,1,1
1,1,0,2,1,7,7,0,1,1,1,1
34,14,0,2,1,7,7,1,0,0,0,0
14,0,0,1,0,7,7,1,0,0,0,0
6,6,6,6,1,0,7,2,2,2,-1,-1
6,6,6,5,0,7,7,3,-1,-1,2,2
6,6,6,4,0,7,7,0,1,1,1,1
6,2,0,2,1,7,7,4,-1,-1,0,-1
6,2,0,2,1,7,0,2,1,1,-1,-1
2,0,0,1,0,7,7,3,-1,-1,2,1
17,9,6,3,1,0,7,1,0,0,0,1
9,6,0,2,0,7,7,4,-1,-1,2,-1
9,6,0,2,0,7,0,0,0,0,0,0
6,4,3,8,1,7,7,0,1,1,1,1
6,3,2,6,1,7,7,0,1,1,1,1
6,2,2,4,1,7,7,0,1,1,1,1
6,2,0,2,1,7,7,0,1,1,0,2
18,9,6,7,1,7,7,0,1,1,1,1
18,9,4,5,1,7,7,4,0,-1,-1,-1
18,9,4,5,1,0,7,4,-1,-1,0,-1
18,9,4,5,1,0,0,2,1,2,-1,-1
18,9,3,4,0,7,0,3,-1,-1,1,1
18,9,3,3,0,7,7,4,0,-1,-1,-1
18,9,3,3,0,0,7,1,0,0,0,1
9,3,0,2,0,7,7,4,-1,-1,0,-1
9,3,0,2,0,7,0,2,1,1,-1,-1
9,0,0,1,0,7,0,1,1,0,1,1
19,7,4,4,1,0,7,2,2,1,-1,-1
19,7,2,3,0,7,7,3,-1,-1,1,2
19,7,0,2,0,7,7,1,0,0,0,0
7,0,0,1,1,7,7,1,1,1,1,1
12,5,3,6,1,7,7,2,2,2,-1,-1
12,5,3,5,0,7,7,3,-1,-1,2,2
12,5,3,4,0,7,7,2,2,1,-1,-1
12,5,3,3,0,7,7,1,1,1,1,1
5,3,0,2,1,7,7,0,1,1,1,0
32,16,0,2,1,0,1,1,0,0,0,0
16,0,0,1,1,7,7,1,0,0,0,0
12,4,4,6,1,0,1,0,1,1,1,1
12,4,4,4,1,7,7,2,2,1,-1,-1
12,4,4,3,0,7,7,3,-1,-1,1,1
12,4,0,2,0,7,7,2,1,1,-1,-1
12,0,0,1,0,7,7,1,1,1,1,1
3,3,3,6,1,7,7,0,1,1,1,1
3,1,1,4,1,7,7,0,1,1,1,1
1,1,0,2,1,7,7,0,1,1,1,1
21,9,6,7,1,7,7,0,1,2,1,1
21,9,3,5,0,7,7,3,-1,-1,2,1
21,9,3,4,0,7,7,2,1,1,-1,-1
21,9,3,3,0,7,7,3,-1,-1,1,1
21,9,0,2,0,7,7,1,0,0,0,0
9,0,0,1,0,7,7,1,1,0,1,1
4,4,4,7,1,7,7,0,1,1,1,1
4,1,1,5,1,7,7,0,1,1,1,1
1,1,1,3,1,7,7,0,1,1,1,1
1,0,0,1,1,7,7,2,2,2,-1,-1
4,4,4,8,1,7,7,0,1,1,1,1
4,4,2,6,1,7,7,0,1,1,1,1
2,2,2,4,1,7,7,0,1,1,1,1
2,2,0,2,1,7,7,0,1,1,1,1
28,4,4,6,1,0,7,2,1,1,-1,-1
28,4,4,5,0,7,7,3,-1,-1,1,0
28,4,4,4,0,7,7,2,1,1,-1,-1
28,4,4,3,0,7,7,3,-1,-1,1,1
28,4,0,2,0,7,7,2,1,1,-1,-1
28,0,0,1,0,7,7,1,0,0,0,0
8,8,8,4,1,7,7,0,0,0,0,1
8,8,0,2,1,7,7,4,-1,-1,2,-1
8,8,0,2,1,7,0,0,0,0,0,0
48,0,0,1,1,7,7,1,0,0,0,0
2,2,1,6,1,0,1,0,2,1,2,1
1,1,1,4,1,7,7,0,1,1,1,1
1,1,0,2,1,7,7,0,1,1,1,1
7,4,3,4,1,7,7,0,1,1,1,1
7,2,0,2,1,7,7,1,1,1,1,1
2,0,0,1,1,7,7,2,2,2,-1,-1
18,6,3,7,1,0,7,0,1,1,1,1
18,6,1,5,1,7,7,2,2,2,-1,-1
18,6,1,4,0,7,7,3,-1,-1,2,2
18,6,1,3,0,7,7,1,0,0,0,0
6,1,0,2,0,7,7,2,2,2,-1,-1
6,0,0,1,1,7,7,1,1,1,1,1
31,11,6,3,1,7,7,1,0,0,0,0
11,6,0,2,1,7,7,4,0,-1,-1,-1
11,6,0,2,1,0,7,1,1,1,1,1
6,0,0,1,1,7,7,1,1,1,1,1
2,1,1,7,1,7,7,0,1,1,1,1
1,1,1,5,1,7,7,0,1,1,1,1
1,1,1,3,1,7,7,0,1,1,1,1
1,0,0,1,1,7,7,2,2,2,-1,-1
6,2,0,2,1,7,7,0,1,1,0,2
32,32,0,2,1,7,7,0,0,0,0,0
2,2,2,8,1,7,7,0,1,1,1,1
2,2,2,6,1,7,7,0,1,1,1,1
2,2,2,4,1,7,7,0,1,1,1,1
2,2,0,2,1,7,7,0,1,1,1,1
12,0,0,1,1,7,7,1,1,1,1,1
48,0,0,1,1,7,7,1,0,0,0,0
6,1,1,7,1,7,7,0,1,1,1,1
6,1,1,5,1,7,7,0,1,1,1,1
6,1,1,3,1,7,7,2,2,2,-1,-1
6,1,0,2,0,7,7,0,1,1,0,2
3,2,1,5,1,7,7,0,1,1,1,1
1,1,1,3,1,7,7,0,1,1,1,1
1,0,0,1,1,7,7,2,2,2,-1,-1
27,13,8,3,1,7,7,1,0,0,0,0
13,8,0,2,1,7,7,4,2,-1,-1,-1
13,8,0,2,1,0,7,1,0,0,0,0
8,0,0,1,1,7,7,1,1,1,1,1
3,3,2,7,1,7,7,0,1,1,1,1
2,1,1,5,1,7,7,0,1,1,1,1
1,1,1,3,1,7,7,0,1,1,1,1
1,0,0,1,1,7,7,2,2,2,-1,-1
48,0,0,1,1,7,7,1,0,0,0,0
1,1,1,8,1,7,7,0,1,1,1,1
1,1,1,6,1,7,7,0,1,1,1,1
1,1,1,4,1,7,7,0,1,1,1,1
1,1,0,2,1,7,7,0,1,1,1,1
4,4,4,7,1,7,7,0,1,1,1,1
4,1,1,5,1,7,7,0,1,1,1,1
1,1,1,3,1,7,7,0,1,1,1,1
1,0,0,1,1,7,7,2,2,2,-1,-1
6,2,0,2,1,0,7,0,1,1,0,2
35,29,0,2,1,7,7,1,0,0,0,0
29,0,0,1,1,7,7,1,0,0,0,0
10,3,2,4,1,7,7,2,2,1,-1,-1
10,2,1,3,0,7,7,3,-1,-1,1,2
10,1,0,2,0,7,7,1,1,1,1,2
1,0,0,1,0,7,7,2,2,2,-1,-1
39,9,0,2,1,7,7,1,0,0,0,0
9,0,0,1,1,7,7,1,1,0,1,1
24,8,8,4,1,7,7,1,0,1,0,1
8,8,8,3,1,7,7,4,0,-1,-1,-1
8,8,8,3,1,0,7,4,-1,-1,0,-1
8,8,8,3,1,0,0,1,1,1,1,0
8,8,0,2,0,7,7,2,0,0,-1,-1
8,0,0,1,0,7,7,3,-1,-1,0,0
12,2,1,4,1,7,7,2,2,2,-1,-1
12,1,1,3,0,7,7,3,-1,-1,2,2
12,1,0,2,0,7,7,2,2,2,-1,-1
12,0,0,1,0,7,7,1,1,1,1,1
27,3,3,8,1,7,7,0,1,1,1,1
27,3,3,6,1,7,7,2,1,1,-1,-1
27,3,3,5,0,7,7,3,-1,-1,1,0
27,3,3,4,0,7,7,2,1,1,-1,-1
27,3,3,3,0,7,7,3,-1,-1,1,1
27,3,0,2,0,7,7,2,1,1,-1,-1
27,0,0,1,0,7,7,1,0,0,0,0
4,1,1,5,1,7,7,0,1,1,1,1
1,1,1,3,1,7,7,0,1,1,1,1
1,0,0,1,1,7,7,2,2,2,-1,-1
4,0,0,1,1,0,7,1,2,1,2,1
16,0,0,1,1,7,7,1,0,0,0,0
7,1,0,2,1,7,7,1,1,1,1,1
1,0,0,1,1,7,7,2,2,2,-1,-1
2,1,1,3,1,7,7,0,1,1,1,1
1,0,0,1,1,7,7,2,2,2,-1,-1
48,0,0,1,1,0,7,1,0,0,0,0
4,0,0,1,1,7,7,1,1,1,1,1
8,8,8,3,1,7,7,1,1,1,1,1
8,8,0,2,1,7,7,0,0,0,0,0
24,2,2,5,1,7,7,2,2,2,-1,-1
24,2,2,4,0,7,7,3,-1,-1,2,2
24,2,2,3,0,7,7,2,2,2,-1,-1
24,2,0,2,0,7,7,1,0,0,0,0
2,0,0,1,1,7,7,2,2,2,-1,-1
8,8,8,4,1,7,7,0,0,0,0,1
8,8,0,2,1,7,7,4,-1,-1,2,-1
8,8,0,2,1,7,0,0,0,0,0,0
54,10,0,2,1,7,7,1,0,0,0,0
10,0,0,1,1,7,7,1,1,0,1,1
48,0,0,1,1,0,7,1,0,0,0,0
1,1,1,8,1,7,7,0,1,1,1,1
1,1,1,6,1,7,7,0,1,1,1,1
1,1,1,4,1,7,7,0,1,1,1,1
1,1,0,2,1,7,7,0,1,1,1,1
8,0,0,1,1,7,7,1,1,1,1,1
10,2,2,8,1,7,7,0,1,1,1,1
10,2,2,6,1,7,7,0,1,1,1,1
10,2,2,4,1,7,7,2,2,2,-1,-1
10,2,2,3,0,7,7,3,-1,-1,2,2
10,2,0,2,0,7,7,1,1,1,1,2
2,0,0,1,0,7,7,2,2,2,-1,-1
4,4,0,2,1,0,7,0,1,1,1,1
22,5,5,3,1,7,7,1,0,0,0,0
5,5,0,2,1,7,7,4,2,-1,-1,-1
5,5,0,2,1,0,7,0,1,1,1,1
7,3,2,7,1,0,1,0,2,1,1,2
7,1,1,5,0,7,7,2,2,2,-1,-1
7,1,1,4,0,7,7,0,1,1,1,1
7,1,0,2,1,7,7,1,1,1,1,1
1,0,0,1,1,7,7,2,2,2,-1,-1
8,4,3,7,1,7,7,0,1,1,1,1
8,3,2,5,1,7,7,0,1,1,1,1
8,2,2,3,1,7,7,2,2,2,-1,-1
8,2,0,2,0,7,7,1,1,1,1,1
2,0,0,1,1,7,7,2,2,2,-1,-1
28,9,9,5,1,0,7,0,0,0,0,1
28,9,9,3,1,7,7,4,-1,-1,2,-1
28,9,9,3,1,7,0,1,0,0,0,0
9,9,0,2,1,7,7,4,2,-1,-1,-1
9,9,0,2,1,0,7,0,0,0,0,0
12,7,5,3,1,7,7,1,1,0,1,1
7,5,0,2,0,7,7,4,-1,-1,2,-1
7,5,0,2,0,7,0,0,0,0,0,0
4,0,0,1,1,7,7,1,1,1,1,1
32,0,0,1,1,7,7,1,0,0,0,0
2,1,1,7,1,7,7,0,1,1,1,1
1,1,1,5,1,7,7,0,1,1,1,1
1,1,1,3,1,7,7,0,1,1,1,1
1,0,0,1,1,7,7,2,2,2,-1,-1
22,5,5,3,1,0,7,1,0,0,0,0
5,5,0,2,1,7,7,4,2,-1,-1,-1
5,5,0,2,1,0,7,0,1,1,1,1
8,0,0,1,1,7,7,1,1,1,1,1
64,0,0,1,1,0,7,1,0,0,0,0
15,4,2,6,1,7,7,0,1,1,1,1
15,1,1,4,1,7,7,2,2,2,-1,-1
15,1,1,3,0,7,7,3,-1,-1,2,2
15,1,0,2,0,7,7,1,0,0,0,0
1,0,0,1,1,7,7,2,2,2,-1,-1
2,1,1,3,1,7,7,0,1,1,1,1
1,0,0,1,1,7,7,2,2,2,-1,-1
64,0,0,1,1,0,7,1,0,0,0,0
9,7,7,6,1,7,7,2,1,1,-1,-1
9,7,7,5,0,7,7,3,-1,-1,1,1
9,7,7,4,1,7,7,1,1,0,1,1
7,7,3,3,0,7,7,4,-1,-1,0,-1
7,7,3,3,0,7,0,2,1,1,-1,-1
7,7,0,2,0,7,0,0,0,0,0,0
5,1,1,8,1,7,7,0,1,1,1,1
5,1,1,6,1,7,7,0,1,1,1,1
5,1,1,4,1,7,7,0,1,1,1,1
5,1,0,2,1,7,7,0,1,1,0,2
34,7,7,3,1,7,7,1,0,0,0,0
7,7,0,2,0,7,7,4,0,-1,-1,-1
7,7,0,2,0,0,7,0,0,0,0,0
32,0,0,1,1,0,7,1,0,0,0,0
4,0,0,1,1,7,7,1,1,1,1,1
16,0,0,1,1,0,7,1,0,0,0,0
36,8,4,3,1,0,7,1,0,0,0,0
8,4,0,2,1,7,7,4,0,-1,-1,-1
8,4,0,2,1,0,7,0,0,0,0,0
4,0,0,1,1,0,7,1,2,1,2,1
4,0,0,1,1,7,7,1,1,1,1,1
4,4,4,3,1,0,7,1,2,1,2,1
4,4,0,2,1,7,7,0,1,1,1,1
8,8,0,2,1,7,7,0,0,0,0,0
8,4,4,3,1,7,7,0,1,1,1,1
8,0,0,1,1,7,7,1,1,1,1,1
2,1,1,3,1,7,7,0,1,1,1,1
1,0,0,1,1,7,7,2,2,2,-1,-1
24,0,0,1,1,7,7,1,0,0,0,0
10,2,2,8,1,7,7,0,1,1,1,1
10,2,2,6,1,7,7,0,1,1,1,1
10,2,2,4,1,7,7,2,2,2,-1,-1
10,2,2,3,0,7,7,3,-1,-1,2,2
10,2,0,2,0,7,7,1,1,1,1,2
2,0,0,1,0,7,7,2,2,2,-1,-1
3,2,2,4,1,7,7,0,1,1,1,1
2,1,0,2,1,7,7,0,1,1,1,1
32,0,0,1,1,7,7,1,0,0,0,0
12,0,0,1,1,0,7,1,1,1,1,1
8,0,0,1,1,7,7,1,1,1,1,1
16,16,16,4,1,7,7,1,0,0,0,1
16,16,16,3,1,7,7,4,-1,-1,2,-1
16,16,16,3,1,7,0,1,0,0,0,1
16,16,0,2,1,7,7,4,-1,-1,2,-1
16,16,0,2,1,7,0,0,0,0,0,0
2,1,1,3,1,7,7,0,1,1,1,1
1,0,0,1,1,7,7,2,2,2,-1,-1
21,6,3,4,1,7,7,2,2,2,-1,-1
21,6,3,3,0,7,7,1,0,0,0,0
6,3,0,2,0,7,7,0,1,1,1,0
3,2,1,5,1,0,7,0,1,1,2,2
1,1,1,3,0,7,7,3,-1,-1,1,2
1,1,0,2,0,7,7,0,1,1,1,1
12,0,0,1,1,7,7,1,1,1,1,1
17,17,7,4,1,0,7,0,0,0,0,1
17,17,0,2,1,7,7,4,-1,-1,2,-1
17,17,0,2,1,7,0,0,0,0,0,0
9,1,1,8,1,7,7,0,1,1,1,1
9,1,1,6,1,7,7,0,1,1,1,1
9,1,1,4,1,7,7,2,2,2,-1,-1
9,1,1,3,0,7,7,3,-1,-1,2,2
9,1,0,2,0,7,7,1,1,1,1,2
1,0,0,1,0,7,7,2,2,2,-1,-1
8,2,1,8,1,7,7,0,1,1,1,1
8,1,1,6,1,7,7,0,1,1,1,1
8,1,1,4,1,7,7,0,1,1,1,1
8,1,0,2,1,7,7,1,1,1,1,1
1,0,0,1,1,7,7,2,2,2,-1,-1
48,0,0,1,1,7,7,1,0,0,0,0
34,6,6,6,1,7,7,0,1,1,1,1
34,6,6,4,1,7,7,4,-1,-1,0,-1
34,6,6,4,1,7,0,2,1,1,-1,-1
34,6,6,3,0,7,0,3,-1,-1,1,2
34,6,0,2,0,7,7,4,2,-1,-1,-1
34,6,0,2,0,0,7,1,0,0,0,0
6,0,0,1,0,7,7,1,1,1,1,1
16,4,4,3,1,0,1,1,0,0,0,0
4,4,0,2,1,7,7,0,1,1,1,1
2,1,1,3,1,0,7,0,2,1,2,1
1,0,0,1,1,7,7,2,2,2,-1,-1
25,23,0,2,1,0,1,0,0,0,0,0
8,4,2,4,1,0,7,0,1,1,1,1
8,2,0,2,1,7,7,1,1,1,1,1
2,0,0,1,1,7,7,2,2,2,-1,-1
2,1,1,7,1,7,7,0,1,1,1,1
1,1,1,5,1,7,7,0,1,1,1,1
1,1,1,3,1,7,7,0,1,1,1,1
1,0,0,1,1,7,7,2,2,2,-1,-1
40,8,0,2,1,7,7,1,0,0,0,0
8,0,0,1,1,7,7,1,1,1,1,1
20,4,4,4,1,7,7,2,2,1,-1,-1
20,4,4,3,0,7,7,3,-1,-1,1,1
20,4,0,2,0,7,7,2,1,1,-1,-1
20,0,0,1,0,7,7,1,0,0,0,0
36,6,6,3,1,7,7,1,0,0,0,0
6,6,0,2,1,7,7,4,0,-1,-1,-1
6,6,0,2,1,0,7,0,1,1,1,1
4,4,4,8,1,0,7,0,1,1,2,2
4,4,4,6,0,7,7,3,-1,-1,1,2
4,4,4,5,0,7,7,0,1,1,1,1
4,2,2,3,1,7,7,0,1,1,1,1
2,0,0,1,1,7,7,2,2,2,-1,-1
32,0,0,1,1,7,7,1,0,0,0,0
5,3,2,5,1,7,7,0,1,1,1,1
5,1,1,3,1,7,7,2,2,2,-1,-1
5,1,0,2,0,7,7,0,1,1,0,2
15,9,0,2,1,7,7,1,0,0,0,0
9,0,0,1,1,7,7,1,1,0,1,1
22,5,2,6,1,7,7,2,2,2,-1,-1
22,5,1,5,0,7,7,3,-1,-1,2,2
22,5,1,4,0,7,7,2,2,2,-1,-1
22,5,1,3,0,7,7,1,0,0,1,0
5,1,0,2,0,7,7,2,2,2,-1,-1
5,0,0,1,1,7,7,1,1,1,1,1
22,5,2,6,1,7,7,2,2,2,-1,-1
22,5,1,5,0,7,7,3,-1,-1,2,2
22,5,1,4,0,7,7,2,2,2,-1,-1
22,5,1,3,0,7,7,1,0,0,1,0
5,1,0,2,0,7,7,2,2,2,-1,-1
5,0,0,1,1,7,7,1,1,1,1,1
5,1,1,8,1,7,7,0,1,1,1,1
5,1,1,6,1,7,7,0,1,1,1,1
5,1,1,4,1,7,7,0,1,1,1,1
5,1,0,2,1,7,7,0,1,1,0,2
5,2,2,6,1,7,7,0,1,1,1,1
5,1,1,4,1,7,7,2,2,2,-1,-1
5,1,1,3,0,7,7,3,-1,-1,2,2
5,1,0,2,0,7,7,2,2,2,-1,-1
5,0,0,1,0,7,7,1,1,1,1,1
7,1,1,6,1,7,7,0,1,1,1,1
7,1,1,4,1,7,7,2,2,2,-1,-1
7,1,1,3,0,7,7,3,-1,-1,2,2
7,1,0,2,0,7,7,2,2,2,-1,-1
7,0,0,1,0,7,7,1,1,1,1,1
3,1,1,6,1,7,7,0,1,1,1,1
1,1,1,4,1,7,7,0,1,1,1,1
1,1,0,2,1,7,7,0,1,1,1,1
12,12,12,4,1,7,7,1,1,0,1,1
12,12,12,3,0,7,7,4,-1,-1,2,-1
12,12,12,3,0,7,0,1,1,1,1,1
12,12,0,2,1,7,7,4,-1,-1,0,-1
12,12,0,2,1,7,0,2,0,0,-1,-1
12,0,0,1,0,7,7,3,-1,-1,0,2
34,7,3,7,1,7,7,2,1,1,-1,-1
34,7,1,6,0,7,7,3,-1,-1,1,1
34,7,1,5,1,7,7,2,2,2,-1,-1
34,7,1,4,0,7,7,3,-1,-1,2,2
34,7,1,3,0,7,7,2,2,2,-1,-1
34,7,0,2,0,7,7,1,0,0,0,0
7,0,0,1,0,7,7,1,1,1,1,1
10,2,0,2,1,7,7,1,1,1,1,2
2,0,0,1,0,7,7,2,2,2,-1,-1
2,1,1,3,1,0,7,0,2,1,2,1
1,0,0,1,1,7,7,2,2,2,-1,-1
3,1,1,6,1,0,1,0,2,1,2,1
3,1,1,4,1,7,7,0,1,1,1,1
1,1,0,2,1,7,7,0,1,1,1,1
3,3,3,8,1,7,7,0,1,1,1,1
3,3,1,6,1,7,7,0,1,1,1,1
1,1,1,4,1,7,7,0,1,1,1,1
1,1,0,2,1,7,7,0,1,1,1,1
12,2,2,3,1,7,7,1,1,1,1,1
2,2,0,2,1,7,7,0,1,1,1,1
5,1,1,4,1,7,7,2,2,2,-1,-1
5,1,1,3,0,7,7,3,-1,-1,2,2
5,1,0,2,0,7,7,2,2,2,-1,-1
5,0,0,1,0,7,7,1,1,1,1,1
32,0,0,1,1,7,7,1,0,0,0,0
4,0,0,1,1,7,7,1,1,1,1,1
9,1,1,8,1,7,7,0,1,1,1,1
9,1,1,6,1,7,7,0,1,1,1,1
9,1,1,4,1,7,7,2,2,2,-1,-1
9,1,1,3,0,7,7,3,-1,-1,2,2
9,1,0,2,0,7,7,1,1,1,1,2
1,0,0,1,0,7,7,2,2,2,-1,-1
4,0,0,1,1,7,7,1,1,1,1,1
2,1,1,7,1,7,7,0,1,1,1,1
1,1,1,5,1,7,7,0,1,1,1,1
1,1,1,3,1,7,7,0,1,1,1,1
1,0,0,1,1,7,7,2,2,2,-1,-1
3,3,3,8,1,7,7,0,1,1,1,1
3,3,3,6,1,7,7,0,1,1,1,1
3,3,3,4,1,7,7,0,1,1,1,1
3,3,0,2,1,7,7,0,1,1,1,1
24,0,0,1,1,7,7,1,0,0,0,0
2,1,1,3,1,7,7,0,1,1,1,1
1,0,0,1,1,7,7,2,2,2,-1,-1
6,5,5,3,1,0,1,1,1,1,1,1
5,5,0,2,1,7,7,0,1,1,1,1
46,18,0,2,1,0,7,1,0,0,0,0
18,0,0,1,0,7,7,1,0,0,0,0
2,2,2,8,1,7,7,0,1,1,1,1
2,2,2,6,1,7,7,0,1,1,1,1
2,2,2,4,1,7,7,0,1,1,1,1
2,2,0,2,1,7,7,0,1,1,1,1
15,4,2,6,1,7,7,0,1,1,1,1
15,1,1,4,1,7,7,2,2,2,-1,-1
15,1,1,3,0,7,7,3,-1,-1,2,2
15,1,0,2,0,7,7,1,0,0,0,0
1,0,0,1,1,7,7,2,2,2,-1,-1
31,12,7,8,1,0,7,2,1,1,-1,-1
31,12,7,7,0,7,7,3,-1,-1,1,1
31,12,7,6,1,7,7,2,2,1,-1,-1
31,12,7,5,0,7,7,3,-1,-1,1,1
31,12,7,4,0,7,7,2,1,2,-1,-1
31,12,7,3,0,7,7,1,0,0,0,0
12,7,0,2,1,7,7,4,0,-1,-1,-1
12,7,0,2,1,0,7,1,1,1,1,1
7,0,0,1,1,7,7,1,1,1,1,1
2,1,1,3,1,0,7,0,2,1,2,1
1,0,0,1,1,7,7,2,2,2,-1,-1
12,0,0,1,1,7,7,1,1,1,1,1
2,2,1,6,1,7,7,0,1,1,1,1
1,1,1,4,1,7,7,0,1,1,1,1
1,1,0,2,1,7,7,0,1,1,1,1
2,2,0,2,1,7,7,0,1,1,1,1
2,1,1,7,1,0,7,0,2,1,2,1
1,1,1,5,1,7,7,0,1,1,1,1
1,1,1,3,1,7,7,0,1,1,1,1
1,0,0,1,1,7,7,2,2,2,-1,-1
27,3,3,8,1,7,7,0,1,1,1,1
27,3,3,6,1,7,7,2,1,1,-1,-1
27,3,3,5,0,7,7,3,-1,-1,1,0
27,3,3,4,0,7,7,2,1,1,-1,-1
27,3,3,3,0,7,7,3,-1,-1,1,1
27,3,0,2,0,7,7,2,1,1,-1,-1
27,0,0,1,0,7,7,1,0,0,0,0
6,2,2,4,1,7,7,2,2,2,-1,-1
6,2,2,3,0,7,7,3,-1,-1,2,2
6,2,0,2,0,7,7,2,2,2,-1,-1
6,0,0,1,0,7,7,1,1,1,1,1
8,4,0,2,1,0,7,0,0,0,0,0
18,6,3,7,1,7,7,0,1,1,1,1
18,6,1,5,1,7,7,2,2,2,-1,-1
18,6,1,4,0,7,7,3,-1,-1,2,2
18,6,1,3,0,7,7,1,0,0,0,0
6,1,0,2,0,7,7,2,2,2,-1,-1
6,0,0,1,1,7,7,1,1,1,1,1
4,3,2,5,1,7,7,0,1,1,1,1
2,2,1,3,1,7,7,0,1,1,1,1
1,0,0,1,1,7,7,2,2,2,-1,-1
20,4,4,4,1,7,7,2,2,1,-1,-1
20,4,4,3,0,7,7,3,-1,-1,1,1
20,4,0,2,0,7,7,2,1,1,-1,-1
20,0,0,1,0,7,7,1,0,0,0,0
2,2,2,4,1,0,7,0,2,1,2,1
2,2,0,2,1,7,7,0,1,1,1,1
24,4,4,7,1,0,7,0,1,1,1,1
24,4,4,5,1,7,7,2,2,1,-1,-1
24,4,4,4,0,7,7,3,-1,-1,1,1
24,4,4,3,0,7,7,2,1,1,-1,-1
24,4,0,2,0,7,7,3,-1,-1,1,1
24,0,0,1,0,7,7,1,0,0,0,0
1,1,1,8,1,0,1,0,2,1,2,1
1,1,1,6,1,7,7,0,1,1,1,1
1,1,1,4,1,7,7,0,1,1,1,1
1,1,0,2,1,7,7,0,1,1,1,1
22,10,0,2,1,7,7,1,0,0,0,0
10,0,0,1,1,7,7,1,1,0,1,1
12,0,0,1,1,7,7,1,1,1,1,1
1,1,1,4,1,7,7,0,1,1,1,1
1,1,0,2,1,7,7,0,1,1,1,1
25,9,5,7,1,7,7,2,2,2,-1,-1
25,9,5,6,0,7,7,3,-1,-1,2,1
25,9,5,5,0,7,7,2,1,1,-1,-1
25,9,5,4,0,7,7,3,-1,-1,1,1
25,9,5,3,0,7,7,2,1,1,-1,-1
25,9,0,2,0,7,7,3,-1,-1,0,0
25,0,0,1,0,7,7,1,0,0,0,0
6,1,1,3,1,7,7,0,1,1,1,2
1,0,0,1,0,7,7,3,-1,-1,1,2
11,3,1,4,1,0,7,2,2,1,-1,-1
11,1,1,3,0,7,7,3,-1,-1,2,1
11,1,0,2,1,7,7,2,2,2,-1,-1
11,0,0,1,0,7,7,1,1,1,1,1
48,0,0,1,1,7,7,1,0,0,0,0
28,9,9,5,1,7,7,0,0,0,0,1
28,9,9,3,1,7,7,4,-1,-1,2,-1
28,9,9,3,1,7,0,1,0,0,0,0
9,9,0,2,1,7,7,4,2,-1,-1,-1
9,9,0,2,1,0,7,0,0,0,0,0
6,6,6,6,1,7,7,2,2,2,-1,-1
6,6,6,5,0,7,7,3,-1,-1,2,2
6,6,6,4,0,7,7,0,1,1,1,1
6,2,0,2,1,7,7,4,-1,-1,0,-1
6,2,0,2,1,7,0,2,1,1,-1,-1
2,0,0,1,0,7,7,3,-1,-1,2,1
38,7,3,3,1,7,7,1,0,0,0,0
7,3,0,2,1,7,7,4,0,-1,-1,-1
7,3,0,2,1,0,7,0,0,0,0,0
35,7,3,6,1,7,7,2,2,2,-1,-1
35,7,3,5,0,7,7,3,-1,-1,2,2
35,7,3,4,0,7,7,2,2,2,-1,-1
35,7,3,3,0,7,7,1,0,0,0,0
7,3,0,2,1,7,7,4,0,-1,-1,-1
7,3,0,2,1,0,7,0,0,0,0,0
1,1,1,4,1,0,1,0,2,1,2,1
1,1,0,2,1,7,7,0,1,1,1,1
30,17,17,3,1,7,7,1,0,0,0,0
17,17,0,2,0,7,7,4,0,-1,-1,-1
17,17,0,2,0,0,7,0,0,0,0,0
1,1,1,4,1,7,7,0,1,1,1,1
1,1,0,2,1,7,7,0,1,1,1,1
4,2,2,3,1,7,7,0,1,1,1,1
2,0,0,1,1,7,7,2,2,2,-1,-1
8,2,2,3,1,7,7,0,1,1,1,1
8,0,0,1,1,7,7,1,1,1,1,1
64,0,0,1,1,0,7,1,0,0,0,0
50,10,4,3,1,7,7,1,0,0,0,1
10,4,0,2,0,7,7,4,-1,-1,0,-1
10,4,0,2,0,7,0,2,1,1,-1,-1
10,0,0,1,0,7,0,1,1,0,1,1
1,1,1,4,1,7,7,0,1,1,1,1
1,1,0,2,1,7,7,0,1,1,1,1
9,3,0,2,1,7,7,0,0,0,0,0
9,1,1,8,1,7,7,0,1,1,1,1
9,1,1,6,1,7,7,0,1,1,1,1
9,1,1,4,1,7,7,2,2,2,-1,-1
9,1,1,3,0,7,7,3,-1,-1,2,2
9,1,0,2,0,7,7,1,1,1,1,2
1,0,0,1,0,7,7,2,2,2,-1,-1
4,4,4,6,1,0,1,0,1,1,1,1
4,4,4,4,1,7,7,0,1,1,1,1
4,4,0,2,1,7,7,0,1,1,1,1
6,6,6,8,1,7,7,0,1,1,1,1
6,6,6,6,1,7,7,4,-1,-1,0,-1
6,6,6,6,1,7,0,2,1,1,-1,-1
6,6,6,5,0,7,7,3,-1,-1,1,1
6,6,6,4,1,7,7,4,-1,-1,0,-1
6,6,6,4,1,7,0,2,1,1,-1,-1
6,6,6,3,0,7,7,3,-1,-1,1,2
6,6,0,2,0,7,7,4,2,-1,-1,-1
6,6,0,2,0,0,7,0,1,1,1,1
12,2,2,3,1,0,7,1,1,1,1,1
2,2,0,2,1,7,7,0,1,1,1,1
4,0,0,1,1,7,7,1,1,1,1,1
4,0,0,1,1,7,7,1,1,1,1,1
14,6,4,3,1,7,7,1,0,0,0,1
6,4,0,2,1,7,7,4,-1,-1,2,-1
6,4,0,2,1,7,0,0,1,0,1,1
4,4,4,7,1,0,7,0,1,1,2,2
4,4,1,5,0,7,7,3,-1,-1,1,2
4,4,1,4,0,7,7,0,1,1,1,1
1,1,0,2,1,7,7,0,1,1,1,1
5,2,1,7,1,7,7,0,1,1,1,1
5,1,1,5,1,7,7,0,1,1,1,1
5,1,1,3,1,7,7,2,2,2,-1,-1
5,1,0,2,0,7,7,0,1,1,0,2
4,2,2,7,1,7,7,0,1,1,1,1
2,2,2,5,1,7,7,0,1,1,1,1
2,2,2,3,1,7,7,0,1,1,1,1
2,0,0,1,1,7,7,2,2,2,-1,-1
10,8,2,5,1,7,7,2,2,2,-1,-1
10,8,2,4,0,7,7,3,-1,-1,2,1
10,8,2,3,0,7,7,1,1,0,1,1
8,2,0,2,0,7,7,2,2,2,-1,-1
8,0,0,1,0,7,7,1,1,1,1,1
21,5,2,7,1,7,7,0,1,1,1,1
21,5,1,5,1,7,7,2,2,2,-1,-1
21,5,1,4,0,7,7,3,-1,-1,2,2
21,5,1,3,0,7,7,1,0,0,0,0
5,1,0,2,0,7,7,3,-1,-1,2,2
5,0,0,1,1,7,7,1,1,1,1,1
10,4,2,3,1,7,7,1,1,1,1,1
4,2,0,2,0,7,7,2,1,1,-1,-1
2,0,0,1,0,7,7,3,-1,-1,1,2
6,2,2,6,1,7,7,0,1,1,1,1
6,2,2,4,1,7,7,2,2,2,-1,-1
6,2,2,3,0,7,7,3,-1,-1,2,2
6,2,0,2,0,7,7,2,2,2,-1,-1
6,0,0,1,0,7,7,1,1,1,1,1
2,2,1,6,1,7,7,0,1,1,1,1
1,1,1,4,1,7,7,0,1,1,1,1
1,1,0,2,1,7,7,0,1,1,1,1
4,0,0,1,1,7,7,1,1,1,1,1
12,12,0,2,1,7,7,0,0,0,0,0
11,5,0,2,1,7,7,1,1,1,1,1
5,0,0,1,1,7,7,1,1,1,1,1
9,3,1,6,1,7,7,0,1,1,1,1
9,1,1,4,1,7,7,2,2,2,-1,-1
9,1,1,3,0,7,7,3,-1,-1,2,2
9,1,0,2,0,7,7,1,1,1,1,2
1,0,0,1,0,7,7,2,2,2,-1,-1
6,3,2,8,1,7,7,0,1,1,1,1
6,1,1,6,1,7,7,0,1,1,1,1
6,1,1,4,1,7,7,0,1,1,1,1
6,1,0,2,1,7,7,0,1,1,0,2
4,0,0,1,1,0,7,1,2,1,2,1
12,6,4,7,1,0,7,0,1,1,1,1
12,6,3,5,1,7,7,2,2,2,-1,-1
12,6,3,4,0,7,7,3,-1,-1,2,1
12,6,3,3,0,7,7,1,1,1,1,1
6,3,0,2,1,7,7,0,1,1,1,0
4,0,0,1,1,7,7,1,1,1,1,1
49,15,0,2,1,7,7,1,0,0,0,0
15,0,0,1,0,7,7,1,0,0,0,0
2,1,1,7,1,7,7,0,1,1,1,1
1,1,1,5,1,7,7,0,1,1,1,1
1,1,1,3,1,7,7,0,1,1,1,1
1,0,0,1,1,7,7,2,2,2,-1,-1
48,0,0,1,1,0,7,1,0,0,0,0
1,1,1,8,1,0,1,0,2,1,2,1
1,1,1,6,1,7,7,0,1,1,1,1
1,1,1,4,1,7,7,0,1,1,1,1
1,1,0,2,1,7,7,0,1,1,1,1
14,6,6,4,1,7,7,1,0,0,0,1
6,6,6,3,1,7,7,4,-1,-1,2,-1
6,6,6,3,1,7,0,1,1,1,1,1
6,6,0,2,1,7,7,0,1,1,1,1
2,1,1,3,1,7,7,0,1,1,1,1
1,0,0,1,1,7,7,2,2,2,-1,-1
8,3,2,6,1,7,7,0,1,1,1,1
8,1,1,4,1,7,7,2,2,2,-1,-1
8,1,1,3,0,7,7,3,-1,-1,2,2
8,1,0,2,0,7,7,2,2,2,-1,-1
8,0,0,1,0,7,7,1,1,1,1,1
21,5,2,7,1,7,7,0,1,1,1,1
21,5,1,5,1,7,7,2,2,2,-1,-1
21,5,1,4,0,7,7,3,-1,-1,2,2
21,5,1,3,0,7,7,1,0,0,0,0
5,1,0,2,0,7,7,3,-1,-1,2,2
5,0,0,1,1,7,7,1,1,1,1,1
32,0,0,1,1,7,7,1,0,0,0,0
4,2,2,7,1,0,1,0,2,1,2,1
4,1,1,5,1,7,7,0,1,1,1,1
1,1,1,3,1,7,7,0,1,1,1,1
1,0,0,1,1,7,7,2,2,2,-1,-1
32,0,0,1,1,7,7,1,0,0,0,0
13,4,2,7,1,7,7,0,1,1,1,1
13,2,1,5,1,7,7,2,2,2,-1,-1
13,1,1,4,0,7,7,3,-1,-1,2,2
13,1,1,3,0,7,7,2,2,1,-1,-1
13,1,0,2,0,7,7,1,0,0,1,0
1,0,0,1,0,7,7,3,-1,-1,2,2
16,0,0,1,1,7,7,1,0,0,0,0
4,2,1,8,1,0,7,0,1,1,2,2
1,1,1,6,0,7,7,3,-1,-1,1,2
1,1,1,5,0,7,7,0,1,1,1,1
1,1,1,3,1,7,7,0,1,1,1,1
1,0,0,1,1,7,7,2,2,2,-1,-1
4,4,4,6,1,7,7,0,1,1,1,1
4,4,4,4,1,7,7,0,1,1,1,1
4,4,0,2,1,7,7,0,1,1,1,1
3,1,0,2,1,7,7,0,1,1,1,1
48,0,0,1,1,7,7,1,0,0,0,0
64,0,0,1,1,7,7,1,0,0,0,0
44,10,10,3,1,7,7,1,0,0,0,0
10,10,0,2,1,7,7,4,0,-1,-1,-1
10,10,0,2,1,0,7,0,0,0,0,0
43,7,7,4,1,7,7,1,0,0,0,0
7,7,7,3,1,7,7,4,0,-1,-1,-1
7,7,7,3,1,0,7,4,-1,-1,0,-1
7,7,7,3,1,0,0,1,1,1,1,0
7,7,0,2,0,7,7,2,0,0,-1,-1
7,0,0,1,0,7,7,3,-1,-1,0,0
41,10,5,8,1,7,7,2,2,2,-1,-1
41,10,5,7,0,7,7,3,-1,-1,2,2
41,10,5,6,0,7,7,2,2,2,-1,-1
41,10,5,5,0,7,7,3,-1,-1,1,2
41,10,5,4,0,7,7,2,1,1,-1,-1
41,10,3,3,0,7,7,3,-1,-1,1,1
41,10,0,2,0,7,7,1,0,0,0,0
10,0,0,1,0,7,7,1,1,0,1,1
17,5,2,3,1,0,1,1,0,0,0,0
5,2,0,2,0,7,7,2,2,2,-1,-1
5,0,0,1,1,7,7,1,1,1,1,1
16,0,0,1,1,7,7,1,0,0,0,0
32,32,0,2,1,7,7,0,0,0,0,0
17,5,2,3,1,0,7,1,0,0,0,0
5,2,0,2,0,7,7,2,2,2,-1,-1
5,0,0,1,1,7,7,1,1,1,1,1
2,1,1,3,1,0,1,0,2,1,2,1
1,0,0,1,1,7,7,2,2,2,-1,-1
8,0,0,1,1,0,7,1,1,1,1,1
28,4,4,6,1,0,1,0,1,1,1,1
28,4,4,4,1,7,7,2,2,1,-1,-1
28,4,4,3,0,7,7,3,-1,-1,1,1
28,4,0,2,0,7,7,2,1,1,-1,-1
28,0,0,1,0,7,7,1,0,0,0,0
39,11,6,7,1,0,7,2,2,2,-1,-1
39,11,6,6,0,7,7,3,-1,-1,2,2
39,11,6,5,0,7,7,2,2,1,-1,-1
39,11,6,4,0,7,7,3,-1,-1,1,1
39,11,6,3,0,7,7,2,1,1,-1,-1
39,11,0,2,0,7,7,1,0,0,0,0
11,0,0,1,1,7,7,1,1,1,1,1
6,4,2,5,1,7,7,0,1,1,1,1
6,2,2,3,1,7,7,2,2,2,-1,-1
6,2,0,2,0,7,7,0,1,1,0,2
12,10,10,3,1,7,7,1,1,0,1,1
10,10,0,2,0,7,7,4,-1,-1,2,-1
10,10,0,2,0,7,0,0,0,0,0,0
27,9,5,6,1,7,7,2,2,2,-1,-1
27,9,5,5,0,7,7,3,-1,-1,2,1
27,9,5,4,0,7,7,2,1,1,-1,-1
27,9,5,3,0,7,7,3,-1,-1,1,1
27,9,0,2,0,7,7,1,0,0,0,0
9,0,0,1,1,7,7,1,1,0,1,1
8,2,2,3,1,7,7,0,1,1,1,1
8,0,0,1,1,7,7,1,1,1,1,1
16,0,0,1,1,7,7,1,0,0,0,0
4,2,2,7,1,7,7,0,1,1,1,1
2,2,2,5,1,7,7,0,1,1,1,1
2,2,2,3,1,7,7,0,1,1,1,1
2,0,0,1,1,7,7,2,2,2,-1,-1
32,32,0,2,1,7,7,0,0,0,0,0
8,0,0,1,1,7,7,1,1,1,1,1
4,0,0,1,1,7,7,1,1,1,1,1
6,4,2,5,1,7,7,0,1,1,1,1
6,2,2,3,1,7,7,2,2,2,-1,-1
6,2,0,2,0,7,7,0,1,1,0,2
33,15,9,4,1,7,7,1,0,0,0,1
15,9,7,3,0,7,7,4,0,-1,-1,-1
15,9,7,3,0,0,7,4,-1,-1,0,-1
15,9,7,3,0,0,0,1,0,0,0,1
9,7,0,2,1,7,7,4,-1,-1,2,-1
9,7,0,2,1,7,0,0,0,0,0,0
38,26,0,2,1,0,1,1,0,0,0,0
26,0,0,1,1,7,7,1,0,0,0,0
4,1,1,5,1,0,1,0,2,1,2,1
4,1,1,3,1,7,7,0,1,1,1,1
1,0,0,1,1,7,7,2,2,2,-1,-1
8,8,4,4,1,7,7,2,2,2,-1,-1
8,8,4,3,0,7,7,3,-1,-1,2,0
8,8,0,2,0,7,7,4,0,-1,-1,-1
8,8,0,2,0,0,7,0,0,0,0,0
1,1,1,8,1,0,1,0,2,1,2,1
1,1,1,6,1,7,7,0,1,1,1,1
1,1,1,4,1,7,7,0,1,1,1,1
1,1,0,2,1,7,7,0,1,1,1,1
22,5,5,3,1,7,7,1,0,0,0,0
5,5,0,2,1,7,7,4,2,-1,-1,-1
5,5,0,2,1,0,7,0,1,1,1,1
35,7,3,6,1,7,7,2,2,2,-1,-1
35,7,3,5,0,7,7,3,-1,-1,2,2
35,7,3,4,0,7,7,2,2,2,-1,-1
35,7,3,3,0,7,7,1,0,0,0,0
7,3,0,2,1,7,7,4,0,-1,-1,-1
7,3,0,2,1,0,7,0,0,0,0,0
30,19,15,3,1,7,7,1,0,0,0,0
19,15,0,2,0,7,7,4,0,-1,-1,-1
19,15,0,2,0,0,7,1,0,0,0,0
15,0,0,1,1,7,7,1,0,0,0,0
12,0,0,1,1,7,7,1,1,1,1,1
48,0,0,1,1,7,7,1,0,0,0,0
8,5,3,3,1,7,7,1,1,1,1,1
5,3,0,2,1,7,7,0,1,1,1,0
4,0,0,1,1,7,7,1,1,1,1,1
10,1,1,7,1,7,7,0,1,1,1,1
10,1,1,5,1,7,7,2,2,2,-1,-1
10,1,1,4,0,7,7,3,-1,-1,2,2
10,1,1,3,0,7,7,2,2,1,-1,-1
10,1,0,2,0,7,7,1,1,1,1,2
1,0,0,1,0,7,7,2,2,2,-1,-1
8,0,0,1,1,7,7,1,1,1,1,1
2,2,0,2,1,0,7,0,2,1,2,1
2,1,1,3,1,7,7,0,1,1,1,1
1,0,0,1,1,7,7,2,2,2,-1,-1
11,1,1,6,1,7,7,0,1,1,1,1
11,1,1,4,1,7,7,2,2,2,-1,-1
11,1,1,3,0,7,7,3,-1,-1,2,2
11,1,0,2,0,7,7,1,1,1,1,1
1,0,0,1,1,7,7,2,2,2,-1,-1
12,0,0,1,1,7,7,1,1,1,1,1
5,3,2,8,1,0,1,0,2,1,1,2
5,2,1,6,0,7,7,2,2,2,-1,-1
5,1,1,5,0,7,7,0,1,1,1,1
5,1,1,3,1,7,7,2,2,2,-1,-1
5,1,0,2,0,7,7,0,1,1,0,2
12,0,0,1,1,7,7,1,1,1,1,1
41,7,0,2,1,7,7,1,0,0,0,0
7,0,0,1,0,7,7,1,1,1,1,1
4,4,4,8,1,7,7,0,1,1,1,1
4,4,2,6,1,7,7,0,1,1,1,1
2,2,2,4,1,7,7,0,1,1,1,1
2,2,0,2,1,7,7,0,1,1,1,1
16,0,0,1,1,7,7,1,0,0,0,0
23,3,3,4,1,7,7,2,2,1,-1,-1
23,3,3,3,0,7,7,3,-1,-1,1,1
23,3,0,2,0,7,7,2,1,1,-1,-1
23,0,0,1,0,7,7,1,0,0,0,0
48,0,0,1,1,0,7,1,0,0,0,0
8,8,8,3,1,7,7,1,1,1,1,1
8,8,0,2,1,7,7,0,0,0,0,0
16,4,4,3,1,0,1,1,0,0,0,0
4,4,0,2,1,7,7,0,1,1,1,1
32,0,0,1,1,7,7,1,0,0,0,0
45,10,4,7,1,0,1,2,1,1,-1,-1
45,10,2,6,0,7,1,3,-1,-1,1,1
45,10,2,5,1,7,7,2,2,2,-1,-1
45,10,2,4,0,7,7,3,-1,-1,2,2
45,10,1,3,0,7,7,2,2,2,-1,-1
45,10,0,2,0,7,7,1,0,0,0,0
10,0,0,1,0,7,7,1,1,0,1,1
30,9,9,3,1,7,7,1,0,0,0,0
9,9,0,2,0,7,7,4,0,-1,-1,-1
9,9,0,2,0,0,7,0,0,0,0,0
10,1,1,7,1,7,7,0,1,1,1,1
10,1,1,5,1,7,7,2,2,2,-1,-1
10,1,1,4,0,7,7,3,-1,-1,2,2
10,1,1,3,0,7,7,2,2,1,-1,-1
10,1,0,2,0,7,7,1,1,1,1,2
1,0,0,1,0,7,7,2,2,2,-1,-1
2,2,1,7,1,7,7,0,1,1,1,1
1,1,1,5,1,7,7,0,1,1,1,1
1,1,1,3,1,7,7,0,1,1,1,1
1,0,0,1,1,7,7,2,2,2,-1,-1
22,13,13,3,1,0,1,1,0,0,0,0
13,13,0,2,1,7,7,4,2,-1,-1,-1
13,13,0,2,1,0,7,0,0,0,0,0
64,0,0,1,1,0,7,1,0,0,0,0
48,0,0,1,1,7,7,1,0,0,0,0
12,0,0,1,1,7,7,1,1,1,1,1
5,2,1,3,1,0,1,0,2,1,2,1
5,0,0,1,1,7,7,1,1,1,1,1
5,2,1,7,1,0,1,0,2,1,2,1
5,1,1,5,1,7,7,0,1,1,1,1
5,1,1,3,1,7,7,2,2,2,-1,-1
5,1,0,2,0,7,7,0,1,1,0,2
24,0,0,1,1,7,7,1,0,0,0,0
2,1,1,3,1,7,7,0,1,1,1,1
1,0,0,1,1,7,7,2,2,2,-1,-1
17,7,0,2,1,7,7,1,0,0,0,0
7,0,0,1,0,7,7,1,1,1,1,1
18,2,2,8,1,7,7,0,1,1,1,1
18,2,2,6,1,7,7,2,2,2,-1,-1
18,2,2,5,0,7,7,3,-1,-1,2,2
18,2,2,4,0,7,7,2,2,1,-1,-1
18,2,2,3,0,7,7,3,-1,-1,1,2
18,2,0,2,0,7,7,1,0,0,0,0
2,0,0,1,0,7,7,2,2,2,-1,-1
10,6,4,7,1,0,7,0,1,1,1,1
10,6,3,5,1,7,7,2,2,1,-1,-1
10,6,3,4,0,7,7,3,-1,-1,1,1
10,6,3,3,0,7,7,2,1,1,-1,-1
10,3,0,2,0,7,7,3,-1,-1,1,1
10,0,0,1,0,7,7,1,1,0,1,1
4,1,1,5,1,7,7,0,1,1,1,1
1,1,1,3,1,7,7,0,1,1,1,1
1,0,0,1,1,7,7,2,2,2,-1,-1
3,1,0,2,1,7,7,0,1,1,1,1
33,12,6,8,1,7,7,2,2,2,-1,-1
33,12,6,7,0,7,7,3,-1,-1,2,2
33,12,6,6,0,7,7,2,2,1,-1,-1
33,12,6,5,0,7,7,3,-1,-1,1,1
33,12,6,4,0,7,7,2,1,1,-1,-1
33,12,6,3,0,7,7,3,-1,-1,1,1
33,12,0,2,0,7,7,1,0,0,0,0
12,0,0,1,0,7,7,1,1,1,1,1
16,0,0,1,1,7,7,1,0,0,0,0
5,3,0,2,1,7,7,0,1,1,1,0
48,0,0,1,1,7,7,1,0,0,0,0
32,0,0,1,1,7,7,1,0,0,0,0
10,1,1,7,1,7,7,0,1,1,1,1
10,1,1,5,1,7,7,2,2,2,-1,-1
10,1,1,4,0,7,7,3,-1,-1,2,2
10,1,1,3,0,7,7,2,2,1,-1,-1
10,1,0,2,0,7,7,1,1,1,1,2
1,0,0,1,0,7,7,2,2,2,-1,-1
12,0,0,1,1,0,7,1,1,1,1,1
16,0,0,1,1,7,7,1,0,0,0,0
12,6,6,7,1,0,7,0,1,1,1,1
12,6,6,5,1,7,7,4,-1,-1,0,-1
12,6,6,5,1,7,0,2,1,1,-1,-1
12,6,6,4,0,7,0,3,-1,-1,1,2
12,6,6,3,0,7,7,4,2,-1,-1,-1
12,6,6,3,0,0,7,1,1,1,1,1
6,6,0,2,1,7,7,4,-1,-1,2,-1
6,6,0,2,1,7,0,2,1,1,-1,-1
6,0,0,1,0,7,7,3,-1,-1,1,0
16,0,0,1,1,7,7,1,0,0,0,0
6,6,6,8,1,7,7,2,2,2,-1,-1
6,6,6,7,0,7,7,3,-1,-1,2,2
6,6,6,6,0,7,7,2,2,2,-1,-1
6,6,6,5,0,7,7,3,-1,-1,2,2
6,6,6,4,0,7,7,0,1,1,1,1
6,6,0,2,1,7,7,4,-1,-1,0,-1
6,6,0,2,1,7,0,2,1,1,-1,-1
6,0,0,1,0,7,7,3,-1,-1,1,2
16,4,2,5,1,7,7,2,2,1,-1,-1
16,4,1,4,0,7,7,3,-1,-1,1,1
16,1,1,3,0,7,7,2,1,2,-1,-1
16,1,0,2,0,7,7,1,0,0,0,0
1,0,0,1,1,7,7,2,2,2,-1,-1
16,12,12,5,1,0,1,1,0,0,0,1
12,12,12,4,1,7,7,4,-1,-1,2,-1
12,12,12,4,1,7,0,1,1,1,1,1
12,12,12,3,1,7,7,4,-1,-1,0,-1
12,12,12,3,1,7,0,2,0,0,-1,-1
12,12,0,2,0,7,7,3,-1,-1,0,2
12,0,0,1,0,7,7,1,1,1,1,1
11,1,1,6,1,7,7,0,1,1,1,1
11,1,1,4,1,7,7,2,2,2,-1,-1
11,1,1,3,0,7,7,3,-1,-1,2,2
11,1,0,2,0,7,7,1,1,1,1,1
1,0,0,1,1,7,7,2,2,2,-1,-1
14,2,2,6,1,0,1,0,2,1,2,1
14,2,2,4,1,7,7,2,2,2,-1,-1
14,2,2,3,0,7,7,3,-1,-1,2,2
14,2,0,2,0,7,7,1,0,0,1,0
2,0,0,1,0,7,7,3,-1,-1,2,2
26,2,2,4,1,7,7,2,2,2,-1,-1
26,2,2,3,0,7,7,3,-1,-1,2,1
26,2,0,2,0,7,7,1,0,0,1,0
2,0,0,1,0,7,7,3,-1,-1,2,2
11,1,1,6,1,7,7,0,1,1,1,1
11,1,1,4,1,7,7,2,2,2,-1,-1
11,1,1,3,0,7,7,3,-1,-1,2,2
11,1,0,2,0,7,7,1,1,1,1,1
1,0,0,1,1,7,7,2,2,2,-1,-1
36,14,8,4,1,7,7,1,0,0,0,0
14,8,6,3,1,7,7,4,0,-1,-1,-1
14,8,6,3,1,0,7,4,-1,-1,0,-1
14,8,6,3,1,0,0,1,0,0,0,1
8,6,0,2,1,7,7,4,-1,-1,2,-1
8,6,0,2,1,7,0,0,0,0,0,0
8,8,8,4,1,0,1,1,1,1,1,1
8,8,8,3,1,7,7,1,1,1,1,1
8,8,0,2,1,7,7,0,0,0,0,0
4,4,4,8,1,7,7,0,1,1,1,1
4,4,4,6,1,7,7,0,1,1,1,1
4,4,4,4,1,7,7,0,1,1,1,1
4,4,0,2,1,7,7,0,1,1,1,1
3,3,2,7,1,7,7,0,1,1,1,1
2,1,1,5,1,7,7,0,1,1,1,1
1,1,1,3,1,7,7,0,1,1,1,1
1,0,0,1,1,7,7,2,2,2,-1,-1
18,3,1,5,1,0,7,2,2,1,-1,-1
18,3,1,4,0,7,7,3,-1,-1,1,1
18,1,1,3,0,7,7,2,1,2,-1,-1
18,1,0,2,0,7,7,1,0,0,0,0
1,0,0,1,0,7,7,2,2,2,-1,-1
2,1,1,3,1,7,7,0,1,1,1,1
1,0,0,1,1,7,7,2,2,2,-1,-1
4,0,0,1,1,7,7,1,1,1,1,1
5,3,2,5,1,7,7,0,1,1,1,1
5,1,1,3,1,7,7,2,2,2,-1,-1
5,1,0,2,0,7,7,0,1,1,0,2
48,10,4,4,1,7,7,2,2,1,-1,-1
48,10,2,3,0,7,7,3,-1,-1,1,2
48,10,0,2,0,7,7,1,0,0,0,0
10,0,0,1,1,7,7,1,1,0,1,1
1,1,1,4,1,0,7,0,2,1,2,1
1,1,0,2,1,7,7,0,1,1,1,1
24,2,2,5,1,7,7,2,2,2,-1,-1
24,2,2,4,0,7,7,3,-1,-1,2,2
24,2,2,3,0,7,7,2,2,2,-1,-1
24,2,0,2,0,7,7,1,0,0,0,0
2,0,0,1,1,7,7,2,2,2,-1,-1
4,0,0,1,1,7,7,1,1,1,1,1
32,0,0,1,1,7,7,1,0,0,0,0
32,0,0,1,1,7,7,1,0,0,0,0
6,3,2,6,1,0,7,0,1,1,1,1
6,2,2,4,1,7,7,2,2,2,-1,-1
6,2,1,3,0,7,7,3,-1,-1,2,2
6,1,0,2,0,7,7,2,2,2,-1,-1
6,0,0,1,0,7,7,1,1,1,1,1
6,6,2,4,1,7,7,0,1,1,1,1
6,6,0,2,1,7,7,0,1,1,1,1
4,4,0,2,1,7,7,0,1,1,1,1
32,0,0,1,1,0,7,1,0,0,0,0
2,2,2,8,1,7,7,0,1,1,1,1
2,2,1,6,1,7,7,0,1,1,1,1
1,1,1,4,1,7,7,0,1,1,1,1
1,1,0,2,1,7,7,0,1,1,1,1
11,11,10,7,1,7,7,2,1,1,-1,-1
11,11,10,6,0,7,7,3,-1,-1,1,1
11,11,10,5,1,7,7,2,2,2,-1,-1
11,11,10,4,0,7,7,3,-1,-1,2,0
11,11,10,3,0,7,7,4,0,-1,-1,-1
11,11,10,3,0,0,7,1,1,1,2,1
11,10,0,2,1,7,7,4,-1,-1,2,-1
11,10,0,2,1,7,0,2,0,0,-1,-1
11,0,0,1,0,7,0,3,-1,-1,0,0
2,1,1,3,1,7,7,0,1,1,1,1
1,0,0,1,1,7,7,2,2,2,-1,-1
24,0,0,1,1,7,7,1,0,0,0,0
48,0,0,1,1,7,7,1,0,0,0,0
6,2,2,6,1,0,7,0,1,1,1,1
6,2,2,4,1,7,7,2,2,2,-1,-1
6,2,2,3,0,7,7,3,-1,-1,2,2
6,2,0,2,0,7,7,2,2,2,-1,-1
6,0,0,1,0,7,7,1,1,1,1,1
20,6,3,6,1,0,7,2,2,2,-1,-1
20,6,3,5,0,7,7,3,-1,-1,2,1
20,6,3,4,0,7,7,2,1,1,-1,-1
20,6,1,3,0,7,7,3,-1,-1,1,2
20,6,0,2,0,7,7,1,0,0,0,0
6,0,0,1,1,7,7,1,1,1,1,1
33,10,5,3,1,7,7,1,0,0,0,0
10,5,0,2,0,7,7,4,0,-1,-1,-1
10,5,0,2,0,0,7,0,0,0,0,0
32,15,10,4,1,7,7,1,0,0,0,0
15,10,7,3,1,7,7,4,0,-1,-1,-1
15,10,7,3,1,0,7,4,-1,-1,0,-1
15,10,7,3,1,0,0,1,0,0,0,1
10,7,0,2,1,7,7,4,-1,-1,2,-1
10,7,0,2,1,7,0,0,0,0,0,0
2,2,1,6,1,7,7,0,1,1,1,1
1,1,1,4,1,7,7,0,1,1,1,1
1,1,0,2,1,7,7,0,1,1,1,1
4,2,2,7,1,0,7,0,1,1,2,2
2,1,1,5,0,7,7,3,-1,-1,1,2
1,1,1,4,0,7,7,0,1,1,1,1
1,1,0,2,1,7,7,0,1,1,1,1
17,7,0,2,1,0,1,1,0,0,0,0
7,0,0,1,0,7,7,1,1,1,1,1
12,0,0,1,1,0,7,1,1,1,1,1
9,7,0,2,1,7,7,0,0,0,0,0
24,8,0,2,1,7,7,1,0,0,0,0
8,0,0,1,1,7,7,1,1,1,1,1
32,0,0,1,1,7,7,1,0,0,0,0
31,8,3,8,1,7,7,0,1,1,1,1
31,8,1,6,1,7,7,2,2,2,-1,-1
31,8,1,5,0,7,7,3,-1,-1,2,2
31,8,1,4,0,7,7,2,2,2,-1,-1
31,8,1,3,0,7,7,1,0,0,0,0
8,1,0,2,1,7,7,4,0,-1,-1,-1
8,1,0,2,1,0,7,1,1,1,1,1
1,0,0,1,1,7,7,2,2,2,-1,-1
8,8,4,4,1,7,7,2,2,2,-1,-1
8,8,4,3,0,7,7,3,-1,-1,2,0
8,8,0,2,0,7,7,4,0,-1,-1,-1
8,8,0,2,0,0,7,0,0,0,0,0
21,11,0,2,1,7,7,1,0,0,0,0
11,0,0,1,0,7,7,1,1,1,1,1
18,7,4,4,1,7,7,2,1,1,-1,-1
18,7,3,3,0,7,7,3,-1,-1,1,2
18,7,0,2,0,7,7,1,0,0,0,0
7,0,0,1,0,7,7,1,1,1,1,1
3,3,3,4,1,7,7,0,1,1,1,1
3,3,0,2,1,7,7,0,1,1,1,1
16,15,15,6,1,0,1,0,1,0,1,1
16,15,15,4,0,7,7,4,-1,-1,2,-1
16,15,15,4,0,7,0,1,0,0,0,1
15,15,6,3,1,7,7,4,-1,-1,0,-1
15,15,6,3,1,7,0,2,1,1,-1,-1
15,15,0,2,0,7,0,0,0,0,0,0
24,20,20,3,1,7,7,1,0,0,0,0
20,20,0,2,1,7,7,4,2,-1,-1,-1
20,20,0,2,1,0,7,0,0,0,0,0
2,1,1,3,1,7,7,0,1,1,1,1
1,0,0,1,1,7,7,2,2,2,-1,-1
11,2,1,5,1,7,7,2,2,2,-1,-1
11,1,1,4,0,7,7,3,-1,-1,2,2
11,1,1,3,0,7,7,2,2,2,-1,-1
11,1,0,2,0,7,7,1,1,1,1,1
1,0,0,1,1,7,7,2,2,2,-1,-1
8,0,0,1,1,0,7,1,1,1,1,1
6,2,0,2,1,7,7,0,1,1,0,2
48,11,5,3,1,7,7,1,0,0,0,0
11,5,0,2,1,7,7,4,0,-1,-1,-1
11,5,0,2,1,0,7,1,1,1,1,1
5,0,0,1,1,7,7,1,1,1,1,1
22,22,10,4,1,7,7,0,0,0,0,1
22,22,0,2,1,7,7,4,-1,-1,2,-1
22,22,0,2,1,7,0,0,0,0,0,0
8,4,0,2,1,0,7,0,0,0,0,0
4,4,4,3,1,7,7,0,1,1,1,1
4,0,0,1,1,7,7,1,1,1,1,1
3,1,1,6,1,0,1,0,2,1,2,1
3,1,1,4,1,7,7,0,1,1,1,1
1,1,0,2,1,7,7,0,1,1,1,1
8,0,0,1,1,0,7,1,1,1,1,1
1,1,1,4,1,7,7,0,1,1,1,1
1,1,0,2,1,7,7,0,1,1,1,1
16,0,0,1,1,7,7,1,0,0,0,0
3,1,0,2,1,0,7,0,1,1,1,1
64,0,0,1,1,7,7,1,0,0,0,0
32,0,0,1,1,0,7,1,0,0,0,0
48,0,0,1,1,7,7,1,0,0,0,0
10,3,1,5,1,7,7,2,2,2,-1,-1
10,3,1,4,0,7,7,3,-1,-1,2,1
10,3,1,3,0,7,7,2,1,1,-1,-1
10,1,0,2,0,7,7,3,-1,-1,1,2
10,0,0,1,0,7,7,1,1,0,1,1
5,2,1,3,1,7,7,0,1,1,1,2
1,0,0,1,0,7,7,3,-1,-1,1,2
3,3,1,4,1,7,7,0,1,1,1,1
1,1,0,2,1,7,7,0,1,1,1,1
6,6,0,2,1,7,7,0,1,1,1,1
7,4,3,4,1,7,7,0,1,1,1,1
7,2,0,2,1,7,7,1,1,1,1,1
2,0,0,1,1,7,7,2,2,2,-1,-1
12,0,0,1,1,7,7,1,1,1,1,1
6,5,5,3,1,7,7,1,1,1,1,1
5,5,0,2,1,7,7,0,1,1,1,1
2,1,1,7,1,0,7,0,2,1,2,1
1,1,1,5,1,7,7,0,1,1,1,1
1,1,1,3,1,7,7,0,1,1,1,1
1,0,0,1,1,7,7,2,2,2,-1,-1
48,0,0,1,1,7,7,1,0,0,0,0
40,8,8,4,1,0,7,1,0,0,0,0
8,8,8,3,1,7,7,4,0,-1,-1,-1
8,8,8,3,1,0,7,4,-1,-1,0,-1
8,8,8,3,1,0,0,1,1,1,1,0
8,8,0,2,0,7,7,2,0,0,-1,-1
8,0,0,1,0,7,7,3,-1,-1,0,0
19,12,9,7,1,7,7,0,0,1,1,0
19,12,9,5,0,7,7,4,0,-1,-1,-1
19,12,9,5,0,0,7,3,-1,-1,1,2
19,12,9,4,0,0,7,2,1,1,-1,-1
19,12,9,3,0,7,7,4,-1,-1,0,-1
19,12,9,3,0,7,0,1,0,0,0,1
12,9,0,2,1,7,7,4,-1,-1,2,-1
12,9,0,2,1,7,0,0,0,0,0,0
10,2,0,2,1,7,7,1,1,1,1,2
2,0,0,1,0,7,7,2,2,2,-1,-1
1,1,1,4,1,7,7,0,1,1,1,1
1,1,0,2,1,7,7,0,1,1,1,1
32,0,0,1,1,7,7,1,0,0,0,0
8,2,1,4,1,7,7,2,2,2,-1,-1
8,1,1,3,0,7,7,3,-1,-1,2,2
8,1,0,2,0,7,7,2,2,2,-1,-1
8,0,0,1,0,7,7,1,1,1,1,1
3,2,1,5,1,7,7,0,1,1,1,1
1,1,1,3,1,7,7,0,1,1,1,1
1,0,0,1,1,7,7,2,2,2,-1,-1
12,5,3,6,1,0,7,2,2,2,-1,-1
12,5,3,5,0,7,7,3,-1,-1,2,2
12,5,3,4,0,7,7,2,2,1,-1,-1
12,5,3,3,0,7,7,1,1,1,1,1
5,3,0,2,1,7,7,0,1,1,1,0
10,7,7,7,1,7,7,2,2,2,-1,-1
10,7,7,6,0,7,7,3,-1,-1,2,2
10,7,7,5,0,7,7,2,2,2,-1,-1
10,7,7,4,0,7,7,1,1,1,1,2
7,7,2,3,0,7,7,2,2,2,-1,-1
7,7,0,2,0,7,7,0,0,0,0,0
6,6,6,8,1,0,1,0,1,1,1,1
6,6,6,6,1,7,7,4,-1,-1,0,-1
6,6,6,6,1,7,0,2,1,1,-1,-1
6,6,6,5,0,7,7,3,-1,-1,1,1
6,6,6,4,1,7,7,4,-1,-1,0,-1
6,6,6,4,1,7,0,2,1,1,-1,-1
6,6,6,3,0,7,7,3,-1,-1,1,2
6,6,0,2,0,7,7,4,2,-1,-1,-1
6,6,0,2,0,0,7,0,1,1,1,1
2,2,1,7,1,0,7,0,2,1,2,1
1,1,1,5,1,7,7,0,1,1,1,1
1,1,1,3,1,7,7,0,1,1,1,1
1,0,0,1,1,7,7,2,2,2,-1,-1
8,4,4,7,1,0,1,0,1,1,1,1
8,4,4,5,1,7,7,0,1,1,1,1
8,4,4,3,1,7,7,0,1,1,1,1
8,0,0,1,1,7,7,1,1,1,1,1
64,0,0,1,1,7,7,1,0,0,0,0
31,15,10,4,1,0,7,1,0,0,0,0
15,10,8,3,1,7,7,4,0,-1,-1,-1
15,10,8,3,1,0,7,4,-1,-1,0,-1
15,10,8,3,1,0,0,1,0,0,0,1
10,8,0,2,1,7,7,4,-1,-1,2,-1
10,8,0,2,1,7,0,0,0,0,0,0
2,2,0,2,1,7,7,0,1,1,1,1
39,9,0,2,1,0,7,1,0,0,0,0
9,0,0,1,1,7,7,1,1,0,1,1
26,12,8,7,1,7,7,2,1,1,-1,-1
26,12,8,6,0,7,7,3,-1,-1,1,1
26,12,8,5,0,7,7,2,1,1,-1,-1
26,12,8,4,0,7,7,4,-1,-1,0,-1
26,12,8,4,0,7,0,1,0,1,0,1
12,8,5,3,1,7,7,4,0,-1,-1,-1
12,8,5,3,1,0,7,4,-1,-1,0,-1
12,8,5,3,1,0,0,1,1,1,1,1
8,5,0,2,1,7,7,4,-1,-1,2,-1
8,5,0,2,1,7,0,2,1,1,-1,-1
8,0,0,1,0,7,0,3,-1,-1,0,0
6,2,0,2,1,0,7,0,1,1,0,2
10,7,7,3,1,7,7,1,1,0,1,1
7,7,0,2,0,7,7,0,0,0,0,0
13,3,0,2,1,0,7,1,0,0,1,1
3,0,0,1,0,7,7,3,-1,-1,1,1
34,8,3,5,1,0,7,2,2,1,-1,-1
34,8,2,4,0,7,7,3,-1,-1,2,1
34,8,1,3,1,7,7,2,2,2,-1,-1
34,8,0,2,0,7,7,1,0,0,0,0
8,0,0,1,0,7,7,1,1,1,1,1
36,2,2,7,1,7,7,2,2,2,-1,-1
36,2,2,6,0,7,7,3,-1,-1,2,2
36,2,2,5,0,7,7,2,2,2,-1,-1
36,2,2,4,0,7,7,3,-1,-1,2,2
36,2,2,3,0,7,7,2,2,2,-1,-1
36,2,0,2,0,7,7,1,0,0,0,0
2,0,0,1,1,7,7,2,2,2,-1,-1
12,12,12,4,1,7,7,1,1,0,1,1
12,12,12,3,0,7,7,4,-1,-1,2,-1
12,12,12,3,0,7,0,1,1,1,1,1
12,12,0,2,1,7,7,4,-1,-1,0,-1
12,12,0,2,1,7,0,2,0,0,-1,-1
12,0,0,1,0,7,7,3,-1,-1,0,2
9,1,1,8,1,7,7,0,1,1,1,1
9,1,1,6,1,7,7,0,1,1,1,1
9,1,1,4,1,7,7,2,2,2,-1,-1
9,1,1,3,0,7,7,3,-1,-1,2,2
9,1,0,2,0,7,7,1,1,1,1,2
1,0,0,1,0,7,7,2,2,2,-1,-1
11,5,0,2,1,7,7,1,1,1,1,1
5,0,0,1,1,7,7,1,1,1,1,1
7,5,0,2,1,7,7,0,0,0,0,0
13,8,6,4,1,7,7,1,0,0,0,1
8,6,5,3,1,7,7,4,-1,-1,2,-1
8,6,5,3,1,7,0,1,1,1,1,1
6,5,0,2,1,7,7,0,1,1,1,1
20,14,14,3,1,0,7,1,0,0,0,1
14,14,0,2,1,7,7,4,-1,-1,2,-1
14,14,0,2,1,7,0,0,0,0,0,0
7,3,2,3,1,7,7,0,1,1,1,1
7,0,0,1,1,7,7,1,1,1,1,1
6,2,0,2,1,0,7,0,1,1,0,2
39,5,5,6,1,7,7,0,1,1,1,1
39,5,5,4,1,7,7,4,-1,-1,0,-1
39,5,5,4,1,7,0,2,1,1,-1,-1
39,5,5,3,0,7,0,3,-1,-1,1,2
39,5,0,2,0,7,7,4,2,-1,-1,-1
39,5,0,2,0,0,7,1,0,0,0,0
5,0,0,1,1,7,7,1,1,1,1,1
36,7,7,5,1,7,7,1,0,0,0,0
7,7,7,4,1,7,7,4,0,-1,-1,-1
7,7,7,4,1,0,7,4,-1,-1,0,-1
7,7,7,4,1,0,0,1,1,1,1,0
7,7,7,3,0,7,7,2,0,0,-1,-1
7,7,0,2,0,7,7,3,-1,-1,0,0
7,0,0,1,0,7,7,1,1,1,1,1
4,4,4,3,1,7,7,0,1,1,1,1
4,0,0,1,1,7,7,1,1,1,1,1
6,6,4,7,1,0,7,0,1,1,1,1
6,6,2,5,1,7,7,0,1,1,1,1
6,6,2,3,1,7,7,2,2,2,-1,-1
6,6,0,2,0,7,7,0,1,1,1,1
8,0,0,1,1,7,7,1,1,1,1,1
1,1,1,8,1,7,7,0,1,1,1,1
1,1,1,6,1,7,7,0,1,1,1,1
1,1,1,4,1,7,7,0,1,1,1,1
1,1,0,2,1,7,7,0,1,1,1,1
16,0,0,1,1,7,7,1,0,0,0,0
12,0,0,1,1,7,7,1,1,1,1,1
44,10,10,3,1,7,7,1,0,0,0,0
10,10,0,2,1,7,7,4,0,-1,-1,-1
10,10,0,2,1,0,7,0,0,0,0,0
16,3,1,7,1,7,7,0,1,1,1,1
16,1,1,5,1,7,7,2,2,2,-1,-1
16,1,1,4,0,7,7,3,-1,-1,2,1
16,1,1,3,0,7,7,2,1,1,-1,-1
16,1,0,2,0,7,7,3,-1,-1,1,2
16,0,0,1,0,7,7,1,0,0,0,0
16,0,0,1,1,7,7,1,0,0,0,0
4,0,0,1,1,7,7,1,1,1,1,1
8,0,0,1,1,7,7,1,1,1,1,1
10,2,0,2,1,7,7,1,1,1,1,2
2,0,0,1,0,7,7,2,2,2,-1,-1
2,2,2,4,1,7,7,0,1,1,1,1
2,2,0,2,1,7,7,0,1,1,1,1
4,0,0,1,1,7,7,1,1,1,1,1
44,10,10,3,1,7,7,1,0,0,0,0
10,10,0,2,1,7,7,4,0,-1,-1,-1
10,10,0,2,1,0,7,0,0,0,0,0
18,7,4,4,1,7,7,2,1,1,-1,-1
18,7,3,3,0,7,7,3,-1,-1,1,2
18,7,0,2,0,7,7,1,0,0,0,0
7,0,0,1,0,7,7,1,1,1,1,1
5,2,1,3,1,7,7,0,1,1,1,2
1,0,0,1,0,7,7,3,-1,-1,1,2
8,2,2,3,1,7,7,0,1,1,1,1
8,0,0,1,1,7,7,1,1,1,1,1
16,12,12,5,1,7,7,1,0,0,0,1
12,12,12,4,1,7,7,4,-1,-1,2,-1
12,12,12,4,1,7,0,1,1,1,1,1
12,12,12,3,1,7,7,4,-1,-1,0,-1
12,12,12,3,1,7,0,2,0,0,-1,-1
12,12,0,2,0,7,7,3,-1,-1,0,2
12,0,0,1,0,7,7,1,1,1,1,1
3,2,1,5,1,0,7,0,1,1,2,2
1,1,1,3,0,7,7,3,-1,-1,1,2
1,1,0,2,0,7,7,0,1,1,1,1
4,2,2,3,1,7,7,0,1,1,1,1
2,0,0,1,1,7,7,2,2,2,-1,-1
24,8,8,4,1,7,7,1,0,1,0,1
8,8,8,3,1,7,7,4,0,-1,-1,-1
8,8,8,3,1,0,7,4,-1,-1,0,-1
8,8,8,3,1,0,0,1,1,1,1,0
8,8,0,2,0,7,7,2,0,0,-1,-1
8,0,0,1,0,7,7,3,-1,-1,0,0
5,4,3,5,1,0,7,0,1,1,1,1
5,2,2,3,1,7,7,2,2,2,-1,-1
5,2,0,2,0,7,7,0,1,1,0,2
2,2,0,2,1,0,1,0,2,1,2,1
32,0,0,1,1,7,7,1,0,0,0,0
50,7,7,3,1,7,7,1,0,0,0,0
7,7,0,2,0,7,7,4,0,-1,-1,-1
7,7,0,2,0,0,7,0,0,0,0,0
9,3,0,2,1,7,7,0,0,0,0,0
2,1,1,7,1,7,7,0,1,1,1,1
1,1,1,5,1,7,7,0,1,1,1,1
1,1,1,3,1,7,7,0,1,1,1,1
1,0,0,1,1,7,7,2,2,2,-1,-1
64,0,0,1,1,0,7,1,0,0,0,0
22,21,21,3,1,7,7,1,0,0,0,0
21,21,0,2,1,7,7,4,2,-1,-1,-1
21,21,0,2,1,0,7,0,0,0,0,0
24,0,0,1,1,7,7,1,0,0,0,0
10,1,1,3,1,7,7,1,1,1,1,2
1,1,0,2,0,7,7,2,2,2,-1,-1
1,0,0,1,0,7,7,3,-1,-1,2,2
16,0,0,1,1,7,7,1,0,0,0,0
9,2,1,7,1,7,7,0,1,1,1,1
9,1,1,5,1,7,7,2,2,2,-1,-1
9,1,1,4,0,7,7,3,-1,-1,2,2
9,1,1,3,0,7,7,2,2,1,-1,-1
9,1,0,2,0,7,7,1,1,1,1,2
1,0,0,1,0,7,7,2,2,2,-1,-1
3,2,1,5,1,7,7,0,1,1,1,1
1,1,1,3,1,7,7,0,1,1,1,1
1,0,0,1,1,7,7,2,2,2,-1,-1
2,2,0,2,1,7,7,0,1,1,1,1
13,4,2,8,1,7,7,0,1,1,1,1
13,1,1,6,1,7,7,0,1,1,1,1
13,1,1,4,1,7,7,2,2,2,-1,-1
13,1,1,3,0,7,7,3,-1,-1,2,2
13,1,0,2,0,7,7,1,0,0,1,0
1,0,0,1,0,7,7,3,-1,-1,2,2
48,0,0,1,1,0,7,1,0,0,0,0
2,1,1,3,1,0,7,0,2,1,2,1
1,0,0,1,1,7,7,2,2,2,-1,-1
11,5,0,2,1,0,7,1,1,1,1,1
5,0,0,1,1,7,7,1,1,1,1,1
12,11,3,5,1,7,7,2,2,1,-1,-1
12,11,3,4,0,7,7,3,-1,-1,1,2
12,11,3,3,0,7,7,2,1,1,-1,-1
12,11,0,2,0,7,7,0,0,0,0,0
20,12,0,2,1,7,7,1,0,0,0,0
12,0,0,1,1,7,7,1,1,1,1,1
4,4,0,2,1,7,7,0,1,1,1,1
23,5,5,6,1,7,7,0,1,1,1,1
23,5,5,4,1,7,7,4,-1,-1,0,-1
23,5,5,4,1,7,0,2,1,1,-1,-1
23,5,5,3,0,7,0,3,-1,-1,1,2
23,5,0,2,0,7,7,4,2,-1,-1,-1
23,5,0,2,0,0,7,1,0,0,0,0
5,0,0,1,1,7,7,1,1,1,1,1
8,2,1,4,1,0,1,0,2,1,2,1
8,1,0,2,1,7,7,1,1,1,1,1
1,0,0,1,1,7,7,2,2,2,-1,-1
6,3,3,3,1,0,7,0,1,1,1,1
6,0,0,1,1,7,7,1,1,1,1,1
17,7,0,2,1,7,7,1,0,0,0,0
7,0,0,1,0,7,7,1,1,1,1,1
3,1,0,2,1,7,7,0,1,1,1,1
15,6,3,3,1,7,7,1,0,0,0,1
6,3,0,2,1,7,7,4,-1,-1,2,-1
6,3,0,2,1,7,0,0,1,0,1,1
7,4,2,5,1,7,7,0,1,1,1,1
7,2,1,3,1,7,7,2,2,2,-1,-1
7,1,0,2,0,7,7,1,1,1,1,1
1,0,0,1,1,7,7,2,2,2,-1,-1
10,3,2,4,1,7,7,2,2,1,-1,-1
10,2,1,3,0,7,7,3,-1,-1,1,2
10,1,0,2,0,7,7,1,1,1,1,2
1,0,0,1,0,7,7,2,2,2,-1,-1
11,11,10,7,1,7,7,2,1,1,-1,-1
11,11,10,6,0,7,7,3,-1,-1,1,1
11,11,10,5,1,7,7,2,2,2,-1,-1
11,11,10,4,0,7,7,3,-1,-1,2,0
11,11,10,3,0,7,7,4,0,-1,-1,-1
11,11,10,3,0,0,7,1,1,1,2,1
11,10,0,2,1,7,7,4,-1,-1,2,-1
11,10,0,2,1,7,0,2,0,0,-1,-1
11,0,0,1,0,7,0,3,-1,-1,0,0
1,1,1,4,1,7,7,0,1,1,1,1
1,1,0,2,1,7,7,0,1,1,1,1
7,2,1,5,1,0,7,0,1,1,1,1
7,1,1,3,1,7,7,2,2,2,-1,-1
7,1,0,2,0,7,7,1,1,1,1,1
1,0,0,1,1,7,7,2,2,2,-1,-1
7,5,5,6,1,7,7,0,1,1,1,1
7,5,5,4,1,7,7,4,-1,-1,0,-1
7,5,5,4,1,7,0,2,1,1,-1,-1
7,5,5,3,0,7,0,3,-1,-1,1,2
7,5,0,2,0,7,7,4,2,-1,-1,-1
7,5,0,2,0,0,7,0,0,0,0,0
32,0,0,1,1,7,7,1,0,0,0,0
4,4,4,8,1,7,7,0,1,1,1,1
4,4,2,6,1,7,7,0,1,1,1,1
2,2,2,4,1,7,7,0,1,1,1,1
2,2,0,2,1,7,7,0,1,1,1,1
18,9,6,7,1,7,7,0,1,1,1,1
18,9,4,5,1,7,7,4,0,-1,-1,-1
18,9,4,5,1,0,7,4,-1,-1,0,-1
18,9,4,5,1,0,0,2,1,2,-1,-1
18,9,3,4,0,7,0,3,-1,-1,1,1
18,9,3,3,0,7,7,4,0,-1,-1,-1
18,9,3,3,0,0,7,1,0,0,0,1
9,3,0,2,0,7,7,4,-1,-1,0,-1
9,3,0,2,0,7,0,2,1,1,-1,-1
9,0,0,1,0,7,0,1,1,0,1,1
8,8,8,6,1,0,7,1,1,1,1,1
8,8,8,5,1,7,7,0,0,0,0,1
8,8,8,3,1,7,7,4,-1,-1,2,-1
8,8,8,3,1,7,0,1,1,1,1,1
8,8,0,2,1,7,7,0,0,0,0,0
16,0,0,1,1,7,7,1,0,0,0,0
4,2,1,8,1,7,7,0,1,1,1,1
1,1,1,6,1,7,7,0,1,1,1,1
1,1,1,4,1,7,7,0,1,1,1,1
1,1,0,2,1,7,7,0,1,1,1,1
30,3,3,7,1,0,7,0,1,1,1,1
30,3,3,5,1,7,7,2,2,1,-1,-1
30,3,3,4,0,7,7,3,-1,-1,1,1
30,3,3,3,0,7,7,2,1,1,-1,-1
30,3,0,2,0,7,7,3,-1,-1,1,1
30,0,0,1,0,7,7,1,0,0,0,0
64,0,0,1,1,7,7,1,0,0,0,0
4,0,0,1,1,0,7,1,2,1,2,1
8,0,0,1,1,7,7,1,1,1,1,1
3,3,3,8,1,0,1,0,1,1,1,1
3,3,3,6,1,7,7,0,1,1,1,1
3,3,3,4,1,7,7,0,1,1,1,1
3,3,0,2,1,7,7,0,1,1,1,1
14,6,4,7,1,7,7,0,1,1,1,1
14,6,2,5,1,7,7,2,2,2,-1,-1
14,6,2,4,0,7,7,3,-1,-1,2,2
14,6,1,3,0,7,7,2,2,2,-1,-1
14,6,0,2,0,7,7,1,0,0,0,0
6,0,0,1,1,7,7,1,1,1,1,1
48,0,0,1,1,7,7,1,0,0,0,0
6,3,2,4,1,7,7,2,2,1,-1,-1
6,3,1,3,0,7,7,3,-1,-1,1,1
6,1,0,2,0,7,7,2,1,1,-1,-1
1,0,0,1,0,7,7,3,-1,-1,1,2
8,8,8,6,1,7,7,0,0,0,0,1
8,8,8,4,1,7,7,4,-1,-1,2,-1
8,8,8,4,1,7,0,1,1,1,1,1
8,8,8,3,1,7,7,1,1,1,1,1
8,8,0,2,1,7,7,0,0,0,0,0
2,1,1,3,1,0,7,0,2,1,2,1
1,0,0,1,1,7,7,2,2,2,-1,-1
24,13,9,6,1,7,7,0,0,1,1,0
24,13,9,4,0,7,7,4,0,-1,-1,-1
24,13,9,4,0,0,7,3,-1,-1,1,1
24,13,9,3,0,0,7,2,0,0,-1,-1
24,13,0,2,0,7,7,4,-1,-1,0,-1
24,13,0,2,0,7,0,1,0,0,0,0
13,0,0,1,1,7,7,1,0,0,0,0
38,10,0,2,1,7,7,1,0,0,0,0
10,0,0,1,1,7,7,1,1,0,1,1
39,25,0,2,1,7,7,1,0,0,0,0
25,0,0,1,1,7,7,1,0,0,0,0
3,1,0,2,1,0,1,0,1,1,1,1
3,3,2,7,1,7,7,0,1,1,1,1
2,1,1,5,1,7,7,0,1,1,1,1
1,1,1,3,1,7,7,0,1,1,1,1
1,0,0,1,1,7,7,2,2,2,-1,-1
2,2,1,7,1,7,7,0,1,1,1,1
1,1,1,5,1,7,7,0,1,1,1,1
1,1,1,3,1,7,7,0,1,1,1,1
1,0,0,1,1,7,7,2,2,2,-1,-1
8,8,4,4,1,0,7,2,1,1,-1,-1
8,8,4,3,0,7,7,3,-1,-1,1,2
8,8,0,2,0,7,7,0,0,0,0,0
26,11,6,4,1,7,7,0,1,0,1,1
26,11,0,2,0,7,7,4,-1,-1,2,-1
26,11,0,2,0,7,0,1,0,0,0,0
11,0,0,1,1,7,7,1,1,1,1,1
8,0,0,1,1,7,7,1,1,1,1,1
8,8,8,6,1,7,7,0,0,0,0,1
8,8,8,4,1,7,7,4,-1,-1,2,-1
8,8,8,4,1,7,0,1,1,1,1,1
8,8,8,3,1,7,7,1,1,1,1,1
8,8,0,2,1,7,7,0,0,0,0,0
4,4,4,6,1,0,1,0,1,1,1,1
4,4,4,4,1,7,7,0,1,1,1,1
4,4,0,2,1,7,7,0,1,1,1,1
10,7,7,7,1,7,7,2,2,2,-1,-1
10,7,7,6,0,7,7,3,-1,-1,2,2
10,7,7,5,0,7,7,2,2,2,-1,-1
10,7,7,4,0,7,7,1,1,1,1,2
7,7,2,3,0,7,7,2,2,2,-1,-1
7,7,0,2,0,7,7,0,0,0,0,0
16,10,7,6,1,7,7,2,1,2,-1,-1
16,10,7,5,0,7,7,3,-1,-1,1,1
16,10,7,4,0,7,7,4,0,-1,-1,-1
16,10,7,4,0,0,7,1,0,0,0,1
10,7,5,3,1,7,7,4,-1,-1,2,-1
10,7,5,3,1,7,0,1,1,0,1,2
7,5,0,2,0,7,7,4,-1,-1,2,-1
7,5,0,2,0,7,0,0,0,0,0,0
33,9,4,4,1,7,7,2,2,1,-1,-1
33,9,2,3,0,7,7,3,-1,-1,1,2
33,9,0,2,0,7,7,1,0,0,0,0
9,0,0,1,0,7,7,1,1,0,1,1
18,1,1,7,1,7,7,0,1,1,1,1
18,1,1,5,1,7,7,2,2,2,-1,-1
18,1,1,4,0,7,7,3,-1,-1,2,2
18,1,1,3,0,7,7,2,2,2,-1,-1
18,1,0,2,0,7,7,1,0,0,0,0
1,0,0,1,0,7,7,2,2,2,-1,-1
5,3,0,2,1,7,7,0,1,1,1,0
10,9,9,7,1,7,7,1,1,0,1,2
9,9,9,6,0,7,7,4,-1,-1,2,-1
9,9,9,6,0,7,0,1,1,0,1,2
9,9,9,5,0,7,7,4,-1,-1,2,-1
9,9,9,5,0,7,0,1,1,0,1,2
9,9,9,4,0,7,7,4,-1,-1,2,-1
9,9,9,4,0,7,0,1,1,0,1,2
9,9,9,3,0,7,7,4,-1,-1,2,-1
9,9,9,3,0,7,0,1,1,0,1,2
9,9,0,2,0,7,7,4,-1,-1,2,-1
9,9,0,2,0,7,0,0,0,0,0,0
11,5,0,2,1,7,7,1,1,1,1,1
5,0,0,1,1,7,7,1,1,1,1,1
16,6,3,8,1,0,7,0,1,1,1,1
16,6,2,6,1,7,7,2,2,2,-1,-1
16,6,1,5,0,7,7,3,-1,-1,2,2
16,6,1,4,0,7,7,2,2,1,-1,-1
16,6,1,3,0,7,7,1,0,0,0,1
6,1,0,2,1,7,7,4,-1,-1,2,-1
6,1,0,2,1,7,0,0,0,2,1,1
48,0,0,1,1,0,7,1,0,0,0,0
32,0,0,1,1,0,7,1,0,0,0,0
24,0,0,1,1,7,7,1,0,0,0,0
20,1,1,5,1,7,7,2,2,2,-1,-1
20,1,1,4,0,7,7,3,-1,-1,2,2
20,1,1,3,0,7,7,2,2,2,-1,-1
20,1,0,2,0,7,7,1,0,0,0,0
1,0,0,1,1,7,7,2,2,2,-1,-1
19,7,4,4,1,7,7,2,2,1,-1,-1
19,7,2,3,0,7,7,3,-1,-1,1,2
19,7,0,2,0,7,7,1,0,0,0,0
7,0,0,1,1,7,7,1,1,1,1,1
6,3,2,8,1,0,7,0,1,1,1,1
6,1,1,6,1,7,7,0,1,1,1,1
6,1,1,4,1,7,7,0,1,1,1,1
6,1,0,2,1,7,7,0,1,1,0,2
2,1,1,3,1,7,7,0,1,1,1,1
1,0,0,1,1,7,7,2,2,2,-1,-1
20,9,6,8,1,0,7,0,1,1,1,1
20,9,6,6,1,7,7,2,2,2,-1,-1
20,9,6,5,0,7,7,3,-1,-1,2,1
20,9,6,4,0,7,7,2,1,1,-1,-1
20,9,6,3,0,7,7,3,-1,-1,1,1
20,9,0,2,0,7,7,1,0,0,0,0
9,0,0,1,1,7,7,1,1,0,1,1
4,3,3,5,1,7,7,0,1,1,1,1
3,3,3,3,1,7,7,0,1,1,1,1
3,0,0,1,1,7,7,1,1,1,1,1
4,4,4,4,1,7,7,0,1,1,1,1
4,4,0,2,1,7,7,0,1,1,1,1
2,1,1,3,1,7,7,0,1,1,1,1
1,0,0,1,1,7,7,2,2,2,-1,-1
19,8,5,3,1,7,7,1,0,0,0,1
8,5,0,2,1,7,7,4,-1,-1,2,-1
8,5,0,2,1,7,0,0,0,0,0,0
11,1,1,6,1,7,7,0,1,1,1,1
11,1,1,4,1,7,7,2,2,2,-1,-1
11,1,1,3,0,7,7,3,-1,-1,2,2
11,1,0,2,0,7,7,1,1,1,1,1
1,0,0,1,1,7,7,2,2,2,-1,-1
4,4,2,4,1,7,7,0,1,1,1,1
2,2,0,2,1,7,7,0,1,1,1,1
48,0,0,1,1,7,7,1,0,0,0,0
3,3,3,8,1,7,7,0,1,1,1,1
3,3,3,6,1,7,7,0,1,1,1,1
3,3,3,4,1,7,7,0,1,1,1,1
3,3,0,2,1,7,7,0,1,1,1,1
3,1,0,2,1,7,7,0,1,1,1,1
6,2,0,2,1,0,7,0,1,1,0,2
5,3,0,2,1,7,7,0,1,1,1,0
3,3,3,8,1,7,7,0,1,1,1,1
3,3,1,6,1,7,7,0,1,1,1,1
1,1,1,4,1,7,7,0,1,1,1,1
1,1,0,2,1,7,7,0,1,1,1,1
33,15,0,2,1,0,1,1,0,0,0,0
15,0,0,1,0,7,7,1,0,0,0,0
2,1,1,7,1,7,7,0,1,1,1,1
1,1,1,5,1,7,7,0,1,1,1,1
1,1,1,3,1,7,7,0,1,1,1,1
1,0,0,1,1,7,7,2,2,2,-1,-1
41,11,5,7,1,0,7,2,2,2,-1,-1
41,11,5,6,0,7,7,3,-1,-1,2,2
41,11,5,5,0,7,7,2,2,1,-1,-1
41,11,5,4,0,7,7,3,-1,-1,1,1
41,11,5,3,0,7,7,2,1,1,-1,-1
41,11,0,2,0,7,7,1,0,0,0,0
11,0,0,1,0,7,7,1,1,1,1,1
2,1,1,3,1,7,7,0,1,1,1,1
1,0,0,1,1,7,7,2,2,2,-1,-1
32,0,0,1,1,7,7,1,0,0,0,0
6,2,2,4,1,7,7,2,2,2,-1,-1
6,2,2,3,0,7,7,3,-1,-1,2,2
6,2,0,2,0,7,7,2,2,2,-1,-1
6,0,0,1,0,7,7,1,1,1,1,1
4,2,1,8,1,7,7,0,1,1,1,1
1,1,1,6,1,7,7,0,1,1,1,1
1,1,1,4,1,7,7,0,1,1,1,1
1,1,0,2,1,7,7,0,1,1,1,1
17,1,1,8,1,0,7,0,1,1,1,1
17,1,1,6,1,7,7,2,2,2,-1,-1
17,1,1,5,0,7,7,3,-1,-1,2,2
17,1,1,4,0,7,7,2,2,1,-1,-1
17,1,1,3,0,7,7,3,-1,-1,1,2
17,1,0,2,0,7,7,1,0,0,0,0
1,0,0,1,0,7,7,2,2,2,-1,-1
8,4,0,2,1,7,7,0,0,0,0,0
12,6,6,7,1,0,7,0,1,1,1,1
12,6,6,5,1,7,7,4,-1,-1,0,-1
12,6,6,5,1,7,0,2,1,1,-1,-1
12,6,6,4,0,7,0,3,-1,-1,1,2
12,6,6,3,0,7,7,4,2,-1,-1,-1
12,6,6,3,0,0,7,1,1,1,1,1
6,6,0,2,1,7,7,4,-1,-1,2,-1
6,6,0,2,1,7,0,2,1,1,-1,-1
6,0,0,1,0,7,7,3,-1,-1,1,0
41,13,6,4,1,7,7,0,1,1,1,2
41,13,0,2,0,7,7,4,-1,-1,0,-1
41,13,0,2,0,7,0,1,0,0,0,0
13,0,0,1,0,7,7,1,0,0,0,0
35,12,7,6,1,7,7,2,2,1,-1,-1
35,12,7,5,0,7,7,3,-1,-1,1,1
35,12,7,4,0,7,7,2,1,1,-1,-1
35,12,7,3,0,7,7,3,-1,-1,0,0
35,12,0,2,0,7,7,4,0,-1,-1,-1
35,12,0,2,0,0,7,1,0,0,0,0
12,0,0,1,1,7,7,1,1,1,1,1
3,1,0,2,1,7,7,0,1,1,1,1
4,4,2,4,1,0,7,0,1,1,2,2
4,2,0,2,0,7,7,3,-1,-1,1,1
2,0,0,1,0,7,7,2,1,2,-1,-1
22,10,0,2,1,0,1,1,0,0,0,0
10,0,0,1,1,7,7,1,1,0,1,1
8,4,3,8,1,7,7,0,1,1,1,1
8,2,2,6,1,7,7,0,1,1,1,1
8,2,2,4,1,7,7,0,1,1,1,1
8,1,0,2,1,7,7,1,1,1,1,1
1,0,0,1,1,7,7,2,2,2,-1,-1
18,14,0,2,1,7,7,0,0,0,0,0
24,5,2,4,1,0,7,2,2,2,-1,-1
24,5,1,3,0,7,7,1,0,1,0,1
5,1,0,2,1,7,7,4,0,-1,-1,-1
5,1,0,2,1,0,7,4,-1,-1,0,-1
5,1,0,2,1,0,0,1,1,1,2,2
1,0,0,1,0,7,7,3,-1,-1,1,2
3,1,1,6,1,7,7,0,1,1,1,1
1,1,1,4,1,7,7,0,1,1,1,1
1,1,0,2,1,7,7,0,1,1,1,1
9,3,0,2,1,7,7,0,0,0,0,0
2,1,1,3,1,7,7,0,1,1,1,1
1,0,0,1,1,7,7,2,2,2,-1,-1
27,9,5,6,1,7,7,2,2,2,-1,-1
27,9,5,5,0,7,7,3,-1,-1,2,1
27,9,5,4,0,7,7,2,1,1,-1,-1
27,9,5,3,0,7,7,3,-1,-1,1,1
27,9,0,2,0,7,7,1,0,0,0,0
9,0,0,1,1,7,7,1,1,0,1,1
16,15,15,6,1,7,7,0,1,0,1,1
16,15,15,4,0,7,7,4,-1,-1,2,-1
16,15,15,4,0,7,0,1,0,0,0,1
15,15,6,3,1,7,7,4,-1,-1,0,-1
15,15,6,3,1,7,0,2,1,1,-1,-1
15,15,0,2,0,7,0,0,0,0,0,0
8,8,0,2,1,7,7,0,0,0,0,0
4,0,0,1,1,7,7,1,1,1,1,1
33,9,4,4,1,7,7,2,2,1,-1,-1
33,9,2,3,0,7,7,3,-1,-1,1,2
33,9,0,2,0,7,7,1,0,0,0,0
9,0,0,1,0,7,7,1,1,0,1,1
9,3,0,2,1,0,7,0,0,0,0,0
4,0,0,1,1,7,7,1,1,1,1,1
4,3,3,5,1,7,7,0,1,1,1,1
3,3,3,3,1,7,7,0,1,1,1,1
3,0,0,1,1,7,7,1,1,1,1,1
30,18,0,2,1,7,7,1,0,0,0,0
18,0,0,1,0,7,7,1,0,0,0,0
16,0,0,1,1,7,7,1,0,0,0,0
2,2,0,2,1,7,7,0,1,1,1,1
1,1,1,4,1,7,7,0,1,1,1,1
1,1,0,2,1,7,7,0,1,1,1,1
23,5,5,6,1,7,7,0,1,1,1,1
23,5,5,4,1,7,7,4,-1,-1,0,-1
23,5,5,4,1,7,0,2,1,1,-1,-1
23,5,5,3,0,7,0,3,-1,-1,1,2
23,5,0,2,0,7,7,4,2,-1,-1,-1
23,5,0,2,0,0,7,1,0,0,0,0
5,0,0,1,1,7,7,1,1,1,1,1
46,3,3,7,1,7,7,2,1,1,-1,-1
46,3,3,6,0,7,7,3,-1,-1,1,1
46,3,3,5,1,7,7,2,2,1,-1,-1
46,3,3,4,0,7,7,3,-1,-1,1,1
46,3,3,3,0,7,7,2,1,1,-1,-1
46,3,0,2,0,7,7,3,-1,-1,1,1
46,0,0,1,0,7,7,1,0,0,0,0
24,0,0,1,1,7,7,1,0,0,0,0
6,6,0,2,1,7,7,0,1,1,1,1
12,0,0,1,1,7,7,1,1,1,1,1
48,0,0,1,1,0,7,1,0,0,0,0
24,24,0,2,1,7,7,0,0,0,0,0
16,4,4,3,1,7,7,1,0,0,0,0
4,4,0,2,1,7,7,0,1,1,1,1
3,3,2,7,1,7,7,0,1,1,1,1
2,1,1,5,1,7,7,0,1,1,1,1
1,1,1,3,1,7,7,0,1,1,1,1
1,0,0,1,1,7,7,2,2,2,-1,-1
1,1,1,8,1,7,7,0,1,1,1,1
1,1,1,6,1,7,7,0,1,1,1,1
1,1,1,4,1,7,7,0,1,1,1,1
1,1,0,2,1,7,7,0,1,1,1,1
48,0,0,1,1,7,7,1,0,0,0,0
10,3,1,5,1,7,7,2,2,2,-1,-1
10,3,1,4,0,7,7,3,-1,-1,2,1
10,3,1,3,0,7,7,2,1,1,-1,-1
10,1,0,2,0,7,7,3,-1,-1,1,2
10,0,0,1,0,7,7,1,1,0,1,1
4,0,0,1,1,7,7,1,1,1,1,1
8,2,2,3,1,7,7,0,1,1,1,1
8,0,0,1,1,7,7,1,1,1,1,1
12,0,0,1,1,0,7,1,1,1,1,1
18,2,2,8,1,7,7,0,1,1,1,1
18,2,2,6,1,7,7,2,2,2,-1,-1
18,2,2,5,0,7,7,3,-1,-1,2,2
18,2,2,4,0,7,7,2,2,1,-1,-1
18,2,2,3,0,7,7,3,-1,-1,1,2
18,2,0,2,0,7,7,1,0,0,0,0
2,0,0,1,0,7,7,2,2,2,-1,-1
32,32,0,2,1,7,7,0,0,0,0,0
15,4,2,6,1,7,7,0,1,1,1,1
15,1,1,4,1,7,7,2,2,2,-1,-1
15,1,1,3,0,7,7,3,-1,-1,2,2
15,1,0,2,0,7,7,1,0,0,0,0
1,0,0,1,1,7,7,2,2,2,-1,-1
3,1,0,2,1,0,7,0,1,1,1,1
48,0,0,1,1,7,7,1,0,0,0,0
1,1,1,4,1,7,7,0,1,1,1,1
1,1,0,2,1,7,7,0,1,1,1,1
24,0,0,1,1,0,7,1,0,0,0,0
32,0,0,1,1,7,7,1,0,0,0,0
20,5,3,7,1,7,7,0,1,1,1,1
20,5,1,5,1,7,7,2,2,2,-1,-1
20,5,1,4,0,7,7,3,-1,-1,2,2
20,5,1,3,0,7,7,1,0,0,0,1
5,1,0,2,1,7,7,4,-1,-1,2,-1
5,1,0,2,1,7,0,0,0,2,1,1
2,1,1,7,1,0,7,0,2,1,2,1
1,1,1,5,1,7,7,0,1,1,1,1
1,1,1,3,1,7,7,0,1,1,1,1
1,0,0,1,1,7,7,2,2,2,-1,-1
9,1,1,8,1,0,1,0,2,1,2,1
9,1,1,6,1,7,7,0,1,1,1,1
9,1,1,4,1,7,7,2,2,2,-1,-1
9,1,1,3,0,7,7,3,-1,-1,2,2
9,1,0,2,0,7,7,1,1,1,1,2
1,0,0,1,0,7,7,2,2,2,-1,-1
26,1,1,7,1,7,7,2,2,2,-1,-1
26,1,1,6,0,7,7,3,-1,-1,2,2
26,1,1,5,0,7,7,2,2,2,-1,-1
26,1,1,4,0,7,7,3,-1,-1,2,2
26,1,1,3,0,7,7,2,2,2,-1,-1
26,1,0,2,0,7,7,1,0,0,1,0
1,0,0,1,0,7,7,3,-1,-1,2,2
10,1,1,7,1,7,7,0,1,1,1,1
10,1,1,5,1,7,7,2,2,2,-1,-1
10,1,1,4,0,7,7,3,-1,-1,2,2
10,1,1,3,0,7,7,2,2,1,-1,-1
10,1,0,2,0,7,7,1,1,1,1,2
1,0,0,1,0,7,7,2,2,2,-1,-1
4,0,0,1,1,7,7,1,1,1,1,1
48,0,0,1,1,0,7,1,0,0,0,0
4,4,4,8,1,7,7,0,1,1,1,1
4,4,2,6,1,7,7,0,1,1,1,1
2,2,2,4,1,7,7,0,1,1,1,1
2,2,0,2,1,7,7,0,1,1,1,1
2,2,0,2,1,7,7,0,1,1,1,1
14,2,2,6,1,7,7,0,1,1,1,1
14,2,2,4,1,7,7,2,2,2,-1,-1
14,2,2,3,0,7,7,3,-1,-1,2,2
14,2,0,2,0,7,7,1,0,0,1,0
2,0,0,1,0,7,7,3,-1,-1,2,2
7,1,0,2,1,7,7,1,1,1,1,1
1,0,0,1,1,7,7,2,2,2,-1,-1
9,3,2,5,1,7,7,2,2,2,-1,-1
9,3,1,4,0,7,7,3,-1,-1,2,1
9,3,1,3,0,7,7,2,1,1,-1,-1
9,1,0,2,0,7,7,3,-1,-1,1,2
9,0,0,1,0,7,7,1,1,0,1,1
15,8,6,8,1,7,7,0,1,1,1,1
15,8,5,6,0,7,7,3,-1,-1,1,1
15,8,5,5,0,7,7,2,1,1,-1,-1
15,8,5,4,0,7,7,3,-1,-1,1,1
15,8,5,3,0,7,7,1,0,0,0,1
8,5,0,2,1,7,7,4,-1,-1,2,-1
8,5,0,2,1,7,0,0,0,0,0,0
8,4,4,3,1,7,7,0,1,1,1,1
8,0,0,1,1,7,7,1,1,1,1,1
6,6,4,7,1,0,7,0,1,1,1,1
6,6,2,5,1,7,7,0,1,1,1,1
6,6,2,3,1,7,7,2,2,2,-1,-1
6,6,0,2,0,7,7,0,1,1,1,1
20,14,14,3,1,7,7,1,0,0,0,1
14,14,0,2,1,7,7,4,-1,-1,2,-1
14,14,0,2,1,7,0,0,0,0,0,0
12,0,0,1,1,7,7,1,1,1,1,1
9,4,3,3,1,0,7,1,1,0,1,1
4,3,0,2,0,7,7,0,1,1,1,1
36,3,3,5,1,0,1,0,1,1,1,1
36,3,3,3,1,7,7,1,0,0,0,0
3,3,0,2,1,7,7,0,1,1,1,1
64,0,0,1,1,7,7,1,0,0,0,0
16,0,0,1,1,7,7,1,0,0,0,0
10,6,4,8,1,7,7,0,1,1,1,1
10,6,3,6,1,7,7,2,2,2,-1,-1
10,6,3,5,0,7,7,3,-1,-1,2,2
10,6,3,4,0,7,7,2,2,1,-1,-1
10,6,3,3,0,7,7,1,1,0,1,1
6,3,0,2,0,7,7,0,1,1,1,0
16,0,0,1,1,7,7,1,0,0,0,0
32,0,0,1,1,0,7,1,0,0,0,0
16,12,12,5,1,7,7,1,0,0,0,1
12,12,12,4,1,7,7,4,-1,-1,2,-1
12,12,12,4,1,7,0,1,1,1,1,1
12,12,12,3,1,7,7,4,-1,-1,0,-1
12,12,12,3,1,7,0,2,0,0,-1,-1
12,12,0,2,0,7,7,3,-1,-1,0,2
12,0,0,1,0,7,7,1,1,1,1,1
18,1,1,7,1,7,7,0,1,1,1,1
18,1,1,5,1,7,7,2,2,2,-1,-1
18,1,1,4,0,7,7,3,-1,-1,2,2
18,1,1,3,0,7,7,2,2,2,-1,-1
18,1,0,2,0,7,7,1,0,0,0,0
1,0,0,1,0,7,7,2,2,2,-1,-1
16,15,15,6,1,7,7,0,1,0,1,1
16,15,15,4,0,7,7,4,-1,-1,2,-1
16,15,15,4,0,7,0,1,0,0,0,1
15,15,6,3,1,7,7,4,-1,-1,0,-1
15,15,6,3,1,7,0,2,1,1,-1,-1
15,15,0,2,0,7,0,0,0,0,0,0
26,12,8,7,1,0,7,2,1,1,-1,-1
26,12,8,6,0,7,7,3,-1,-1,1,1
26,12,8,5,0,7,7,2,1,1,-1,-1
26,12,8,4,0,7,7,4,-1,-1,0,-1
26,12,8,4,0,7,0,1,0,1,0,1
12,8,5,3,1,7,7,4,0,-1,-1,-1
12,8,5,3,1,0,7,4,-1,-1,0,-1
12,8,5,3,1,0,0,1,1,1,1,1
8,5,0,2,1,7,7,4,-1,-1,2,-1
8,5,0,2,1,7,0,2,1,1,-1,-1
8,0,0,1,0,7,0,3,-1,-1,0,0
22,10,0,2,1,0,7,1,0,0,0,0
10,0,0,1,1,7,7,1,1,0,1,1
2,1,1,7,1,7,7,0,1,1,1,1
1,1,1,5,1,7,7,0,1,1,1,1
1,1,1,3,1,7,7,0,1,1,1,1
1,0,0,1,1,7,7,2,2,2,-1,-1
4,0,0,1,1,7,7,1,1,1,1,1
2,2,1,7,1,7,7,0,1,1,1,1
1,1,1,5,1,7,7,0,1,1,1,1
1,1,1,3,1,7,7,0,1,1,1,1
1,0,0,1,1,7,7,2,2,2,-1,-1
18,2,2,8,1,7,7,0,1,1,1,1
18,2,2,6,1,7,7,2,2,2,-1,-1
18,2,2,5,0,7,7,3,-1,-1,2,2
18,2,2,4,0,7,7,2,2,1,-1,-1
18,2,2,3,0,7,7,3,-1,-1,1,2
18,2,0,2,0,7,7,1,0,0,0,0
2,0,0,1,0,7,7,2,2,2,-1,-1
5,4,1,5,1,7,7,0,1,1,1,1
5,1,1,3,1,7,7,2,2,2,-1,-1
5,1,0,2,0,7,7,0,1,1,0,2
4,2,1,8,1,7,7,0,1,1,1,1
1,1,1,6,1,7,7,0,1,1,1,1
1,1,1,4,1,7,7,0,1,1,1,1
1,1,0,2,1,7,7,0,1,1,1,1
4,0,0,1,1,7,7,1,1,1,1,1
3,1,0,2,1,7,7,0,1,1,1,1
15,8,5,4,1,0,1,1,0,0,0,1
8,5,4,3,1,7,7,4,-1,-1,2,-1
8,5,4,3,1,7,0,1,1,1,1,1
5,4,0,2,1,7,7,0,1,1,1,0
64,0,0,1,1,7,7,1,0,0,0,0
6,6,4,7,1,7,7,0,1,1,1,1
6,6,2,5,1,7,7,0,1,1,1,1
6,6,2,3,1,7,7,2,2,2,-1,-1
6,6,0,2,0,7,7,0,1,1,1,1
6,1,1,7,1,0,1,0,2,1,2,1
6,1,1,5,1,7,7,0,1,1,1,1
6,1,1,3,1,7,7,2,2,2,-1,-1
6,1,0,2,0,7,7,0,1,1,0,2
12,2,2,7,1,7,7,0,1,1,1,1
12,2,2,5,1,7,7,2,2,2,-1,-1
12,2,2,4,0,7,7,3,-1,-1,2,1
12,2,2,3,0,7,7,2,1,1,-1,-1
12,2,0,2,0,7,7,3,-1,-1,1,2
12,0,0,1,0,7,7,1,1,1,1,1
21,6,3,4,1,7,7,2,2,2,-1,-1
21,6,3,3,0,7,7,1,0,0,0,0
6,3,0,2,0,7,7,0,1,1,1,0
5,3,0,2,1,7,7,0,1,1,1,0
44,10,10,3,1,7,7,1,0,0,0,0
10,10,0,2,1,7,7,4,0,-1,-1,-1
10,10,0,2,1,0,7,0,0,0,0,0
4,0,0,1,1,7,7,1,1,1,1,1
6,6,2,4,1,0,1,0,1,1,1,1
6,6,0,2,1,7,7,0,1,1,1,1
12,4,4,6,1,7,7,0,1,1,1,1
12,4,4,4,1,7,7,2,2,1,-1,-1
12,4,4,3,0,7,7,3,-1,-1,1,1
12,4,0,2,0,7,7,2,1,1,-1,-1
12,0,0,1,0,7,7,1,1,1,1,1
5,2,1,7,1,7,7,0,1,1,1,1
5,1,1,5,1,7,7,0,1,1,1,1
5,1,1,3,1,7,7,2,2,2,-1,-1
5,1,0,2,0,7,7,0,1,1,0,2
34,13,8,5,1,0,7,2,2,1,-1,-1
34,13,8,4,0,7,7,3,-1,-1,1,1
34,13,8,3,0,7,7,2,0,0,-1,-1
34,13,0,2,0,7,7,4,-1,-1,0,-1
34,13,0,2,0,7,0,1,0,0,0,0
13,0,0,1,0,7,7,1,0,0,0,0
14,10,10,6,1,7,7,0,0,0,0,1
14,10,10,4,1,7,7,4,-1,-1,2,-1
14,10,10,4,1,7,0,1,0,0,0,1
10,10,10,3,1,7,7,4,-1,-1,2,-1
10,10,10,3,1,7,0,1,1,0,1,2
10,10,0,2,0,7,7,4,-1,-1,2,-1
10,10,0,2,0,7,0,0,0,0,0,0
1,1,1,8,1,7,7,0,1,1,1,1
1,1,1,6,1,7,7,0,1,1,1,1
1,1,1,4,1,7,7,0,1,1,1,1
1,1,0,2,1,7,7,0,1,1,1,1
8,4,4,5,1,7,7,0,1,1,1,1
8,4,4,3,1,7,7,0,1,1,1,1
8,0,0,1,1,7,7,1,1,1,1,1
5,2,2,6,1,7,7,0,1,1,1,1
5,1,1,4,1,7,7,2,2,2,-1,-1
5,1,1,3,0,7,7,3,-1,-1,2,2
5,1,0,2,0,7,7,2,2,2,-1,-1
5,0,0,1,0,7,7,1,1,1,1,1
9,1,1,4,1,0,7,2,2,2,-1,-1
9,1,1,3,0,7,7,3,-1,-1,2,1
9,1,0,2,0,7,7,1,1,1,1,2
1,0,0,1,0,7,7,2,2,2,-1,-1
29,12,7,8,1,7,7,2,2,2,-1,-1
29,12,7,7,0,7,7,3,-1,-1,2,1
29,12,7,6,0,7,7,2,1,1,-1,-1
29,12,7,5,0,7,7,3,-1,-1,1,1
29,12,7,4,0,7,7,2,1,1,-1,-1
29,12,7,3,0,7,7,3,-1,-1,0,0
29,12,0,2,0,7,7,4,0,-1,-1,-1
29,12,0,2,0,0,7,1,0,0,0,0
12,0,0,1,0,7,7,1,1,1,1,1
1,1,1,4,1,7,7,0,1,1,1,1
1,1,0,2,1,7,7,0,1,1,1,1
12,4,4,4,1,0,1,2,2,1,-1,-1
12,4,4,3,0,7,7,3,-1,-1,1,1
12,4,0,2,0,7,7,2,1,1,-1,-1
12,0,0,1,0,7,7,1,1,1,1,1
46,18,0,2,1,7,7,1,0,0,0,0
18,0,0,1,0,7,7,1,0,0,0,0
2,1,1,3,1,7,7,0,1,1,1,1
1,0,0,1,1,7,7,2,2,2,-1,-1
20,12,9,4,1,7,7,1,0,0,0,1
12,9,7,3,1,7,7,4,-1,-1,2,-1
12,9,7,3,1,7,0,1,1,1,1,1
9,7,0,2,1,7,7,4,-1,-1,0,-1
9,7,0,2,1,7,0,2,0,0,-1,-1
7,0,0,1,0,7,7,3,-1,-1,2,0
8,8,8,8,1,7,7,0,0,0,0,1
8,8,8,6,1,7,7,4,-1,-1,2,-1
8,8,8,6,1,7,0,1,1,1,1,1
8,8,8,5,1,7,7,0,0,0,0,1
8,8,8,3,1,7,7,4,-1,-1,2,-1
8,8,8,3,1,7,0,1,1,1,1,1
8,8,0,2,1,7,7,0,0,0,0,0
4,0,0,1,1,7,7,1,1,1,1,1
10,4,3,8,1,7,7,0,1,1,1,1
10,2,2,6,1,7,7,0,1,1,1,1
10,1,1,4,1,7,7,2,2,2,-1,-1
10,1,1,3,0,7,7,3,-1,-1,2,2
10,1,0,2,0,7,7,1,1,1,1,2
1,0,0,1,0,7,7,2,2,2,-1,-1
18,2,2,4,1,7,7,2,2,2,-1,-1
18,2,2,3,0,7,7,3,-1,-1,2,1
18,2,0,2,0,7,7,1,0,0,0,0
2,0,0,1,0,7,7,2,2,2,-1,-1
50,10,4,3,1,0,7,1,0,0,0,1
10,4,0,2,0,7,7,4,-1,-1,0,-1
10,4,0,2,0,7,0,2,1,1,-1,-1
10,0,0,1,0,7,0,1,1,0,1,1
12,9,9,5,1,7,7,1,1,0,1,1
9,9,9,4,0,7,7,4,-1,-1,2,-1
9,9,9,4,0,7,0,1,1,0,1,2
9,9,9,3,0,7,7,4,-1,-1,2,-1
9,9,9,3,0,7,0,1,1,0,1,2
9,9,0,2,0,7,7,4,-1,-1,2,-1
9,9,0,2,0,7,0,0,0,0,0,0
16,12,12,5,1,7,7,1,0,0,0,1
12,12,12,4,1,7,7,4,-1,-1,2,-1
12,12,12,4,1,7,0,1,1,1,1,1
12,12,12,3,1,7,7,4,-1,-1,0,-1
12,12,12,3,1,7,0,2,0,0,-1,-1
12,12,0,2,0,7,7,3,-1,-1,0,2
12,0,0,1,0,7,7,1,1,1,1,1
19,5,3,8,1,7,7,0,1,1,1,1
19,5,1,6,1,7,7,2,2,2,-1,-1
19,5,1,5,0,7,7,3,-1,-1,2,2
19,5,1,4,0,7,7,2,2,2,-1,-1
19,5,1,3,0,7,7,1,0,0,0,0
5,1,0,2,1,7,7,0,1,1,0,2
12,0,0,1,1,7,7,1,1,1,1,1
2,1,1,3,1,0,7,0,2,1,2,1
1,0,0,1,1,7,7,2,2,2,-1,-1
2,1,1,7,1,7,7,0,1,1,1,1
1,1,1,5,1,7,7,0,1,1,1,1
1,1,1,3,1,7,7,0,1,1,1,1
1,0,0,1,1,7,7,2,2,2,-1,-1
4,2,1,4,1,7,7,0,1,1,1,1
1,1,0,2,1,7,7,0,1,1,1,1
2,1,1,3,1,7,7,0,1,1,1,1
1,0,0,1,1,7,7,2,2,2,-1,-1
20,4,4,8,1,0,1,0,1,1,1,1
20,4,4,6,1,7,7,0,1,1,1,1
20,4,4,4,1,7,7,2,2,1,-1,-1
20,4,4,3,0,7,7,3,-1,-1,1,1
20,4,0,2,0,7,7,2,1,1,-1,-1
20,0,0,1,0,7,7,1,0,0,0,0
4,3,3,5,1,7,7,0,1,1,1,1
3,3,3,3,1,7,7,0,1,1,1,1
3,0,0,1,1,7,7,1,1,1,1,1
32,0,0,1,1,7,7,1,0,0,0,0
14,2,2,6,1,7,7,0,1,1,1,1
14,2,2,4,1,7,7,2,2,2,-1,-1
14,2,2,3,0,7,7,3,-1,-1,2,2
14,2,0,2,0,7,7,1,0,0,1,0
2,0,0,1,0,7,7,3,-1,-1,2,2
2,2,0,2,1,7,7,0,1,1,1,1
24,8,8,6,1,7,7,0,0,0,0,1
24,8,8,4,1,7,7,4,-1,-1,2,-1
24,8,8,4,1,7,0,1,0,1,0,1
8,8,8,3,1,7,7,4,0,-1,-1,-1
8,8,8,3,1,0,7,4,-1,-1,0,-1
8,8,8,3,1,0,0,1,1,1,1,0
8,8,0,2,0,7,7,2,0,0,-1,-1
8,0,0,1,0,7,7,3,-1,-1,0,0
64,0,0,1,1,0,7,1,0,0,0,0
24,0,0,1,1,7,7,1,0,0,0,0
17,3,3,6,1,7,7,0,1,1,1,1
17,3,3,4,1,7,7,2,2,1,-1,-1
17,3,3,3,0,7,7,3,-1,-1,1,1
17,3,0,2,0,7,7,1,0,0,0,0
3,0,0,1,0,7,7,2,1,1,-1,-1
23,3,3,4,1,0,1,2,2,1,-1,-1
23,3,3,3,0,7,7,3,-1,-1,1,1
23,3,0,2,0,7,7,2,1,1,-1,-1
23,0,0,1,0,7,7,1,0,0,0,0
22,12,8,4,1,0,1,1,0,1,0,1
12,8,6,3,1,7,7,4,0,-1,-1,-1
12,8,6,3,1,0,7,4,-1,-1,0,-1
12,8,6,3,1,0,0,1,1,1,1,1
8,6,0,2,1,7,7,4,-1,-1,2,-1
8,6,0,2,1,7,0,2,1,1,-1,-1
8,0,0,1,0,7,0,3,-1,-1,0,0
4,4,2,6,1,7,7,0,1,1,1,1
2,2,2,4,1,7,7,0,1,1,1,1
2,2,0,2,1,7,7,0,1,1,1,1
48,0,0,1,1,7,7,1,0,0,0,0
6,4,2,5,1,7,7,0,1,1,1,1
6,2,2,3,1,7,7,2,2,2,-1,-1
6,2,0,2,0,7,7,0,1,1,0,2
22,10,0,2,1,7,7,1,0,0,0,0
10,0,0,1,1,7,7,1,1,0,1,1
6,6,6,4,1,0,7,0,1,1,1,1
6,6,0,2,1,7,7,4,-1,-1,2,-1
6,6,0,2,1,7,0,2,1,1,-1,-1
6,0,0,1,0,7,7,3,-1,-1,1,0
5,1,1,8,1,7,7,0,1,1,1,1
5,1,1,6,1,7,7,0,1,1,1,1
5,1,1,4,1,7,7,0,1,1,1,1
5,1,0,2,1,7,7,0,1,1,0,2
33,9,4,4,1,0,1,2,2,1,-1,-1
33,9,2,3,0,7,1,3,-1,-1,1,2
33,9,0,2,0,7,7,1,0,0,0,0
9,0,0,1,0,7,7,1,1,0,1,1
4,1,1,5,1,7,7,0,1,1,1,1
1,1,1,3,1,7,7,0,1,1,1,1
1,0,0,1,1,7,7,2,2,2,-1,-1
1,1,1,4,1,7,7,0,1,1,1,1
1,1,0,2,1,7,7,0,1,1,1,1
23,5,5,6,1,7,7,0,1,1,1,1
23,5,5,4,1,7,7,4,-1,-1,0,-1
23,5,5,4,1,7,0,2,1,1,-1,-1
23,5,5,3,0,7,0,3,-1,-1,1,2
23,5,0,2,0,7,7,4,2,-1,-1,-1
23,5,0,2,0,0,7,1,0,0,0,0
5,0,0,1,1,7,7,1,1,1,1,1
6,2,1,6,1,0,7,0,1,1,1,1
6,1,1,4,1,7,7,2,2,2,-1,-1
6,1,1,3,0,7,7,3,-1,-1,2,2
6,1,0,2,0,7,7,2,2,2,-1,-1
6,0,0,1,0,7,7,1,1,1,1,1
48,4,4,5,1,7,7,2,2,1,-1,-1
48,4,4,4,0,7,7,3,-1,-1,1,1
48,4,4,3,0,7,7,2,1,1,-1,-1
48,4,0,2,0,7,7,3,-1,-1,1,1
48,0,0,1,0,7,7,1,0,0,0,0
48,0,0,1,1,7,7,1,0,0,0,0
12,0,0,1,1,7,7,1,1,1,1,1
12,7,5,3,1,0,7,1,1,1,1,1
7,5,0,2,1,7,7,4,-1,-1,2,-1
7,5,0,2,1,7,0,2,1,1,-1,-1
7,0,0,1,0,7,0,3,-1,-1,0,0
1,1,1,8,1,7,7,0,1,1,1,1
1,1,1,6,1,7,7,0,1,1,1,1
1,1,1,4,1,7,7,0,1,1,1,1
1,1,0,2,1,7,7,0,1,1,1,1
24,0,0,1,1,7,7,1,0,0,0,0
12,5,3,5,1,7,7,2,2,2,-1,-1
12,5,3,4,0,7,7,3,-1,-1,2,1
12,5,3,3,0,7,7,2,1,1,-1,-1
12,5,0,2,0,7,7,3,-1,-1,1,1
12,0,0,1,0,7,7,1,1,1,1,1
22,5,2,6,1,7,7,2,2,2,-1,-1
22,5,1,5,0,7,7,3,-1,-1,2,2
22,5,1,4,0,7,7,2,2,2,-1,-1
22,5,1,3,0,7,7,1,0,0,1,0
5,1,0,2,0,7,7,2,2,2,-1,-1
5,0,0,1,1,7,7,1,1,1,1,1
3,1,1,6,1,0,1,0,2,1,2,1
3,1,1,4,1,7,7,0,1,1,1,1
1,1,0,2,1,7,7,0,1,1,1,1
16,0,0,1,1,7,7,1,0,0,0,0
5,1,1,4,1,0,7,2,2,2,-1,-1
5,1,1,3,0,7,7,3,-1,-1,2,2
5,1,0,2,0,7,7,2,2,2,-1,-1
5,0,0,1,0,7,7,1,1,1,1,1
3,2,1,5,1,7,7,0,1,1,1,1
1,1,1,3,1,7,7,0,1,1,1,1
1,0,0,1,1,7,7,2,2,2,-1,-1
16,16,16,3,1,7,7,1,0,0,0,1
16,16,0,2,1,7,7,4,-1,-1,2,-1
16,16,0,2,1,7,0,0,0,0,0,0
8,4,2,4,1,7,7,0,1,1,1,1
8,2,0,2,1,7,7,1,1,1,1,1
2,0,0,1,1,7,7,2,2,2,-1,-1
5,2,1,3,1,0,7,0,1,1,2,1
1,0,0,1,0,7,7,3,-1,-1,1,2
16,0,0,1,1,0,7,1,0,0,0,0
8,8,8,8,1,7,7,0,0,0,0,1
8,8,8,6,1,7,7,4,-1,-1,2,-1
8,8,8,6,1,7,0,1,1,1,1,1
8,8,8,5,1,7,7,0,0,0,0,1
8,8,8,3,1,7,7,4,-1,-1,2,-1
8,8,8,3,1,7,0,1,1,1,1,1
8,8,0,2,1,7,7,0,0,0,0,0
10,9,9,7,1,7,7,1,1,0,1,2
9,9,9,6,0,7,7,4,-1,-1,2,-1
9,9,9,6,0,7,0,1,1,0,1,2
9,9,9,5,0,7,7,4,-1,-1,2,-1
9,9,9,5,0,7,0,1,1,0,1,2
9,9,9,4,0,7,7,4,-1,-1,2,-1
9,9,9,4,0,7,0,1,1,0,1,2
9,9,9,3,0,7,7,4,-1,-1,2,-1
9,9,9,3,0,7,0,1,1,0,1,2
9,9,0,2,0,7,7,4,-1,-1,2,-1
9,9,0,2,0,7,0,0,0,0,0,0
26,11,11,3,1,0,1,1,0,0,0,0
11,11,0,2,1,7,7,4,2,-1,-1,-1
11,11,0,2,1,0,7,0,0,0,0,0
36,28,0,2,1,7,7,1,0,0,0,0
28,0,0,1,1,7,7,1,0,0,0,0
12,0,0,1,1,0,7,1,1,1,1,1
2,1,1,3,1,0,7,0,2,1,2,1
1,0,0,1,1,7,7,2,2,2,-1,-1
3,1,0,2,1,7,7,0,1,1,1,1
6,6,6,6,1,7,7,2,2,2,-1,-1
6,6,6,5,0,7,7,3,-1,-1,2,2
6,6,6,4,0,7,7,0,1,1,1,1
6,2,0,2,1,7,7,4,-1,-1,0,-1
6,2,0,2,1,7,0,2,1,1,-1,-1
2,0,0,1,0,7,7,3,-1,-1,2,1
28,8,4,8,1,7,7,0,1,1,1,1
28,8,2,6,1,7,7,2,2,2,-1,-1
28,8,1,5,0,7,7,3,-1,-1,2,2
28,8,1,4,0,7,7,2,2,2,-1,-1
28,8,1,3,0,7,7,1,0,0,0,0
8,1,0,2,1,7,7,4,2,-1,-1,-1
8,1,0,2,1,0,7,1,1,1,1,1
1,0,0,1,1,7,7,2,2,2,-1,-1
2,1,1,3,1,7,7,0,1,1,1,1
1,0,0,1,1,7,7,2,2,2,-1,-1
1,1,1,4,1,7,7,0,1,1,1,1
1,1,0,2,1,7,7,0,1,1,1,1
1,1,1,4,1,7,7,0,1,1,1,1
1,1,0,2,1,7,7,0,1,1,1,1
1,1,1,8,1,7,7,0,1,1,1,1
1,1,1,6,1,7,7,0,1,1,1,1
1,1,1,4,1,7,7,0,1,1,1,1
1,1,0,2,1,7,7,0,1,1,1,1
27,5,0,2,1,7,7,1,0,0,0,0
5,0,0,1,1,7,7,1,1,1,1,1
48,0,0,1,1,0,7,1,0,0,0,0
12,0,0,1,1,7,7,1,1,1,1,1
10,1,1,7,1,7,7,0,1,1,1,1
10,1,1,5,1,7,7,2,2,2,-1,-1
10,1,1,4,0,7,7,3,-1,-1,2,2
10,1,1,3,0,7,7,2,2,1,-1,-1
10,1,0,2,0,7,7,1,1,1,1,2
1,0,0,1,0,7,7,2,2,2,-1,-1
48,0,0,1,1,7,7,1,0,0,0,0
1,1,1,4,1,7,7,0,1,1,1,1
1,1,0,2,1,7,7,0,1,1,1,1
6,6,2,4,1,7,7,0,1,1,1,1
6,6,0,2,1,7,7,0,1,1,1,1
10,3,1,5,1,7,7,2,2,2,-1,-1
10,3,1,4,0,7,7,3,-1,-1,2,1
10,3,1,3,0,7,7,2,1,1,-1,-1
10,1,0,2,0,7,7,3,-1,-1,1,2
10,0,0,1,0,7,7,1,1,0,1,1
35,7,3,6,1,7,7,2,2,2,-1,-1
35,7,3,5,0,7,7,3,-1,-1,2,2
35,7,3,4,0,7,7,2,2,2,-1,-1
35,7,3,3,0,7,7,1,0,0,0,0
7,3,0,2,1,7,7,4,0,-1,-1,-1
7,3,0,2,1,0,7,0,0,0,0,0
29,14,9,5,1,7,7,0,0,0,0,1
29,14,9,3,0,7,7,4,-1,-1,2,-1
29,14,9,3,0,7,0,1,0,0,0,0
14,9,0,2,0,7,7,4,0,-1,-1,-1
14,9,0,2,0,0,7,0,0,0,0,0
16,16,0,2,1,7,7,0,0,0,0,0
4,1,1,5,1,7,7,0,1,1,1,1
1,1,1,3,1,7,7,0,1,1,1,1
1,0,0,1,1,7,7,2,2,2,-1,-1
4,4,4,4,1,7,7,0,1,1,1,1
4,4,0,2,1,7,7,0,1,1,1,1
64,0,0,1,1,7,7,1,0,0,0,0
48,16,0,2,1,0,7,1,0,0,0,0
16,0,0,1,1,7,7,1,0,0,0,0
16,0,0,1,1,7,7,1,0,0,0,0
12,12,0,2,1,0,7,0,0,0,0,0
32,0,0,1,1,7,7,1,0,0,0,0
8,3,2,6,1,7,7,0,1,1,1,1
8,1,1,4,1,7,7,2,2,2,-1,-1
8,1,1,3,0,7,7,3,-1,-1,2,2
8,1,0,2,0,7,7,2,2,2,-1,-1
8,0,0,1,0,7,7,1,1,1,1,1
45,10,4,7,1,0,7,2,1,1,-1,-1
45,10,2,6,0,7,7,3,-1,-1,1,1
45,10,2,5,1,7,7,2,2,2,-1,-1
45,10,2,4,0,7,7,3,-1,-1,2,2
45,10,1,3,0,7,7,2,2,2,-1,-1
45,10,0,2,0,7,7,1,0,0,0,0
10,0,0,1,0,7,7,1,1,0,1,1
1,1,1,4,1,0,7,0,2,1,2,1
1,1,0,2,1,7,7,0,1,1,1,1
1,1,1,8,1,7,7,0,1,1,1,1
1,1,1,6,1,7,7,0,1,1,1,1
1,1,1,4,1,7,7,0,1,1,1,1
1,1,0,2,1,7,7,0,1,1,1,1
12,3,1,3,1,0,7,1,1,1,1,1
3,1,0,2,1,7,7,0,1,1,1,1
64,0,0,1,1,7,7,1,0,0,0,0
2,1,1,3,1,7,7,0,1,1,1,1
1,0,0,1,1,7,7,2,2,2,-1,-1
17,1,1,8,1,7,7,0,1,1,1,1
17,1,1,6,1,7,7,2,2,2,-1,-1
17,1,1,5,0,7,7,3,-1,-1,2,2
17,1,1,4,0,7,7,2,2,1,-1,-1
17,1,1,3,0,7,7,3,-1,-1,1,2
17,1,0,2,0,7,7,1,0,0,0,0
1,0,0,1,0,7,7,2,2,2,-1,-1
3,1,1,6,1,7,7,0,1,1,1,1
1,1,1,4,1,7,7,0,1,1,1,1
1,1,0,2,1,7,7,0,1,1,1,1
64,0,0,1,1,7,7,1,0,0,0,0
8,4,3,8,1,7,7,0,1,1,1,1
8,2,2,6,1,7,7,0,1,1,1,1
8,2,2,4,1,7,7,0,1,1,1,1
8,1,0,2,1,7,7,1,1,1,1,1
1,0,0,1,1,7,7,2,2,2,-1,-1
45,9,4,8,1,7,7,2,2,2,-1,-1
45,9,4,7,0,7,7,3,-1,-1,2,2
45,9,4,6,0,7,7,2,2,2,-1,-1
45,9,4,5,0,7,7,3,-1,-1,2,1
45,9,4,4,0,7,7,2,1,1,-1,-1
45,9,1,3,0,7,7,3,-1,-1,1,2
45,9,0,2,0,7,7,1,0,0,0,0
9,0,0,1,0,7,7,1,1,0,1,1
12,6,4,7,1,0,7,0,1,1,1,1
12,6,3,5,1,7,7,2,2,2,-1,-1
12,6,3,4,0,7,7,3,-1,-1,2,1
12,6,3,3,0,7,7,1,1,1,1,1
6,3,0,2,1,7,7,0,1,1,1,0
6,1,1,7,1,7,7,0,1,1,1,1
6,1,1,5,1,7,7,0,1,1,1,1
6,1,1,3,1,7,7,2,2,2,-1,-1
6,1,0,2,0,7,7,0,1,1,0,2
2,2,0,2,1,7,7,0,1,1,1,1
18,6,6,6,1,0,1,0,1,1,1,1
18,6,6,4,1,7,7,4,-1,-1,0,-1
18,6,6,4,1,7,0,2,1,1,-1,-1
18,6,6,3,0,7,0,3,-1,-1,1,2
18,6,0,2,0,7,7,4,2,-1,-1,-1
18,6,0,2,0,0,7,1,0,0,0,0
6,0,0,1,0,7,7,1,1,1,1,1
6,1,1,7,1,7,7,0,1,1,1,1
6,1,1,5,1,7,7,0,1,1,1,1
6,1,1,3,1,7,7,2,2,2,-1,-1
6,1,0,2,0,7,7,0,1,1,0,2
64,0,0,1,1,0,7,1,0,0,0,0
42,11,5,6,1,7,7,2,2,1,-1,-1
42,11,5,5,0,7,7,3,-1,-1,2,1
42,11,5,4,1,7,7,2,2,2,-1,-1
42,11,5,3,0,7,7,1,0,0,0,0
11,5,0,2,1,7,7,4,0,-1,-1,-1
11,5,0,2,1,0,7,1,1,1,1,1
5,0,0,1,1,7,7,1,1,1,1,1
31,11,6,3,1,7,7,1,0,0,0,0
11,6,0,2,1,7,7,4,0,-1,-1,-1
11,6,0,2,1,0,7,1,1,1,1,1
6,0,0,1,1,7,7,1,1,1,1,1
39,25,0,2,1,0,7,1,0,0,0,0
25,0,0,1,1,7,7,1,0,0,0,0
16,16,0,2,1,0,7,0,0,0,0,0
12,0,0,1,1,7,7,1,1,1,1,1
12,3,1,3,1,7,7,1,1,1,1,1
3,1,0,2,1,7,7,0,1,1,1,1
9,1,1,4,1,7,7,2,2,2,-1,-1
9,1,1,3,0,7,7,3,-1,-1,2,1
9,1,0,2,0,7,7,1,1,1,1,2
1,0,0,1,0,7,7,2,2,2,-1,-1
48,0,0,1,1,7,7,1,0,0,0,0
9,5,5,4,1,7,7,1,1,0,1,2
5,5,5,3,0,7,7,4,-1,-1,2,-1
5,5,5,3,0,7,0,1,1,1,1,1
5,5,0,2,1,7,7,0,1,1,1,1
8,2,1,4,1,0,7,2,2,2,-1,-1
8,1,1,3,0,7,7,3,-1,-1,2,2
8,1,0,2,0,7,7,2,2,2,-1,-1
8,0,0,1,0,7,7,1,1,1,1,1
4,2,2,5,1,7,7,0,1,1,1,1
2,2,2,3,1,7,7,0,1,1,1,1
2,0,0,1,1,7,7,2,2,2,-1,-1
64,0,0,1,1,0,7,1,0,0,0,0
12,5,3,6,1,7,7,2,2,2,-1,-1
12,5,3,5,0,7,7,3,-1,-1,2,2
12,5,3,4,0,7,7,2,2,1,-1,-1
12,5,3,3,0,7,7,1,1,1,1,1
5,3,0,2,1,7,7,0,1,1,1,0
8,0,0,1,1,7,7,1,1,1,1,1
6,2,1,6,1,7,7,0,1,1,1,1
6,1,1,4,1,7,7,2,2,2,-1,-1
6,1,1,3,0,7,7,3,-1,-1,2,2
6,1,0,2,0,7,7,2,2,2,-1,-1
6,0,0,1,0,7,7,1,1,1,1,1
2,1,1,3,1,7,7,0,1,1,1,1
1,0,0,1,1,7,7,2,2,2,-1,-1
9,7,7,6,1,0,1,2,1,1,-1,-1
9,7,7,5,0,7,1,3,-1,-1,1,1
9,7,7,4,1,7,7,1,1,0,1,1
7,7,3,3,0,7,7,4,-1,-1,0,-1
7,7,3,3,0,7,0,2,1,1,-1,-1
7,7,0,2,0,7,0,0,0,0,0,0
10,9,9,7,1,7,7,1,1,0,1,2
9,9,9,6,0,7,7,4,-1,-1,2,-1
9,9,9,6,0,7,0,1,1,0,1,2
9,9,9,5,0,7,7,4,-1,-1,2,-1
9,9,9,5,0,7,0,1,1,0,1,2
9,9,9,4,0,7,7,4,-1,-1,2,-1
9,9,9,4,0,7,0,1,1,0,1,2
9,9,9,3,0,7,7,4,-1,-1,2,-1
9,9,9,3,0,7,0,1,1,0,1,2
9,9,0,2,0,7,7,4,-1,-1,2,-1
9,9,0,2,0,7,0,0,0,0,0,0
9,4,3,3,1,7,7,1,1,0,1,1
4,3,0,2,0,7,7,0,1,1,1,1
4,0,0,1,1,7,7,1,1,1,1,1
48,0,0,1,1,7,7,1,0,0,0,0
8,8,8,8,1,0,7,1,1,1,1,1
8,8,8,7,1,7,7,0,0,0,0,1
8,8,8,5,1,7,7,4,-1,-1,2,-1
8,8,8,5,1,7,0,1,1,1,1,1
8,8,8,4,1,7,7,0,0,0,0,1
8,8,0,2,1,7,7,4,-1,-1,2,-1
8,8,0,2,1,7,0,0,0,0,0,0
3,2,1,5,1,7,7,0,1,1,1,1
1,1,1,3,1,7,7,0,1,1,1,1
1,0,0,1,1,7,7,2,2,2,-1,-1
21,5,2,7,1,0,1,0,1,1,1,1
21,5,1,5,1,7,7,2,2,2,-1,-1
21,5,1,4,0,7,7,3,-1,-1,2,2
21,5,1,3,0,7,7,1,0,0,0,0
5,1,0,2,0,7,7,3,-1,-1,2,2
5,0,0,1,1,7,7,1,1,1,1,1
8,4,4,5,1,7,7,0,1,1,1,1
8,4,4,3,1,7,7,0,1,1,1,1
8,0,0,1,1,7,7,1,1,1,1,1
10,3,3,3,1,0,7,1,1,0,1,1
3,3,0,2,0,7,7,0,1,1,1,1
2,1,1,3,1,7,7,0,1,1,1,1
1,0,0,1,1,7,7,2,2,2,-1,-1
25,14,10,5,1,7,7,0,0,0,0,1
25,14,10,3,1,7,7,4,-1,-1,2,-1
25,14,10,3,1,7,0,1,0,0,0,0
14,10,0,2,0,7,7,4,-1,-1,0,-1
14,10,0,2,0,7,0,0,0,0,0,0
12,0,0,1,1,0,7,1,1,1,1,1
24,0,0,1,1,7,7,1,0,0,0,0
17,1,1,8,1,7,7,0,1,1,1,1
17,1,1,6,1,7,7,2,2,2,-1,-1
17,1,1,5,0,7,7,3,-1,-1,2,2
17,1,1,4,0,7,7,2,2,1,-1,-1
17,1,1,3,0,7,7,3,-1,-1,1,2
17,1,0,2,0,7,7,1,0,0,0,0
1,0,0,1,0,7,7,2,2,2,-1,-1
15,4,1,7,1,7,7,0,1,1,1,1
15,1,1,5,1,7,7,2,2,2,-1,-1
15,1,1,4,0,7,7,3,-1,-1,2,1
15,1,1,3,0,7,7,2,1,1,-1,-1
15,1,0,2,0,7,7,3,-1,-1,1,2
15,0,0,1,0,7,7,1,0,0,0,0
4,0,0,1,1,0,7,1,2,1,2,1
16,4,4,3,1,7,7,1,0,0,0,0
4,4,0,2,1,7,7,0,1,1,1,1
48,0,0,1,1,7,7,1,0,0,0,0
4,4,4,4,1,7,7,0,1,1,1,1
4,4,0,2,1,7,7,0,1,1,1,1
44,10,10,3,1,7,7,1,0,0,0,0
10,10,0,2,1,7,7,4,0,-1,-1,-1
10,10,0,2,1,0,7,0,0,0,0,0
1,1,1,4,1,7,7,0,1,1,1,1
1,1,0,2,1,7,7,0,1,1,1,1
32,0,0,1,1,7,7,1,0,0,0,0
5,2,1,7,1,7,7,0,1,1,1,1
5,1,1,5,1,7,7,0,1,1,1,1
5,1,1,3,1,7,7,2,2,2,-1,-1
5,1,0,2,0,7,7,0,1,1,0,2
1,1,1,8,1,7,7,0,1,1,1,1
1,1,1,6,1,7,7,0,1,1,1,1
1,1,1,4,1,7,7,0,1,1,1,1
1,1,0,2,1,7,7,0,1,1,1,1
2,1,1,7,1,0,7,0,2,1,2,1
1,1,1,5,1,7,7,0,1,1,1,1
1,1,1,3,1,7,7,0,1,1,1,1
1,0,0,1,1,7,7,2,2,2,-1,-1
3,1,0,2,1,7,7,0,1,1,1,1
2,2,2,6,1,7,7,0,1,1,1,1
2,2,2,4,1,7,7,0,1,1,1,1
2,2,0,2,1,7,7,0,1,1,1,1
2,2,2,8,1,7,7,0,1,1,1,1
2,2,1,6,1,7,7,0,1,1,1,1
1,1,1,4,1,7,7,0,1,1,1,1
1,1,0,2,1,7,7,0,1,1,1,1
9,1,1,8,1,7,7,0,1,1,1,1
9,1,1,6,1,7,7,0,1,1,1,1
9,1,1,4,1,7,7,2,2,2,-1,-1
9,1,1,3,0,7,7,3,-1,-1,2,2
9,1,0,2,0,7,7,1,1,1,1,2
1,0,0,1,0,7,7,2,2,2,-1,-1
9,7,7,6,1,7,7,2,1,1,-1,-1
9,7,7,5,0,7,7,3,-1,-1,1,1
9,7,7,4,1,7,7,1,1,0,1,1
7,7,3,3,0,7,7,4,-1,-1,0,-1
7,7,3,3,0,7,0,2,1,1,-1,-1
7,7,0,2,0,7,0,0,0,0,0,0
2,2,2,8,1,7,7,0,1,1,1,1
2,2,2,6,1,7,7,0,1,1,1,1
2,2,2,4,1,7,7,0,1,1,1,1
2,2,0,2,1,7,7,0,1,1,1,1
16,15,15,6,1,0,7,0,1,0,1,1
16,15,15,4,0,7,7,4,-1,-1,2,-1
16,15,15,4,0,7,0,1,0,0,0,1
15,15,6,3,1,7,7,4,-1,-1,0,-1
15,15,6,3,1,7,0,2,1,1,-1,-1
15,15,0,2,0,7,0,0,0,0,0,0
3,2,1,5,1,7,7,0,1,1,1,1
1,1,1,3,1,7,7,0,1,1,1,1
1,0,0,1,1,7,7,2,2,2,-1,-1
28,12,12,4,1,7,7,1,0,1,0,1
12,12,12,3,1,7,7,4,0,-1,-1,-1
12,12,12,3,1,0,7,4,-1,-1,0,-1
12,12,12,3,1,0,0,1,1,1,1,1
12,12,0,2,1,7,7,4,-1,-1,0,-1
12,12,0,2,1,7,0,2,0,0,-1,-1
12,0,0,1,0,7,7,3,-1,-1,0,2
5,1,1,4,1,0,1,0,2,1,2,1
5,1,0,2,1,7,7,0,1,1,0,2
10,1,1,7,1,7,7,0,1,1,1,1
10,1,1,5,1,7,7,2,2,2,-1,-1
10,1,1,4,0,7,7,3,-1,-1,2,2
10,1,1,3,0,7,7,2,2,1,-1,-1
10,1,0,2,0,7,7,1,1,1,1,2
1,0,0,1,0,7,7,2,2,2,-1,-1
12,4,4,4,1,7,7,2,2,1,-1,-1
12,4,4,3,0,7,7,3,-1,-1,1,1
12,4,0,2,0,7,7,2,1,1,-1,-1
12,0,0,1,0,7,7,1,1,1,1,1
8,8,8,8,1,0,7,1,1,1,1,1
8,8,8,7,1,7,7,0,0,0,0,1
8,8,8,5,1,7,7,4,-1,-1,2,-1
8,8,8,5,1,7,0,1,1,1,1,1
8,8,8,4,1,7,7,0,0,0,0,1
8,8,0,2,1,7,7,4,-1,-1,2,-1
8,8,0,2,1,7,0,0,0,0,0,0
46,18,0,2,1,7,7,1,0,0,0,0
18,0,0,1,0,7,7,1,0,0,0,0
2,2,0,2,1,7,7,0,1,1,1,1
2,1,1,3,1,0,1,0,2,1,2,1
1,0,0,1,1,7,7,2,2,2,-1,-1
4,0,0,1,1,7,7,1,1,1,1,1
2,1,1,7,1,0,1,0,2,1,2,1
1,1,1,5,1,7,7,0,1,1,1,1
1,1,1,3,1,7,7,0,1,1,1,1
1,0,0,1,1,7,7,2,2,2,-1,-1
5,4,1,5,1,0,1,0,2,1,1,2
5,1,1,3,0,7,7,2,2,2,-1,-1
5,1,0,2,0,7,7,0,1,1,0,2
9,2,1,3,1,7,7,1,1,1,1,2
2,1,0,2,0,7,7,2,2,2,-1,-1
1,0,0,1,0,7,7,3,-1,-1,2,2
12,12,12,4,1,7,7,1,1,0,1,1
12,12,12,3,0,7,7,4,-1,-1,2,-1
12,12,12,3,0,7,0,1,1,1,1,1
12,12,0,2,1,7,7,4,-1,-1,0,-1
12,12,0,2,1,7,0,2,0,0,-1,-1
12,0,0,1,0,7,7,3,-1,-1,0,2
24,0,0,1,1,7,7,1,0,0,0,0
16,16,16,4,1,7,7,1,0,0,0,1
16,16,16,3,1,7,7,4,-1,-1,2,-1
16,16,16,3,1,7,0,1,0,0,0,1
16,16,0,2,1,7,7,4,-1,-1,2,-1
16,16,0,2,1,7,0,0,0,0,0,0
9,2,1,3,1,7,7,1,1,1,1,2
2,1,0,2,0,7,7,2,2,2,-1,-1
1,0,0,1,0,7,7,3,-1,-1,2,2
26,1,1,7,1,7,7,2,2,2,-1,-1
26,1,1,6,0,7,7,3,-1,-1,2,2
26,1,1,5,0,7,7,2,2,2,-1,-1
26,1,1,4,0,7,7,3,-1,-1,2,2
26,1,1,3,0,7,7,2,2,2,-1,-1
26,1,0,2,0,7,7,1,0,0,1,0
1,0,0,1,0,7,7,3,-1,-1,2,2
4,1,1,5,1,7,7,0,1,1,1,1
1,1,1,3,1,7,7,0,1,1,1,1
1,0,0,1,1,7,7,2,2,2,-1,-1
16,7,4,5,1,7,7,2,2,1,-1,-1
16,7,4,4,0,7,7,3,-1,-1,1,1
16,7,3,3,0,7,7,2,1,1,-1,-1
16,7,0,2,0,7,7,1,0,0,0,0
7,0,0,1,1,7,7,1,1,1,1,1
11,1,1,6,1,0,1,0,2,1,2,1
11,1,1,4,1,7,7,2,2,2,-1,-1
11,1,1,3,0,7,7,3,-1,-1,2,2
11,1,0,2,0,7,7,1,1,1,1,1
1,0,0,1,1,7,7,2,2,2,-1,-1
3,1,1,6,1,7,7,0,1,1,1,1
1,1,1,4,1,7,7,0,1,1,1,1
1,1,0,2,1,7,7,0,1,1,1,1
28,10,10,3,1,7,7,1,0,0,0,0
10,10,0,2,1,7,7,4,2,-1,-1,-1
10,10,0,2,1,0,7,0,0,0,0,0
32,0,0,1,1,7,7,1,0,0,0,0
4,0,0,1,1,0,7,1,2,1,2,1
10,9,9,7,1,7,7,1,1,0,1,2
9,9,9,6,0,7,7,4,-1,-1,2,-1
9,9,9,6,0,7,0,1,1,0,1,2
9,9,9,5,0,7,7,4,-1,-1,2,-1
9,9,9,5,0,7,0,1,1,0,1,2
9,9,9,4,0,7,7,4,-1,-1,2,-1
9,9,9,4,0,7,0,1,1,0,1,2
9,9,9,3,0,7,7,4,-1,-1,2,-1
9,9,9,3,0,7,0,1,1,0,1,2
9,9,0,2,0,7,7,4,-1,-1,2,-1
9,9,0,2,0,7,0,0,0,0,0,0
5,1,1,8,1,7,7,0,1,1,1,1
5,1,1,6,1,7,7,0,1,1,1,1
5,1,1,4,1,7,7,0,1,1,1,1
5,1,0,2,1,7,7,0,1,1,0,2
24,0,0,1,1,7,7,1,0,0,0,0
34,2,2,8,1,7,7,2,2,2,-1,-1
34,2,2,7,0,7,7,3,-1,-1,2,2
34,2,2,6,0,7,7,2,2,2,-1,-1
34,2,2,5,0,7,7,3,-1,-1,2,2
34,2,2,4,0,7,7,2,2,2,-1,-1
34,2,2,3,0,7,7,3,-1,-1,2,2
34,2,0,2,0,7,7,1,0,0,0,0
2,0,0,1,0,7,7,2,2,2,-1,-1
48,0,0,1,1,7,7,1,0,0,0,0
7,4,3,4,1,0,7,0,1,1,1,1
7,2,0,2,1,7,7,1,1,1,1,1
2,0,0,1,1,7,7,2,2,2,-1,-1
6,6,6,6,1,7,7,2,2,2,-1,-1
6,6,6,5,0,7,7,3,-1,-1,2,2
6,6,6,4,0,7,7,0,1,1,1,1
6,2,0,2,1,7,7,4,-1,-1,0,-1
6,2,0,2,1,7,0,2,1,1,-1,-1
2,0,0,1,0,7,7,3,-1,-1,2,1
20,6,6,3,1,7,7,1,0,0,0,1
6,6,0,2,1,7,7,4,-1,-1,2,-1
6,6,0,2,1,7,0,0,1,1,1,1
46,11,5,4,1,7,7,2,2,2,-1,-1
46,11,5,3,0,7,7,1,0,0,0,0
11,5,0,2,0,7,7,4,0,-1,-1,-1
11,5,0,2,0,0,7,1,1,1,1,1
5,0,0,1,1,7,7,1,1,1,1,1
16,0,0,1,1,7,7,1,0,0,0,0
23,3,3,4,1,7,7,2,2,1,-1,-1
23,3,3,3,0,7,7,3,-1,-1,1,1
23,3,0,2,0,7,7,2,1,1,-1,-1
23,0,0,1,0,7,7,1,0,0,0,0
5,3,2,4,1,7,7,2,2,1,-1,-1
5,3,2,3,0,7,7,3,-1,-1,1,1
5,2,0,2,0,7,7,2,1,1,-1,-1
2,0,0,1,0,7,7,3,-1,-1,1,2
24,0,0,1,1,7,7,1,0,0,0,0
20,4,4,4,1,7,7,2,2,1,-1,-1
20,4,4,3,0,7,7,3,-1,-1,1,1
20,4,0,2,0,7,7,2,1,1,-1,-1
20,0,0,1,0,7,7,1,0,0,0,0
6,2,2,6,1,7,7,0,1,1,1,1
6,2,2,4,1,7,7,2,2,2,-1,-1
6,2,2,3,0,7,7,3,-1,-1,2,2
6,2,0,2,0,7,7,2,2,2,-1,-1
6,0,0,1,0,7,7,1,1,1,1,1
3,1,0,2,1,7,7,0,1,1,1,1
45,19,0,2,1,0,7,1,0,0,0,0
19,0,0,1,0,7,7,1,0,0,0,0
24,0,0,1,1,7,7,1,0,0,0,0
12,9,9,5,1,7,7,1,1,0,1,1
9,9,9,4,0,7,7,4,-1,-1,2,-1
9,9,9,4,0,7,0,1,1,0,1,2
9,9,9,3,0,7,7,4,-1,-1,2,-1
9,9,9,3,0,7,0,1,1,0,1,2
9,9,0,2,0,7,7,4,-1,-1,2,-1
9,9,0,2,0,7,0,0,0,0,0,0
16,16,0,2,1,7,7,0,0,0,0,0
1,1,1,4,1,7,7,0,1,1,1,1
1,1,0,2,1,7,7,0,1,1,1,1
3,3,1,4,1,7,7,0,1,1,1,1
1,1,0,2,1,7,7,0,1,1,1,1
17,5,5,4,1,7,7,1,0,0,0,1
5,5,5,3,0,7,7,4,-1,-1,0,-1
5,5,5,3,0,7,0,2,1,1,-1,-1
5,5,0,2,0,7,7,0,1,1,1,1
48,16,0,2,1,7,7,1,0,0,0,0
16,0,0,1,1,7,7,1,0,0,0,0
45,19,0,2,1,0,1,1,0,0,0,0
19,0,0,1,0,7,7,1,0,0,0,0
16,0,0,1,1,7,7,1,0,0,0,0
12,12,12,4,1,0,7,1,1,1,1,1
12,12,12,3,1,7,7,4,-1,-1,0,-1
12,12,12,3,1,7,0,2,0,0,-1,-1
12,12,0,2,0,7,7,3,-1,-1,0,2
12,0,0,1,0,7,7,1,1,1,1,1
34,7,7,3,1,7,7,1,0,0,0,0
7,7,0,2,0,7,7,4,0,-1,-1,-1
7,7,0,2,0,0,7,0,0,0,0,0
12,6,4,7,1,7,7,0,1,1,1,1
12,6,3,5,1,7,7,2,2,2,-1,-1
12,6,3,4,0,7,7,3,-1,-1,2,1
12,6,3,3,0,7,7,1,1,1,1,1
6,3,0,2,1,7,7,0,1,1,1,0
33,15,0,2,1,7,7,1,0,0,0,0
15,0,0,1,0,7,7,1,0,0,0,0
28,4,4,6,1,0,1,0,1,1,1,1
28,4,4,4,1,7,7,2,2,1,-1,-1
28,4,4,3,0,7,7,3,-1,-1,1,1
28,4,0,2,0,7,7,2,1,1,-1,-1
28,0,0,1,0,7,7,1,0,0,0,0
3,2,1,5,1,0,7,0,1,1,2,2
1,1,1,3,0,7,7,3,-1,-1,1,2
1,1,0,2,0,7,7,0,1,1,1,1
4,0,0,1,1,7,7,1,1,1,1,1
34,14,0,2,1,7,7,1,0,0,0,0
14,0,0,1,0,7,7,1,0,0,0,0
2,2,2,8,1,7,7,0,1,1,1,1
2,2,1,6,1,7,7,0,1,1,1,1
1,1,1,4,1,7,7,0,1,1,1,1
1,1,0,2,1,7,7,0,1,1,1,1
16,0,0,1,1,0,7,1,0,0,0,0
8,0,0,1,1,7,7,1,1,1,1,1
14,10,10,6,1,7,7,0,0,0,0,1
14,10,10,4,1,7,7,4,-1,-1,2,-1
14,10,10,4,1,7,0,1,0,0,0,1
10,10,10,3,1,7,7,4,-1,-1,2,-1
10,10,10,3,1,7,0,1,1,0,1,2
10,10,0,2,0,7,7,4,-1,-1,2,-1
10,10,0,2,0,7,0,0,0,0,0,0
2,1,1,3,1,0,7,0,2,1,2,1
1,0,0,1,1,7,7,2,2,2,-1,-1
26,13,9,3,1,7,7,1,0,0,0,0
13,9,0,2,1,7,7,4,2,-1,-1,-1
13,9,0,2,1,0,7,0,0,0,0,0
28,18,18,3,1,7,7,1,0,0,0,0
18,18,0,2,1,7,7,4,2,-1,-1,-1
18,18,0,2,1,0,7,0,0,0,0,0
4,1,1,5,1,0,7,0,1,1,2,2
1,1,1,3,0,7,7,3,-1,-1,1,2
1,1,0,2,0,7,7,0,1,1,1,1
17,6,3,7,1,7,7,0,1,1,1,1
17,6,2,5,1,7,7,2,2,2,-1,-1
17,6,1,4,0,7,7,3,-1,-1,2,2
17,6,1,3,0,7,7,1,0,0,0,0
6,1,0,2,0,7,7,2,2,2,-1,-1
6,0,0,1,1,7,7,1,1,1,1,1
2,2,0,2,1,0,1,0,2,1,2,1
16,16,0,2,1,7,7,0,0,0,0,0
5,3,2,7,1,0,1,0,2,1,1,2
5,2,2,5,0,7,7,2,2,2,-1,-1
5,2,1,4,0,7,7,0,1,1,1,1
5,1,0,2,1,7,7,0,1,1,0,2
24,0,0,1,1,0,7,1,0,0,0,0
32,7,3,8,1,7,7,0,1,1,1,1
32,7,1,6,1,7,7,2,2,2,-1,-1
32,7,1,5,0,7,7,3,-1,-1,2,2
32,7,1,4,0,7,7,2,2,2,-1,-1
32,7,1,3,0,7,7,1,0,0,0,0
7,1,0,2,1,7,7,4,0,-1,-1,-1
7,1,0,2,1,0,7,1,1,1,1,1
1,0,0,1,1,7,7,2,2,2,-1,-1
6,2,0,2,1,7,7,0,1,1,0,2
14,6,4,7,1,7,7,0,1,1,1,1
14,6,2,5,1,7,7,2,2,2,-1,-1
14,6,2,4,0,7,7,3,-1,-1,2,2
14,6,1,3,0,7,7,2,2,2,-1,-1
14,6,0,2,0,7,7,1,0,0,0,0
6,0,0,1,1,7,7,1,1,1,1,1
1,1,1,4,1,7,7,0,1,1,1,1
1,1,0,2,1,7,7,0,1,1,1,1
3,1,0,2,1,7,7,0,1,1,1,1
19,7,4,4,1,0,1,2,2,1,-1,-1
19,7,2,3,0,7,1,3,-1,-1,1,2
19,7,0,2,0,7,7,1,0,0,0,0
7,0,0,1,1,7,7,1,1,1,1,1
16,0,0,1,1,0,7,1,0,0,0,0
37,27,0,2,1,0,7,1,0,0,0,0
27,0,0,1,0,7,7,1,0,0,0,0
24,2,2,5,1,7,7,2,2,2,-1,-1
24,2,2,4,0,7,7,3,-1,-1,2,2
24,2,2,3,0,7,7,2,2,2,-1,-1
24,2,0,2,0,7,7,1,0,0,0,0
2,0,0,1,1,7,7,2,2,2,-1,-1
8,1,1,5,1,7,7,0,1,1,1,1
8,1,1,3,1,7,7,2,2,2,-1,-1
8,1,0,2,0,7,7,1,1,1,1,1
1,0,0,1,1,7,7,2,2,2,-1,-1
7,5,5,6,1,7,7,0,1,1,1,1
7,5,5,4,1,7,7,4,-1,-1,0,-1
7,5,5,4,1,7,0,2,1,1,-1,-1
7,5,5,3,0,7,0,3,-1,-1,1,2
7,5,0,2,0,7,7,4,2,-1,-1,-1
7,5,0,2,0,0,7,0,0,0,0,0
24,0,0,1,1,7,7,1,0,0,0,0
6,3,2,8,1,0,7,0,1,1,1,1
6,1,1,6,1,7,7,0,1,1,1,1
6,1,1,4,1,7,7,0,1,1,1,1
6,1,0,2,1,7,7,0,1,1,0,2
6,3,3,7,1,7,7,0,1,1,1,1
6,3,3,5,1,7,7,0,1,1,1,1
6,3,3,3,1,7,7,0,1,1,1,1
6,0,0,1,1,7,7,1,1,1,1,1
8,3,2,5,1,7,7,0,1,1,1,1
8,2,1,3,1,7,7,2,2,2,-1,-1
8,1,0,2,0,7,7,1,1,1,1,1
1,0,0,1,1,7,7,2,2,2,-1,-1
4,0,0,1,1,7,7,1,1,1,1,1
16,0,0,1,1,7,7,1,0,0,0,0
27,12,8,7,1,0,7,2,2,1,-1,-1
27,12,8,6,0,7,7,3,-1,-1,1,2
27,12,8,5,0,7,7,2,1,1,-1,-1
27,12,8,4,0,7,7,4,-1,-1,0,-1
27,12,8,4,0,7,0,1,0,1,0,1
12,8,6,3,1,7,7,4,0,-1,-1,-1
12,8,6,3,1,0,7,4,-1,-1,0,-1
12,8,6,3,1,0,0,1,1,1,1,1
8,6,0,2,1,7,7,4,-1,-1,2,-1
8,6,0,2,1,7,0,2,1,1,-1,-1
8,0,0,1,0,7,0,3,-1,-1,0,0
40,13,7,4,1,0,7,1,0,0,0,0
13,7,4,3,1,7,7,4,0,-1,-1,-1
13,7,4,3,1,0,7,4,-1,-1,0,-1
13,7,4,3,1,0,0,1,0,1,0,1
7,4,0,2,0,7,7,4,-1,-1,0,-1
7,4,0,2,0,7,0,2,1,1,-1,-1
7,0,0,1,0,7,0,1,1,1,1,1
2,2,2,6,1,7,7,0,1,1,1,1
2,2,2,4,1,7,7,0,1,1,1,1
2,2,0,2,1,7,7,0,1,1,1,1
48,0,0,1,1,7,7,1,0,0,0,0
3,1,0,2,1,7,7,0,1,1,1,1
32,7,3,8,1,7,7,0,1,1,1,1
32,7,1,6,1,7,7,2,2,2,-1,-1
32,7,1,5,0,7,7,3,-1,-1,2,2
32,7,1,4,0,7,7,2,2,2,-1,-1
32,7,1,3,0,7,7,1,0,0,0,0
7,1,0,2,1,7,7,4,0,-1,-1,-1
7,1,0,2,1,0,7,1,1,1,1,1
1,0,0,1,1,7,7,2,2,2,-1,-1
19,13,0,2,1,7,7,1,0,0,0,0
13,0,0,1,1,7,7,1,0,0,0,0
6,1,1,3,1,7,7,0,1,1,1,2
1,0,0,1,0,7,7,3,-1,-1,1,2
2,1,1,7,1,7,7,0,1,1,1,1
1,1,1,5,1,7,7,0,1,1,1,1
1,1,1,3,1,7,7,0,1,1,1,1
1,0,0,1,1,7,7,2,2,2,-1,-1
11,3,2,3,1,7,7,1,1,1,1,1
3,2,0,2,1,7,7,0,1,1,1,1
1,1,1,4,1,0,7,0,2,1,2,1
1,1,0,2,1,7,7,0,1,1,1,1
22,7,3,3,1,7,7,1,0,0,0,0
7,3,0,2,1,7,7,4,2,-1,-1,-1
7,3,0,2,1,0,7,0,0,0,0,0
8,8,8,3,1,7,7,1,1,1,1,1
8,8,0,2,1,7,7,0,0,0,0,0
8,1,1,5,1,7,7,0,1,1,1,1
8,1,1,3,1,7,7,2,2,2,-1,-1
8,1,0,2,0,7,7,1,1,1,1,1
1,0,0,1,1,7,7,2,2,2,-1,-1
3,3,1,4,1,7,7,0,1,1,1,1
1,1,0,2,1,7,7,0,1,1,1,1
3,2,1,5,1,7,7,0,1,1,1,1
1,1,1,3,1,7,7,0,1,1,1,1
1,0,0,1,1,7,7,2,2,2,-1,-1
3,1,0,2,1,7,7,0,1,1,1,1
5,1,1,4,1,0,7,2,2,2,-1,-1
5,1,1,3,0,7,7,3,-1,-1,2,2
5,1,0,2,0,7,7,2,2,2,-1,-1
5,0,0,1,0,7,7,1,1,1,1,1
2,1,1,3,1,7,7,0,1,1,1,1
1,0,0,1,1,7,7,2,2,2,-1,-1
6,2,0,2,1,7,7,0,1,1,0,2
32,0,0,1,1,7,7,1,0,0,0,0
46,3,3,7,1,7,7,2,1,1,-1,-1
46,3,3,6,0,7,7,3,-1,-1,1,1
46,3,3,5,1,7,7,2,2,1,-1,-1
46,3,3,4,0,7,7,3,-1,-1,1,1
46,3,3,3,0,7,7,2,1,1,-1,-1
46,3,0,2,0,7,7,3,-1,-1,1,1
46,0,0,1,0,7,7,1,0,0,0,0
8,0,0,1,1,7,7,1,1,1,1,1
4,4,0,2,1,7,7,0,1,1,1,1
4,0,0,1,1,7,7,1,1,1,1,1
25,7,0,2,1,7,7,1,0,0,0,0
7,0,0,1,0,7,7,1,1,1,1,1
3,3,3,8,1,7,7,0,1,1,1,1
3,3,3,6,1,7,7,0,1,1,1,1
3,3,3,4,1,7,7,0,1,1,1,1
3,3,0,2,1,7,7,0,1,1,1,1
2,1,1,3,1,0,1,0,2,1,2,1
1,0,0,1,1,7,7,2,2,2,-1,-1
4,1,1,5,1,7,7,0,1,1,1,1
1,1,1,3,1,7,7,0,1,1,1,1
1,0,0,1,1,7,7,2,2,2,-1,-1
2,2,0,2,1,7,7,0,1,1,1,1
17,3,1,6,1,7,7,2,2,2,-1,-1
17,3,1,5,0,7,7,3,-1,-1,2,2
17,3,1,4,0,7,7,2,2,1,-1,-1
17,3,1,3,0,7,7,3,-1,-1,1,1
17,1,0,2,0,7,7,1,0,0,0,0
1,0,0,1,0,7,7,2,2,2,-1,-1
25,1,1,8,1,0,7,0,1,1,1,1
25,1,1,6,1,7,7,2,2,2,-1,-1
25,1,1,5,0,7,7,3,-1,-1,2,2
25,1,1,4,0,7,7,2,2,2,-1,-1
25,1,1,3,0,7,7,3,-1,-1,2,2
25,1,0,2,0,7,7,1,0,0,0,0
1,0,0,1,0,7,7,3,-1,-1,2,2
3,1,0,2,1,0,7,0,1,1,1,1
3,3,3,8,1,7,7,0,1,1,1,1
3,3,3,6,1,7,7,0,1,1,1,1
3,3,3,4,1,7,7,0,1,1,1,1
3,3,0,2,1,7,7,0,1,1,1,1
5,1,1,4,1,7,7,2,2,2,-1,-1
5,1,1,3,0,7,7,3,-1,-1,2,2
5,1,0,2,0,7,7,2,2,2,-1,-1
5,0,0,1,0,7,7,1,1,1,1,1
12,0,0,1,1,7,7,1,1,1,1,1
48,0,0,1,1,0,7,1,0,0,0,0
10,6,0,2,1,7,7,0,0,0,0,0
12,12,12,4,1,7,7,1,1,0,1,1
12,12,12,3,0,7,7,4,-1,-1,2,-1
12,12,12,3,0,7,0,1,1,1,1,1
12,12,0,2,1,7,7,4,-1,-1,0,-1
12,12,0,2,1,7,0,2,0,0,-1,-1
12,0,0,1,0,7,7,3,-1,-1,0,2
1,1,1,4,1,7,7,0,1,1,1,1
1,1,0,2,1,7,7,0,1,1,1,1
18,7,4,4,1,7,7,2,1,1,-1,-1
18,7,3,3,0,7,7,3,-1,-1,1,2
18,7,0,2,0,7,7,1,0,0,0,0
7,0,0,1,0,7,7,1,1,1,1,1
2,1,1,3,1,0,1,0,2,1,2,1
1,0,0,1,1,7,7,2,2,2,-1,-1
6,6,4,7,1,7,7,0,1,1,1,1
6,6,2,5,1,7,7,0,1,1,1,1
6,6,2,3,1,7,7,2,2,2,-1,-1
6,6,0,2,0,7,7,0,1,1,1,1
20,4,0,2,1,7,7,1,0,0,0,0
4,0,0,1,1,7,7,1,1,1,1,1
8,0,0,1,1,0,7,1,1,1,1,1
4,0,0,1,1,7,7,1,1,1,1,1
34,6,6,6,1,7,7,0,1,1,1,1
34,6,6,4,1,7,7,4,-1,-1,0,-1
34,6,6,4,1,7,0,2,1,1,-1,-1
34,6,6,3,0,7,0,3,-1,-1,1,2
34,6,0,2,0,7,7,4,2,-1,-1,-1
34,6,0,2,0,0,7,1,0,0,0,0
6,0,0,1,0,7,7,1,1,1,1,1
1,1,1,4,1,7,7,0,1,1,1,1
1,1,0,2,1,7,7,0,1,1,1,1
2,2,1,7,1,7,7,0,1,1,1,1
1,1,1,5,1,7,7,0,1,1,1,1
1,1,1,3,1,7,7,0,1,1,1,1
1,0,0,1,1,7,7,2,2,2,-1,-1
4,0,0,1,1,7,7,1,1,1,1,1
24,0,0,1,1,7,7,1,0,0,0,0
19,9,6,8,1,7,7,0,1,1,1,1
19,9,6,6,1,7,7,2,2,2,-1,-1
19,9,6,5,0,7,7,3,-1,-1,1,2
19,9,6,4,0,7,7,2,1,1,-1,-1
19,9,3,3,0,7,7,3,-1,-1,1,1
19,9,0,2,0,7,7,1,0,0,0,0
9,0,0,1,1,7,7,1,1,0,1,1
18,10,7,6,1,7,7,2,1,1,-1,-1
18,10,7,5,0,7,7,3,-1,-1,1,1
18,10,7,4,1,7,7,2,2,1,-1,-1
18,10,7,3,0,7,7,3,-1,-1,0,0
18,10,0,2,0,7,7,4,0,-1,-1,-1
18,10,0,2,0,0,7,1,0,0,0,0
10,0,0,1,0,7,7,1,1,0,1,1
2,2,0,2,1,7,7,0,1,1,1,1
15,6,3,3,1,7,7,1,0,0,0,1
6,3,0,2,1,7,7,4,-1,-1,2,-1
6,3,0,2,1,7,0,0,1,0,1,1
48,0,0,1,1,0,7,1,0,0,0,0
16,16,16,4,1,0,7,1,0,0,0,1
16,16,16,3,1,7,7,4,-1,-1,2,-1
16,16,16,3,1,7,0,1,0,0,0,1
16,16,0,2,1,7,7,4,-1,-1,2,-1
16,16,0,2,1,7,0,0,0,0,0,0
12,2,2,7,1,0,7,0,1,1,1,1
12,2,2,5,1,7,7,2,2,2,-1,-1
12,2,2,4,0,7,7,3,-1,-1,2,1
12,2,2,3,0,7,7,2,1,1,-1,-1
12,2,0,2,0,7,7,3,-1,-1,1,2
12,0,0,1,0,7,7,1,1,1,1,1
4,4,2,6,1,0,7,0,1,1,2,2
4,2,2,4,0,7,7,3,-1,-1,1,2
4,2,2,3,0,7,7,0,1,1,1,1
2,0,0,1,1,7,7,2,2,2,-1,-1
12,2,2,3,1,0,1,0,2,1,2,1
12,0,0,1,1,7,7,1,1,1,1,1
4,1,1,5,1,7,7,0,1,1,1,1
1,1,1,3,1,7,7,0,1,1,1,1
1,0,0,1,1,7,7,2,2,2,-1,-1
11,5,0,2,1,0,1,1,1,1,1,1
5,0,0,1,1,7,7,1,1,1,1,1
64,0,0,1,1,7,7,1,0,0,0,0
6,3,2,6,1,7,7,0,1,1,1,1
6,2,2,4,1,7,7,2,2,2,-1,-1
6,2,1,3,0,7,7,3,-1,-1,2,2
6,1,0,2,0,7,7,2,2,2,-1,-1
6,0,0,1,0,7,7,1,1,1,1,1
2,2,2,6,1,7,7,0,1,1,1,1
2,2,2,4,1,7,7,0,1,1,1,1
2,2,0,2,1,7,7,0,1,1,1,1
9,5,3,7,1,0,7,0,1,1,1,1
9,5,2,5,1,7,7,2,2,2,-1,-1
9,5,2,4,0,7,7,3,-1,-1,2,2
9,5,1,3,0,7,7,2,2,2,-1,-1
9,5,0,2,0,7,7,0,0,0,0,0
4,1,1,5,1,7,7,0,1,1,1,1
1,1,1,3,1,7,7,0,1,1,1,1
1,0,0,1,1,7,7,2,2,2,-1,-1
64,0,0,1,1,7,7,1,0,0,0,0
12,1,1,5,1,7,7,2,2,2,-1,-1
12,1,1,4,0,7,7,3,-1,-1,2,2
12,1,1,3,0,7,7,2,2,2,-1,-1
12,1,0,2,0,7,7,1,1,1,1,1
1,0,0,1,1,7,7,2,2,2,-1,-1
48,0,0,1,1,7,7,1,0,0,0,0
24,4,4,3,1,7,7,1,0,0,0,0
4,4,0,2,1,7,7,0,1,1,1,1
2,2,0,2,1,7,7,0,1,1,1,1
5,3,0,2,1,7,7,0,1,1,1,0
39,9,0,2,1,0,7,1,0,0,0,0
9,0,0,1,1,7,7,1,1,0,1,1
24,0,0,1,1,7,7,1,0,0,0,0
2,2,2,4,1,7,7,0,1,1,1,1
2,2,0,2,1,7,7,0,1,1,1,1
8,2,2,5,1,7,7,0,1,1,1,1
8,2,2,3,1,7,7,2,2,2,-1,-1
8,2,0,2,0,7,7,1,1,1,1,1
2,0,0,1,1,7,7,2,2,2,-1,-1
6,6,6,8,1,7,7,0,1,1,1,1
6,6,6,6,1,7,7,4,-1,-1,0,-1
6,6,6,6,1,7,0,2,1,1,-1,-1
6,6,6,5,0,7,7,3,-1,-1,1,1
6,6,6,4,1,7,7,4,-1,-1,0,-1
6,6,6,4,1,7,0,2,1,1,-1,-1
6,6,6,3,0,7,7,3,-1,-1,1,2
6,6,0,2,0,7,7,4,2,-1,-1,-1
6,6,0,2,0,0,7,0,1,1,1,1
2,1,1,3,1,0,1,0,2,1,2,1
1,0,0,1,1,7,7,2,2,2,-1,-1
4,4,4,7,1,7,7,0,1,1,1,1
4,1,1,5,1,7,7,0,1,1,1,1
1,1,1,3,1,7,7,0,1,1,1,1
1,0,0,1,1,7,7,2,2,2,-1,-1
28,20,0,2,1,7,7,1,0,0,0,0
20,0,0,1,1,7,7,1,0,0,0,0
4,4,4,3,1,7,7,0,1,1,1,1
4,0,0,1,1,7,7,1,1,1,1,1
12,9,9,5,1,0,7,1,1,1,1,1
9,9,9,4,1,7,7,4,-1,-1,0,-1
9,9,9,4,1,7,0,2,0,0,-1,-1
9,9,9,3,0,7,7,3,-1,-1,0,2
9,9,0,2,0,7,7,0,0,0,0,0
16,0,0,1,1,0,7,1,0,0,0,0
2,1,1,7,1,7,7,0,1,1,1,1
1,1,1,5,1,7,7,0,1,1,1,1
1,1,1,3,1,7,7,0,1,1,1,1
1,0,0,1,1,7,7,2,2,2,-1,-1
2,2,1,7,1,0,7,0,2,1,2,1
1,1,1,5,1,7,7,0,1,1,1,1
1,1,1,3,1,7,7,0,1,1,1,1
1,0,0,1,1,7,7,2,2,2,-1,-1
2,2,0,2,1,7,7,0,1,1,1,1
16,0,0,1,1,7,7,1,0,0,0,0
3,3,2,7,1,7,7,0,1,1,1,1
2,1,1,5,1,7,7,0,1,1,1,1
1,1,1,3,1,7,7,0,1,1,1,1
1,0,0,1,1,7,7,2,2,2,-1,-1
6,2,1,6,1,7,7,0,1,1,1,1
6,1,1,4,1,7,7,2,2,2,-1,-1
6,1,1,3,0,7,7,3,-1,-1,2,2
6,1,0,2,0,7,7,2,2,2,-1,-1
6,0,0,1,0,7,7,1,1,1,1,1
10,8,2,5,1,7,7,2,2,2,-1,-1
10,8,2,4,0,7,7,3,-1,-1,2,1
10,8,2,3,0,7,7,1,1,0,1,1
8,2,0,2,0,7,7,2,2,2,-1,-1
8,0,0,1,0,7,7,1,1,1,1,1
36,2,2,7,1,7,7,2,2,2,-1,-1
36,2,2,6,0,7,7,3,-1,-1,2,2
36,2,2,5,0,7,7,2,2,2,-1,-1
36,2,2,4,0,7,7,3,-1,-1,2,2
36,2,2,3,0,7,7,2,2,2,-1,-1
36,2,0,2,0,7,7,1,0,0,0,0
2,0,0,1,1,7,7,2,2,2,-1,-1
14,5,3,4,1,7,7,2,2,2,-1,-1
14,5,3,3,0,7,7,1,0,0,0,0
5,3,0,2,1,7,7,0,1,1,1,0
2,1,1,3,1,7,7,0,1,1,1,1
1,0,0,1,1,7,7,2,2,2,-1,-1
32,0,0,1,1,0,7,1,0,0,0,0
5,1,1,8,1,7,7,0,1,1,1,1
5,1,1,6,1,7,7,0,1,1,1,1
5,1,1,4,1,7,7,0,1,1,1,1
5,1,0,2,1,7,7,0,1,1,0,2
21,11,0,2,1,7,7,1,0,0,0,0
11,0,0,1,0,7,7,1,1,1,1,1
6,3,2,8,1,0,1,0,2,1,1,2
6,1,1,6,0,7,7,2,2,2,-1,-1
6,1,1,5,0,7,7,0,1,1,1,1
6,1,1,3,1,7,7,2,2,2,-1,-1
6,1,0,2,0,7,7,0,1,1,0,2
2,2,0,2,1,7,7,0,1,1,1,1
16,8,0,2,1,7,7,1,0,0,0,0
8,0,0,1,1,7,7,1,1,1,1,1
11,11,11,8,1,0,7,1,1,1,1,1
11,11,11,7,1,7,7,4,-1,-1,0,-1
11,11,11,7,1,7,0,2,1,1,-1,-1
11,11,11,6,0,7,0,3,-1,-1,1,1
11,11,11,5,1,7,7,4,-1,-1,2,-1
11,11,11,5,1,7,0,2,1,2,-1,-1
11,11,11,4,0,7,0,3,-1,-1,0,0
11,11,11,3,0,7,7,4,0,-1,-1,-1
11,11,11,3,0,0,7,1,1,1,1,1
11,11,0,2,1,7,7,4,-1,-1,0,-1
11,11,0,2,1,7,0,2,0,0,-1,-1
11,0,0,1,0,7,7,3,-1,-1,0,2
6,6,6,8,1,7,7,2,2,2,-1,-1
6,6,6,7,0,7,7,3,-1,-1,2,2
6,6,6,6,0,7,7,2,2,2,-1,-1
6,6,6,5,0,7,7,3,-1,-1,2,2
6,6,6,4,0,7,7,0,1,1,1,1
6,6,0,2,1,7,7,4,-1,-1,0,-1
6,6,0,2,1,7,0,2,1,1,-1,-1
6,0,0,1,0,7,7,3,-1,-1,1,2
5,2,1,3,1,7,7,0,1,1,1,2
1,0,0,1,0,7,7,3,-1,-1,1,2
1,1,1,8,1,0,7,0,2,1,2,1
1,1,1,6,1,7,7,0,1,1,1,1
1,1,1,4,1,7,7,0,1,1,1,1
1,1,0,2,1,7,7,0,1,1,1,1
4,2,2,7,1,7,7,0,1,1,1,1
2,2,2,5,1,7,7,0,1,1,1,1
2,2,2,3,1,7,7,0,1,1,1,1
2,0,0,1,1,7,7,2,2,2,-1,-1
10,9,9,7,1,7,7,1,1,0,1,2
9,9,9,6,0,7,7,4,-1,-1,2,-1
9,9,9,6,0,7,0,1,1,0,1,2
9,9,9,5,0,7,7,4,-1,-1,2,-1
9,9,9,5,0,7,0,1,1,0,1,2
9,9,9,4,0,7,7,4,-1,-1,2,-1
9,9,9,4,0,7,0,1,1,0,1,2
9,9,9,3,0,7,7,4,-1,-1,2,-1
9,9,9,3,0,7,0,1,1,0,1,2
9,9,0,2,0,7,7,4,-1,-1,2,-1
9,9,0,2,0,7,0,0,0,0,0,0
12,7,5,3,1,7,7,1,1,0,1,1
7,5,0,2,0,7,7,4,-1,-1,2,-1
7,5,0,2,0,7,0,0,0,0,0,0
2,1,1,3,1,7,7,0,1,1,1,1
1,0,0,1,1,7,7,2,2,2,-1,-1
12,0,0,1,1,7,7,1,1,1,1,1
64,0,0,1,1,7,7,1,0,0,0,0
1,1,1,4,1,7,7,0,1,1,1,1
1,1,0,2,1,7,7,0,1,1,1,1
4,2,1,8,1,7,7,0,1,1,1,1
1,1,1,6,1,7,7,0,1,1,1,1
1,1,1,4,1,7,7,0,1,1,1,1
1,1,0,2,1,7,7,0,1,1,1,1
21,7,4,3,1,7,7,1,0,1,0,0
7,4,0,2,0,7,7,4,0,-1,-1,-1
7,4,0,2,0,0,7,3,-1,-1,1,1
7,0,0,1,0,0,7,1,1,1,1,1
64,0,0,1,1,0,7,1,0,0,0,0
2,1,1,7,1,0,7,0,2,1,2,1
1,1,1,5,1,7,7,0,1,1,1,1
1,1,1,3,1,7,7,0,1,1,1,1
1,0,0,1,1,7,7,2,2,2,-1,-1
8,8,8,6,1,7,7,0,0,0,0,1
8,8,8,4,1,7,7,4,-1,-1,2,-1
8,8,8,4,1,7,0,1,1,1,1,1
8,8,8,3,1,7,7,1,1,1,1,1
8,8,0,2,1,7,7,0,0,0,0,0
21,11,0,2,1,7,7,1,0,0,0,0
11,0,0,1,0,7,7,1,1,1,1,1
4,0,0,1,1,7,7,1,1,1,1,1
7,3,2,3,1,7,7,0,1,1,1,1
7,0,0,1,1,7,7,1,1,1,1,1
4,2,2,7,1,0,7,0,1,1,2,2
2,2,2,5,0,7,7,3,-1,-1,1,2
2,2,2,4,0,7,7,0,1,1,1,1
2,2,0,2,1,7,7,0,1,1,1,1
5,3,2,4,1,7,7,2,2,1,-1,-1
5,3,2,3,0,7,7,3,-1,-1,1,1
5,2,0,2,0,7,7,2,1,1,-1,-1
2,0,0,1,0,7,7,3,-1,-1,1,2
12,1,1,5,1,7,7,2,2,2,-1,-1
12,1,1,4,0,7,7,3,-1,-1,2,2
12,1,1,3,0,7,7,2,2,2,-1,-1
12,1,0,2,0,7,7,1,1,1,1,1
1,0,0,1,1,7,7,2,2,2,-1,-1
16,15,15,6,1,7,7,0,1,0,1,1
16,15,15,4,0,7,7,4,-1,-1,2,-1
16,15,15,4,0,7,0,1,0,0,0,1
15,15,6,3,1,7,7,4,-1,-1,0,-1
15,15,6,3,1,7,0,2,1,1,-1,-1
15,15,0,2,0,7,0,0,0,0,0,0
12,0,0,1,1,7,7,1,1,1,1,1
12,12,12,4,1,0,1,1,1,1,1,1
12,12,12,3,1,7,7,4,-1,-1,0,-1
12,12,12,3,1,7,0,2,0,0,-1,-1
12,12,0,2,0,7,7,3,-1,-1,0,2
12,0,0,1,0,7,7,1,1,1,1,1
16,12,12,5,1,7,7,1,0,0,0,1
12,12,12,4,1,7,7,4,-1,-1,2,-1
12,12,12,4,1,7,0,1,1,1,1,1
12,12,12,3,1,7,7,4,-1,-1,0,-1
12,12,12,3,1,7,0,2,0,0,-1,-1
12,12,0,2,0,7,7,3,-1,-1,0,2
12,0,0,1,0,7,7,1,1,1,1,1
11,5,3,6,1,7,7,2,2,2,-1,-1
11,5,3,5,0,7,7,3,-1,-1,2,2
11,5,3,4,0,7,7,2,2,1,-1,-1
11,5,3,3,0,7,7,1,1,1,1,1
5,3,0,2,1,7,7,0,1,1,1,0
2,1,1,7,1,7,7,0,1,1,1,1
1,1,1,5,1,7,7,0,1,1,1,1
1,1,1,3,1,7,7,0,1,1,1,1
1,0,0,1,1,7,7,2,2,2,-1,-1
10,8,2,5,1,7,7,2,2,2,-1,-1
10,8,2,4,0,7,7,3,-1,-1,2,1
10,8,2,3,0,7,7,1,1,0,1,1
8,2,0,2,0,7,7,2,2,2,-1,-1
8,0,0,1,0,7,7,1,1,1,1,1
4,0,0,1,1,0,7,1,2,1,2,1
14,5,5,3,1,7,7,1,0,0,0,1
5,5,0,2,1,7,7,4,-1,-1,2,-1
5,5,0,2,1,7,0,0,1,1,1,1
3,1,0,2,1,7,7,0,1,1,1,1
1,1,1,4,1,0,7,0,2,1,2,1
1,1,0,2,1,7,7,0,1,1,1,1
10,6,0,2,1,7,7,0,0,0,0,0
6,2,2,4,1,7,7,2,2,2,-1,-1
6,2,2,3,0,7,7,3,-1,-1,2,2
6,2,0,2,0,7,7,2,2,2,-1,-1
6,0,0,1,0,7,7,1,1,1,1,1
9,1,1,8,1,7,7,0,1,1,1,1
9,1,1,6,1,7,7,0,1,1,1,1
9,1,1,4,1,7,7,2,2,2,-1,-1
9,1,1,3,0,7,7,3,-1,-1,2,2
9,1,0,2,0,7,7,1,1,1,1,2
1,0,0,1,0,7,7,2,2,2,-1,-1
24,0,0,1,1,7,7,1,0,0,0,0
48,0,0,1,1,7,7,1,0,0,0,0
32,0,0,1,1,7,7,1,0,0,0,0
22,5,5,3,1,7,7,1,0,0,0,0
5,5,0,2,1,7,7,4,2,-1,-1,-1
5,5,0,2,1,0,7,0,1,1,1,1
35,9,4,3,1,7,7,1,0,0,0,0
9,4,0,2,1,7,7,4,0,-1,-1,-1
9,4,0,2,1,0,7,4,-1,-1,0,-1
9,4,0,2,1,0,0,1,1,1,1,1
4,0,0,1,0,7,7,2,1,1,-1,-1
2,2,0,2,1,0,7,0,2,1,2,1
2,2,0,2,1,7,7,0,1,1,1,1
1,1,1,4,1,0,7,0,2,1,2,1
1,1,0,2,1,7,7,0,1,1,1,1
20,3,1,3,1,7,7,1,0,0,0,0
3,1,0,2,1,7,7,0,1,1,1,1
16,4,4,5,1,7,7,0,1,1,1,1
16,4,4,3,1,7,7,1,0,0,0,0
4,4,0,2,1,7,7,0,1,1,1,1
22,2,2,6,1,0,1,0,2,1,2,1
22,2,2,4,1,7,7,2,2,2,-1,-1
22,2,2,3,0,7,7,3,-1,-1,2,2
22,2,0,2,0,7,7,1,0,0,1,0
2,0,0,1,0,7,7,2,2,2,-1,-1
6,2,0,2,1,7,7,0,1,1,0,2
17,3,1,6,1,0,7,2,2,2,-1,-1
17,3,1,5,0,7,7,3,-1,-1,2,2
17,3,1,4,0,7,7,2,2,1,-1,-1
17,3,1,3,0,7,7,3,-1,-1,1,1
17,1,0,2,0,7,7,1,0,0,0,0
1,0,0,1,0,7,7,2,2,2,-1,-1
16,16,0,2,1,0,7,0,0,0,0,0
6,6,6,8,1,7,7,2,2,2,-1,-1
6,6,6,7,0,7,7,3,-1,-1,2,2
6,6,6,6,0,7,7,2,2,2,-1,-1
6,6,6,5,0,7,7,3,-1,-1,2,2
6,6,6,4,0,7,7,0,1,1,1,1
6,6,0,2,1,7,7,4,-1,-1,0,-1
6,6,0,2,1,7,0,2,1,1,-1,-1
6,0,0,1,0,7,7,3,-1,-1,1,2
24,6,2,3,1,7,7,1,0,1,0,1
6,2,0,2,1,7,7,4,0,-1,-1,-1
6,2,0,2,1,0,7,4,-1,-1,0,-1
6,2,0,2,1,0,0,1,1,1,2,2
2,0,0,1,0,7,7,3,-1,-1,1,2
48,0,0,1,1,7,7,1,0,0,0,0
28,6,6,7,1,7,7,0,1,1,1,1
28,6,6,5,1,7,7,4,-1,-1,0,-1
28,6,6,5,1,7,0,2,1,1,-1,-1
28,6,6,4,0,7,0,3,-1,-1,1,2
28,6,6,3,0,7,7,4,2,-1,-1,-1
28,6,6,3,0,0,7,1,0,0,0,0
6,6,0,2,1,7,7,4,2,-1,-1,-1
6,6,0,2,1,0,7,0,1,1,1,1
25,14,10,5,1,7,7,0,0,0,0,1
25,14,10,3,1,7,7,4,-1,-1,2,-1
25,14,10,3,1,7,0,1,0,0,0,0
14,10,0,2,0,7,7,4,-1,-1,0,-1
14,10,0,2,0,7,0,0,0,0,0,0
9,1,1,8,1,7,7,0,1,1,1,1
9,1,1,6,1,7,7,0,1,1,1,1
9,1,1,4,1,7,7,2,2,2,-1,-1
9,1,1,3,0,7,7,3,-1,-1,2,2
9,1,0,2,0,7,7,1,1,1,1,2
1,0,0,1,0,7,7,2,2,2,-1,-1
3,1,1,6,1,7,7,0,1,1,1,1
1,1,1,4,1,7,7,0,1,1,1,1
1,1,0,2,1,7,7,0,1,1,1,1
16,15,15,6,1,7,7,0,1,0,1,1
16,15,15,4,0,7,7,4,-1,-1,2,-1
16,15,15,4,0,7,0,1,0,0,0,1
15,15,6,3,1,7,7,4,-1,-1,0,-1
15,15,6,3,1,7,0,2,1,1,-1,-1
15,15,0,2,0,7,0,0,0,0,0,0
14,3,3,7,1,7,7,0,1,1,1,1
14,3,3,5,1,7,7,0,1,1,1,1
14,3,3,3,1,7,7,1,0,0,0,0
3,3,0,2,1,7,7,0,1,1,1,1
28,6,6,7,1,7,7,0,1,1,1,1
28,6,6,5,1,7,7,4,-1,-1,0,-1
28,6,6,5,1,7,0,2,1,1,-1,-1
28,6,6,4,0,7,0,3,-1,-1,1,2
28,6,6,3,0,7,7,4,2,-1,-1,-1
28,6,6,3,0,0,7,1,0,0,0,0
6,6,0,2,1,7,7,4,2,-1,-1,-1
6,6,0,2,1,0,7,0,1,1,1,1
1,1,1,4,1,7,7,0,1,1,1,1
1,1,0,2,1,7,7,0,1,1,1,1
25,1,1,8,1,7,7,0,1,1,1,1
25,1,1,6,1,7,7,2,2,2,-1,-1
25,1,1,5,0,7,7,3,-1,-1,2,2
25,1,1,4,0,7,7,2,2,2,-1,-1
25,1,1,3,0,7,7,3,-1,-1,2,2
25,1,0,2,0,7,7,1,0,0,0,0
1,0,0,1,0,7,7,3,-1,-1,2,2
17,7,0,2,1,7,7,1,0,0,0,0
7,0,0,1,0,7,7,1,1,1,1,1
20,14,14,3,1,7,7,1,0,0,0,1
14,14,0,2,1,7,7,4,-1,-1,2,-1
14,14,0,2,1,7,0,0,0,0,0,0
6,4,2,5,1,7,7,0,1,1,1,1
6,2,2,3,1,7,7,2,2,2,-1,-1
6,2,0,2,0,7,7,0,1,1,0,2
2,1,1,7,1,7,7,0,1,1,1,1
1,1,1,5,1,7,7,0,1,1,1,1
1,1,1,3,1,7,7,0,1,1,1,1
1,0,0,1,1,7,7,2,2,2,-1,-1
32,0,0,1,1,7,7,1,0,0,0,0
1,1,1,4,1,0,7,0,2,1,2,1
1,1,0,2,1,7,7,0,1,1,1,1
18,2,2,8,1,0,7,0,1,1,1,1
18,2,2,6,1,7,7,2,2,2,-1,-1
18,2,2,5,0,7,7,3,-1,-1,2,2
18,2,2,4,0,7,7,2,2,1,-1,-1
18,2,2,3,0,7,7,3,-1,-1,1,2
18,2,0,2,0,7,7,1,0,0,0,0
2,0,0,1,0,7,7,2,2,2,-1,-1
36,12,0,2,1,7,7,1,0,0,0,0
12,0,0,1,1,7,7,1,1,1,1,1
1,1,1,4,1,7,7,0,1,1,1,1
1,1,0,2,1,7,7,0,1,1,1,1
45,19,0,2,1,0,1,1,0,0,0,0
19,0,0,1,0,7,7,1,0,0,0,0
34,14,0,2,1,7,7,1,0,0,0,0
14,0,0,1,0,7,7,1,0,0,0,0
4,0,0,1,1,0,7,1,2,1,2,1
9,2,1,3,1,7,7,1,1,1,1,2
2,1,0,2,0,7,7,2,2,2,-1,-1
1,0,0,1,0,7,7,3,-1,-1,2,2
3,1,0,2,1,0,7,0,1,1,1,1
7,1,1,6,1,7,7,0,1,1,1,1
7,1,1,4,1,7,7,2,2,2,-1,-1
7,1,1,3,0,7,7,3,-1,-1,2,2
7,1,0,2,0,7,7,2,2,2,-1,-1
7,0,0,1,0,7,7,1,1,1,1,1
8,0,0,1,1,0,7,1,1,1,1,1
9,4,3,3,1,7,7,1,1,0,1,1
4,3,0,2,0,7,7,0,1,1,1,1
3,3,3,8,1,7,7,0,1,1,1,1
3,3,3,6,1,7,7,0,1,1,1,1
3,3,3,4,1,7,7,0,1,1,1,1
3,3,0,2,1,7,7,0,1,1,1,1
8,3,1,3,1,7,7,0,1,1,1,1
8,0,0,1,1,7,7,1,1,1,1,1
11,11,11,6,1,7,7,0,1,0,1,1
11,11,11,4,0,7,7,4,-1,-1,2,-1
11,11,11,4,0,7,0,1,1,1,1,1
11,11,5,3,1,7,7,4,-1,-1,0,-1
11,11,5,3,1,7,0,2,1,1,-1,-1
11,11,0,2,0,7,0,0,0,0,0,0
20,6,3,6,1,7,7,2,2,2,-1,-1
20,6,3,5,0,7,7,3,-1,-1,2,1
20,6,3,4,0,7,7,2,1,1,-1,-1
20,6,1,3,0,7,7,3,-1,-1,1,2
20,6,0,2,0,7,7,1,0,0,0,0
6,0,0,1,1,7,7,1,1,1,1,1
4,0,0,1,1,7,7,1,1,1,1,1
36,7,3,5,1,7,7,2,2,1,-1,-1
36,7,1,4,0,7,7,3,-1,-1,2,1
36,7,1,3,1,7,7,2,2,2,-1,-1
36,7,0,2,0,7,7,1,0,0,0,0
7,0,0,1,1,7,7,1,1,1,1,1
4,4,4,8,1,7,7,0,1,1,1,1
4,4,2,6,1,7,7,0,1,1,1,1
2,2,2,4,1,7,7,0,1,1,1,1
2,2,0,2,1,7,7,0,1,1,1,1
8,0,0,1,1,7,7,1,1,1,1,1
5,1,1,8,1,7,7,0,1,1,1,1
5,1,1,6,1,7,7,0,1,1,1,1
5,1,1,4,1,7,7,0,1,1,1,1
5,1,0,2,1,7,7,0,1,1,0,2
32,0,0,1,1,7,7,1,0,0,0,0
9,1,1,4,1,7,7,2,2,2,-1,-1
9,1,1,3,0,7,7,3,-1,-1,2,1
9,1,0,2,0,7,7,1,1,1,1,2
1,0,0,1,0,7,7,2,2,2,-1,-1
16,4,2,5,1,7,7,2,2,1,-1,-1
16,4,1,4,0,7,7,3,-1,-1,1,1
16,1,1,3,0,7,7,2,1,2,-1,-1
16,1,0,2,0,7,7,1,0,0,0,0
1,0,0,1,1,7,7,2,2,2,-1,-1
2,1,1,3,1,7,7,0,1,1,1,1
1,0,0,1,1,7,7,2,2,2,-1,-1
32,0,0,1,1,0,7,1,0,0,0,0
8,4,4,7,1,0,1,0,1,1,1,1
8,4,4,5,1,7,7,0,1,1,1,1
8,4,4,3,1,7,7,0,1,1,1,1
8,0,0,1,1,7,7,1,1,1,1,1
11,6,4,4,1,0,7,0,1,1,1,0
11,3,0,2,0,7,7,4,0,-1,-1,-1
11,3,0,2,0,0,7,3,-1,-1,1,1
11,0,0,1,0,0,7,1,1,1,1,1
2,1,1,3,1,7,7,0,1,1,1,1
1,0,0,1,1,7,7,2,2,2,-1,-1
6,3,2,4,1,7,7,2,2,1,-1,-1
6,3,1,3,0,7,7,3,-1,-1,1,1
6,1,0,2,0,7,7,2,1,1,-1,-1
1,0,0,1,0,7,7,3,-1,-1,1,2
4,0,0,1,1,7,7,1,1,1,1,1
1,1,1,4,1,7,7,0,1,1,1,1
1,1,0,2,1,7,7,0,1,1,1,1
1,1,1,8,1,7,7,0,1,1,1,1
1,1,1,6,1,7,7,0,1,1,1,1
1,1,1,4,1,7,7,0,1,1,1,1
1,1,0,2,1,7,7,0,1,1,1,1
64,0,0,1,1,7,7,1,0,0,0,0
4,2,2,3,1,7,7,0,1,1,1,1
2,0,0,1,1,7,7,2,2,2,-1,-1
5,4,3,5,1,0,1,0,2,1,1,2
5,3,2,3,0,7,7,2,2,2,-1,-1
5,3,0,2,0,7,7,0,1,1,1,0
10,2,0,2,1,7,7,1,1,1,1,2
2,0,0,1,0,7,7,2,2,2,-1,-1
10,2,2,4,1,7,7,2,2,2,-1,-1
10,2,2,3,0,7,7,3,-1,-1,2,1
10,2,0,2,0,7,7,1,1,1,1,2
2,0,0,1,0,7,7,2,2,2,-1,-1
3,3,2,7,1,7,7,0,1,1,1,1
2,1,1,5,1,7,7,0,1,1,1,1
1,1,1,3,1,7,7,0,1,1,1,1
1,0,0,1,1,7,7,2,2,2,-1,-1
2,1,1,3,1,7,7,0,1,1,1,1
1,0,0,1,1,7,7,2,2,2,-1,-1
48,0,0,1,1,7,7,1,0,0,0,0
6,3,2,8,1,0,7,0,1,1,1,1
6,1,1,6,1,7,7,0,1,1,1,1
6,1,1,4,1,7,7,0,1,1,1,1
6,1,0,2,1,7,7,0,1,1,0,2
16,4,4,5,1,0,7,0,1,1,1,1
16,4,4,3,1,7,7,1,0,0,0,0
4,4,0,2,1,7,7,0,1,1,1,1
12,0,0,1,1,7,7,1,1,1,1,1
12,0,0,1,1,7,7,1,1,1,1,1
12,2,2,7,1,7,7,0,1,1,1,1
12,2,2,5,1,7,7,2,2,2,-1,-1
12,2,2,4,0,7,7,3,-1,-1,2,1
12,2,2,3,0,7,7,2,1,1,-1,-1
12,2,0,2,0,7,7,3,-1,-1,1,2
12,0,0,1,0,7,7,1,1,1,1,1
14,4,1,8,1,0,7,0,1,1,1,1
14,1,1,6,1,7,7,0,1,1,1,1
14,1,1,4,1,7,7,2,2,2,-1,-1
14,1,1,3,0,7,7,3,-1,-1,2,2
14,1,0,2,0,7,7,1,0,0,1,0
1,0,0,1,0,7,7,3,-1,-1,2,2
33,8,4,5,1,7,7,2,2,1,-1,-1
33,8,2,4,0,7,7,3,-1,-1,2,1
33,8,1,3,1,7,7,2,2,2,-1,-1
33,8,0,2,0,7,7,1,0,0,0,0
8,0,0,1,0,7,7,1,1,1,1,1
6,2,1,6,1,0,7,0,1,1,1,1
6,1,1,4,1,7,7,2,2,2,-1,-1
6,1,1,3,0,7,7,3,-1,-1,2,2
6,1,0,2,0,7,7,2,2,2,-1,-1
6,0,0,1,0,7,7,1,1,1,1,1
43,3,3,8,1,7,7,2,1,1,-1,-1
43,3,3,7,0,7,7,3,-1,-1,1,1
43,3,3,6,1,7,7,2,1,1,-1,-1
43,3,3,5,0,7,7,3,-1,-1,1,1
43,3,3,4,1,7,7,2,2,1,-1,-1
43,3,3,3,0,7,7,3,-1,-1,1,1
43,3,0,2,0,7,7,2,1,1,-1,-1
43,0,0,1,0,7,7,1,0,0,0,0
2,1,1,3,1,0,7,0,2,1,2,1
1,0,0,1,1,7,7,2,2,2,-1,-1
24,24,0,2,1,0,7,0,0,0,0,0
12,7,5,3,1,7,7,1,1,0,1,1
7,5,0,2,0,7,7,4,-1,-1,2,-1
7,5,0,2,0,7,0,0,0,0,0,0
6,1,1,7,1,0,7,0,1,1,1,1
6,1,1,5,1,7,7,0,1,1,1,1
6,1,1,3,1,7,7,2,2,2,-1,-1
6,1,0,2,0,7,7,0,1,1,0,2
1,1,1,8,1,7,7,0,1,1,1,1
1,1,1,6,1,7,7,0,1,1,1,1
1,1,1,4,1,7,7,0,1,1,1,1
1,1,0,2,1,7,7,0,1,1,1,1
50,14,0,2,1,7,7,1,0,0,0,0
14,0,0,1,0,7,7,1,0,0,0,0
18,5,5,7,1,7,7,0,1,1,1,1
18,5,5,5,1,7,7,4,-1,-1,0,-1
18,5,5,5,1,7,0,2,1,1,-1,-1
18,5,5,4,0,7,0,3,-1,-1,1,2
18,5,5,3,0,7,7,4,2,-1,-1,-1
18,5,5,3,0,0,7,1,0,0,0,1
5,5,0,2,0,7,7,4,-1,-1,2,-1
5,5,0,2,0,7,0,0,1,1,1,1
26,9,5,7,1,7,7,2,2,2,-1,-1
26,9,5,6,0,7,7,3,-1,-1,2,1
26,9,5,5,0,7,7,2,1,1,-1,-1
26,9,5,4,0,7,7,3,-1,-1,1,1
26,9,5,3,0,7,7,2,1,1,-1,-1
26,9,0,2,0,7,7,3,-1,-1,0,0
26,0,0,1,0,7,7,1,0,0,0,0
5,2,1,3,1,7,7,0,1,1,1,2
1,0,0,1,0,7,7,3,-1,-1,1,2
12,6,6,3,1,7,7,1,1,0,1,1
6,6,0,2,0,7,7,4,-1,-1,2,-1
6,6,0,2,0,7,0,0,1,1,1,1
17,7,0,2,1,7,7,1,0,0,0,0
7,0,0,1,0,7,7,1,1,1,1,1
4,1,1,5,1,7,7,0,1,1,1,1
1,1,1,3,1,7,7,0,1,1,1,1
1,0,0,1,1,7,7,2,2,2,-1,-1
1,1,1,8,1,0,1,0,2,1,2,1
1,1,1,6,1,7,7,0,1,1,1,1
1,1,1,4,1,7,7,0,1,1,1,1
1,1,0,2,1,7,7,0,1,1,1,1
2,2,1,6,1,7,7,0,1,1,1,1
1,1,1,4,1,7,7,0,1,1,1,1
1,1,0,2,1,7,7,0,1,1,1,1
1,1,1,4,1,7,7,0,1,1,1,1
1,1,0,2,1,7,7,0,1,1,1,1
10,3,2,4,1,7,7,2,2,1,-1,-1
10,2,1,3,0,7,7,3,-1,-1,1,2
10,1,0,2,0,7,7,1,1,1,1,2
1,0,0,1,0,7,7,2,2,2,-1,-1
22,12,9,7,1,7,7,2,1,1,-1,-1
22,12,9,6,0,7,7,3,-1,-1,1,1
22,12,9,5,0,7,7,2,1,1,-1,-1
22,12,9,4,0,7,7,3,-1,-1,0,0
22,12,9,3,0,7,7,4,0,-1,-1,-1
22,12,9,3,0,0,7,1,0,0,0,0
12,9,0,2,1,7,7,0,0,0,0,0
8,0,0,1,1,7,7,1,1,1,1,1
4,0,0,1,1,7,7,1,1,1,1,1
32,0,0,1,1,7,7,1,0,0,0,0
16,4,4,5,1,7,7,0,1,1,1,1
16,4,4,3,1,7,7,1,0,0,0,0
4,4,0,2,1,7,7,0,1,1,1,1
12,0,0,1,1,7,7,1,1,1,1,1
16,15,15,6,1,0,7,0,1,0,1,1
16,15,15,4,0,7,7,4,-1,-1,2,-1
16,15,15,4,0,7,0,1,0,0,0,1
15,15,6,3,1,7,7,4,-1,-1,0,-1
15,15,6,3,1,7,0,2,1,1,-1,-1
15,15,0,2,0,7,0,0,0,0,0,0
49,3,3,6,1,0,7,2,1,1,-1,-1
49,3,3,5,0,7,7,3,-1,-1,1,0
49,3,3,4,0,7,7,2,1,1,-1,-1
49,3,3,3,0,7,7,3,-1,-1,1,1
49,3,0,2,0,7,7,1,0,0,0,0
3,0,0,1,0,7,7,2,1,1,-1,-1
43,11,5,5,1,7,7,2,2,1,-1,-1
43,11,5,4,0,7,7,3,-1,-1,1,1
43,11,5,3,0,7,7,2,1,1,-1,-1
43,11,0,2,0,7,7,1,0,0,0,0
11,0,0,1,1,7,7,1,1,1,1,1
20,7,7,5,1,7,7,1,0,0,0,1
7,7,7,4,1,7,7,4,-1,-1,2,-1
7,7,7,4,1,7,0,1,1,1,1,1
7,7,7,3,1,7,7,1,1,1,1,1
7,7,0,2,1,7,7,0,0,0,0,0
12,9,9,5,1,7,7,1,1,0,1,1
9,9,9,4,0,7,7,4,-1,-1,2,-1
9,9,9,4,0,7,0,1,1,0,1,2
9,9,9,3,0,7,7,4,-1,-1,2,-1
9,9,9,3,0,7,0,1,1,0,1,2
9,9,0,2,0,7,7,4,-1,-1,2,-1
9,9,0,2,0,7,0,0,0,0,0,0
24,0,0,1,1,7,7,1,0,0,0,0
11,3,1,4,1,7,7,2,2,1,-1,-1
11,1,1,3,0,7,7,3,-1,-1,2,1
11,1,0,2,1,7,7,2,2,2,-1,-1
11,0,0,1,0,7,7,1,1,1,1,1
36,2,2,7,1,0,1,2,2,2,-1,-1
36,2,2,6,0,7,1,3,-1,-1,2,2
36,2,2,5,0,7,7,2,2,2,-1,-1
36,2,2,4,0,7,7,3,-1,-1,2,2
36,2,2,3,0,7,7,1,0,0,0,0
2,2,0,2,1,7,7,0,1,1,1,1
2,2,1,7,1,7,7,0,1,1,1,1
1,1,1,5,1,7,7,0,1,1,1,1
1,1,1,3,1,7,7,0,1,1,1,1
1,0,0,1,1,7,7,2,2,2,-1,-1
11,6,5,6,1,0,7,0,1,1,1,1
11,5,3,4,0,7,7,3,-1,-1,1,1
11,5,3,3,0,7,7,4,0,-1,-1,-1
11,5,3,3,0,0,7,1,1,1,1,1
5,3,0,2,1,7,7,4,-1,-1,2,-1
5,3,0,2,1,7,0,2,1,1,-1,-1
5,0,0,1,0,7,0,3,-1,-1,1,1
2,1,1,3,1,0,7,0,2,1,2,1
1,0,0,1,1,7,7,2,2,2,-1,-1
12,3,3,5,1,7,7,0,1,1,1,1
12,3,3,3,1,7,7,1,1,1,1,1
3,3,0,2,1,7,7,0,1,1,1,1
21,5,2,7,1,7,7,0,1,1,1,1
21,5,1,5,1,7,7,2,2,2,-1,-1
21,5,1,4,0,7,7,3,-1,-1,2,2
21,5,1,3,0,7,7,1,0,0,0,0
5,1,0,2,0,7,7,3,-1,-1,2,2
5,0,0,1,1,7,7,1,1,1,1,1
15,5,2,5,1,0,7,2,2,2,-1,-1
15,5,1,4,0,7,7,3,-1,-1,2,2
15,5,1,3,0,7,7,2,2,2,-1,-1
15,5,0,2,0,7,7,1,0,0,0,0
5,0,0,1,1,7,7,1,1,1,1,1
5,3,2,5,1,7,7,0,1,1,1,1
5,1,1,3,1,7,7,2,2,2,-1,-1
5,1,0,2,0,7,7,0,1,1,0,2
6,2,0,2,1,7,7,0,1,1,0,2
2,1,1,3,1,7,7,0,1,1,1,1
1,0,0,1,1,7,7,2,2,2,-1,-1
18,1,1,7,1,7,7,0,1,1,1,1
18,1,1,5,1,7,7,2,2,2,-1,-1
18,1,1,4,0,7,7,3,-1,-1,2,2
18,1,1,3,0,7,7,2,2,2,-1,-1
18,1,0,2,0,7,7,1,0,0,0,0
1,0,0,1,0,7,7,2,2,2,-1,-1
6,5,5,3,1,7,7,1,1,1,1,1
5,5,0,2,1,7,7,0,1,1,1,1
27,21,0,2,1,0,7,1,0,0,0,0
21,0,0,1,1,7,7,1,0,0,0,0
24,0,0,1,1,7,7,1,0,0,0,0
5,2,1,7,1,0,7,0,1,1,1,1
5,1,1,5,1,7,7,0,1,1,1,1
5,1,1,3,1,7,7,2,2,2,-1,-1
5,1,0,2,0,7,7,0,1,1,0,2
2,1,1,3,1,7,7,0,1,1,1,1
1,0,0,1,1,7,7,2,2,2,-1,-1
12,0,0,1,1,7,7,1,1,1,1,1
8,4,0,2,1,7,7,0,0,0,0,0
13,5,3,5,1,7,7,2,2,1,-1,-1
13,5,3,4,0,7,7,3,-1,-1,1,1
13,5,1,3,0,7,7,2,1,1,-1,-1
13,5,0,2,0,7,7,1,0,0,0,0
5,0,0,1,1,7,7,1,1,1,1,1
16,0,0,1,1,0,7,1,0,0,0,0
24,0,0,1,1,7,7,1,0,0,0,0
6,3,3,7,1,7,7,0,1,1,1,1
6,3,3,5,1,7,7,0,1,1,1,1
6,3,3,3,1,7,7,0,1,1,1,1
6,0,0,1,1,7,7,1,1,1,1,1
32,0,0,1,1,7,7,1,0,0,0,0
5,2,1,7,1,0,1,0,2,1,2,1
5,1,1,5,1,7,7,0,1,1,1,1
5,1,1,3,1,7,7,2,2,2,-1,-1
5,1,0,2,0,7,7,0,1,1,0,2
27,12,8,8,1,7,7,2,2,1,-1,-1
27,12,8,7,0,7,7,3,-1,-1,1,1
27,12,8,6,0,7,7,2,1,2,-1,-1
27,12,8,5,0,7,7,3,-1,-1,1,1
27,12,8,4,0,7,7,4,0,-1,-1,-1
27,12,8,4,0,0,7,1,0,1,0,1
12,8,5,3,1,7,7,4,0,-1,-1,-1
12,8,5,3,1,0,7,4,-1,-1,0,-1
12,8,5,3,1,0,0,1,1,1,1,1
8,5,0,2,1,7,7,4,-1,-1,2,-1
8,5,0,2,1,7,0,2,1,1,-1,-1
8,0,0,1,0,7,0,3,-1,-1,0,0
14,10,0,2,1,7,7,0,0,0,0,0
16,0,0,1,1,7,7,1,0,0,0,0
17,6,3,7,1,7,7,0,1,1,1,1
17,6,2,5,1,7,7,2,2,2,-1,-1
17,6,1,4,0,7,7,3,-1,-1,2,2
17,6,1,3,0,7,7,1,0,0,0,0
6,1,0,2,0,7,7,2,2,2,-1,-1
6,0,0,1,1,7,7,1,1,1,1,1
8,3,2,5,1,7,7,0,1,1,1,1
8,2,1,3,1,7,7,2,2,2,-1,-1
8,1,0,2,0,7,7,1,1,1,1,1
1,0,0,1,1,7,7,2,2,2,-1,-1
5,4,1,5,1,7,7,0,1,1,1,1
5,1,1,3,1,7,7,2,2,2,-1,-1
5,1,0,2,0,7,7,0,1,1,0,2
45,11,5,4,1,7,7,0,1,1,1,2
45,11,0,2,0,7,7,4,-1,-1,0,-1
45,11,0,2,0,7,0,1,0,0,0,0
11,0,0,1,0,7,7,1,1,1,1,1
8,0,0,1,1,0,7,1,1,1,1,1
32,8,8,3,1,7,7,1,0,0,0,0
8,8,0,2,1,7,7,4,0,-1,-1,-1
8,8,0,2,1,0,7,0,0,0,0,0
64,0,0,1,1,7,7,1,0,0,0,0
4,0,0,1,1,7,7,1,1,1,1,1
2,2,0,2,1,7,7,0,1,1,1,1
16,0,0,1,1,7,7,1,0,0,0,0
41,23,0,2,1,7,7,1,0,0,0,0
23,0,0,1,0,7,7,1,0,0,0,0
4,4,4,8,1,7,7,0,1,1,1,1
4,4,2,6,1,7,7,0,1,1,1,1
2,2,2,4,1,7,7,0,1,1,1,1
2,2,0,2,1,7,7,0,1,1,1,1
11,5,0,2,1,7,7,1,1,1,1,1
5,0,0,1,1,7,7,1,1,1,1,1
5,1,1,4,1,7,7,2,2,2,-1,-1
5,1,1,3,0,7,7,3,-1,-1,2,2
5,1,0,2,0,7,7,2,2,2,-1,-1
5,0,0,1,0,7,7,1,1,1,1,1
64,0,0,1,1,0,7,1,0,0,0,0
23,5,2,5,1,7,7,2,2,2,-1,-1
23,5,1,4,0,7,7,3,-1,-1,2,2
23,5,1,3,0,7,7,2,2,2,-1,-1
23,5,0,2,0,7,7,1,0,0,0,0
5,0,0,1,1,7,7,1,1,1,1,1
25,9,5,7,1,7,7,2,2,2,-1,-1
25,9,5,6,0,7,7,3,-1,-1,2,1
25,9,5,5,0,7,7,2,1,1,-1,-1
25,9,5,4,0,7,7,3,-1,-1,1,1
25,9,5,3,0,7,7,2,1,1,-1,-1
25,9,0,2,0,7,7,3,-1,-1,0,0
25,0,0,1,0,7,7,1,0,0,0,0
2,2,0,2,1,7,7,0,1,1,1,1
12,0,0,1,1,0,7,1,1,1,1,1
2,1,1,3,1,7,7,0,1,1,1,1
1,0,0,1,1,7,7,2,2,2,-1,-1
18,3,3,3,1,7,7,1,0,0,0,0
3,3,0,2,0,7,7,0,1,1,1,1
2,1,1,3,1,7,7,0,1,1,1,1
1,0,0,1,1,7,7,2,2,2,-1,-1
12,2,2,3,1,0,7,1,1,1,1,1
2,2,0,2,1,7,7,0,1,1,1,1
9,1,1,4,1,7,7,2,2,2,-1,-1
9,1,1,3,0,7,7,3,-1,-1,2,1
9,1,0,2,0,7,7,1,1,1,1,2
1,0,0,1,0,7,7,2,2,2,-1,-1
48,0,0,1,1,7,7,1,0,0,0,0
10,9,9,7,1,7,7,1,1,0,1,2
9,9,9,6,0,7,7,4,-1,-1,2,-1
9,9,9,6,0,7,0,1,1,0,1,2
9,9,9,5,0,7,7,4,-1,-1,2,-1
9,9,9,5,0,7,0,1,1,0,1,2
9,9,9,4,0,7,7,4,-1,-1,2,-1
9,9,9,4,0,7,0,1,1,0,1,2
9,9,9,3,0,7,7,4,-1,-1,2,-1
9,9,9,3,0,7,0,1,1,0,1,2
9,9,0,2,0,7,7,4,-1,-1,2,-1
9,9,0,2,0,7,0,0,0,0,0,0
44,10,10,3,1,7,7,1,0,0,0,0
10,10,0,2,1,7,7,4,0,-1,-1,-1
10,10,0,2,1,0,7,0,0,0,0,0
6,5,5,3,1,0,1,1,1,1,1,1
5,5,0,2,1,7,7,0,1,1,1,1
5,4,3,5,1,7,7,0,1,1,1,1
5,2,2,3,1,7,7,2,2,2,-1,-1
5,2,0,2,0,7,7,0,1,1,0,2
4,4,2,4,1,7,7,0,1,1,1,1
2,2,0,2,1,7,7,0,1,1,1,1
15,6,4,6,1,0,7,2,2,2,-1,-1
15,6,4,5,0,7,7,3,-1,-1,2,2
15,6,4,4,0,7,7,2,2,1,-1,-1
15,6,3,3,0,7,7,3,-1,-1,1,1
15,3,0,2,0,7,7,2,1,1,-1,-1
15,0,0,1,0,7,7,1,0,0,0,0
12,2,2,3,1,0,1,0,2,1,2,1
12,0,0,1,1,7,7,1,1,1,1,1
4,0,0,1,1,7,7,1,1,1,1,1
16,16,16,4,1,7,7,1,0,0,0,1
16,16,16,3,1,7,7,4,-1,-1,2,-1
16,16,16,3,1,7,0,1,0,0,0,1
16,16,0,2,1,7,7,4,-1,-1,2,-1
16,16,0,2,1,7,0,0,0,0,0,0
10,4,2,3,1,0,7,1,1,1,1,1
4,2,0,2,0,7,7,2,1,1,-1,-1
2,0,0,1,0,7,7,3,-1,-1,1,2
16,4,4,3,1,7,7,1,0,0,0,0
4,4,0,2,1,7,7,0,1,1,1,1
5,2,2,6,1,0,7,0,1,1,1,1
5,1,1,4,1,7,7,2,2,2,-1,-1
5,1,1,3,0,7,7,3,-1,-1,2,2
5,1,0,2,0,7,7,2,2,2,-1,-1
5,0,0,1,0,7,7,1,1,1,1,1
36,4,4,8,1,7,7,0,1,1,1,1
36,4,4,6,1,7,7,2,1,1,-1,-1
36,4,4,5,0,7,7,3,-1,-1,1,0
36,4,4,4,0,7,7,2,1,1,-1,-1
36,4,4,3,0,7,7,3,-1,-1,1,1
36,4,0,2,0,7,7,2,1,1,-1,-1
36,0,0,1,0,7,7,1,0,0,0,0
49,15,0,2,1,7,7,1,0,0,0,0
15,0,0,1,0,7,7,1,0,0,0,0
49,5,5,4,1,7,7,1,0,0,0,1
5,5,5,3,0,7,7,4,0,-1,-1,-1
5,5,5,3,0,0,7,4,-1,-1,0,-1
5,5,5,3,0,0,0,1,2,2,1,1
5,5,0,2,0,7,7,2,1,1,-1,-1
5,0,0,1,0,7,7,3,-1,-1,1,1
4,0,0,1,1,7,7,1,1,1,1,1
10,5,3,7,1,7,7,0,1,1,1,1
10,5,2,5,1,7,7,2,2,2,-1,-1
10,5,1,4,0,7,7,3,-1,-1,2,2
10,5,1,3,0,7,7,2,2,2,-1,-1
10,5,0,2,0,7,7,0,0,0,0,0
12,0,0,1,1,7,7,1,1,1,1,1
27,1,1,6,1,0,7,2,2,2,-1,-1
27,1,1,5,0,7,7,3,-1,-1,2,2
27,1,1,4,0,7,7,2,2,2,-1,-1
27,1,1,3,0,7,7,3,-1,-1,2,2
27,1,0,2,0,7,7,1,0,0,0,0
1,0,0,1,1,7,7,2,2,2,-1,-1
1,1,1,4,1,7,7,0,1,1,1,1
1,1,0,2,1,7,7,0,1,1,1,1
19,1,1,6,1,7,7,2,2,2,-1,-1
19,1,1,5,0,7,7,3,-1,-1,2,2
19,1,1,4,0,7,7,2,2,2,-1,-1
19,1,1,3,0,7,7,3,-1,-1,2,2
19,1,0,2,0,7,7,1,0,0,0,0
1,0,0,1,1,7,7,2,2,2,-1,-1
12,9,9,5,1,0,7,1,1,1,1,1
9,9,9,4,1,7,7,4,-1,-1,0,-1
9,9,9,4,1,7,0,2,0,0,-1,-1
9,9,9,3,0,7,7,3,-1,-1,0,2
9,9,0,2,0,7,7,0,0,0,0,0
8,8,8,4,1,7,7,0,0,0,0,1
8,8,0,2,1,7,7,4,-1,-1,2,-1
8,8,0,2,1,7,0,0,0,0,0,0
3,1,0,2,1,7,7,0,1,1,1,1
4,0,0,1,1,0,7,1,2,1,2,1
22,13,13,3,1,0,7,1,0,0,0,0
13,13,0,2,1,7,7,4,2,-1,-1,-1
13,13,0,2,1,0,7,0,0,0,0,0
16,16,0,2,1,7,7,0,0,0,0,0
17,7,5,4,1,7,7,1,0,0,0,0
7,5,3,3,0,7,7,2,1,1,-1,-1
7,5,0,2,0,7,7,0,0,0,0,0
6,6,6,8,1,0,1,0,1,1,1,1
6,6,6,6,1,7,7,4,-1,-1,0,-1
6,6,6,6,1,7,0,2,1,1,-1,-1
6,6,6,5,0,7,7,3,-1,-1,1,1
6,6,6,4,1,7,7,4,-1,-1,0,-1
6,6,6,4,1,7,0,2,1,1,-1,-1
6,6,6,3,0,7,7,3,-1,-1,1,2
6,6,0,2,0,7,7,4,2,-1,-1,-1
6,6,0,2,0,0,7,0,1,1,1,1
5,1,1,8,1,7,7,0,1,1,1,1
5,1,1,6,1,7,7,0,1,1,1,1
5,1,1,4,1,7,7,0,1,1,1,1
5,1,0,2,1,7,7,0,1,1,0,2
20,2,2,7,1,7,7,0,1,1,1,1
20,2,2,5,1,7,7,2,2,2,-1,-1
20,2,2,4,0,7,7,3,-1,-1,2,2
20,2,2,3,0,7,7,2,2,2,-1,-1
20,2,0,2,0,7,7,1,0,0,0,0
2,0,0,1,1,7,7,2,2,2,-1,-1
44,4,4,6,1,7,7,2,1,1,-1,-1
44,4,4,5,0,7,7,3,-1,-1,1,0
44,4,4,4,0,7,7,2,1,1,-1,-1
44,4,4,3,0,7,7,3,-1,-1,1,1
44,4,0,2,0,7,7,2,1,1,-1,-1
44,0,0,1,0,7,7,1,0,0,0,0
2,1,1,3,1,0,7,0,2,1,2,1
1,0,0,1,1,7,7,2,2,2,-1,-1
1,1,1,8,1,7,7,0,1,1,1,1
1,1,1,6,1,7,7,0,1,1,1,1
1,1,1,4,1,7,7,0,1,1,1,1
1,1,0,2,1,7,7,0,1,1,1,1
5,1,1,4,1,7,7,2,2,2,-1,-1
5,1,1,3,0,7,7,3,-1,-1,2,2
5,1,0,2,0,7,7,2,2,2,-1,-1
5,0,0,1,0,7,7,1,1,1,1,1
22,5,5,3,1,7,7,1,0,0,0,0
5,5,0,2,1,7,7,4,2,-1,-1,-1
5,5,0,2,1,0,7,0,1,1,1,1
8,4,0,2,1,7,7,0,0,0,0,0
10,2,0,2,1,0,7,1,1,1,1,2
2,0,0,1,0,7,7,2,2,2,-1,-1
4,4,4,6,1,7,7,0,1,1,1,1
4,4,4,4,1,7,7,0,1,1,1,1
4,4,0,2,1,7,7,0,1,1,1,1
5,1,1,8,1,7,7,0,1,1,1,1
5,1,1,6,1,7,7,0,1,1,1,1
5,1,1,4,1,7,7,0,1,1,1,1
5,1,0,2,1,7,7,0,1,1,0,2
16,0,0,1,1,7,7,1,0,0,0,0
3,1,0,2,1,7,7,0,1,1,1,1
6,5,5,3,1,7,7,1,1,1,1,1
5,5,0,2,1,7,7,0,1,1,1,1
8,4,4,5,1,7,7,0,1,1,1,1
8,4,4,3,1,7,7,0,1,1,1,1
8,0,0,1,1,7,7,1,1,1,1,1
8,3,1,7,1,7,7,0,1,1,1,1
8,1,1,5,1,7,7,0,1,1,1,1
8,1,1,3,1,7,7,2,2,2,-1,-1
8,1,0,2,0,7,7,1,1,1,1,1
1,0,0,1,1,7,7,2,2,2,-1,-1
19,5,0,2,1,7,7,1,0,0,0,0
5,0,0,1,1,7,7,1,1,1,1,1
6,2,1,6,1,7,7,0,1,1,1,1
6,1,1,4,1,7,7,2,2,2,-1,-1
6,1,1,3,0,7,7,3,-1,-1,2,2
6,1,0,2,0,7,7,2,2,2,-1,-1
6,0,0,1,0,7,7,1,1,1,1,1
4,0,0,1,1,0,7,1,2,1,2,1
12,12,0,2,1,7,7,0,0,0,0,0
12,7,5,5,1,7,7,0,1,1,1,1
12,7,4,3,0,7,7,3,-1,-1,1,1
12,7,0,2,0,7,7,4,0,-1,-1,-1
12,7,0,2,0,0,7,1,1,1,1,1
7,0,0,1,1,7,7,1,1,1,1,1
12,1,1,5,1,7,7,2,2,2,-1,-1
12,1,1,4,0,7,7,3,-1,-1,2,2
12,1,1,3,0,7,7,2,2,2,-1,-1
12,1,0,2,0,7,7,1,1,1,1,1
1,0,0,1,1,7,7,2,2,2,-1,-1
4,4,4,8,1,7,7,0,1,1,1,1
4,4,4,6,1,7,7,0,1,1,1,1
4,4,4,4,1,7,7,0,1,1,1,1
4,4,0,2,1,7,7,0,1,1,1,1
34,7,7,3,1,0,1,1,0,0,0,0
7,7,0,2,0,7,7,4,0,-1,-1,-1
7,7,0,2,0,0,7,0,0,0,0,0
5,2,1,3,1,7,7,0,1,1,1,2
1,0,0,1,0,7,7,3,-1,-1,1,2
4,2,2,3,1,7,7,0,1,1,1,1
2,0,0,1,1,7,7,2,2,2,-1,-1
5,1,1,4,1,7,7,2,2,2,-1,-1
5,1,1,3,0,7,7,3,-1,-1,2,2
5,1,0,2,0,7,7,2,2,2,-1,-1
5,0,0,1,0,7,7,1,1,1,1,1
12,3,3,5,1,7,7,0,1,1,1,1
12,3,3,3,1,7,7,1,1,1,1,1
3,3,0,2,1,7,7,0,1,1,1,1
2,1,1,7,1,7,7,0,1,1,1,1
1,1,1,5,1,7,7,0,1,1,1,1
1,1,1,3,1,7,7,0,1,1,1,1
1,0,0,1,1,7,7,2,2,2,-1,-1
11,5,0,2,1,7,7,1,1,1,1,1
5,0,0,1,1,7,7,1,1,1,1,1
2,2,0,2,1,7,7,0,1,1,1,1
32,0,0,1,1,7,7,1,0,0,0,0
41,15,8,3,1,0,1,1,0,0,0,0
15,8,0,2,0,7,7,4,-1,-1,0,-1
15,8,0,2,0,7,0,1,0,0,0,0
8,0,0,1,1,7,7,1,1,1,1,1
4,0,0,1,1,7,7,1,1,1,1,1
8,0,0,1,1,7,7,1,1,1,1,1
6,2,0,2,1,0,7,0,1,1,0,2
2,1,1,3,1,7,7,0,1,1,1,1
1,0,0,1,1,7,7,2,2,2,-1,-1
6,6,2,4,1,7,7,0,1,1,1,1
6,6,0,2,1,7,7,0,1,1,1,1
16,2,2,5,1,0,7,2,2,2,-1,-1
16,2,2,4,0,7,7,3,-1,-1,2,2
16,2,2,3,0,7,7,2,2,2,-1,-1
16,2,0,2,0,7,7,1,0,0,0,0
2,0,0,1,1,7,7,2,2,2,-1,-1
4,4,4,8,1,7,7,0,1,1,1,1
4,4,2,6,1,7,7,0,1,1,1,1
2,2,2,4,1,7,7,0,1,1,1,1
2,2,0,2,1,7,7,0,1,1,1,1
40,11,5,8,1,7,7,2,2,2,-1,-1
40,11,5,7,0,7,7,3,-1,-1,2,2
40,11,5,6,0,7,7,2,2,2,-1,-1
40,11,5,5,0,7,7,3,-1,-1,1,2
40,11,5,4,0,7,7,2,1,1,-1,-1
40,11,3,3,0,7,7,3,-1,-1,1,1
40,11,0,2,0,7,7,1,0,0,0,0
11,0,0,1,1,7,7,1,1,1,1,1
49,11,4,3,1,7,7,1,0,0,0,1
11,4,0,2,0,7,7,4,-1,-1,0,-1
11,4,0,2,0,7,0,2,1,1,-1,-1
11,0,0,1,0,7,0,1,1,1,1,1
48,0,0,1,1,0,7,1,0,0,0,0
6,2,0,2,1,7,7,0,1,1,0,2
64,0,0,1,1,0,7,1,0,0,0,0
1,1,1,4,1,7,7,0,1,1,1,1
1,1,0,2,1,7,7,0,1,1,1,1
6,6,4,7,1,0,1,0,1,1,1,1
6,6,2,5,1,7,7,0,1,1,1,1
6,6,2,3,1,7,7,2,2,2,-1,-1
6,6,0,2,0,7,7,0,1,1,1,1
16,0,0,1,1,7,7,1,0,0,0,0
64,0,0,1,1,7,7,1,0,0,0,0
32,0,0,1,1,0,7,1,0,0,0,0
24,0,0,1,1,7,7,1,0,0,0,0
8,8,4,4,1,0,7,2,1,1,-1,-1
8,8,4,3,0,7,7,3,-1,-1,1,2
8,8,0,2,0,7,7,0,0,0,0,0
43,11,5,5,1,7,7,2,2,1,-1,-1
43,11,5,4,0,7,7,3,-1,-1,1,1
43,11,5,3,0,7,7,2,1,1,-1,-1
43,11,0,2,0,7,7,1,0,0,0,0
11,0,0,1,1,7,7,1,1,1,1,1
8,2,1,4,1,7,7,2,2,2,-1,-1
8,1,1,3,0,7,7,3,-1,-1,2,2
8,1,0,2,0,7,7,2,2,2,-1,-1
8,0,0,1,0,7,7,1,1,1,1,1
22,21,21,3,1,7,7,1,0,0,0,0
21,21,0,2,1,7,7,4,2,-1,-1,-1
21,21,0,2,1,0,7,0,0,0,0,0
7,1,1,6,1,7,7,0,1,1,1,1
7,1,1,4,1,7,7,2,2,2,-1,-1
7,1,1,3,0,7,7,3,-1,-1,2,2
7,1,0,2,0,7,7,2,2,2,-1,-1
7,0,0,1,0,7,7,1,1,1,1,1
26,6,0,2,1,0,7,1,0,0,0,0
6,0,0,1,1,7,7,1,1,1,1,1
8,2,2,5,1,7,7,0,1,1,1,1
8,2,2,3,1,7,7,2,2,2,-1,-1
8,2,0,2,0,7,7,1,1,1,1,1
2,0,0,1,1,7,7,2,2,2,-1,-1
37,9,9,4,1,0,7,1,0,1,0,0
9,9,9,3,0,7,7,4,0,-1,-1,-1
9,9,9,3,0,0,7,4,-1,-1,0,-1
9,9,9,3,0,0,0,1,1,0,1,2
9,9,0,2,0,7,7,4,-1,-1,2,-1
9,9,0,2,0,7,0,0,0,0,0,0
6,2,2,4,1,7,7,2,2,2,-1,-1
6,2,2,3,0,7,7,3,-1,-1,2,2
6,2,0,2,0,7,7,2,2,2,-1,-1
6,0,0,1,0,7,7,1,1,1,1,1
10,4,3,8,1,0,7,0,1,1,1,1
10,2,2,6,1,7,7,0,1,1,1,1
10,1,1,4,1,7,7,2,2,2,-1,-1
10,1,1,3,0,7,7,3,-1,-1,2,2
10,1,0,2,0,7,7,1,1,1,1,2
1,0,0,1,0,7,7,2,2,2,-1,-1
48,0,0,1,1,7,7,1,0,0,0,0
20,12,9,4,1,7,7,1,0,0,0,1
12,9,7,3,1,7,7,4,-1,-1,2,-1
12,9,7,3,1,7,0,1,1,1,1,1
9,7,0,2,1,7,7,4,-1,-1,0,-1
9,7,0,2,1,7,0,2,0,0,-1,-1
7,0,0,1,0,7,7,3,-1,-1,2,0
11,5,0,2,1,7,7,1,1,1,1,1
5,0,0,1,1,7,7,1,1,1,1,1
21,11,8,8,1,7,7,2,1,1,-1,-1
21,11,8,7,0,7,7,3,-1,-1,1,1
21,11,8,6,0,7,7,2,1,1,-1,-1
21,11,8,5,0,7,7,3,-1,-1,1,1
21,11,8,4,0,7,7,2,1,1,-1,-1
21,11,8,3,0,7,7,4,-1,-1,0,-1
21,11,8,3,0,7,0,1,0,0,0,0
11,8,0,2,0,7,7,4,-1,-1,0,-1
11,8,0,2,0,7,0,1,1,1,1,1
8,0,0,1,1,7,7,1,1,1,1,1
24,0,0,1,1,7,7,1,0,0,0,0
2,2,1,6,1,7,7,0,1,1,1,1
1,1,1,4,1,7,7,0,1,1,1,1
1,1,0,2,1,7,7,0,1,1,1,1
4,4,4,7,1,7,7,0,1,1,1,1
4,1,1,5,1,7,7,0,1,1,1,1
1,1,1,3,1,7,7,0,1,1,1,1
1,0,0,1,1,7,7,2,2,2,-1,-1
24,24,0,2,1,0,7,0,0,0,0,0
4,2,2,7,1,7,7,0,1,1,1,1
2,2,2,5,1,7,7,0,1,1,1,1
2,2,2,3,1,7,7,0,1,1,1,1
2,0,0,1,1,7,7,2,2,2,-1,-1
2,1,1,3,1,7,7,0,1,1,1,1
1,0,0,1,1,7,7,2,2,2,-1,-1
16,7,4,5,1,7,7,2,2,1,-1,-1
16,7,4,4,0,7,7,3,-1,-1,1,1
16,7,3,3,0,7,7,2,1,1,-1,-1
16,7,0,2,0,7,7,1,0,0,0,0
7,0,0,1,1,7,7,1,1,1,1,1
11,6,4,4,1,7,7,0,1,1,1,0
11,3,0,2,0,7,7,4,0,-1,-1,-1
11,3,0,2,0,0,7,3,-1,-1,1,1
11,0,0,1,0,0,7,1,1,1,1,1
6,4,2,5,1,7,7,0,1,1,1,1
6,2,2,3,1,7,7,2,2,2,-1,-1
6,2,0,2,0,7,7,0,1,1,0,2
32,0,0,1,1,7,7,1,0,0,0,0
12,6,6,7,1,7,7,0,1,1,1,1
12,6,6,5,1,7,7,4,-1,-1,0,-1
12,6,6,5,1,7,0,2,1,1,-1,-1
12,6,6,4,0,7,0,3,-1,-1,1,2
12,6,6,3,0,7,7,4,2,-1,-1,-1
12,6,6,3,0,0,7,1,1,1,1,1
6,6,0,2,1,7,7,4,-1,-1,2,-1
6,6,0,2,1,7,0,2,1,1,-1,-1
6,0,0,1,0,7,7,3,-1,-1,1,0
4,4,0,2,1,7,7,0,1,1,1,1
64,0,0,1,1,0,7,1,0,0,0,0
44,5,5,5,1,0,7,0,1,1,1,1
44,5,5,3,1,7,7,4,-1,-1,2,-1
44,5,5,3,1,7,0,2,1,1,-1,-1
44,5,0,2,0,7,0,3,-1,-1,1,0
44,0,0,1,1,7,7,1,0,0,0,0
33,5,5,4,1,7,7,1,0,0,0,1
5,5,5,3,0,7,7,4,0,-1,-1,-1
5,5,5,3,0,0,7,4,-1,-1,0,-1
5,5,5,3,0,0,0,1,2,2,1,1
5,5,0,2,0,7,7,2,1,1,-1,-1
5,0,0,1,0,7,7,3,-1,-1,1,1
4,4,4,8,1,7,7,0,1,1,1,1
4,4,4,6,1,7,7,0,1,1,1,1
4,4,4,4,1,7,7,0,1,1,1,1
4,4,0,2,1,7,7,0,1,1,1,1
4,0,0,1,1,7,7,1,1,1,1,1
7,1,0,2,1,7,7,1,1,1,1,1
1,0,0,1,1,7,7,2,2,2,-1,-1
6,4,2,5,1,7,7,0,1,1,1,1
6,2,2,3,1,7,7,2,2,2,-1,-1
6,2,0,2,0,7,7,0,1,1,0,2
8,8,4,4,1,0,1,2,1,1,-1,-1
8,8,4,3,0,7,1,3,-1,-1,1,2
8,8,0,2,0,7,7,0,0,0,0,0
4,0,0,1,1,0,7,1,2,1,2,1
9,7,7,6,1,7,7,2,1,1,-1,-1
9,7,7,5,0,7,7,3,-1,-1,1,1
9,7,7,4,1,7,7,1,1,0,1,1
7,7,3,3,0,7,7,4,-1,-1,0,-1
7,7,3,3,0,7,0,2,1,1,-1,-1
7,7,0,2,0,7,0,0,0,0,0,0
6,2,1,6,1,0,1,0,2,1,2,1
6,1,1,4,1,7,7,2,2,2,-1,-1
6,1,1,3,0,7,7,3,-1,-1,2,2
6,1,0,2,0,7,7,2,2,2,-1,-1
6,0,0,1,0,7,7,1,1,1,1,1
8,6,6,5,1,7,7,0,1,1,1,1
8,6,6,3,1,7,7,4,-1,-1,2,-1
8,6,6,3,1,7,0,2,1,1,-1,-1
8,6,0,2,0,7,0,3,-1,-1,1,0
8,0,0,1,1,7,7,1,1,1,1,1
16,15,15,6,1,7,7,0,1,0,1,1
16,15,15,4,0,7,7,4,-1,-1,2,-1
16,15,15,4,0,7,0,1,0,0,0,1
15,15,6,3,1,7,7,4,-1,-1,0,-1
15,15,6,3,1,7,0,2,1,1,-1,-1
15,15,0,2,0,7,0,0,0,0,0,0
26,3,3,3,1,7,7,1,0,0,0,0
3,3,0,2,1,7,7,0,1,1,1,1
1,1,1,8,1,7,7,0,1,1,1,1
1,1,1,6,1,7,7,0,1,1,1,1
1,1,1,4,1,7,7,0,1,1,1,1
1,1,0,2,1,7,7,0,1,1,1,1
23,6,3,3,1,0,7,1,0,0,0,0
6,3,0,2,1,7,7,4,2,-1,-1,-1
6,3,0,2,1,0,7,0,1,1,1,0
13,2,1,3,1,0,7,1,0,0,1,0
2,1,0,2,0,7,7,3,-1,-1,2,2
1,0,0,1,0,7,7,2,2,2,-1,-1
4,0,0,1,1,7,7,1,1,1,1,1
6,1,1,3,1,7,7,0,1,1,1,2
1,0,0,1,0,7,7,3,-1,-1,1,2
26,22,0,2,1,7,7,0,0,0,0,0
8,4,4,5,1,7,7,0,1,1,1,1
8,4,4,3,1,7,7,0,1,1,1,1
8,0,0,1,1,7,7,1,1,1,1,1
11,1,1,6,1,7,7,0,1,1,1,1
11,1,1,4,1,7,7,2,2,2,-1,-1
11,1,1,3,0,7,7,3,-1,-1,2,2
11,1,0,2,0,7,7,1,1,1,1,1
1,0,0,1,1,7,7,2,2,2,-1,-1
7,3,1,8,1,0,7,0,1,1,1,1
7,1,1,6,1,7,7,0,1,1,1,1
7,1,1,4,1,7,7,0,1,1,1,1
7,1,0,2,1,7,7,1,1,1,1,1
1,0,0,1,1,7,7,2,2,2,-1,-1
34,2,2,8,1,7,7,2,2,2,-1,-1
34,2,2,7,0,7,7,3,-1,-1,2,2
34,2,2,6,0,7,7,2,2,2,-1,-1
34,2,2,5,0,7,7,3,-1,-1,2,2
34,2,2,4,0,7,7,2,2,2,-1,-1
34,2,2,3,0,7,7,3,-1,-1,2,2
34,2,0,2,0,7,7,1,0,0,0,0
2,0,0,1,0,7,7,2,2,2,-1,-1
3,3,2,7,1,0,7,0,1,1,2,2
3,1,1,5,0,7,7,3,-1,-1,1,2
3,1,1,4,0,7,7,0,1,1,1,1
1,1,0,2,1,7,7,0,1,1,1,1
8,8,8,8,1,7,7,0,0,0,0,1
8,8,8,6,1,7,7,4,-1,-1,2,-1
8,8,8,6,1,7,0,1,1,1,1,1
8,8,8,5,1,7,7,0,0,0,0,1
8,8,8,3,1,7,7,4,-1,-1,2,-1
8,8,8,3,1,7,0,1,1,1,1,1
8,8,0,2,1,7,7,0,0,0,0,0
8,4,0,2,1,0,7,0,0,0,0,0
24,0,0,1,1,7,7,1,0,0,0,0
8,0,0,1,1,7,7,1,1,1,1,1
11,5,3,7,1,7,7,0,1,1,1,1
11,5,1,5,1,7,7,2,2,2,-1,-1
11,5,1,4,0,7,7,3,-1,-1,2,2
11,5,1,3,0,7,7,2,2,2,-1,-1
11,5,0,2,0,7,7,1,1,1,1,1
5,0,0,1,1,7,7,1,1,1,1,1
16,0,0,1,1,0,7,1,0,0,0,0
12,6,6,3,1,0,7,1,1,1,1,1
6,6,0,2,1,7,7,4,-1,-1,2,-1
6,6,0,2,1,7,0,2,1,1,-1,-1
6,0,0,1,0,7,7,3,-1,-1,1,0
25,5,2,3,1,0,7,1,0,0,0,0
5,2,0,2,0,7,7,3,-1,-1,2,2
5,0,0,1,1,7,7,1,1,1,1,1
8,8,8,8,1,0,7,1,1,1,1,1
8,8,8,7,1,7,7,0,0,0,0,1
8,8,8,5,1,7,7,4,-1,-1,2,-1
8,8,8,5,1,7,0,1,1,1,1,1
8,8,8,4,1,7,7,0,0,0,0,1
8,8,0,2,1,7,7,4,-1,-1,2,-1
8,8,0,2,1,7,0,0,0,0,0,0
6,2,1,6,1,7,7,0,1,1,1,1
6,1,1,4,1,7,7,2,2,2,-1,-1
6,1,1,3,0,7,7,3,-1,-1,2,2
6,1,0,2,0,7,7,2,2,2,-1,-1
6,0,0,1,0,7,7,1,1,1,1,1
8,0,0,1,1,7,7,1,1,1,1,1
64,0,0,1,1,0,7,1,0,0,0,0
2,2,0,2,1,7,7,0,1,1,1,1
8,3,2,6,1,0,7,0,1,1,1,1
8,1,1,4,1,7,7,2,2,2,-1,-1
8,1,1,3,0,7,7,3,-1,-1,2,2
8,1,0,2,0,7,7,2,2,2,-1,-1
8,0,0,1,0,7,7,1,1,1,1,1
8,0,0,1,1,7,7,1,1,1,1,1
64,0,0,1,1,7,7,1,0,0,0,0
3,1,0,2,1,0,1,0,1,1,1,1
6,5,5,3,1,7,7,1,1,1,1,1
5,5,0,2,1,7,7,0,1,1,1,1
12,1,1,5,1,0,1,0,2,1,2,1
12,1,1,3,1,7,7,2,2,2,-1,-1
12,1,0,2,0,7,7,1,1,1,1,1
1,0,0,1,1,7,7,2,2,2,-1,-1
4,4,4,8,1,7,7,0,1,1,1,1
4,4,2,6,1,7,7,0,1,1,1,1
2,2,2,4,1,7,7,0,1,1,1,1
2,2,0,2,1,7,7,0,1,1,1,1
8,8,8,6,1,0,7,1,1,1,1,1
8,8,8,5,1,7,7,0,0,0,0,1
8,8,8,3,1,7,7,4,-1,-1,2,-1
8,8,8,3,1,7,0,1,1,1,1,1
8,8,0,2,1,7,7,0,0,0,0,0
12,5,3,6,1,0,1,2,2,2,-1,-1
12,5,3,5,0,7,1,3,-1,-1,2,2
12,5,3,4,0,7,7,2,2,1,-1,-1
12,5,3,3,0,7,7,1,1,1,1,1
5,3,0,2,1,7,7,0,1,1,1,0
23,5,5,6,1,7,7,0,1,1,1,1
23,5,5,4,1,7,7,4,-1,-1,0,-1
23,5,5,4,1,7,0,2,1,1,-1,-1
23,5,5,3,0,7,0,3,-1,-1,1,2
23,5,0,2,0,7,7,4,2,-1,-1,-1
23,5,0,2,0,0,7,1,0,0,0,0
5,0,0,1,1,7,7,1,1,1,1,1
8,0,0,1,1,7,7,1,1,1,1,1
14,10,10,6,1,7,7,0,0,0,0,1
14,10,10,4,1,7,7,4,-1,-1,2,-1
14,10,10,4,1,7,0,1,0,0,0,1
10,10,10,3,1,7,7,4,-1,-1,2,-1
10,10,10,3,1,7,0,1,1,0,1,2
10,10,0,2,0,7,7,4,-1,-1,2,-1
10,10,0,2,0,7,0,0,0,0,0,0
6,6,6,6,1,7,7,2,2,2,-1,-1
6,6,6,5,0,7,7,3,-1,-1,2,2
6,6,6,4,0,7,7,0,1,1,1,1
6,2,0,2,1,7,7,4,-1,-1,0,-1
6,2,0,2,1,7,0,2,1,1,-1,-1
2,0,0,1,0,7,7,3,-1,-1,2,1
12,0,0,1,1,0,7,1,1,1,1,1
16,0,0,1,1,0,7,1,0,0,0,0
17,3,1,6,1,0,7,2,2,2,-1,-1
17,3,1,5,0,7,7,3,-1,-1,2,2
17,3,1,4,0,7,7,2,2,1,-1,-1
17,3,1,3,0,7,7,3,-1,-1,1,1
17,1,0,2,0,7,7,1,0,0,0,0
1,0,0,1,0,7,7,2,2,2,-1,-1
16,0,0,1,1,7,7,1,0,0,0,0
24,0,0,1,1,7,7,1,0,0,0,0
16,8,8,3,1,0,1,1,0,0,0,1
8,8,0,2,1,7,7,4,-1,-1,2,-1
8,8,0,2,1,7,0,0,0,0,0,0
16,16,0,2,1,7,7,0,0,0,0,0
4,0,0,1,1,7,7,1,1,1,1,1
30,10,5,4,1,7,7,0,1,1,1,2
30,10,0,2,0,7,7,4,-1,-1,0,-1
30,10,0,2,0,7,0,1,0,0,0,0
10,0,0,1,0,7,7,1,1,0,1,1
8,8,8,3,1,7,7,1,1,1,1,1
8,8,0,2,1,7,7,0,0,0,0,0
34,7,7,3,1,7,7,1,0,0,0,0
7,7,0,2,0,7,7,4,0,-1,-1,-1
7,7,0,2,0,0,7,0,0,0,0,0
5,3,2,4,1,7,7,2,2,1,-1,-1
5,3,2,3,0,7,7,3,-1,-1,1,1
5,2,0,2,0,7,7,2,1,1,-1,-1
2,0,0,1,0,7,7,3,-1,-1,1,2
8,8,0,2,1,7,7,0,0,0,0,0
64,0,0,1,1,7,7,1,0,0,0,0
16,0,0,1,1,7,7,1,0,0,0,0
64,0,0,1,1,7,7,1,0,0,0,0
5,1,1,4,1,7,7,2,2,2,-1,-1
5,1,1,3,0,7,7,3,-1,-1,2,2
5,1,0,2,0,7,7,2,2,2,-1,-1
5,0,0,1,0,7,7,1,1,1,1,1
6,6,6,8,1,7,7,2,2,2,-1,-1
6,6,6,7,0,7,7,3,-1,-1,2,2
6,6,6,6,0,7,7,2,2,2,-1,-1
6,6,6,5,0,7,7,3,-1,-1,2,2
6,6,6,4,0,7,7,0,1,1,1,1
6,6,0,2,1,7,7,4,-1,-1,0,-1
6,6,0,2,1,7,0,2,1,1,-1,-1
6,0,0,1,0,7,7,3,-1,-1,1,2
41,13,6,4,1,7,7,0,1,1,1,2
41,13,0,2,0,7,7,4,-1,-1,0,-1
41,13,0,2,0,7,0,1,0,0,0,0
13,0,0,1,0,7,7,1,0,0,0,0
8,0,0,1,1,0,7,1,1,1,1,1
1,1,1,4,1,7,7,0,1,1,1,1
1,1,0,2,1,7,7,0,1,1,1,1
8,8,8,3,1,0,7,1,1,1,1,1
8,8,0,2,1,7,7,0,0,0,0,0
30,19,15,3,1,7,7,1,0,0,0,0
19,15,0,2,0,7,7,4,0,-1,-1,-1
19,15,0,2,0,0,7,1,0,0,0,0
15,0,0,1,1,7,7,1,0,0,0,0
4,2,1,8,1,0,7,0,1,1,2,2
1,1,1,6,0,7,7,3,-1,-1,1,2
1,1,1,5,0,7,7,0,1,1,1,1
1,1,1,3,1,7,7,0,1,1,1,1
1,0,0,1,1,7,7,2,2,2,-1,-1
8,2,2,5,1,7,7,0,1,1,1,1
8,2,2,3,1,7,7,2,2,2,-1,-1
8,2,0,2,0,7,7,1,1,1,1,1
2,0,0,1,1,7,7,2,2,2,-1,-1
3,1,0,2,1,0,7,0,1,1,1,1
10,6,0,2,1,7,7,0,0,0,0,0
32,0,0,1,1,7,7,1,0,0,0,0
3,1,0,2,1,0,1,0,1,1,1,1
1,1,1,4,1,7,7,0,1,1,1,1
1,1,0,2,1,7,7,0,1,1,1,1
6,6,6,8,1,7,7,0,1,1,1,1
6,6,6,6,1,7,7,4,-1,-1,0,-1
6,6,6,6,1,7,0,2,1,1,-1,-1
6,6,6,5,0,7,7,3,-1,-1,1,1
6,6,6,4,1,7,7,4,-1,-1,0,-1
6,6,6,4,1,7,0,2,1,1,-1,-1
6,6,6,3,0,7,7,3,-1,-1,1,2
6,6,0,2,0,7,7,4,2,-1,-1,-1
6,6,0,2,0,0,7,0,1,1,1,1
12,12,12,4,1,7,7,1,1,0,1,1
12,12,12,3,0,7,7,4,-1,-1,2,-1
12,12,12,3,0,7,0,1,1,1,1,1
12,12,0,2,1,7,7,4,-1,-1,0,-1
12,12,0,2,1,7,0,2,0,0,-1,-1
12,0,0,1,0,7,7,3,-1,-1,0,2
8,0,0,1,1,7,7,1,1,1,1,1
21,12,9,7,1,7,7,2,1,1,-1,-1
21,12,9,6,0,7,7,3,-1,-1,1,1
21,12,9,5,0,7,7,2,1,1,-1,-1
21,12,9,4,0,7,7,3,-1,-1,0,0
21,12,9,3,0,7,7,4,0,-1,-1,-1
21,12,9,3,0,0,7,1,0,0,0,0
12,9,0,2,0,7,7,0,0,0,0,0
17,17,7,4,1,0,7,0,0,0,0,1
17,17,0,2,1,7,7,4,-1,-1,2,-1
17,17,0,2,1,7,0,0,0,0,0,0
8,3,1,7,1,7,7,0,1,1,1,1
8,1,1,5,1,7,7,0,1,1,1,1
8,1,1,3,1,7,7,2,2,2,-1,-1
8,1,0,2,0,7,7,1,1,1,1,1
1,0,0,1,1,7,7,2,2,2,-1,-1
24,0,0,1,1,7,7,1,0,0,0,0
14,4,2,7,1,7,7,0,1,1,1,1
14,1,1,5,1,7,7,2,2,2,-1,-1
14,1,1,4,0,7,7,3,-1,-1,2,2
14,1,1,3,0,7,7,2,2,1,-1,-1
14,1,0,2,0,7,7,1,0,0,1,0
1,0,0,1,0,7,7,3,-1,-1,2,2
1,1,1,8,1,0,7,0,2,1,2,1
1,1,1,6,1,7,7,0,1,1,1,1
1,1,1,4,1,7,7,0,1,1,1,1
1,1,0,2,1,7,7,0,1,1,1,1
4,0,0,1,1,7,7,1,1,1,1,1
12,0,0,1,1,0,7,1,1,1,1,1
39,3,3,4,1,7,7,2,2,1,-1,-1
39,3,3,3,0,7,7,3,-1,-1,1,1
39,3,0,2,0,7,7,2,1,1,-1,-1
39,0,0,1,0,7,7,1,0,0,0,0
30,8,4,8,1,7,7,0,1,1,1,1
30,8,1,6,1,7,7,2,2,2,-1,-1
30,8,1,5,0,7,7,3,-1,-1,2,2
30,8,1,4,0,7,7,2,2,2,-1,-1
30,8,1,3,0,7,7,1,0,0,0,0
8,1,0,2,0,7,7,2,2,2,-1,-1
8,0,0,1,1,7,7,1,1,1,1,1
16,0,0,1,1,0,7,1,0,0,0,0
11,5,0,2,1,7,7,1,1,1,1,1
5,0,0,1,1,7,7,1,1,1,1,1
8,0,0,1,1,0,7,1,1,1,1,1
1,1,1,4,1,7,7,0,1,1,1,1
1,1,0,2,1,7,7,0,1,1,1,1
24,0,0,1,1,0,7,1,0,0,0,0
9,1,1,8,1,7,7,0,1,1,1,1
9,1,1,6,1,7,7,0,1,1,1,1
9,1,1,4,1,7,7,2,2,2,-1,-1
9,1,1,3,0,7,7,3,-1,-1,2,2
9,1,0,2,0,7,7,1,1,1,1,2
1,0,0,1,0,7,7,2,2,2,-1,-1
15,15,14,7,1,7,7,0,1,1,1,1
15,15,14,5,1,7,7,4,-1,-1,0,-1
15,15,14,5,1,7,0,2,1,1,-1,-1
15,15,14,4,0,7,0,3,-1,-1,1,2
15,15,14,3,0,7,7,4,2,-1,-1,-1
15,15,14,3,0,0,7,1,0,0,0,1
15,14,0,2,1,7,7,4,-1,-1,2,-1
15,14,0,2,1,7,0,0,0,0,0,0
2,2,2,8,1,0,7,0,2,1,2,1
2,2,2,6,1,7,7,0,1,1,1,1
2,2,2,4,1,7,7,0,1,1,1,1
2,2,0,2,1,7,7,0,1,1,1,1
16,16,0,2,1,7,7,0,0,0,0,0
11,2,1,5,1,7,7,2,2,2,-1,-1
11,1,1,4,0,7,7,3,-1,-1,2,2
11,1,1,3,0,7,7,2,2,2,-1,-1
11,1,0,2,0,7,7,1,1,1,1,1
1,0,0,1,1,7,7,2,2,2,-1,-1
52,4,4,4,1,0,7,2,2,1,-1,-1
52,4,4,3,0,7,7,3,-1,-1,1,1
52,4,0,2,0,7,7,2,1,1,-1,-1
52,0,0,1,0,7,7,1,0,0,0,0
20,6,6,3,1,7,7,1,0,0,0,1
6,6,0,2,1,7,7,4,-1,-1,2,-1
6,6,0,2,1,7,0,0,1,1,1,1
48,0,0,1,1,7,7,1,0,0,0,0
9,1,1,8,1,0,1,0,2,1,2,1
9,1,1,6,1,7,7,0,1,1,1,1
9,1,1,4,1,7,7,2,2,2,-1,-1
9,1,1,3,0,7,7,3,-1,-1,2,2
9,1,0,2,0,7,7,1,1,1,1,2
1,0,0,1,0,7,7,2,2,2,-1,-1
8,0,0,1,1,7,7,1,1,1,1,1
4,4,4,6,1,0,7,0,1,1,1,1
4,4,4,4,1,7,7,0,1,1,1,1
4,4,0,2,1,7,7,0,1,1,1,1
16,0,0,1,1,7,7,1,0,0,0,0
16,0,0,1,1,0,7,1,0,0,0,0
26,13,9,3,1,7,7,1,0,0,0,0
13,9,0,2,1,7,7,4,2,-1,-1,-1
13,9,0,2,1,0,7,0,0,0,0,0
12,2,2,7,1,7,7,0,1,1,1,1
12,2,2,5,1,7,7,2,2,2,-1,-1
12,2,2,4,0,7,7,3,-1,-1,2,1
12,2,2,3,0,7,7,2,1,1,-1,-1
12,2,0,2,0,7,7,3,-1,-1,1,2
12,0,0,1,0,7,7,1,1,1,1,1
3,1,1,6,1,0,7,0,1,1,2,2
1,1,1,4,0,7,7,3,-1,-1,1,2
1,1,1,3,0,7,7,0,1,1,1,1
1,0,0,1,1,7,7,2,2,2,-1,-1
4,0,0,1,1,0,7,1,2,1,2,1
15,4,1,7,1,7,7,0,1,1,1,1
15,1,1,5,1,7,7,2,2,2,-1,-1
15,1,1,4,0,7,7,3,-1,-1,2,1
15,1,1,3,0,7,7,2,1,1,-1,-1
15,1,0,2,0,7,7,3,-1,-1,1,2
15,0,0,1,0,7,7,1,0,0,0,0
27,12,8,7,1,0,7,2,2,1,-1,-1
27,12,8,6,0,7,7,3,-1,-1,1,2
27,12,8,5,0,7,7,2,1,1,-1,-1
27,12,8,4,0,7,7,4,-1,-1,0,-1
27,12,8,4,0,7,0,1,0,1,0,1
12,8,6,3,1,7,7,4,0,-1,-1,-1
12,8,6,3,1,0,7,4,-1,-1,0,-1
12,8,6,3,1,0,0,1,1,1,1,1
8,6,0,2,1,7,7,4,-1,-1,2,-1
8,6,0,2,1,7,0,2,1,1,-1,-1
8,0,0,1,0,7,0,3,-1,-1,0,0
2,1,1,7,1,7,7,0,1,1,1,1
1,1,1,5,1,7,7,0,1,1,1,1
1,1,1,3,1,7,7,0,1,1,1,1
1,0,0,1,1,7,7,2,2,2,-1,-1
32,0,0,1,1,7,7,1,0,0,0,0
48,0,0,1,1,0,7,1,0,0,0,0
8,0,0,1,1,7,7,1,1,1,1,1
18,7,4,4,1,0,1,2,1,1,-1,-1
18,7,3,3,0,7,1,3,-1,-1,1,2
18,7,0,2,0,7,7,1,0,0,0,0
7,0,0,1,0,7,7,1,1,1,1,1
4,0,0,1,1,7,7,1,1,1,1,1
4,0,0,1,1,0,7,1,2,1,2,1
4,0,0,1,1,7,7,1,1,1,1,1
5,4,1,5,1,0,7,0,1,1,1,1
5,1,1,3,1,7,7,2,2,2,-1,-1
5,1,0,2,0,7,7,0,1,1,0,2
3,1,1,6,1,7,7,0,1,1,1,1
1,1,1,4,1,7,7,0,1,1,1,1
1,1,0,2,1,7,7,0,1,1,1,1
17,7,0,2,1,7,7,1,0,0,0,0
7,0,0,1,0,7,7,1,1,1,1,1
7,5,5,6,1,7,7,0,1,1,1,1
7,5,5,4,1,7,7,4,-1,-1,0,-1
7,5,5,4,1,7,0,2,1,1,-1,-1
7,5,5,3,0,7,0,3,-1,-1,1,2
7,5,0,2,0,7,7,4,2,-1,-1,-1
7,5,0,2,0,0,7,0,0,0,0,0
10,1,1,7,1,0,1,0,2,1,2,1
10,1,1,5,1,7,7,2,2,2,-1,-1
10,1,1,4,0,7,7,3,-1,-1,2,2
10,1,1,3,0,7,7,2,2,2,-1,-1
10,1,0,2,0,7,7,1,1,1,1,2
1,0,0,1,0,7,7,2,2,2,-1,-1
1,1,1,8,1,7,7,0,1,1,1,1
1,1,1,6,1,7,7,0,1,1,1,1
1,1,1,4,1,7,7,0,1,1,1,1
1,1,0,2,1,7,7,0,1,1,1,1
12,6,6,3,1,7,7,1,1,0,1,1
6,6,0,2,0,7,7,4,-1,-1,2,-1
6,6,0,2,0,7,0,0,1,1,1,1
32,0,0,1,1,7,7,1,0,0,0,0
24,24,0,2,1,7,7,0,0,0,0,0
8,4,0,2,1,7,7,0,0,0,0,0
32,0,0,1,1,7,7,1,0,0,0,0
24,0,0,1,1,7,7,1,0,0,0,0
1,1,1,8,1,7,7,0,1,1,1,1
1,1,1,6,1,7,7,0,1,1,1,1
1,1,1,4,1,7,7,0,1,1,1,1
1,1,0,2,1,7,7,0,1,1,1,1
3,2,2,8,1,0,7,0,1,1,2,2
2,1,1,6,0,7,7,3,-1,-1,1,2
1,1,1,5,0,7,7,0,1,1,1,1
1,1,1,3,1,7,7,0,1,1,1,1
1,0,0,1,1,7,7,2,2,2,-1,-1
6,1,1,3,1,7,7,0,1,1,1,2
1,0,0,1,0,7,7,3,-1,-1,1,2
4,0,0,1,1,0,7,1,2,1,2,1
24,8,0,2,1,7,7,1,0,0,0,0
8,0,0,1,1,7,7,1,1,1,1,1
5,3,0,2,1,7,7,0,1,1,1,0
5,3,0,2,1,7,7,0,1,1,1,0
4,4,4,4,1,7,7,0,1,1,1,1
4,4,0,2,1,7,7,0,1,1,1,1
22,21,21,3,1,7,7,1,0,0,0,0
21,21,0,2,1,7,7,4,2,-1,-1,-1
21,21,0,2,1,0,7,0,0,0,0,0
3,2,1,5,1,7,7,0,1,1,1,1
1,1,1,3,1,7,7,0,1,1,1,1
1,0,0,1,1,7,7,2,2,2,-1,-1
34,14,0,2,1,0,7,1,0,0,0,0
14,0,0,1,0,7,7,1,0,0,0,0
48,0,0,1,1,7,7,1,0,0,0,0
12,10,10,3,1,7,7,1,1,0,1,1
10,10,0,2,0,7,7,4,-1,-1,2,-1
10,10,0,2,0,7,0,0,0,0,0,0
4,2,2,7,1,7,7,0,1,1,1,1
2,2,2,5,1,7,7,0,1,1,1,1
2,2,2,3,1,7,7,0,1,1,1,1
2,0,0,1,1,7,7,2,2,2,-1,-1
24,0,0,1,1,7,7,1,0,0,0,0
6,6,4,7,1,7,7,0,1,1,1,1
6,6,2,5,1,7,7,0,1,1,1,1
6,6,2,3,1,7,7,2,2,2,-1,-1
6,6,0,2,0,7,7,0,1,1,1,1
52,12,0,2,1,7,7,1,0,0,0,0
12,0,0,1,1,7,7,1,1,1,1,1
28,9,5,6,1,7,7,2,2,2,-1,-1
28,9,5,5,0,7,7,3,-1,-1,2,1
28,9,5,4,0,7,7,2,1,1,-1,-1
28,9,5,3,0,7,7,3,-1,-1,1,1
28,9,0,2,0,7,7,1,0,0,0,0
9,0,0,1,1,7,7,1,1,0,1,1
48,0,0,1,1,7,7,1,0,0,0,0
1,1,1,4,1,0,7,0,2,1,2,1
1,1,0,2,1,7,7,0,1,1,1,1
18,6,3,7,1,7,7,0,1,1,1,1
18,6,1,5,1,7,7,2,2,2,-1,-1
18,6,1,4,0,7,7,3,-1,-1,2,2
18,6,1,3,0,7,7,1,0,0,0,0
6,1,0,2,0,7,7,2,2,2,-1,-1
6,0,0,1,1,7,7,1,1,1,1,1
1,1,1,4,1,7,7,0,1,1,1,1
1,1,0,2,1,7,7,0,1,1,1,1
16,4,4,3,1,7,7,1,0,0,0,0
4,4,0,2,1,7,7,0,1,1,1,1
32,0,0,1,1,0,7,1,0,0,0,0
3,3,3,6,1,7,7,0,1,1,1,1
3,1,1,4,1,7,7,0,1,1,1,1
1,1,0,2,1,7,7,0,1,1,1,1
36,2,2,7,1,7,7,2,2,2,-1,-1
36,2,2,6,0,7,7,3,-1,-1,2,2
36,2,2,5,0,7,7,2,2,2,-1,-1
36,2,2,4,0,7,7,3,-1,-1,2,2
36,2,2,3,0,7,7,2,2,2,-1,-1
36,2,0,2,0,7,7,1,0,0,0,0
2,0,0,1,1,7,7,2,2,2,-1,-1
4,0,0,1,1,7,7,1,1,1,1,1
6,1,1,7,1,7,7,0,1,1,1,1
6,1,1,5,1,7,7,0,1,1,1,1
6,1,1,3,1,7,7,2,2,2,-1,-1
6,1,0,2,0,7,7,0,1,1,0,2
18,6,6,6,1,0,7,0,1,1,1,1
18,6,6,4,1,7,7,4,-1,-1,0,-1
18,6,6,4,1,7,0,2,1,1,-1,-1
18,6,6,3,0,7,0,3,-1,-1,1,2
18,6,0,2,0,7,7,4,2,-1,-1,-1
18,6,0,2,0,0,7,1,0,0,0,0
6,0,0,1,0,7,7,1,1,1,1,1
10,9,9,7,1,0,1,1,1,0,1,2
9,9,9,6,0,7,7,4,-1,-1,2,-1
9,9,9,6,0,7,0,1,1,0,1,2
9,9,9,5,0,7,7,4,-1,-1,2,-1
9,9,9,5,0,7,0,1,1,0,1,2
9,9,9,4,0,7,7,4,-1,-1,2,-1
9,9,9,4,0,7,0,1,1,0,1,2
9,9,9,3,0,7,7,4,-1,-1,2,-1
9,9,9,3,0,7,0,1,1,0,1,2
9,9,0,2,0,7,7,4,-1,-1,2,-1
9,9,0,2,0,7,0,0,0,0,0,0
5,2,1,7,1,7,7,0,1,1,1,1
5,1,1,5,1,7,7,0,1,1,1,1
5,1,1,3,1,7,7,2,2,2,-1,-1
5,1,0,2,0,7,7,0,1,1,0,2
5,4,1,5,1,0,1,0,2,1,1,2
5,1,1,3,0,7,7,2,2,2,-1,-1
5,1,0,2,0,7,7,0,1,1,0,2
64,0,0,1,1,7,7,1,0,0,0,0
5,1,1,8,1,7,7,0,1,1,1,1
5,1,1,6,1,7,7,0,1,1,1,1
5,1,1,4,1,7,7,0,1,1,1,1
5,1,0,2,1,7,7,0,1,1,0,2
8,4,0,2,1,0,7,0,0,0,0,0
9,7,0,2,1,7,7,0,0,0,0,0
6,3,2,4,1,0,7,2,2,1,-1,-1
6,3,1,3,0,7,7,3,-1,-1,1,1
6,1,0,2,0,7,7,2,1,1,-1,-1
1,0,0,1,0,7,7,3,-1,-1,1,2
2,1,1,3,1,7,7,0,1,1,1,1
1,0,0,1,1,7,7,2,2,2,-1,-1
31,17,0,2,1,7,7,1,0,0,0,0
17,0,0,1,1,7,7,1,0,0,0,0
12,0,0,1,1,7,7,1,1,1,1,1
10,6,0,2,1,7,7,0,0,0,0,0
48,0,0,1,1,7,7,1,0,0,0,0
3,3,3,4,1,7,7,0,1,1,1,1
3,3,0,2,1,7,7,0,1,1,1,1
8,0,0,1,1,7,7,1,1,1,1,1
11,5,0,2,1,7,7,1,1,1,1,1
5,0,0,1,1,7,7,1,1,1,1,1
3,2,1,5,1,0,7,0,1,1,2,2
1,1,1,3,0,7,7,3,-1,-1,1,2
1,1,0,2,0,7,7,0,1,1,1,1
15,3,3,4,1,0,7,2,2,1,-1,-1
15,3,3,3,0,7,7,3,-1,-1,1,1
15,3,0,2,0,7,7,2,1,1,-1,-1
15,0,0,1,0,7,7,1,0,0,0,0
24,0,0,1,1,7,7,1,0,0,0,0
26,13,9,3,1,7,7,1,0,0,0,0
13,9,0,2,1,7,7,4,2,-1,-1,-1
13,9,0,2,1,0,7,0,0,0,0,0
8,0,0,1,1,0,7,1,1,1,1,1
24,0,0,1,1,7,7,1,0,0,0,0
27,7,7,4,1,0,1,1,0,1,0,1
7,7,7,3,1,7,7,4,0,-1,-1,-1
7,7,7,3,1,0,7,4,-1,-1,0,-1
7,7,7,3,1,0,0,1,1,1,1,0
7,7,0,2,0,7,7,2,0,0,-1,-1
7,0,0,1,0,7,7,3,-1,-1,0,0
6,6,6,6,1,0,7,2,2,2,-1,-1
6,6,6,5,0,7,7,3,-1,-1,2,2
6,6,6,4,0,7,7,0,1,1,1,1
6,2,0,2,1,7,7,4,-1,-1,0,-1
6,2,0,2,1,7,0,2,1,1,-1,-1
2,0,0,1,0,7,7,3,-1,-1,2,1
18,4,2,3,1,0,7,1,0,0,0,0
4,2,0,2,0,7,7,2,1,1,-1,-1
2,0,0,1,0,7,7,3,-1,-1,1,2
13,7,5,5,1,7,7,0,1,1,1,1
13,7,5,3,1,7,7,1,0,0,0,1
7,5,0,2,1,7,7,4,-1,-1,2,-1
7,5,0,2,1,7,0,0,0,0,0,0
16,16,0,2,1,0,7,0,0,0,0,0
2,1,1,3,1,7,7,0,1,1,1,1
1,0,0,1,1,7,7,2,2,2,-1,-1
22,5,2,6,1,7,7,2,2,2,-1,-1
22,5,1,5,0,7,7,3,-1,-1,2,2
22,5,1,4,0,7,7,2,2,2,-1,-1
22,5,1,3,0,7,7,1,0,0,1,0
5,1,0,2,0,7,7,2,2,2,-1,-1
5,0,0,1,1,7,7,1,1,1,1,1
22,21,21,3,1,7,7,1,0,0,0,0
21,21,0,2,1,7,7,4,2,-1,-1,-1
21,21,0,2,1,0,7,0,0,0,0,0
33,7,3,8,1,7,7,2,2,2,-1,-1
33,7,3,7,0,7,7,3,-1,-1,2,2
33,7,3,6,0,7,7,2,2,2,-1,-1
33,7,3,5,0,7,7,3,-1,-1,2,2
33,7,3,4,0,7,7,2,2,2,-1,-1
33,7,3,3,0,7,7,1,0,0,0,1
7,3,0,2,0,7,7,4,-1,-1,0,-1
7,3,0,2,0,7,0,2,1,1,-1,-1
7,0,0,1,0,7,0,1,1,1,1,1
4,2,1,8,1,0,7,0,1,1,2,2
1,1,1,6,0,7,7,3,-1,-1,1,2
1,1,1,5,0,7,7,0,1,1,1,1
1,1,1,3,1,7,7,0,1,1,1,1
1,0,0,1,1,7,7,2,2,2,-1,-1
12,0,0,1,1,7,7,1,1,1,1,1
10,1,1,7,1,7,7,0,1,1,1,1
10,1,1,5,1,7,7,2,2,2,-1,-1
10,1,1,4,0,7,7,3,-1,-1,2,2
10,1,1,3,0,7,7,2,2,1,-1,-1
10,1,0,2,0,7,7,1,1,1,1,2
1,0,0,1,0,7,7,2,2,2,-1,-1
6,1,1,7,1,7,7,0,1,1,1,1
6,1,1,5,1,7,7,0,1,1,1,1
6,1,1,3,1,7,7,2,2,2,-1,-1
6,1,0,2,0,7,7,0,1,1,0,2
20,4,0,2,1,7,7,1,0,0,0,0
4,0,0,1,1,7,7,1,1,1,1,1
8,0,0,1,1,7,7,1,1,1,1,1
4,4,4,6,1,0,7,0,1,1,1,1
4,4,4,4,1,7,7,0,1,1,1,1
4,4,0,2,1,7,7,0,1,1,1,1
20,5,2,8,1,7,7,0,1,1,1,1
20,5,1,6,1,7,7,2,2,2,-1,-1
20,5,1,5,0,7,7,3,-1,-1,2,2
20,5,1,4,0,7,7,2,2,2,-1,-1
20,5,1,3,0,7,7,1,0,0,0,0
5,1,0,2,1,7,7,0,1,1,0,2
45,19,0,2,1,7,7,1,0,0,0,0
19,0,0,1,0,7,7,1,0,0,0,0
6,6,2,4,1,0,7,0,1,1,1,1
6,6,0,2,1,7,7,0,1,1,1,1
6,6,6,8,1,7,7,0,1,1,1,1
6,6,6,6,1,7,7,4,-1,-1,0,-1
6,6,6,6,1,7,0,2,1,1,-1,-1
6,6,6,5,0,7,7,3,-1,-1,1,1
6,6,6,4,1,7,7,4,-1,-1,0,-1
6,6,6,4,1,7,0,2,1,1,-1,-1
6,6,6,3,0,7,7,3,-1,-1,1,2
6,6,0,2,0,7,7,4,2,-1,-1,-1
6,6,0,2,0,0,7,0,1,1,1,1
8,3,2,5,1,0,7,0,1,1,1,1
8,2,1,3,1,7,7,2,2,2,-1,-1
8,1,0,2,0,7,7,1,1,1,1,1
1,0,0,1,1,7,7,2,2,2,-1,-1
26,1,1,7,1,7,7,2,2,2,-1,-1
26,1,1,6,0,7,7,3,-1,-1,2,2
26,1,1,5,0,7,7,2,2,2,-1,-1
26,1,1,4,0,7,7,3,-1,-1,2,2
26,1,1,3,0,7,7,2,2,2,-1,-1
26,1,0,2,0,7,7,1,0,0,1,0
1,0,0,1,0,7,7,3,-1,-1,2,2
48,0,0,1,1,7,7,1,0,0,0,0
19,8,5,3,1,0,1,1,0,0,0,1
8,5,0,2,1,7,7,4,-1,-1,2,-1
8,5,0,2,1,7,0,0,0,0,0,0
9,4,3,3,1,7,7,1,1,0,1,1
4,3,0,2,0,7,7,0,1,1,1,1
8,8,0,2,1,7,7,0,0,0,0,0
28,1,1,5,1,0,7,2,2,2,-1,-1
28,1,1,4,0,7,7,3,-1,-1,2,2
28,1,1,3,0,7,7,2,2,2,-1,-1
28,1,0,2,0,7,7,1,0,0,0,0
1,0,0,1,1,7,7,2,2,2,-1,-1
8,4,3,8,1,7,7,0,1,1,1,1
8,2,2,6,1,7,7,0,1,1,1,1
8,2,2,4,1,7,7,0,1,1,1,1
8,1,0,2,1,7,7,1,1,1,1,1
1,0,0,1,1,7,7,2,2,2,-1,-1
10,1,1,7,1,0,1,0,2,1,2,1
10,1,1,5,1,7,7,2,2,2,-1,-1
10,1,1,4,0,7,7,3,-1,-1,2,2
10,1,1,3,0,7,7,2,2,2,-1,-1
10,1,0,2,0,7,7,1,1,1,1,2
1,0,0,1,0,7,7,2,2,2,-1,-1
24,0,0,1,1,0,7,1,0,0,0,0
8,4,4,7,1,0,1,0,1,1,1,1
8,4,4,5,1,7,7,0,1,1,1,1
8,4,4,3,1,7,7,0,1,1,1,1
8,0,0,1,1,7,7,1,1,1,1,1
8,2,2,3,1,7,7,0,1,1,1,1
8,0,0,1,1,7,7,1,1,1,1,1
4,4,4,3,1,7,7,0,1,1,1,1
4,0,0,1,1,7,7,1,1,1,1,1
36,8,4,3,1,0,7,1,0,0,0,0
8,4,0,2,1,7,7,4,0,-1,-1,-1
8,4,0,2,1,0,7,0,0,0,0,0
24,6,6,5,1,7,7,0,1,1,1,1
24,6,6,3,1,7,7,4,-1,-1,2,-1
24,6,6,3,1,7,0,2,1,1,-1,-1
24,6,0,2,0,7,0,3,-1,-1,1,0
24,0,0,1,1,7,7,1,0,0,0,0
2,1,1,3,1,0,7,0,2,1,2,1
1,0,0,1,1,7,7,2,2,2,-1,-1
1,1,1,4,1,7,7,0,1,1,1,1
1,1,0,2,1,7,7,0,1,1,1,1
8,8,8,4,1,7,7,0,0,0,0,1
8,8,0,2,1,7,7,4,-1,-1,2,-1
8,8,0,2,1,7,0,0,0,0,0,0
24,0,0,1,1,7,7,1,0,0,0,0
8,0,0,1,1,7,7,1,1,1,1,1
16,16,0,2,1,7,7,0,0,0,0,0
8,0,0,1,1,7,7,1,1,1,1,1
1,1,1,8,1,7,7,0,1,1,1,1
1,1,1,6,1,7,7,0,1,1,1,1
1,1,1,4,1,7,7,0,1,1,1,1
1,1,0,2,1,7,7,0,1,1,1,1
9,2,1,7,1,7,7,0,1,1,1,1
9,1,1,5,1,7,7,2,2,2,-1,-1
9,1,1,4,0,7,7,3,-1,-1,2,2
9,1,1,3,0,7,7,2,2,1,-1,-1
9,1,0,2,0,7,7,1,1,1,1,2
1,0,0,1,0,7,7,2,2,2,-1,-1
38,2,2,6,1,7,7,2,2,2,-1,-1
38,2,2,5,0,7,7,3,-1,-1,2,2
38,2,2,4,0,7,7,2,2,2,-1,-1
38,2,2,3,0,7,7,3,-1,-1,2,2
38,2,0,2,0,7,7,1,0,0,1,0
2,0,0,1,0,7,7,2,2,2,-1,-1
8,8,8,3,1,7,7,1,1,1,1,1
8,8,0,2,1,7,7,0,0,0,0,0
13,3,0,2,1,7,7,1,0,0,1,1
3,0,0,1,0,7,7,3,-1,-1,1,1
23,5,5,6,1,0,1,0,1,1,1,1
23,5,5,4,1,7,7,4,-1,-1,0,-1
23,5,5,4,1,7,0,2,1,1,-1,-1
23,5,5,3,0,7,0,3,-1,-1,1,2
23,5,0,2,0,7,7,4,2,-1,-1,-1
23,5,0,2,0,0,7,1,0,0,0,0
5,0,0,1,1,7,7,1,1,1,1,1
22,9,5,8,1,7,7,2,2,2,-1,-1
22,9,5,7,0,7,7,3,-1,-1,2,2
22,9,5,6,0,7,7,2,2,2,-1,-1
22,9,5,5,0,7,7,3,-1,-1,1,2
22,9,5,4,0,7,7,2,1,1,-1,-1
22,9,4,3,0,7,7,4,-1,-1,0,-1
22,9,4,3,0,7,0,1,0,1,0,1
9,4,0,2,1,7,7,4,0,-1,-1,-1
9,4,0,2,1,0,7,4,-1,-1,0,-1
9,4,0,2,1,0,0,1,1,1,1,1
4,0,0,1,0,7,7,2,1,1,-1,-1
39,9,0,2,1,7,7,1,0,0,0,0
9,0,0,1,1,7,7,1,1,0,1,1
13,11,0,2,1,7,7,0,0,0,0,0
16,5,3,3,1,7,7,1,0,0,0,1
5,3,0,2,1,7,7,4,-1,-1,2,-1
5,3,0,2,1,7,0,0,1,0,1,1
16,0,0,1,1,0,7,1,0,0,0,0
32,0,0,1,1,7,7,1,0,0,0,0
12,4,0,2,1,7,7,1,1,1,1,1
4,0,0,1,1,7,7,1,1,1,1,1
14,5,5,3,1,7,7,1,0,0,0,1
5,5,0,2,1,7,7,4,-1,-1,2,-1
5,5,0,2,1,7,0,0,1,1,1,1
9,3,0,2,1,7,7,0,0,0,0,0
1,1,1,4,1,0,7,0,2,1,2,1
1,1,0,2,1,7,7,0,1,1,1,1
64,0,0,1,1,7,7,1,0,0,0,0
49,5,5,4,1,0,1,1,0,0,0,1
5,5,5,3,0,7,7,4,0,-1,-1,-1
5,5,5,3,0,0,7,4,-1,-1,0,-1
5,5,5,3,0,0,0,1,2,2,1,1
5,5,0,2,0,7,7,2,1,1,-1,-1
5,0,0,1,0,7,7,3,-1,-1,1,1
27,3,3,8,1,7,7,0,1,1,1,1
27,3,3,6,1,7,7,2,1,1,-1,-1
27,3,3,5,0,7,7,3,-1,-1,1,0
27,3,3,4,0,7,7,2,1,1,-1,-1
27,3,3,3,0,7,7,3,-1,-1,1,1
27,3,0,2,0,7,7,2,1,1,-1,-1
27,0,0,1,0,7,7,1,0,0,0,0
24,24,0,2,1,7,7,0,0,0,0,0
36,17,11,3,1,7,7,1,0,0,0,0
17,11,0,2,1,7,7,4,0,-1,-1,-1
17,11,0,2,1,0,7,1,0,0,0,0
11,0,0,1,0,7,7,1,1,1,1,1
20,2,2,7,1,7,7,0,1,1,1,1
20,2,2,5,1,7,7,2,2,2,-1,-1
20,2,2,4,0,7,7,3,-1,-1,2,2
20,2,2,3,0,7,7,2,2,2,-1,-1
20,2,0,2,0,7,7,1,0,0,0,0
2,0,0,1,1,7,7,2,2,2,-1,-1
4,4,4,8,1,7,7,0,1,1,1,1
4,4,4,6,1,7,7,0,1,1,1,1
4,4,4,4,1,7,7,0,1,1,1,1
4,4,0,2,1,7,7,0,1,1,1,1
16,16,16,4,1,0,1,1,0,0,0,1
16,16,16,3,1,7,7,4,-1,-1,2,-1
16,16,16,3,1,7,0,1,0,0,0,1
16,16,0,2,1,7,7,4,-1,-1,2,-1
16,16,0,2,1,7,0,0,0,0,0,0
4,0,0,1,1,7,7,1,1,1,1,1
1,1,1,8,1,7,7,0,1,1,1,1
1,1,1,6,1,7,7,0,1,1,1,1
1,1,1,4,1,7,7,0,1,1,1,1
1,1,0,2,1,7,7,0,1,1,1,1
48,0,0,1,1,0,7,1,0,0,0,0
26,1,1,7,1,0,7,2,2,2,-1,-1
26,1,1,6,0,7,7,3,-1,-1,2,2
26,1,1,5,0,7,7,2,2,2,-1,-1
26,1,1,4,0,7,7,3,-1,-1,2,2
26,1,1,3,0,7,7,2,2,2,-1,-1
26,1,0,2,0,7,7,1,0,0,1,0
1,0,0,1,0,7,7,3,-1,-1,2,2
2,1,1,3,1,7,7,0,1,1,1,1
1,0,0,1,1,7,7,2,2,2,-1,-1
8,8,8,8,1,7,7,2,1,1,-1,-1
8,8,8,7,0,7,7,3,-1,-1,1,1
8,8,8,6,1,7,7,2,1,1,-1,-1
8,8,8,5,0,7,7,3,-1,-1,1,1
8,8,8,4,1,7,7,0,0,0,0,1
8,8,0,2,1,7,7,4,-1,-1,2,-1
8,8,0,2,1,7,0,0,0,0,0,0
9,2,1,7,1,7,7,0,1,1,1,1
9,1,1,5,1,7,7,2,2,2,-1,-1
9,1,1,4,0,7,7,3,-1,-1,2,2
9,1,1,3,0,7,7,2,2,1,-1,-1
9,1,0,2,0,7,7,1,1,1,1,2
1,0,0,1,0,7,7,2,2,2,-1,-1
12,12,12,4,1,0,1,1,1,1,1,1
12,12,12,3,1,7,7,4,-1,-1,0,-1
12,12,12,3,1,7,0,2,0,0,-1,-1
12,12,0,2,0,7,7,3,-1,-1,0,2
12,0,0,1,0,7,7,1,1,1,1,1
38,2,2,6,1,7,7,2,2,2,-1,-1
38,2,2,5,0,7,7,3,-1,-1,2,2
38,2,2,4,0,7,7,2,2,2,-1,-1
38,2,2,3,0,7,7,3,-1,-1,2,2
38,2,0,2,0,7,7,1,0,0,1,0
2,0,0,1,0,7,7,2,2,2,-1,-1
18,2,2,8,1,7,7,0,1,1,1,1
18,2,2,6,1,7,7,2,2,2,-1,-1
18,2,2,5,0,7,7,3,-1,-1,2,2
18,2,2,4,0,7,7,2,2,1,-1,-1
18,2,2,3,0,7,7,3,-1,-1,1,2
18,2,0,2,0,7,7,1,0,0,0,0
2,0,0,1,0,7,7,2,2,2,-1,-1
17,1,1,8,1,7,7,0,1,1,1,1
17,1,1,6,1,7,7,2,2,2,-1,-1
17,1,1,5,0,7,7,3,-1,-1,2,2
17,1,1,4,0,7,7,2,2,1,-1,-1
17,1,1,3,0,7,7,3,-1,-1,1,2
17,1,0,2,0,7,7,1,0,0,0,0
1,0,0,1,0,7,7,2,2,2,-1,-1
24,22,6,5,1,7,7,0,1,1,1,1
24,22,6,3,1,7,7,4,-1,-1,0,-1
24,22,6,3,1,7,0,2,1,1,-1,-1
24,22,0,2,0,7,0,0,0,0,0,0
4,2,2,5,1,7,7,0,1,1,1,1
2,2,2,3,1,7,7,0,1,1,1,1
2,0,0,1,1,7,7,2,2,2,-1,-1
40,11,5,8,1,7,7,2,2,2,-1,-1
40,11,5,7,0,7,7,3,-1,-1,2,2
40,11,5,6,0,7,7,2,2,2,-1,-1
40,11,5,5,0,7,7,3,-1,-1,1,2
40,11,5,4,0,7,7,2,1,1,-1,-1
40,11,3,3,0,7,7,3,-1,-1,1,1
40,11,0,2,0,7,7,1,0,0,0,0
11,0,0,1,1,7,7,1,1,1,1,1
11,11,11,6,1,7,7,0,1,0,1,1
11,11,11,4,0,7,7,4,-1,-1,2,-1
11,11,11,4,0,7,0,1,1,1,1,1
11,11,5,3,1,7,7,4,-1,-1,0,-1
11,11,5,3,1,7,0,2,1,1,-1,-1
11,11,0,2,0,7,0,0,0,0,0,0
3,1,0,2,1,7,7,0,1,1,1,1
1,1,1,4,1,7,7,0,1,1,1,1
1,1,0,2,1,7,7,0,1,1,1,1
14,3,3,7,1,7,7,0,1,1,1,1
14,3,3,5,1,7,7,0,1,1,1,1
14,3,3,3,1,7,7,1,0,0,0,0
3,3,0,2,1,7,7,0,1,1,1,1
31,8,4,7,1,7,7,2,2,2,-1,-1
31,8,4,6,0,7,7,3,-1,-1,2,2
31,8,4,5,0,7,7,2,2,2,-1,-1
31,8,4,4,0,7,7,3,-1,-1,2,2
31,8,4,3,0,7,7,1,0,0,0,0
8,4,0,2,1,7,7,4,0,-1,-1,-1
8,4,0,2,1,0,7,0,0,0,0,0
24,0,0,1,1,7,7,1,0,0,0,0
3,1,1,6,1,0,7,0,1,1,2,2
1,1,1,4,0,7,7,3,-1,-1,1,2
1,1,1,3,0,7,7,0,1,1,1,1
1,0,0,1,1,7,7,2,2,2,-1,-1
5,4,1,5,1,7,7,0,1,1,1,1
5,1,1,3,1,7,7,2,2,2,-1,-1
5,1,0,2,0,7,7,0,1,1,0,2
3,1,0,2,1,0,1,0,1,1,1,1
6,6,2,4,1,0,1,0,1,1,1,1
6,6,0,2,1,7,7,0,1,1,1,1
16,3,1,7,1,0,1,0,2,1,1,2
16,1,1,5,0,7,7,2,2,2,-1,-1
16,1,1,4,0,7,7,3,-1,-1,2,2
16,1,1,3,0,7,7,2,2,2,-1,-1
16,1,0,2,0,7,7,1,0,0,0,0
1,0,0,1,1,7,7,2,2,2,-1,-1
3,1,0,2,1,7,7,0,1,1,1,1
6,3,2,8,1,7,7,0,1,1,1,1
6,1,1,6,1,7,7,0,1,1,1,1
6,1,1,4,1,7,7,0,1,1,1,1
6,1,0,2,1,7,7,0,1,1,0,2
12,12,0,2,1,7,7,0,0,0,0,0
4,2,1,8,1,7,7,0,1,1,1,1
1,1,1,6,1,7,7,0,1,1,1,1
1,1,1,4,1,7,7,0,1,1,1,1
1,1,0,2,1,7,7,0,1,1,1,1
27,5,0,2,1,7,7,1,0,0,0,0
5,0,0,1,1,7,7,1,1,1,1,1
36,4,4,8,1,7,7,0,1,1,1,1
36,4,4,6,1,7,7,2,1,1,-1,-1
36,4,4,5,0,7,7,3,-1,-1,1,0
36,4,4,4,0,7,7,2,1,1,-1,-1
36,4,4,3,0,7,7,3,-1,-1,1,1
36,4,0,2,0,7,7,2,1,1,-1,-1
36,0,0,1,0,7,7,1,0,0,0,0
1,1,1,4,1,7,7,0,1,1,1,1
1,1,0,2,1,7,7,0,1,1,1,1
6,6,6,8,1,7,7,2,2,2,-1,-1
6,6,6,7,0,7,7,3,-1,-1,2,2
6,6,6,6,0,7,7,2,2,2,-1,-1
6,6,6,5,0,7,7,3,-1,-1,2,2
6,6,6,4,0,7,7,0,1,1,1,1
6,6,0,2,1,7,7,4,-1,-1,0,-1
6,6,0,2,1,7,0,2,1,1,-1,-1
6,0,0,1,0,7,7,3,-1,-1,1,2
22,22,10,4,1,7,7,0,0,0,0,1
22,22,0,2,1,7,7,4,-1,-1,2,-1
22,22,0,2,1,7,0,0,0,0,0,0
6,1,1,7,1,0,7,0,1,1,1,1
6,1,1,5,1,7,7,0,1,1,1,1
6,1,1,3,1,7,7,2,2,2,-1,-1
6,1,0,2,0,7,7,0,1,1,0,2
31,8,3,8,1,7,7,0,1,1,1,1
31,8,1,6,1,7,7,2,2,2,-1,-1
31,8,1,5,0,7,7,3,-1,-1,2,2
31,8,1,4,0,7,7,2,2,2,-1,-1
31,8,1,3,0,7,7,1,0,0,0,0
8,1,0,2,1,7,7,4,0,-1,-1,-1
8,1,0,2,1,0,7,1,1,1,1,1
1,0,0,1,1,7,7,2,2,2,-1,-1
8,0,0,1,1,7,7,1,1,1,1,1
34,14,0,2,1,7,7,1,0,0,0,0
14,0,0,1,0,7,7,1,0,0,0,0
6,3,2,8,1,7,7,0,1,1,1,1
6,1,1,6,1,7,7,0,1,1,1,1
6,1,1,4,1,7,7,0,1,1,1,1
6,1,0,2,1,7,7,0,1,1,0,2
3,3,1,4,1,7,7,0,1,1,1,1
1,1,0,2,1,7,7,0,1,1,1,1
6,6,6,8,1,7,7,0,1,1,1,1
6,6,6,6,1,7,7,4,-1,-1,0,-1
6,6,6,6,1,7,0,2,1,1,-1,-1
6,6,6,5,0,7,7,3,-1,-1,1,1
6,6,6,4,1,7,7,4,-1,-1,0,-1
6,6,6,4,1,7,0,2,1,1,-1,-1
6,6,6,3,0,7,7,3,-1,-1,1,2
6,6,0,2,0,7,7,4,2,-1,-1,-1
6,6,0,2,0,0,7,0,1,1,1,1
8,0,0,1,1,7,7,1,1,1,1,1
1,1,1,4,1,0,7,0,2,1,2,1
1,1,0,2,1,7,7,0,1,1,1,1
17,1,1,8,1,7,7,0,1,1,1,1
17,1,1,6,1,7,7,2,2,2,-1,-1
17,1,1,5,0,7,7,3,-1,-1,2,2
17,1,1,4,0,7,7,2,2,1,-1,-1
17,1,1,3,0,7,7,3,-1,-1,1,2
17,1,0,2,0,7,7,1,0,0,0,0
1,0,0,1,0,7,7,2,2,2,-1,-1
12,1,1,5,1,0,7,2,2,2,-1,-1
12,1,1,4,0,7,7,3,-1,-1,2,2
12,1,1,3,0,7,7,2,2,2,-1,-1
12,1,0,2,0,7,7,1,1,1,1,1
1,0,0,1,1,7,7,2,2,2,-1,-1
33,3,3,6,1,7,7,2,1,1,-1,-1
33,3,3,5,0,7,7,3,-1,-1,1,0
33,3,3,4,0,7,7,2,1,1,-1,-1
33,3,3,3,0,7,7,3,-1,-1,1,1
33,3,0,2,0,7,7,1,0,0,0,0
3,0,0,1,0,7,7,2,1,1,-1,-1
16,5,3,3,1,7,7,1,0,0,0,1
5,3,0,2,1,7,7,4,-1,-1,2,-1
5,3,0,2,1,7,0,0,1,0,1,1
1,1,1,8,1,7,7,0,1,1,1,1
1,1,1,6,1,7,7,0,1,1,1,1
1,1,1,4,1,7,7,0,1,1,1,1
1,1,0,2,1,7,7,0,1,1,1,1
36,7,3,5,1,0,1,2,2,1,-1,-1
36,7,1,4,0,7,1,3,-1,-1,2,1
36,7,1,3,1,7,7,2,2,2,-1,-1
36,7,0,2,0,7,7,1,0,0,0,0
7,0,0,1,1,7,7,1,1,1,1,1
32,0,0,1,1,7,7,1,0,0,0,0
8,8,8,4,1,7,7,0,0,0,0,1
8,8,0,2,1,7,7,4,-1,-1,2,-1
8,8,0,2,1,7,0,0,0,0,0,0
1,1,1,4,1,7,7,0,1,1,1,1
1,1,0,2,1,7,7,0,1,1,1,1
23,6,3,3,1,7,7,1,0,0,0,0
6,3,0,2,1,7,7,4,2,-1,-1,-1
6,3,0,2,1,0,7,0,1,1,1,0
25,5,2,3,1,7,7,1,0,0,0,0
5,2,0,2,0,7,7,3,-1,-1,2,2
5,0,0,1,1,7,7,1,1,1,1,1
13,9,7,7,1,7,7,2,1,1,-1,-1
13,9,7,6,0,7,7,3,-1,-1,1,1
13,9,7,5,0,7,7,2,1,1,-1,-1
13,9,7,4,0,7,7,4,-1,-1,0,-1
13,9,7,4,0,7,0,1,0,0,0,1
9,7,5,3,1,7,7,4,-1,-1,2,-1
9,7,5,3,1,7,0,1,1,0,1,1
7,5,0,2,0,7,7,0,0,0,0,0
22,4,2,7,1,7,7,0,1,1,1,1
22,1,1,5,1,7,7,2,2,2,-1,-1
22,1,1,4,0,7,7,3,-1,-1,2,2
22,1,1,3,0,7,7,2,2,2,-1,-1
22,1,0,2,0,7,7,1,0,0,1,0
1,0,0,1,0,7,7,2,2,2,-1,-1
45,19,0,2,1,7,7,1,0,0,0,0
19,0,0,1,0,7,7,1,0,0,0,0
3,2,2,8,1,7,7,0,1,1,1,1
2,1,1,6,1,7,7,0,1,1,1,1
1,1,1,4,1,7,7,0,1,1,1,1
1,1,0,2,1,7,7,0,1,1,1,1
8,8,8,4,1,7,7,0,0,0,0,1
8,8,0,2,1,7,7,4,-1,-1,2,-1
8,8,0,2,1,7,0,0,0,0,0,0
2,1,1,3,1,7,7,0,1,1,1,1
1,0,0,1,1,7,7,2,2,2,-1,-1
12,0,0,1,1,0,7,1,1,1,1,1
12,0,0,1,1,7,7,1,1,1,1,1
16,0,0,1,1,7,7,1,0,0,0,0
13,4,2,8,1,0,1,0,2,1,1,2
13,1,1,6,0,7,7,2,2,2,-1,-1
13,1,1,5,0,7,7,3,-1,-1,2,2
13,1,1,4,0,7,7,2,2,2,-1,-1
13,1,1,3,0,7,7,3,-1,-1,2,2
13,1,0,2,0,7,7,1,0,0,1,0
1,0,0,1,0,7,7,3,-1,-1,2,2
40,8,8,4,1,7,7,1,0,0,0,0
8,8,8,3,1,7,7,4,0,-1,-1,-1
8,8,8,3,1,0,7,4,-1,-1,0,-1
8,8,8,3,1,0,0,1,1,1,1,0
8,8,0,2,0,7,7,2,0,0,-1,-1
8,0,0,1,0,7,7,3,-1,-1,0,0
22,5,2,6,1,7,7,2,2,2,-1,-1
22,5,1,5,0,7,7,3,-1,-1,2,2
22,5,1,4,0,7,7,2,2,2,-1,-1
22,5,1,3,0,7,7,1,0,0,1,0
5,1,0,2,0,7,7,2,2,2,-1,-1
5,0,0,1,1,7,7,1,1,1,1,1
5,1,1,8,1,7,7,0,1,1,1,1
5,1,1,6,1,7,7,0,1,1,1,1
5,1,1,4,1,7,7,0,1,1,1,1
5,1,0,2,1,7,7,0,1,1,0,2
12,0,0,1,1,7,7,1,1,1,1,1
18,14,0,2,1,7,7,0,0,0,0,0
15,15,14,7,1,7,7,0,1,1,1,1
15,15,14,5,1,7,7,4,-1,-1,0,-1
15,15,14,5,1,7,0,2,1,1,-1,-1
15,15,14,4,0,7,0,3,-1,-1,1,2
15,15,14,3,0,7,7,4,2,-1,-1,-1
15,15,14,3,0,0,7,1,0,0,0,1
15,14,0,2,1,7,7,4,-1,-1,2,-1
15,14,0,2,1,7,0,0,0,0,0,0
32,0,0,1,1,7,7,1,0,0,0,0
11,11,11,6,1,7,7,0,1,0,1,1
11,11,11,4,0,7,7,4,-1,-1,2,-1
11,11,11,4,0,7,0,1,1,1,1,1
11,11,5,3,1,7,7,4,-1,-1,0,-1
11,11,5,3,1,7,0,2,1,1,-1,-1
11,11,0,2,0,7,0,0,0,0,0,0
10,9,9,7,1,7,7,1,1,0,1,2
9,9,9,6,0,7,7,4,-1,-1,2,-1
9,9,9,6,0,7,0,1,1,0,1,2
9,9,9,5,0,7,7,4,-1,-1,2,-1
9,9,9,5,0,7,0,1,1,0,1,2
9,9,9,4,0,7,7,4,-1,-1,2,-1
9,9,9,4,0,7,0,1,1,0,1,2
9,9,9,3,0,7,7,4,-1,-1,2,-1
9,9,9,3,0,7,0,1,1,0,1,2
9,9,0,2,0,7,7,4,-1,-1,2,-1
9,9,0,2,0,7,0,0,0,0,0,0
12,3,3,5,1,7,7,0,1,1,1,1
12,3,3,3,1,7,7,1,1,1,1,1
3,3,0,2,1,7,7,0,1,1,1,1
2,2,0,2,1,7,7,0,1,1,1,1
6,2,2,6,1,0,7,0,1,1,1,1
6,2,2,4,1,7,7,2,2,2,-1,-1
6,2,2,3,0,7,7,3,-1,-1,2,2
6,2,0,2,0,7,7,2,2,2,-1,-1
6,0,0,1,0,7,7,1,1,1,1,1
27,1,1,6,1,7,7,2,2,2,-1,-1
27,1,1,5,0,7,7,3,-1,-1,2,2
27,1,1,4,0,7,7,2,2,2,-1,-1
27,1,1,3,0,7,7,3,-1,-1,2,2
27,1,0,2,0,7,7,1,0,0,0,0
1,0,0,1,1,7,7,2,2,2,-1,-1
22,10,0,2,1,7,7,1,0,0,0,0
10,0,0,1,1,7,7,1,1,0,1,1
4,2,1,8,1,0,1,0,2,1,2,1
4,1,1,6,1,7,7,0,1,1,1,1
1,1,1,4,1,7,7,0,1,1,1,1
1,1,0,2,1,7,7,0,1,1,1,1
37,11,6,8,1,7,7,2,2,2,-1,-1
37,11,6,7,0,7,7,3,-1,-1,2,2
37,11,6,6,0,7,7,2,2,2,-1,-1
37,11,6,5,0,7,7,3,-1,-1,1,2
37,11,6,4,0,7,7,2,1,1,-1,-1
37,11,4,3,0,7,7,3,-1,-1,1,1
37,11,0,2,0,7,7,1,0,0,0,0
11,0,0,1,0,7,7,1,1,1,1,1
12,12,0,2,1,0,7,0,0,0,0,0
14,5,3,4,1,7,7,2,2,2,-1,-1
14,5,3,3,0,7,7,1,0,0,0,0
5,3,0,2,1,7,7,0,1,1,1,0
64,0,0,1,1,7,7,1,0,0,0,0
16,2,2,5,1,0,7,2,2,2,-1,-1
16,2,2,4,0,7,7,3,-1,-1,2,2
16,2,2,3,0,7,7,2,2,2,-1,-1
16,2,0,2,0,7,7,1,0,0,0,0
2,0,0,1,1,7,7,2,2,2,-1,-1
2,1,1,7,1,7,7,0,1,1,1,1
1,1,1,5,1,7,7,0,1,1,1,1
1,1,1,3,1,7,7,0,1,1,1,1
1,0,0,1,1,7,7,2,2,2,-1,-1
32,32,0,2,1,7,7,0,0,0,0,0
4,4,2,6,1,7,7,0,1,1,1,1
2,2,2,4,1,7,7,0,1,1,1,1
2,2,0,2,1,7,7,0,1,1,1,1
30,8,4,8,1,7,7,0,1,1,1,1
30,8,1,6,1,7,7,2,2,2,-1,-1
30,8,1,5,0,7,7,3,-1,-1,2,2
30,8,1,4,0,7,7,2,2,2,-1,-1
30,8,1,3,0,7,7,1,0,0,0,0
8,1,0,2,0,7,7,2,2,2,-1,-1
8,0,0,1,1,7,7,1,1,1,1,1
17,7,0,2,1,7,7,1,0,0,0,0
7,0,0,1,0,7,7,1,1,1,1,1
4,2,1,8,1,7,7,0,1,1,1,1
1,1,1,6,1,7,7,0,1,1,1,1
1,1,1,4,1,7,7,0,1,1,1,1
1,1,0,2,1,7,7,0,1,1,1,1
18,14,0,2,1,7,7,0,0,0,0,0
4,0,0,1,1,7,7,1,1,1,1,1
10,3,1,5,1,7,7,2,2,2,-1,-1
10,3,1,4,0,7,7,3,-1,-1,2,1
10,3,1,3,0,7,7,2,1,1,-1,-1
10,1,0,2,0,7,7,3,-1,-1,1,2
10,0,0,1,0,7,7,1,1,0,1,1
48,0,0,1,1,0,7,1,0,0,0,0
12,2,1,4,1,0,1,0,2,1,2,1
12,1,0,2,1,7,7,1,1,1,1,1
1,0,0,1,1,7,7,2,2,2,-1,-1
48,0,0,1,1,7,7,1,0,0,0,0
12,12,0,2,1,0,7,0,0,0,0,0
6,6,6,4,1,7,7,0,1,1,1,1
6,6,0,2,1,7,7,4,-1,-1,0,-1
6,6,0,2,1,7,0,2,1,1,-1,-1
6,0,0,1,0,7,7,3,-1,-1,1,2
25,1,1,8,1,7,7,0,1,1,1,1
25,1,1,6,1,7,7,2,2,2,-1,-1
25,1,1,5,0,7,7,3,-1,-1,2,2
25,1,1,4,0,7,7,2,2,2,-1,-1
25,1,1,3,0,7,7,3,-1,-1,2,2
25,1,0,2,0,7,7,1,0,0,0,0
1,0,0,1,0,7,7,3,-1,-1,2,2
40,13,7,4,1,7,7,1,0,0,0,0
13,7,4,3,1,7,7,4,0,-1,-1,-1
13,7,4,3,1,0,7,4,-1,-1,0,-1
13,7,4,3,1,0,0,1,0,1,0,1
7,4,0,2,0,7,7,4,-1,-1,0,-1
7,4,0,2,0,7,0,2,1,1,-1,-1
7,0,0,1,0,7,0,1,1,1,1,1
9,7,0,2,1,7,7,0,0,0,0,0
4,0,0,1,1,7,7,1,1,1,1,1
8,8,0,2,1,7,7,0,0,0,0,0
12,0,0,1,1,7,7,1,1,1,1,1
3,1,0,2,1,7,7,0,1,1,1,1
19,12,9,4,1,7,7,1,0,0,0,1
12,9,8,3,1,7,7,4,-1,-1,2,-1
12,9,8,3,1,7,0,1,1,1,1,1
9,8,0,2,1,7,7,4,-1,-1,0,-1
9,8,0,2,1,7,0,2,0,0,-1,-1
8,0,0,1,0,7,7,3,-1,-1,2,0
9,1,1,8,1,7,7,0,1,1,1,1
9,1,1,6,1,7,7,0,1,1,1,1
9,1,1,4,1,7,7,2,2,2,-1,-1
9,1,1,3,0,7,7,3,-1,-1,2,2
9,1,0,2,0,7,7,1,1,1,1,2
1,0,0,1,0,7,7,2,2,2,-1,-1
11,2,1,5,1,7,7,2,2,2,-1,-1
11,1,1,4,0,7,7,3,-1,-1,2,2
11,1,1,3,0,7,7,2,2,2,-1,-1
11,1,0,2,0,7,7,1,1,1,1,1
1,0,0,1,1,7,7,2,2,2,-1,-1
41,11,5,7,1,7,7,2,2,2,-1,-1
41,11,5,6,0,7,7,3,-1,-1,2,2
41,11,5,5,0,7,7,2,2,1,-1,-1
41,11,5,4,0,7,7,3,-1,-1,1,1
41,11,5,3,0,7,7,2,1,1,-1,-1
41,11,0,2,0,7,7,1,0,0,0,0
11,0,0,1,0,7,7,1,1,1,1,1
3,1,0,2,1,7,7,0,1,1,1,1
5,2,1,7,1,7,7,0,1,1,1,1
5,1,1,5,1,7,7,0,1,1,1,1
5,1,1,3,1,7,7,2,2,2,-1,-1
5,1,0,2,0,7,7,0,1,1,0,2
16,11,8,5,1,0,7,0,0,0,0,1
16,11,6,3,1,7,7,4,-1,-1,2,-1
16,11,6,3,1,7,0,1,0,0,0,1
11,6,0,2,1,7,7,4,-1,-1,2,-1
11,6,0,2,1,7,0,1,1,1,1,1
6,0,0,1,1,7,7,1,1,1,1,1
5,1,1,8,1,7,7,0,1,1,1,1
5,1,1,6,1,7,7,0,1,1,1,1
5,1,1,4,1,7,7,0,1,1,1,1
5,1,0,2,1,7,7,0,1,1,0,2
19,13,0,2,1,0,7,1,0,0,0,0
13,0,0,1,1,7,7,1,0,0,0,0
16,5,3,3,1,7,7,1,0,0,0,1
5,3,0,2,1,7,7,4,-1,-1,2,-1
5,3,0,2,1,7,0,0,1,0,1,1
6,6,4,7,1,7,7,0,1,1,1,1
6,6,2,5,1,7,7,0,1,1,1,1
6,6,2,3,1,7,7,2,2,2,-1,-1
6,6,0,2,0,7,7,0,1,1,1,1
8,8,8,4,1,7,7,0,0,0,0,1
8,8,0,2,1,7,7,4,-1,-1,2,-1
8,8,0,2,1,7,0,0,0,0,0,0
17,9,6,7,1,7,7,0,1,1,1,1
17,9,4,5,1,7,7,4,0,-1,-1,-1
17,9,4,5,1,0,7,4,-1,-1,0,-1
17,9,4,5,1,0,0,2,1,2,-1,-1
17,9,4,4,0,7,0,3,-1,-1,1,1
17,9,3,3,0,7,7,4,0,-1,-1,-1
17,9,3,3,0,0,7,1,0,0,0,0
9,3,0,2,0,7,7,2,1,1,-1,-1
9,0,0,1,0,7,7,1,1,0,1,1
3,3,2,7,1,7,7,0,1,1,1,1
2,1,1,5,1,7,7,0,1,1,1,1
1,1,1,3,1,7,7,0,1,1,1,1
1,0,0,1,1,7,7,2,2,2,-1,-1
17,16,5,5,1,0,1,0,1,1,1,1
17,16,5,3,1,7,7,4,-1,-1,0,-1
17,16,5,3,1,7,0,2,1,1,-1,-1
17,16,0,2,0,7,0,0,0,0,0,0
48,0,0,1,1,7,7,1,0,0,0,0
8,2,2,3,1,7,7,0,1,1,1,1
8,0,0,1,1,7,7,1,1,1,1,1
7,2,1,5,1,7,7,0,1,1,1,1
7,1,1,3,1,7,7,2,2,2,-1,-1
7,1,0,2,0,7,7,1,1,1,1,1
1,0,0,1,1,7,7,2,2,2,-1,-1
6,3,2,8,1,7,7,0,1,1,1,1
6,1,1,6,1,7,7,0,1,1,1,1
6,1,1,4,1,7,7,0,1,1,1,1
6,1,0,2,1,7,7,0,1,1,0,2
35,13,0,2,1,7,7,1,0,0,0,0
13,0,0,1,1,7,7,1,0,0,0,0
18,2,2,8,1,7,7,0,1,1,1,1
18,2,2,6,1,7,7,2,2,2,-1,-1
18,2,2,5,0,7,7,3,-1,-1,2,2
18,2,2,4,0,7,7,2,2,1,-1,-1
18,2,2,3,0,7,7,3,-1,-1,1,2
18,2,0,2,0,7,7,1,0,0,0,0
2,0,0,1,0,7,7,2,2,2,-1,-1
26,1,1,7,1,7,7,2,2,2,-1,-1
26,1,1,6,0,7,7,3,-1,-1,2,2
26,1,1,5,0,7,7,2,2,2,-1,-1
26,1,1,4,0,7,7,3,-1,-1,2,2
26,1,1,3,0,7,7,2,2,2,-1,-1
26,1,0,2,0,7,7,1,0,0,1,0
1,0,0,1,0,7,7,3,-1,-1,2,2
46,3,3,7,1,7,7,2,1,1,-1,-1
46,3,3,6,0,7,7,3,-1,-1,1,1
46,3,3,5,1,7,7,2,2,1,-1,-1
46,3,3,4,0,7,7,3,-1,-1,1,1
46,3,3,3,0,7,7,2,1,1,-1,-1
46,3,0,2,0,7,7,3,-1,-1,1,1
46,0,0,1,0,7,7,1,0,0,0,0
48,0,0,1,1,7,7,1,0,0,0,0
6,1,1,3,1,0,1,0,2,1,2,1
6,0,0,1,1,7,7,1,1,1,1,1
24,0,0,1,1,7,7,1,0,0,0,0
12,12,12,4,1,7,7,1,1,0,1,1
12,12,12,3,0,7,7,4,-1,-1,2,-1
12,12,12,3,0,7,0,1,1,1,1,1
12,12,0,2,1,7,7,4,-1,-1,0,-1
12,12,0,2,1,7,0,2,0,0,-1,-1
12,0,0,1,0,7,7,3,-1,-1,0,2
35,13,0,2,1,7,7,1,0,0,0,0
13,0,0,1,1,7,7,1,0,0,0,0
8,8,8,3,1,7,7,1,1,1,1,1
8,8,0,2,1,7,7,0,0,0,0,0
2,1,1,7,1,7,7,0,1,1,1,1
1,1,1,5,1,7,7,0,1,1,1,1
1,1,1,3,1,7,7,0,1,1,1,1
1,0,0,1,1,7,7,2,2,2,-1,-1
12,0,0,1,1,7,7,1,1,1,1,1
32,0,0,1,1,0,7,1,0,0,0,0
5,1,1,4,1,7,7,2,2,2,-1,-1
5,1,1,3,0,7,7,3,-1,-1,2,2
5,1,0,2,0,7,7,2,2,2,-1,-1
5,0,0,1,0,7,7,1,1,1,1,1
8,0,0,1,1,7,7,1,1,1,1,1
47,9,3,7,1,7,7,2,1,1,-1,-1
47,9,2,6,0,7,7,3,-1,-1,1,1
47,9,2,5,1,7,7,2,2,2,-1,-1
47,9,2,4,0,7,7,3,-1,-1,2,2
47,9,1,3,0,7,7,2,2,2,-1,-1
47,9,0,2,0,7,7,1,0,0,0,0
9,0,0,1,1,7,7,1,1,0,1,1
2,1,1,3,1,7,7,0,1,1,1,1
1,0,0,1,1,7,7,2,2,2,-1,-1
8,0,0,1,1,7,7,1,1,1,1,1
64,0,0,1,1,7,7,1,0,0,0,0
4,1,1,5,1,7,7,0,1,1,1,1
1,1,1,3,1,7,7,0,1,1,1,1
1,0,0,1,1,7,7,2,2,2,-1,-1
18,6,6,6,1,7,7,0,1,1,1,1
18,6,6,4,1,7,7,4,-1,-1,0,-1
18,6,6,4,1,7,0,2,1,1,-1,-1
18,6,6,3,0,7,0,3,-1,-1,1,2
18,6,0,2,0,7,7,4,2,-1,-1,-1
18,6,0,2,0,0,7,1,0,0,0,0
6,0,0,1,0,7,7,1,1,1,1,1
3,1,0,2,1,7,7,0,1,1,1,1
19,3,1,4,1,7,7,2,2,1,-1,-1
19,1,1,3,0,7,7,3,-1,-1,2,1
19,1,0,2,1,7,7,2,2,2,-1,-1
19,0,0,1,0,7,7,1,0,0,0,0
24,0,0,1,1,7,7,1,0,0,0,0
16,0,0,1,1,7,7,1,0,0,0,0
2,1,1,7,1,7,7,0,1,1,1,1
1,1,1,5,1,7,7,0,1,1,1,1
1,1,1,3,1,7,7,0,1,1,1,1
1,0,0,1,1,7,7,2,2,2,-1,-1
47,17,0,2,1,7,7,1,0,0,0,0
17,0,0,1,1,7,7,1,0,0,0,0
6,6,6,4,1,7,7,0,1,1,1,1
6,6,0,2,1,7,7,4,-1,-1,0,-1
6,6,0,2,1,7,0,2,1,1,-1,-1
6,0,0,1,0,7,7,3,-1,-1,1,2
8,8,4,4,1,7,7,2,2,2,-1,-1
8,8,4,3,0,7,7,3,-1,-1,2,0
8,8,0,2,0,7,7,4,0,-1,-1,-1
8,8,0,2,0,0,7,0,0,0,0,0
33,7,3,7,1,7,7,2,1,1,-1,-1
33,7,2,6,0,7,7,3,-1,-1,1,1
33,7,2,5,1,7,7,2,2,2,-1,-1
33,7,2,4,0,7,7,3,-1,-1,2,2
33,7,1,3,0,7,7,2,2,2,-1,-1
33,7,0,2,0,7,7,1,0,0,0,0
7,0,0,1,0,7,7,1,1,1,1,1
4,2,2,7,1,0,7,0,1,1,2,2
2,2,2,5,0,7,7,3,-1,-1,1,2
2,2,2,4,0,7,7,0,1,1,1,1
2,2,0,2,1,7,7,0,1,1,1,1
32,0,0,1,1,0,7,1,0,0,0,0
7,5,5,6,1,0,7,0,1,1,1,1
7,5,5,4,1,7,7,4,-1,-1,0,-1
7,5,5,4,1,7,0,2,1,1,-1,-1
7,5,5,3,0,7,0,3,-1,-1,1,2
7,5,0,2,0,7,7,4,2,-1,-1,-1
7,5,0,2,0,0,7,0,0,0,0,0
3,1,0,2,1,7,7,0,1,1,1,1
14,10,10,6,1,7,7,0,0,0,0,1
14,10,10,4,1,7,7,4,-1,-1,2,-1
14,10,10,4,1,7,0,1,0,0,0,1
10,10,10,3,1,7,7,4,-1,-1,2,-1
10,10,10,3,1,7,0,1,1,0,1,2
10,10,0,2,0,7,7,4,-1,-1,2,-1
10,10,0,2,0,7,0,0,0,0,0,0
6,6,6,8,1,7,7,0,1,1,1,1
6,6,6,6,1,7,7,4,-1,-1,0,-1
6,6,6,6,1,7,0,2,1,1,-1,-1
6,6,6,5,0,7,7,3,-1,-1,1,1
6,6,6,4,1,7,7,4,-1,-1,0,-1
6,6,6,4,1,7,0,2,1,1,-1,-1
6,6,6,3,0,7,7,3,-1,-1,1,2
6,6,0,2,0,7,7,4,2,-1,-1,-1
6,6,0,2,0,0,7,0,1,1,1,1
45,19,0,2,1,7,7,1,0,0,0,0
19,0,0,1,0,7,7,1,0,0,0,0
2,1,1,7,1,7,7,0,1,1,1,1
1,1,1,5,1,7,7,0,1,1,1,1
1,1,1,3,1,7,7,0,1,1,1,1
1,0,0,1,1,7,7,2,2,2,-1,-1
4,4,2,6,1,7,7,0,1,1,1,1
2,2,2,4,1,7,7,0,1,1,1,1
2,2,0,2,1,7,7,0,1,1,1,1
4,4,4,4,1,7,7,0,1,1,1,1
4,4,0,2,1,7,7,0,1,1,1,1
24,0,0,1,1,0,7,1,0,0,0,0
64,0,0,1,1,7,7,1,0,0,0,0
7,5,0,2,1,7,7,0,0,0,0,0
6,1,1,7,1,7,7,0,1,1,1,1
6,1,1,5,1,7,7,0,1,1,1,1
6,1,1,3,1,7,7,2,2,2,-1,-1
6,1,0,2,0,7,7,0,1,1,0,2
19,13,0,2,1,7,7,1,0,0,0,0
13,0,0,1,1,7,7,1,0,0,0,0
6,2,0,2,1,7,7,0,1,1,0,2
8,0,0,1,1,0,7,1,1,1,1,1
16,0,0,1,1,7,7,1,0,0,0,0
2,1,1,3,1,7,7,0,1,1,1,1
1,0,0,1,1,7,7,2,2,2,-1,-1
64,0,0,1,1,7,7,1,0,0,0,0
36,7,3,5,1,7,7,2,2,1,-1,-1
36,7,1,4,0,7,7,3,-1,-1,2,1
36,7,1,3,1,7,7,2,2,2,-1,-1
36,7,0,2,0,7,7,1,0,0,0,0
7,0,0,1,1,7,7,1,1,1,1,1
8,4,0,2,1,7,7,0,0,0,0,0
3,3,3,8,1,7,7,0,1,1,1,1
3,3,3,6,1,7,7,0,1,1,1,1
3,3,3,4,1,7,7,0,1,1,1,1
3,3,0,2,1,7,7,0,1,1,1,1
4,4,2,4,1,0,7,0,1,1,2,2
4,2,0,2,0,7,7,3,-1,-1,1,1
2,0,0,1,0,7,7,2,1,2,-1,-1
24,13,9,6,1,0,1,0,0,1,1,0
24,13,9,4,0,7,7,4,0,-1,-1,-1
24,13,9,4,0,0,7,3,-1,-1,1,1
24,13,9,3,0,0,7,2,0,0,-1,-1
24,13,0,2,0,7,7,4,-1,-1,0,-1
24,13,0,2,0,7,0,1,0,0,0,0
13,0,0,1,1,7,7,1,0,0,0,0
32,0,0,1,1,7,7,1,0,0,0,0
16,0,0,1,1,7,7,1,0,0,0,0
9,7,7,6,1,7,7,2,1,1,-1,-1
9,7,7,5,0,7,7,3,-1,-1,1,1
9,7,7,4,1,7,7,1,1,0,1,1
7,7,3,3,0,7,7,4,-1,-1,0,-1
7,7,3,3,0,7,0,2,1,1,-1,-1
7,7,0,2,0,7,0,0,0,0,0,0
7,3,3,4,1,7,7,2,2,1,-1,-1
7,3,3,3,0,7,7,3,-1,-1,1,1
7,3,0,2,0,7,7,2,1,1,-1,-1
7,0,0,1,0,7,7,1,1,1,1,1
3,3,3,8,1,7,7,0,1,1,1,1
3,3,3,6,1,7,7,0,1,1,1,1
3,3,3,4,1,7,7,0,1,1,1,1
3,3,0,2,1,7,7,0,1,1,1,1
24,0,0,1,1,7,7,1,0,0,0,0
7,1,1,6,1,7,7,0,1,1,1,1
7,1,1,4,1,7,7,2,2,2,-1,-1
7,1,1,3,0,7,7,3,-1,-1,2,2
7,1,0,2,0,7,7,2,2,2,-1,-1
7,0,0,1,0,7,7,1,1,1,1,1
1,1,1,4,1,0,7,0,2,1,2,1
1,1,0,2,1,7,7,0,1,1,1,1
2,1,1,3,1,0,7,0,2,1,2,1
1,0,0,1,1,7,7,2,2,2,-1,-1
32,8,8,3,1,0,7,1,0,0,0,0
8,8,0,2,1,7,7,4,0,-1,-1,-1
8,8,0,2,1,0,7,0,0,0,0,0
6,1,1,7,1,7,7,0,1,1,1,1
6,1,1,5,1,7,7,0,1,1,1,1
6,1,1,3,1,7,7,2,2,2,-1,-1
6,1,0,2,0,7,7,0,1,1,0,2
24,24,0,2,1,0,7,0,0,0,0,0
8,0,0,1,1,7,7,1,1,1,1,1
4,0,0,1,1,7,7,1,1,1,1,1
1,1,1,8,1,7,7,0,1,1,1,1
1,1,1,6,1,7,7,0,1,1,1,1
1,1,1,4,1,7,7,0,1,1,1,1
1,1,0,2,1,7,7,0,1,1,1,1
40,4,4,7,1,7,7,2,1,1,-1,-1
40,4,4,6,0,7,7,3,-1,-1,1,1
40,4,4,5,1,7,7,2,2,1,-1,-1
40,4,4,4,0,7,7,3,-1,-1,1,1
40,4,4,3,0,7,7,2,1,1,-1,-1
40,4,0,2,0,7,7,3,-1,-1,1,1
40,0,0,1,0,7,7,1,0,0,0,0
11,11,11,8,1,0,7,1,1,1,1,1
11,11,11,7,1,7,7,4,-1,-1,0,-1
11,11,11,7,1,7,0,2,1,1,-1,-1
11,11,11,6,0,7,0,3,-1,-1,1,1
11,11,11,5,1,7,7,4,-1,-1,2,-1
11,11,11,5,1,7,0,2,1,2,-1,-1
11,11,11,4,0,7,0,3,-1,-1,0,0
11,11,11,3,0,7,7,4,0,-1,-1,-1
11,11,11,3,0,0,7,1,1,1,1,1
11,11,0,2,1,7,7,4,-1,-1,0,-1
11,11,0,2,1,7,0,2,0,0,-1,-1
11,0,0,1,0,7,7,3,-1,-1,0,2
4,1,1,5,1,0,7,0,1,1,2,2
1,1,1,3,0,7,7,3,-1,-1,1,2
1,1,0,2,0,7,7,0,1,1,1,1
4,4,0,2,1,0,7,0,1,1,1,1
48,0,0,1,1,0,7,1,0,0,0,0
22,5,2,6,1,7,7,2,2,2,-1,-1
22,5,1,5,0,7,7,3,-1,-1,2,2
22,5,1,4,0,7,7,2,2,2,-1,-1
22,5,1,3,0,7,7,1,0,0,1,0
5,1,0,2,0,7,7,2,2,2,-1,-1
5,0,0,1,1,7,7,1,1,1,1,1
4,4,4,3,1,7,7,0,1,1,1,1
4,0,0,1,1,7,7,1,1,1,1,1
21,5,2,7,1,0,7,0,1,1,1,1
21,5,1,5,1,7,7,2,2,2,-1,-1
21,5,1,4,0,7,7,3,-1,-1,2,2
21,5,1,3,0,7,7,1,0,0,0,0
5,1,0,2,0,7,7,3,-1,-1,2,2
5,0,0,1,1,7,7,1,1,1,1,1
2,2,2,6,1,0,7,0,2,1,2,1
2,2,2,4,1,7,7,0,1,1,1,1
2,2,0,2,1,7,7,0,1,1,1,1
2,1,1,7,1,0,1,0,2,1,2,1
1,1,1,5,1,7,7,0,1,1,1,1
1,1,1,3,1,7,7,0,1,1,1,1
1,0,0,1,1,7,7,2,2,2,-1,-1
11,1,1,6,1,7,7,0,1,1,1,1
11,1,1,4,1,7,7,2,2,2,-1,-1
11,1,1,3,0,7,7,3,-1,-1,2,2
11,1,0,2,0,7,7,1,1,1,1,1
1,0,0,1,1,7,7,2,2,2,-1,-1
52,3,3,5,1,7,7,2,2,1,-1,-1
52,3,3,4,0,7,7,3,-1,-1,1,1
52,3,3,3,0,7,7,2,1,1,-1,-1
52,3,0,2,0,7,7,3,-1,-1,1,1
52,0,0,1,0,7,7,1,0,0,0,0
50,9,3,4,1,7,7,2,2,1,-1,-1
50,9,2,3,0,7,7,3,-1,-1,1,2
50,9,0,2,0,7,7,1,0,0,0,0
9,0,0,1,0,7,7,1,1,0,1,1
12,4,4,4,1,0,7,2,2,1,-1,-1
12,4,4,3,0,7,7,3,-1,-1,1,1
12,4,0,2,0,7,7,2,1,1,-1,-1
12,0,0,1,0,7,7,1,1,1,1,1
2,2,2,6,1,7,7,0,1,1,1,1
2,2,2,4,1,7,7,0,1,1,1,1
2,2,0,2,1,7,7,0,1,1,1,1
16,0,0,1,1,0,7,1,0,0,0,0
5,2,1,3,1,7,7,0,1,1,1,2
1,0,0,1,0,7,7,3,-1,-1,1,2
3,3,1,4,1,0,7,0,1,1,2,2
3,1,0,2,0,7,7,3,-1,-1,1,1
1,0,0,1,0,7,7,2,1,2,-1,-1
2,1,1,3,1,0,7,0,2,1,2,1
1,0,0,1,1,7,7,2,2,2,-1,-1
8,4,2,4,1,0,7,0,1,1,1,1
8,2,0,2,1,7,7,1,1,1,1,1
2,0,0,1,1,7,7,2,2,2,-1,-1
2,2,0,2,1,0,7,0,2,1,2,1
32,32,0,2,1,7,7,0,0,0,0,0
8,2,2,5,1,7,7,0,1,1,1,1
8,2,2,3,1,7,7,2,2,2,-1,-1
8,2,0,2,0,7,7,1,1,1,1,1
2,0,0,1,1,7,7,2,2,2,-1,-1
4,4,4,3,1,7,7,0,1,1,1,1
4,0,0,1,1,7,7,1,1,1,1,1
36,4,4,8,1,7,7,0,1,1,1,1
36,4,4,6,1,7,7,2,1,1,-1,-1
36,4,4,5,0,7,7,3,-1,-1,1,0
36,4,4,4,0,7,7,2,1,1,-1,-1
36,4,4,3,0,7,7,3,-1,-1,1,1
36,4,0,2,0,7,7,2,1,1,-1,-1
36,0,0,1,0,7,7,1,0,0,0,0
13,4,2,8,1,7,7,0,1,1,1,1
13,1,1,6,1,7,7,0,1,1,1,1
13,1,1,4,1,7,7,2,2,2,-1,-1
13,1,1,3,0,7,7,3,-1,-1,2,2
13,1,0,2,0,7,7,1,0,0,1,0
1,0,0,1,0,7,7,3,-1,-1,2,2
18,2,2,8,1,0,7,0,1,1,1,1
18,2,2,6,1,7,7,2,2,2,-1,-1
18,2,2,5,0,7,7,3,-1,-1,2,2
18,2,2,4,0,7,7,2,2,1,-1,-1
18,2,2,3,0,7,7,3,-1,-1,1,2
18,2,0,2,0,7,7,1,0,0,0,0
2,0,0,1,0,7,7,2,2,2,-1,-1
48,9,4,5,1,7,7,2,2,1,-1,-1
48,9,2,4,0,7,7,3,-1,-1,2,1
48,9,1,3,1,7,7,2,2,2,-1,-1
48,9,0,2,0,7,7,1,0,0,0,0
9,0,0,1,1,7,7,1,1,0,1,1
10,5,3,6,1,7,7,2,2,2,-1,-1
10,5,3,5,0,7,7,3,-1,-1,2,2
10,5,3,4,0,7,7,2,2,1,-1,-1
10,5,3,3,0,7,7,1,1,0,1,1
5,3,0,2,0,7,7,0,1,1,1,0
20,5,2,8,1,7,7,0,1,1,1,1
20,5,1,6,1,7,7,2,2,2,-1,-1
20,5,1,5,0,7,7,3,-1,-1,2,2
20,5,1,4,0,7,7,2,2,2,-1,-1
20,5,1,3,0,7,7,1,0,0,0,0
5,1,0,2,1,7,7,0,1,1,0,2
12,0,0,1,1,7,7,1,1,1,1,1
25,1,1,8,1,7,7,0,1,1,1,1
25,1,1,6,1,7,7,2,2,2,-1,-1
25,1,1,5,0,7,7,3,-1,-1,2,2
25,1,1,4,0,7,7,2,2,2,-1,-1
25,1,1,3,0,7,7,3,-1,-1,2,2
25,1,0,2,0,7,7,1,0,0,0,0
1,0,0,1,0,7,7,3,-1,-1,2,2
11,6,4,4,1,0,1,0,1,1,1,0
11,3,0,2,0,7,7,4,0,-1,-1,-1
11,3,0,2,0,0,7,3,-1,-1,1,1
11,0,0,1,0,0,7,1,1,1,1,1
2,1,1,3,1,7,7,0,1,1,1,1
1,0,0,1,1,7,7,2,2,2,-1,-1
10,8,2,5,1,7,7,2,2,2,-1,-1
10,8,2,4,0,7,7,3,-1,-1,2,1
10,8,2,3,0,7,7,1,1,0,1,1
8,2,0,2,0,7,7,2,2,2,-1,-1
8,0,0,1,0,7,7,1,1,1,1,1
8,0,0,1,1,0,7,1,1,1,1,1
9,3,1,6,1,7,7,0,1,1,1,1
9,1,1,4,1,7,7,2,2,2,-1,-1
9,1,1,3,0,7,7,3,-1,-1,2,2
9,1,0,2,0,7,7,1,1,1,1,2
1,0,0,1,0,7,7,2,2,2,-1,-1
6,2,0,2,1,0,7,0,1,1,0,2
12,2,2,3,1,7,7,1,1,1,1,1
2,2,0,2,1,7,7,0,1,1,1,1
29,13,8,6,1,7,7,2,1,1,-1,-1
29,13,8,5,0,7,7,3,-1,-1,1,1
29,13,8,4,1,7,7,2,2,1,-1,-1
29,13,8,3,0,7,7,3,-1,-1,0,0
29,13,0,2,0,7,7,4,0,-1,-1,-1
29,13,0,2,0,0,7,1,0,0,0,0
13,0,0,1,0,7,7,1,0,0,0,0
3,1,1,6,1,7,7,0,1,1,1,1
1,1,1,4,1,7,7,0,1,1,1,1
1,1,0,2,1,7,7,0,1,1,1,1
41,11,5,6,1,0,7,2,2,1,-1,-1
41,11,5,5,0,7,7,3,-1,-1,2,1
41,11,5,4,1,7,7,2,2,2,-1,-1
41,11,5,3,0,7,7,1,0,0,0,0
11,5,0,2,0,7,7,1,1,1,1,1
5,0,0,1,1,7,7,1,1,1,1,1
5,2,1,7,1,7,7,0,1,1,1,1
5,1,1,5,1,7,7,0,1,1,1,1
5,1,1,3,1,7,7,2,2,2,-1,-1
5,1,0,2,0,7,7,0,1,1,0,2
24,0,0,1,1,7,7,1,0,0,0,0
4,2,1,4,1,0,7,0,1,1,2,2
1,1,0,2,0,7,7,3,-1,-1,1,2
1,0,0,1,0,7,7,2,2,2,-1,-1
6,2,2,4,1,7,7,2,2,2,-1,-1
6,2,2,3,0,7,7,3,-1,-1,2,2
6,2,0,2,0,7,7,2,2,2,-1,-1
6,0,0,1,0,7,7,1,1,1,1,1
9,3,2,5,1,7,7,2,2,2,-1,-1
9,3,1,4,0,7,7,3,-1,-1,2,1
9,3,1,3,0,7,7,2,1,1,-1,-1
9,1,0,2,0,7,7,3,-1,-1,1,2
9,0,0,1,0,7,7,1,1,0,1,1
12,7,5,5,1,7,7,0,1,1,1,1
12,7,4,3,0,7,7,3,-1,-1,1,1
12,7,0,2,0,7,7,4,0,-1,-1,-1
12,7,0,2,0,0,7,1,1,1,1,1
7,0,0,1,1,7,7,1,1,1,1,1
4,0,0,1,1,7,7,1,1,1,1,1
14,10,10,6,1,7,7,0,0,0,0,1
14,10,10,4,1,7,7,4,-1,-1,2,-1
14,10,10,4,1,7,0,1,0,0,0,1
10,10,10,3,1,7,7,4,-1,-1,2,-1
10,10,10,3,1,7,0,1,1,0,1,2
10,10,0,2,0,7,7,4,-1,-1,2,-1
10,10,0,2,0,7,0,0,0,0,0,0
10,2,0,2,1,7,7,1,1,1,1,2
2,0,0,1,0,7,7,2,2,2,-1,-1
12,0,0,1,1,7,7,1,1,1,1,1
1,1,1,8,1,7,7,0,1,1,1,1
1,1,1,6,1,7,7,0,1,1,1,1
1,1,1,4,1,7,7,0,1,1,1,1
1,1,0,2,1,7,7,0,1,1,1,1
21,5,2,7,1,7,7,0,1,1,1,1
21,5,1,5,1,7,7,2,2,2,-1,-1
21,5,1,4,0,7,7,3,-1,-1,2,2
21,5,1,3,0,7,7,1,0,0,0,0
5,1,0,2,0,7,7,3,-1,-1,2,2
5,0,0,1,1,7,7,1,1,1,1,1
4,2,1,4,1,0,7,0,1,1,2,2
1,1,0,2,0,7,7,3,-1,-1,1,2
1,0,0,1,0,7,7,2,2,2,-1,-1
3,1,0,2,1,7,7,0,1,1,1,1
28,4,4,6,1,7,7,2,1,1,-1,-1
28,4,4,5,0,7,7,3,-1,-1,1,0
28,4,4,4,0,7,7,2,1,1,-1,-1
28,4,4,3,0,7,7,3,-1,-1,1,1
28,4,0,2,0,7,7,2,1,1,-1,-1
28,0,0,1,0,7,7,1,0,0,0,0
25,1,1,8,1,7,7,0,1,1,1,1
25,1,1,6,1,7,7,2,2,2,-1,-1
25,1,1,5,0,7,7,3,-1,-1,2,2
25,1,1,4,0,7,7,2,2,2,-1,-1
25,1,1,3,0,7,7,3,-1,-1,2,2
25,1,0,2,0,7,7,1,0,0,0,0
1,0,0,1,0,7,7,3,-1,-1,2,2
18,4,2,3,1,7,7,1,0,0,0,0
4,2,0,2,0,7,7,2,1,1,-1,-1
2,0,0,1,0,7,7,3,-1,-1,1,2
4,1,1,5,1,7,7,0,1,1,1,1
1,1,1,3,1,7,7,0,1,1,1,1
1,0,0,1,1,7,7,2,2,2,-1,-1
4,1,1,5,1,7,7,0,1,1,1,1
1,1,1,3,1,7,7,0,1,1,1,1
1,0,0,1,1,7,7,2,2,2,-1,-1
11,1,1,6,1,7,7,0,1,1,1,1
11,1,1,4,1,7,7,2,2,2,-1,-1
11,1,1,3,0,7,7,3,-1,-1,2,2
11,1,0,2,0,7,7,1,1,1,1,1
1,0,0,1,1,7,7,2,2,2,-1,-1
3,2,1,5,1,0,7,0,1,1,2,2
1,1,1,3,0,7,7,3,-1,-1,1,2
1,1,0,2,0,7,7,0,1,1,1,1
12,0,0,1,1,7,7,1,1,1,1,1
4,0,0,1,1,7,7,1,1,1,1,1
18,3,1,5,1,0,1,0,2,0,1,2
18,1,1,3,1,7,7,4,-1,-1,2,-1
18,1,1,3,1,7,0,2,2,2,-1,-1
18,1,0,2,0,7,0,1,0,0,0,0
1,0,0,1,0,7,7,2,2,2,-1,-1
24,2,2,5,1,7,7,2,2,2,-1,-1
24,2,2,4,0,7,7,3,-1,-1,2,2
24,2,2,3,0,7,7,2,2,2,-1,-1
24,2,0,2,0,7,7,1,0,0,0,0
2,0,0,1,1,7,7,2,2,2,-1,-1
9,3,0,2,1,7,7,0,0,0,0,0
2,1,1,7,1,7,7,0,1,1,1,1
1,1,1,5,1,7,7,0,1,1,1,1
1,1,1,3,1,7,7,0,1,1,1,1
1,0,0,1,1,7,7,2,2,2,-1,-1
10,3,3,3,1,7,7,1,1,0,1,1
3,3,0,2,0,7,7,0,1,1,1,1
2,2,2,4,1,7,7,0,1,1,1,1
2,2,0,2,1,7,7,0,1,1,1,1
13,3,0,2,1,7,7,1,0,0,1,1
3,0,0,1,0,7,7,3,-1,-1,1,1
18,3,3,3,1,7,7,1,0,0,0,0
3,3,0,2,0,7,7,0,1,1,1,1
8,2,2,3,1,7,7,0,1,1,1,1
8,0,0,1,1,7,7,1,1,1,1,1
4,2,2,7,1,7,7,0,1,1,1,1
2,1,1,5,1,7,7,0,1,1,1,1
1,1,1,3,1,7,7,0,1,1,1,1
1,0,0,1,1,7,7,2,2,2,-1,-1
3,1,0,2,1,7,7,0,1,1,1,1
5,3,2,7,1,0,1,0,2,1,1,2
5,2,2,5,0,7,7,2,2,2,-1,-1
5,2,1,4,0,7,7,0,1,1,1,1
5,1,0,2,1,7,7,0,1,1,0,2
48,0,0,1,1,7,7,1,0,0,0,0
52,2,2,7,1,7,7,2,2,2,-1,-1
52,2,2,6,0,7,7,3,-1,-1,2,2
52,2,2,5,0,7,7,2,2,2,-1,-1
52,2,2,4,0,7,7,3,-1,-1,2,2
52,2,2,3,0,7,7,2,2,2,-1,-1
52,2,0,2,0,7,7,1,0,0,0,0
2,0,0,1,1,7,7,2,2,2,-1,-1
11,11,11,8,1,7,7,2,1,1,-1,-1
11,11,11,7,0,7,7,3,-1,-1,1,1
11,11,11,6,1,7,7,4,-1,-1,0,-1
11,11,11,6,1,7,0,2,1,1,-1,-1
11,11,11,5,0,7,0,3,-1,-1,1,0
11,11,11,4,0,7,7,4,2,-1,-1,-1
11,11,11,4,0,0,7,1,1,1,1,1
11,11,11,3,1,7,7,4,-1,-1,0,-1
11,11,11,3,1,7,0,2,0,0,-1,-1
11,11,0,2,0,7,7,3,-1,-1,0,2
11,0,0,1,0,7,7,1,1,1,1,1
28,13,8,6,1,7,7,2,1,2,-1,-1
28,13,8,5,0,7,7,3,-1,-1,1,1
28,13,8,4,0,7,7,4,0,-1,-1,-1
28,13,8,4,0,0,7,1,0,1,0,1
13,8,5,3,1,7,7,4,0,-1,-1,-1
13,8,5,3,1,0,7,4,-1,-1,0,-1
13,8,5,3,1,0,0,1,0,0,0,1
8,5,0,2,1,7,7,4,-1,-1,2,-1
8,5,0,2,1,7,0,0,0,0,0,0
13,1,1,4,1,7,7,2,2,2,-1,-1
13,1,1,3,0,7,7,3,-1,-1,2,1
13,1,0,2,0,7,7,1,0,0,1,0
1,0,0,1,0,7,7,3,-1,-1,2,2
4,0,0,1,1,7,7,1,1,1,1,1
34,18,12,3,1,7,7,1,0,0,0,0
18,12,0,2,0,7,7,4,0,-1,-1,-1
18,12,0,2,0,0,7,1,0,0,0,0
12,0,0,1,0,7,7,1,1,1,1,1
2,1,1,7,1,7,7,0,1,1,1,1
1,1,1,5,1,7,7,0,1,1,1,1
1,1,1,3,1,7,7,0,1,1,1,1
1,0,0,1,1,7,7,2,2,2,-1,-1
12,0,0,1,1,0,7,1,1,1,1,1
11,1,1,6,1,7,7,0,1,1,1,1
11,1,1,4,1,7,7,2,2,2,-1,-1
11,1,1,3,0,7,7,3,-1,-1,2,2
11,1,0,2,0,7,7,1,1,1,1,1
1,0,0,1,1,7,7,2,2,2,-1,-1
4,4,2,4,1,7,7,0,1,1,1,1
2,2,0,2,1,7,7,0,1,1,1,1
5,1,1,8,1,7,7,0,1,1,1,1
5,1,1,6,1,7,7,0,1,1,1,1
5,1,1,4,1,7,7,0,1,1,1,1
5,1,0,2,1,7,7,0,1,1,0,2
2,1,1,3,1,7,7,0,1,1,1,1
1,0,0,1,1,7,7,2,2,2,-1,-1
10,6,0,2,1,7,7,0,0,0,0,0
2,1,1,7,1,7,7,0,1,1,1,1
1,1,1,5,1,7,7,0,1,1,1,1
1,1,1,3,1,7,7,0,1,1,1,1
1,0,0,1,1,7,7,2,2,2,-1,-1
9,3,1,6,1,7,7,0,1,1,1,1
9,1,1,4,1,7,7,2,2,2,-1,-1
9,1,1,3,0,7,7,3,-1,-1,2,2
9,1,0,2,0,7,7,1,1,1,1,2
1,0,0,1,0,7,7,2,2,2,-1,-1
4,0,0,1,1,7,7,1,1,1,1,1
14,10,10,6,1,7,7,0,0,0,0,1
14,10,10,4,1,7,7,4,-1,-1,2,-1
14,10,10,4,1,7,0,1,0,0,0,1
10,10,10,3,1,7,7,4,-1,-1,2,-1
10,10,10,3,1,7,0,1,1,0,1,2
10,10,0,2,0,7,7,4,-1,-1,2,-1
10,10,0,2,0,7,0,0,0,0,0,0
11,5,3,7,1,0,1,0,1,1,1,1
11,5,1,5,1,7,7,2,2,2,-1,-1
11,5,1,4,0,7,7,3,-1,-1,2,2
11,5,1,3,0,7,7,2,2,2,-1,-1
11,5,0,2,0,7,7,1,1,1,1,1
5,0,0,1,1,7,7,1,1,1,1,1
34,7,7,3,1,7,7,1,0,0,0,0
7,7,0,2,0,7,7,4,0,-1,-1,-1
7,7,0,2,0,0,7,0,0,0,0,0
2,1,1,3,1,7,7,0,1,1,1,1
1,0,0,1,1,7,7,2,2,2,-1,-1
12,3,3,5,1,7,7,0,1,1,1,1
12,3,3,3,1,7,7,1,1,1,1,1
3,3,0,2,1,7,7,0,1,1,1,1
13,7,4,6,1,7,7,0,1,1,1,1
13,7,3,4,1,7,7,2,2,2,-1,-1
13,7,3,3,0,7,7,1,0,0,0,1
7,3,0,2,1,7,7,4,-1,-1,2,-1
7,3,0,2,1,7,0,0,0,0,0,0
2,1,1,3,1,7,7,0,1,1,1,1
1,0,0,1,1,7,7,2,2,2,-1,-1
24,8,8,4,1,7,7,1,0,1,0,1
8,8,8,3,1,7,7,4,0,-1,-1,-1
8,8,8,3,1,0,7,4,-1,-1,0,-1
8,8,8,3,1,0,0,1,1,1,1,0
8,8,0,2,0,7,7,2,0,0,-1,-1
8,0,0,1,0,7,7,3,-1,-1,0,0
14,9,6,8,1,7,7,0,1,1,1,1
14,9,5,6,0,7,7,3,-1,-1,1,1
14,9,5,5,0,7,7,2,1,2,-1,-1
14,9,5,4,0,7,7,3,-1,-1,1,1
14,9,5,3,0,7,7,4,0,-1,-1,-1
14,9,5,3,0,0,7,1,0,0,0,1
9,5,0,2,1,7,7,4,-1,-1,2,-1
9,5,0,2,1,7,0,0,0,0,0,0
4,4,4,7,1,7,7,0,1,1,1,1
4,1,1,5,1,7,7,0,1,1,1,1
1,1,1,3,1,7,7,0,1,1,1,1
1,0,0,1,1,7,7,2,2,2,-1,-1
2,1,1,3,1,7,7,0,1,1,1,1
1,0,0,1,1,7,7,2,2,2,-1,-1
7,3,2,3,1,0,1,0,1,1,1,1
7,0,0,1,1,7,7,1,1,1,1,1
3,1,0,2,1,7,7,0,1,1,1,1
4,2,2,3,1,7,7,0,1,1,1,1
2,0,0,1,1,7,7,2,2,2,-1,-1
17,1,1,8,1,7,7,0,1,1,1,1
17,1,1,6,1,7,7,2,2,2,-1,-1
17,1,1,5,0,7,7,3,-1,-1,2,2
17,1,1,4,0,7,7,2,2,1,-1,-1
17,1,1,3,0,7,7,3,-1,-1,1,2
17,1,0,2,0,7,7,1,0,0,0,0
1,0,0,1,0,7,7,2,2,2,-1,-1
6,2,0,2,1,0,7,0,1,1,0,2
17,17,7,4,1,0,7,0,0,0,0,1
17,17,0,2,1,7,7,4,-1,-1,2,-1
17,17,0,2,1,7,0,0,0,0,0,0
7,1,0,2,1,7,7,1,1,1,1,1
1,0,0,1,1,7,7,2,2,2,-1,-1
8,0,0,1,1,0,7,1,1,1,1,1
16,0,0,1,1,7,7,1,0,0,0,0
24,0,0,1,1,7,7,1,0,0,0,0
2,2,0,2,1,7,7,0,1,1,1,1
8,0,0,1,1,7,7,1,1,1,1,1
4,2,2,5,1,7,7,0,1,1,1,1
2,2,2,3,1,7,7,0,1,1,1,1
2,0,0,1,1,7,7,2,2,2,-1,-1
1,1,1,8,1,7,7,0,1,1,1,1
1,1,1,6,1,7,7,0,1,1,1,1
1,1,1,4,1,7,7,0,1,1,1,1
1,1,0,2,1,7,7,0,1,1,1,1
2,1,1,7,1,0,7,0,2,1,2,1
1,1,1,5,1,7,7,0,1,1,1,1
1,1,1,3,1,7,7,0,1,1,1,1
1,0,0,1,1,7,7,2,2,2,-1,-1
9,3,0,2,1,0,7,0,0,0,0,0
16,0,0,1,1,7,7,1,0,0,0,0
13,4,2,8,1,7,7,0,1,1,1,1
13,1,1,6,1,7,7,0,1,1,1,1
13,1,1,4,1,7,7,2,2,2,-1,-1
13,1,1,3,0,7,7,3,-1,-1,2,2
13,1,0,2,0,7,7,1,0,0,1,0
1,0,0,1,0,7,7,3,-1,-1,2,2
6,6,0,2,1,7,7,0,1,1,1,1
4,0,0,1,1,7,7,1,1,1,1,1
16,8,0,2,1,7,7,1,0,0,0,0
8,0,0,1,1,7,7,1,1,1,1,1
16,12,12,5,1,0,7,1,0,0,0,1
12,12,12,4,1,7,7,4,-1,-1,2,-1
12,12,12,4,1,7,0,1,1,1,1,1
12,12,12,3,1,7,7,4,-1,-1,0,-1
12,12,12,3,1,7,0,2,0,0,-1,-1
12,12,0,2,0,7,7,3,-1,-1,0,2
12,0,0,1,0,7,7,1,1,1,1,1
6,2,2,4,1,0,7,2,2,2,-1,-1
6,2,2,3,0,7,7,3,-1,-1,2,2
6,2,0,2,0,7,7,2,2,2,-1,-1
6,0,0,1,0,7,7,1,1,1,1,1
1,1,1,8,1,0,1,0,2,1,2,1
1,1,1,6,1,7,7,0,1,1,1,1
1,1,1,4,1,7,7,0,1,1,1,1
1,1,0,2,1,7,7,0,1,1,1,1
33,12,7,7,1,7,7,2,2,1,-1,-1
33,12,7,6,0,7,7,3,-1,-1,1,1
33,12,7,5,0,7,7,2,1,2,-1,-1
33,12,7,4,0,7,7,3,-1,-1,1,1
33,12,7,3,0,7,7,4,0,-1,-1,-1
33,12,7,3,0,0,7,1,0,0,0,0
12,7,0,2,0,7,7,4,0,-1,-1,-1
12,7,0,2,0,0,7,1,1,1,1,1
7,0,0,1,1,7,7,1,1,1,1,1
5,3,2,8,1,7,7,0,1,1,1,1
5,2,1,6,1,7,7,0,1,1,1,1
5,1,1,4,1,7,7,0,1,1,1,1
5,1,0,2,1,7,7,0,1,1,0,2
5,1,1,4,1,7,7,2,2,2,-1,-1
5,1,1,3,0,7,7,3,-1,-1,2,2
5,1,0,2,0,7,7,2,2,2,-1,-1
5,0,0,1,0,7,7,1,1,1,1,1
10,4,3,8,1,7,7,0,1,1,1,1
10,2,2,6,1,7,7,0,1,1,1,1
10,1,1,4,1,7,7,2,2,2,-1,-1
10,1,1,3,0,7,7,3,-1,-1,2,2
10,1,0,2,0,7,7,1,1,1,1,2
1,0,0,1,0,7,7,2,2,2,-1,-1
13,5,2,6,1,7,7,2,2,2,-1,-1
13,5,2,5,0,7,7,3,-1,-1,2,2
13,5,1,4,0,7,7,2,2,1,-1,-1
13,5,1,3,0,7,7,1,0,0,0,1
5,1,0,2,1,7,7,4,-1,-1,2,-1
5,1,0,2,1,7,0,0,0,2,1,1
40,13,7,4,1,7,7,1,0,0,0,0
13,7,4,3,1,7,7,4,0,-1,-1,-1
13,7,4,3,1,0,7,4,-1,-1,0,-1
13,7,4,3,1,0,0,1,0,1,0,1
7,4,0,2,0,7,7,4,-1,-1,0,-1
7,4,0,2,0,7,0,2,1,1,-1,-1
7,0,0,1,0,7,0,1,1,1,1,1
20,7,7,5,1,7,7,1,0,0,0,1
7,7,7,4,1,7,7,4,-1,-1,2,-1
7,7,7,4,1,7,0,1,1,1,1,1
7,7,7,3,1,7,7,1,1,1,1,1
7,7,0,2,1,7,7,0,0,0,0,0
44,4,4,6,1,7,7,2,1,1,-1,-1
44,4,4,5,0,7,7,3,-1,-1,1,0
44,4,4,4,0,7,7,2,1,1,-1,-1
44,4,4,3,0,7,7,3,-1,-1,1,1
44,4,0,2,0,7,7,2,1,1,-1,-1
44,0,0,1,0,7,7,1,0,0,0,0
23,3,3,4,1,7,7,2,2,1,-1,-1
23,3,3,3,0,7,7,3,-1,-1,1,1
23,3,0,2,0,7,7,2,1,1,-1,-1
23,0,0,1,0,7,7,1,0,0,0,0
20,1,1,5,1,7,7,2,2,2,-1,-1
20,1,1,4,0,7,7,3,-1,-1,2,2
20,1,1,3,0,7,7,2,2,2,-1,-1
20,1,0,2,0,7,7,1,0,0,0,0
1,0,0,1,1,7,7,2,2,2,-1,-1
3,1,1,6,1,7,7,0,1,1,1,1
1,1,1,4,1,7,7,0,1,1,1,1
1,1,0,2,1,7,7,0,1,1,1,1
10,7,7,7,1,7,7,2,2,2,-1,-1
10,7,7,6,0,7,7,3,-1,-1,2,2
10,7,7,5,0,7,7,2,2,2,-1,-1
10,7,7,4,0,7,7,1,1,1,1,2
7,7,2,3,0,7,7,2,2,2,-1,-1
7,7,0,2,0,7,7,0,0,0,0,0
4,0,0,1,1,7,7,1,1,1,1,1
9,1,1,8,1,7,7,0,1,1,1,1
9,1,1,6,1,7,7,0,1,1,1,1
9,1,1,4,1,7,7,2,2,2,-1,-1
9,1,1,3,0,7,7,3,-1,-1,2,2
9,1,0,2,0,7,7,1,1,1,1,2
1,0,0,1,0,7,7,2,2,2,-1,-1
17,3,3,6,1,7,7,0,1,1,1,1
17,3,3,4,1,7,7,2,2,1,-1,-1
17,3,3,3,0,7,7,3,-1,-1,1,1
17,3,0,2,0,7,7,1,0,0,0,0
3,0,0,1,0,7,7,2,1,1,-1,-1
23,5,2,5,1,7,7,2,2,2,-1,-1
23,5,1,4,0,7,7,3,-1,-1,2,2
23,5,1,3,0,7,7,2,2,2,-1,-1
23,5,0,2,0,7,7,1,0,0,0,0
5,0,0,1,1,7,7,1,1,1,1,1
34,7,2,8,1,7,7,2,2,2,-1,-1
34,7,1,7,0,7,7,3,-1,-1,2,2
34,7,1,6,0,7,7,2,2,2,-1,-1
34,7,1,5,0,7,7,3,-1,-1,2,2
34,7,1,4,0,7,7,2,2,2,-1,-1
34,7,1,3,0,7,7,1,0,0,0,0
7,1,0,2,0,7,7,2,2,2,-1,-1
7,0,0,1,1,7,7,1,1,1,1,1
8,4,0,2,1,7,7,0,0,0,0,0
1,1,1,4,1,7,7,0,1,1,1,1
1,1,0,2,1,7,7,0,1,1,1,1
2,1,1,3,1,7,7,0,1,1,1,1
1,0,0,1,1,7,7,2,2,2,-1,-1
6,3,3,7,1,0,7,0,1,1,1,1
6,3,3,5,1,7,7,0,1,1,1,1
6,3,3,3,1,7,7,0,1,1,1,1
6,0,0,1,1,7,7,1,1,1,1,1
64,0,0,1,1,7,7,1,0,0,0,0
2,1,1,3,1,7,7,0,1,1,1,1
1,0,0,1,1,7,7,2,2,2,-1,-1
48,0,0,1,1,7,7,1,0,0,0,0
7,2,1,5,1,0,7,0,1,1,1,1
7,1,1,3,1,7,7,2,2,2,-1,-1
7,1,0,2,0,7,7,1,1,1,1,1
1,0,0,1,1,7,7,2,2,2,-1,-1
7,5,3,7,1,7,7,0,1,1,1,1
7,5,2,5,1,7,7,2,2,2,-1,-1
7,5,2,4,0,7,7,3,-1,-1,2,1
7,5,2,3,0,7,7,2,1,1,-1,-1
7,5,0,2,0,7,7,3,-1,-1,1,1
7,0,0,1,0,7,7,1,1,1,1,1
11,11,11,8,1,7,7,2,1,1,-1,-1
11,11,11,7,0,7,7,3,-1,-1,1,1
11,11,11,6,1,7,7,4,-1,-1,0,-1
11,11,11,6,1,7,0,2,1,1,-1,-1
11,11,11,5,0,7,0,3,-1,-1,1,0
11,11,11,4,0,7,7,4,2,-1,-1,-1
11,11,11,4,0,0,7,1,1,1,1,1
11,11,11,3,1,7,7,4,-1,-1,0,-1
11,11,11,3,1,7,0,2,0,0,-1,-1
11,11,0,2,0,7,7,3,-1,-1,0,2
11,0,0,1,0,7,7,1,1,1,1,1
5,2,2,6,1,7,7,0,1,1,1,1
5,1,1,4,1,7,7,2,2,2,-1,-1
5,1,1,3,0,7,7,3,-1,-1,2,2
5,1,0,2,0,7,7,2,2,2,-1,-1
5,0,0,1,0,7,7,1,1,1,1,1
8,8,4,4,1,7,7,2,2,2,-1,-1
8,8,4,3,0,7,7,3,-1,-1,2,0
8,8,0,2,0,7,7,4,0,-1,-1,-1
8,8,0,2,0,0,7,0,0,0,0,0
10,4,2,3,1,0,1,1,1,1,1,1
4,2,0,2,0,7,7,2,1,1,-1,-1
2,0,0,1,0,7,7,3,-1,-1,1,2
24,0,0,1,1,7,7,1,0,0,0,0
11,5,0,2,1,0,7,1,1,1,1,1
5,0,0,1,1,7,7,1,1,1,1,1
6,6,4,7,1,7,7,0,1,1,1,1
6,6,2,5,1,7,7,0,1,1,1,1
6,6,2,3,1,7,7,2,2,2,-1,-1
6,6,0,2,0,7,7,0,1,1,1,1
64,0,0,1,1,7,7,1,0,0,0,0
16,0,0,1,1,0,7,1,0,0,0,0
12,3,1,3,1,7,7,1,1,1,1,1
3,1,0,2,1,7,7,0,1,1,1,1
8,8,8,6,1,7,7,0,0,0,0,1
8,8,8,4,1,7,7,4,-1,-1,2,-1
8,8,8,4,1,7,0,1,1,1,1,1
8,8,8,3,1,7,7,1,1,1,1,1
8,8,0,2,1,7,7,0,0,0,0,0
49,3,3,6,1,0,7,2,1,1,-1,-1
49,3,3,5,0,7,7,3,-1,-1,1,0
49,3,3,4,0,7,7,2,1,1,-1,-1
49,3,3,3,0,7,7,3,-1,-1,1,1
49,3,0,2,0,7,7,1,0,0,0,0
3,0,0,1,0,7,7,2,1,1,-1,-1
3,1,0,2,1,0,7,0,1,1,1,1
10,4,2,3,1,0,7,1,1,1,1,1
4,2,0,2,0,7,7,2,1,1,-1,-1
2,0,0,1,0,7,7,3,-1,-1,1,2
2,1,1,3,1,7,7,0,1,1,1,1
1,0,0,1,1,7,7,2,2,2,-1,-1
3,3,3,4,1,7,7,0,1,1,1,1
3,3,0,2,1,7,7,0,1,1,1,1
4,4,0,2,1,7,7,0,1,1,1,1
12,0,0,1,1,7,7,1,1,1,1,1
12,12,12,4,1,7,7,1,1,0,1,1
12,12,12,3,0,7,7,4,-1,-1,2,-1
12,12,12,3,0,7,0,1,1,1,1,1
12,12,0,2,1,7,7,4,-1,-1,0,-1
12,12,0,2,1,7,0,2,0,0,-1,-1
12,0,0,1,0,7,7,3,-1,-1,0,2
4,4,4,3,1,7,7,0,1,1,1,1
4,0,0,1,1,7,7,1,1,1,1,1
3,3,2,7,1,0,7,0,1,1,2,2
3,1,1,5,0,7,7,3,-1,-1,1,2
3,1,1,4,0,7,7,0,1,1,1,1
1,1,0,2,1,7,7,0,1,1,1,1
23,3,3,4,1,7,7,2,2,1,-1,-1
23,3,3,3,0,7,7,3,-1,-1,1,1
23,3,0,2,0,7,7,2,1,1,-1,-1
23,0,0,1,0,7,7,1,0,0,0,0
6,2,0,2,1,7,7,0,1,1,0,2
13,7,5,5,1,7,7,0,1,1,1,1
13,7,5,3,1,7,7,1,0,0,0,1
7,5,0,2,1,7,7,4,-1,-1,2,-1
7,5,0,2,1,7,0,0,0,0,0,0
12,5,3,6,1,7,7,2,2,2,-1,-1
12,5,3,5,0,7,7,3,-1,-1,2,2
12,5,3,4,0,7,7,2,2,1,-1,-1
12,5,3,3,0,7,7,1,1,1,1,1
5,3,0,2,1,7,7,0,1,1,1,0
6,1,1,7,1,7,7,0,1,1,1,1
6,1,1,5,1,7,7,0,1,1,1,1
6,1,1,3,1,7,7,2,2,2,-1,-1
6,1,0,2,0,7,7,0,1,1,0,2
3,2,1,5,1,7,7,0,1,1,1,1
1,1,1,3,1,7,7,0,1,1,1,1
1,0,0,1,1,7,7,2,2,2,-1,-1
3,3,3,4,1,7,7,0,1,1,1,1
3,3,0,2,1,7,7,0,1,1,1,1
11,11,5,4,1,7,7,0,1,0,1,1
11,11,0,2,0,7,7,4,-1,-1,2,-1
11,11,0,2,0,7,0,0,0,0,0,0
4,4,2,6,1,7,7,0,1,1,1,1
2,2,2,4,1,7,7,0,1,1,1,1
2,2,0,2,1,7,7,0,1,1,1,1
2,1,1,3,1,0,7,0,2,1,2,1
1,0,0,1,1,7,7,2,2,2,-1,-1
1,1,1,4,1,0,7,0,2,1,2,1
1,1,0,2,1,7,7,0,1,1,1,1
12,11,3,5,1,7,7,2,2,1,-1,-1
12,11,3,4,0,7,7,3,-1,-1,1,2
12,11,3,3,0,7,7,2,1,1,-1,-1
12,11,0,2,0,7,7,0,0,0,0,0
23,6,3,3,1,0,1,1,0,0,0,0
6,3,0,2,1,7,7,4,2,-1,-1,-1
6,3,0,2,1,0,7,0,1,1,1,0
47,10,4,5,1,0,7,2,2,1,-1,-1
47,10,2,4,0,7,7,3,-1,-1,2,1
47,10,1,3,1,7,7,2,2,2,-1,-1
47,10,0,2,0,7,7,1,0,0,0,0
10,0,0,1,1,7,7,1,1,0,1,1
16,0,0,1,1,7,7,1,0,0,0,0
48,0,0,1,1,7,7,1,0,0,0,0
6,3,3,7,1,0,7,0,1,1,1,1
6,3,3,5,1,7,7,0,1,1,1,1
6,3,3,3,1,7,7,0,1,1,1,1
6,0,0,1,1,7,7,1,1,1,1,1
21,6,3,4,1,7,7,2,2,2,-1,-1
21,6,3,3,0,7,7,1,0,0,0,0
6,3,0,2,0,7,7,0,1,1,1,0
6,3,3,7,1,7,7,0,1,1,1,1
6,3,3,5,1,7,7,0,1,1,1,1
6,3,3,3,1,7,7,0,1,1,1,1
6,0,0,1,1,7,7,1,1,1,1,1
8,0,0,1,1,7,7,1,1,1,1,1
44,10,10,3,1,7,7,1,0,0,0,0
10,10,0,2,1,7,7,4,0,-1,-1,-1
10,10,0,2,1,0,7,0,0,0,0,0
4,2,2,7,1,0,7,0,1,1,2,2
2,2,2,5,0,7,7,3,-1,-1,1,2
2,2,2,4,0,7,7,0,1,1,1,1
2,2,0,2,1,7,7,0,1,1,1,1
12,2,2,3,1,7,7,1,1,1,1,1
2,2,0,2,1,7,7,0,1,1,1,1
1,1,1,4,1,7,7,0,1,1,1,1
1,1,0,2,1,7,7,0,1,1,1,1
1,1,1,8,1,0,7,0,2,1,2,1
1,1,1,6,1,7,7,0,1,1,1,1
1,1,1,4,1,7,7,0,1,1,1,1
1,1,0,2,1,7,7,0,1,1,1,1
11,3,2,3,1,7,7,1,1,1,1,1
3,2,0,2,1,7,7,0,1,1,1,1
15,3,3,4,1,7,7,2,2,1,-1,-1
15,3,3,3,0,7,7,3,-1,-1,1,1
15,3,0,2,0,7,7,2,1,1,-1,-1
15,0,0,1,0,7,7,1,0,0,0,0
5,1,1,8,1,7,7,0,1,1,1,1
5,1,1,6,1,7,7,0,1,1,1,1
5,1,1,4,1,7,7,0,1,1,1,1
5,1,0,2,1,7,7,0,1,1,0,2
1,1,1,8,1,0,7,0,2,1,2,1
1,1,1,6,1,7,7,0,1,1,1,1
1,1,1,4,1,7,7,0,1,1,1,1
1,1,0,2,1,7,7,0,1,1,1,1
24,2,2,5,1,7,7,2,2,2,-1,-1
24,2,2,4,0,7,7,3,-1,-1,2,2
24,2,2,3,0,7,7,2,2,2,-1,-1
24,2,0,2,0,7,7,1,0,0,0,0
2,0,0,1,1,7,7,2,2,2,-1,-1
25,1,1,8,1,7,7,0,1,1,1,1
25,1,1,6,1,7,7,2,2,2,-1,-1
25,1,1,5,0,7,7,3,-1,-1,2,2
25,1,1,4,0,7,7,2,2,2,-1,-1
25,1,1,3,0,7,7,3,-1,-1,2,2
25,1,0,2,0,7,7,1,0,0,0,0
1,0,0,1,0,7,7,3,-1,-1,2,2
13,3,0,2,1,7,7,1,0,0,1,1
3,0,0,1,0,7,7,3,-1,-1,1,1
2,2,2,4,1,7,7,0,1,1,1,1
2,2,0,2,1,7,7,0,1,1,1,1
24,0,0,1,1,7,7,1,0,0,0,0
4,2,1,8,1,7,7,0,1,1,1,1
1,1,1,6,1,7,7,0,1,1,1,1
1,1,1,4,1,7,7,0,1,1,1,1
1,1,0,2,1,7,7,0,1,1,1,1
4,0,0,1,1,7,7,1,1,1,1,1
23,5,5,6,1,7,7,0,1,1,1,1
23,5,5,4,1,7,7,4,-1,-1,0,-1
23,5,5,4,1,7,0,2,1,1,-1,-1
23,5,5,3,0,7,0,3,-1,-1,1,2
23,5,0,2,0,7,7,4,2,-1,-1,-1
23,5,0,2,0,0,7,1,0,0,0,0
5,0,0,1,1,7,7,1,1,1,1,1
39,3,3,4,1,7,7,2,2,1,-1,-1
39,3,3,3,0,7,7,3,-1,-1,1,1
39,3,0,2,0,7,7,2,1,1,-1,-1
39,0,0,1,0,7,7,1,0,0,0,0
3,1,0,2,1,7,7,0,1,1,1,1
32,8,8,5,1,7,7,1,0,0,0,0
8,8,8,4,1,7,7,4,0,-1,-1,-1
8,8,8,4,1,0,7,4,-1,-1,0,-1
8,8,8,4,1,0,0,1,1,1,1,0
8,8,8,3,0,7,7,2,0,0,-1,-1
8,8,0,2,0,7,7,3,-1,-1,0,0
8,0,0,1,0,7,7,1,1,1,1,1
2,2,2,8,1,0,1,0,2,1,2,1
2,2,1,6,1,7,7,0,1,1,1,1
1,1,1,4,1,7,7,0,1,1,1,1
1,1,0,2,1,7,7,0,1,1,1,1
41,12,6,5,1,7,7,2,2,1,-1,-1
41,12,6,4,0,7,7,3,-1,-1,1,1
41,12,6,3,0,7,7,2,1,1,-1,-1
41,12,0,2,0,7,7,1,0,0,0,0
12,0,0,1,0,7,7,1,1,1,1,1
8,8,4,4,1,7,7,2,2,2,-1,-1
8,8,4,3,0,7,7,3,-1,-1,2,0
8,8,0,2,0,7,7,4,0,-1,-1,-1
8,8,0,2,0,0,7,0,0,0,0,0
28,12,12,4,1,0,7,1,0,1,0,1
12,12,12,3,1,7,7,4,0,-1,-1,-1
12,12,12,3,1,0,7,4,-1,-1,0,-1
12,12,12,3,1,0,0,1,1,1,1,1
12,12,0,2,1,7,7,4,-1,-1,0,-1
12,12,0,2,1,7,0,2,0,0,-1,-1
12,0,0,1,0,7,7,3,-1,-1,0,2
16,16,16,3,1,7,7,1,0,0,0,1
16,16,0,2,1,7,7,4,-1,-1,2,-1
16,16,0,2,1,7,0,0,0,0,0,0
4,0,0,1,1,7,7,1,1,1,1,1
22,21,21,3,1,7,7,1,0,0,0,0
21,21,0,2,1,7,7,4,2,-1,-1,-1
21,21,0,2,1,0,7,0,0,0,0,0
24,0,0,1,1,0,7,1,0,0,0,0
2,2,2,8,1,7,7,0,1,1,1,1
2,2,2,6,1,7,7,0,1,1,1,1
2,2,2,4,1,7,7,0,1,1,1,1
2,2,0,2,1,7,7,0,1,1,1,1
16,0,0,1,1,7,7,1,0,0,0,0
2,2,0,2,1,0,7,0,2,1,2,1
2,1,1,3,1,7,7,0,1,1,1,1
1,0,0,1,1,7,7,2,2,2,-1,-1
11,11,11,8,1,7,7,2,1,1,-1,-1
11,11,11,7,0,7,7,3,-1,-1,1,1
11,11,11,6,1,7,7,4,-1,-1,0,-1
11,11,11,6,1,7,0,2,1,1,-1,-1
11,11,11,5,0,7,0,3,-1,-1,1,0
11,11,11,4,0,7,7,4,2,-1,-1,-1
11,11,11,4,0,0,7,1,1,1,1,1
11,11,11,3,1,7,7,4,-1,-1,0,-1
11,11,11,3,1,7,0,2,0,0,-1,-1
11,11,0,2,0,7,7,3,-1,-1,0,2
11,0,0,1,0,7,7,1,1,1,1,1
12,0,0,1,1,7,7,1,1,1,1,1
4,4,4,6,1,7,7,0,1,1,1,1
4,4,4,4,1,7,7,0,1,1,1,1
4,4,0,2,1,7,7,0,1,1,1,1
49,3,3,6,1,7,7,2,1,1,-1,-1
49,3,3,5,0,7,7,3,-1,-1,1,0
49,3,3,4,0,7,7,2,1,1,-1,-1
49,3,3,3,0,7,7,3,-1,-1,1,1
49,3,0,2,0,7,7,1,0,0,0,0
3,0,0,1,0,7,7,2,1,1,-1,-1
6,1,1,7,1,7,7,0,1,1,1,1
6,1,1,5,1,7,7,0,1,1,1,1
6,1,1,3,1,7,7,2,2,2,-1,-1
6,1,0,2,0,7,7,0,1,1,0,2
4,4,4,3,1,0,7,1,2,1,2,1
4,4,0,2,1,7,7,0,1,1,1,1
9,3,0,2,1,7,7,0,0,0,0,0
9,1,1,4,1,7,7,2,2,2,-1,-1
9,1,1,3,0,7,7,3,-1,-1,2,1
9,1,0,2,0,7,7,1,1,1,1,2
1,0,0,1,0,7,7,2,2,2,-1,-1
48,0,0,1,1,7,7,1,0,0,0,0
32,0,0,1,1,7,7,1,0,0,0,0
6,6,6,8,1,7,7,2,2,2,-1,-1
6,6,6,7,0,7,7,3,-1,-1,2,2
6,6,6,6,0,7,7,2,2,2,-1,-1
6,6,6,5,0,7,7,3,-1,-1,2,2
6,6,6,4,0,7,7,0,1,1,1,1
6,6,0,2,1,7,7,4,-1,-1,0,-1
6,6,0,2,1,7,0,2,1,1,-1,-1
6,0,0,1,0,7,7,3,-1,-1,1,2
3,3,3,4,1,7,7,0,1,1,1,1
3,3,0,2,1,7,7,0,1,1,1,1
4,0,0,1,1,0,7,1,2,1,2,1
4,0,0,1,1,7,7,1,1,1,1,1
16,0,0,1,1,0,7,1,0,0,0,0
19,5,3,8,1,7,7,0,1,1,1,1
19,5,1,6,1,7,7,2,2,2,-1,-1
19,5,1,5,0,7,7,3,-1,-1,2,2
19,5,1,4,0,7,7,2,2,2,-1,-1
19,5,1,3,0,7,7,1,0,0,0,0
5,1,0,2,1,7,7,0,1,1,0,2
20,12,0,2,1,0,7,1,0,0,0,0
12,0,0,1,1,7,7,1,1,1,1,1
7,3,2,7,1,0,7,0,1,1,1,1
7,1,1,5,1,7,7,0,1,1,1,1
7,1,1,3,1,7,7,2,2,2,-1,-1
7,1,0,2,0,7,7,1,1,1,1,1
1,0,0,1,1,7,7,2,2,2,-1,-1
50,7,7,3,1,7,7,1,0,0,0,0
7,7,0,2,0,7,7,4,0,-1,-1,-1
7,7,0,2,0,0,7,0,0,0,0,0
3,2,1,5,1,7,7,0,1,1,1,1
1,1,1,3,1,7,7,0,1,1,1,1
1,0,0,1,1,7,7,2,2,2,-1,-1
12,4,4,4,1,7,7,2,2,1,-1,-1
12,4,4,3,0,7,7,3,-1,-1,1,1
12,4,0,2,0,7,7,2,1,1,-1,-1
12,0,0,1,0,7,7,1,1,1,1,1
6,3,3,7,1,0,1,0,1,1,1,1
6,3,3,5,1,7,7,0,1,1,1,1
6,3,3,3,1,7,7,0,1,1,1,1
6,0,0,1,1,7,7,1,1,1,1,1
24,0,0,1,1,7,7,1,0,0,0,0
20,4,0,2,1,0,1,1,0,0,0,0
4,0,0,1,1,7,7,1,1,1,1,1
24,0,0,1,1,0,7,1,0,0,0,0
19,6,3,6,1,7,7,2,2,2,-1,-1
19,6,3,5,0,7,7,3,-1,-1,2,1
19,6,3,4,0,7,7,2,1,1,-1,-1
19,6,1,3,0,7,7,3,-1,-1,1,2
19,6,0,2,0,7,7,1,0,0,0,0
6,0,0,1,1,7,7,1,1,1,1,1
18,9,6,7,1,0,7,0,1,1,1,1
18,9,4,5,1,7,7,4,0,-1,-1,-1
18,9,4,5,1,0,7,4,-1,-1,0,-1
18,9,4,5,1,0,0,2,1,2,-1,-1
18,9,3,4,0,7,0,3,-1,-1,1,1
18,9,3,3,0,7,7,4,0,-1,-1,-1
18,9,3,3,0,0,7,1,0,0,0,1
9,3,0,2,0,7,7,4,-1,-1,0,-1
9,3,0,2,0,7,0,2,1,1,-1,-1
9,0,0,1,0,7,0,1,1,0,1,1
1,1,1,8,1,0,7,0,2,1,2,1
1,1,1,6,1,7,7,0,1,1,1,1
1,1,1,4,1,7,7,0,1,1,1,1
1,1,0,2,1,7,7,0,1,1,1,1
5,3,2,8,1,7,7,0,1,1,1,1
5,2,1,6,1,7,7,0,1,1,1,1
5,1,1,4,1,7,7,0,1,1,1,1
5,1,0,2,1,7,7,0,1,1,0,2
11,5,0,2,1,7,7,1,1,1,1,1
5,0,0,1,1,7,7,1,1,1,1,1
9,1,1,8,1,7,7,0,1,1,1,1
9,1,1,6,1,7,7,0,1,1,1,1
9,1,1,4,1,7,7,2,2,2,-1,-1
9,1,1,3,0,7,7,3,-1,-1,2,2
9,1,0,2,0,7,7,1,1,1,1,2
1,0,0,1,0,7,7,2,2,2,-1,-1
1,1,1,4,1,7,7,0,1,1,1,1
1,1,0,2,1,7,7,0,1,1,1,1
38,12,6,6,1,0,7,2,2,1,-1,-1
38,12,6,5,0,7,7,3,-1,-1,2,1
38,12,6,4,1,7,7,2,2,2,-1,-1
38,12,6,3,0,7,7,1,0,0,0,0
12,6,0,2,1,7,7,1,1,1,1,1
6,0,0,1,1,7,7,1,1,1,1,1
3,1,0,2,1,7,7,0,1,1,1,1
4,4,2,6,1,7,7,0,1,1,1,1
2,2,2,4,1,7,7,0,1,1,1,1
2,2,0,2,1,7,7,0,1,1,1,1
10,7,7,7,1,7,7,2,2,2,-1,-1
10,7,7,6,0,7,7,3,-1,-1,2,2
10,7,7,5,0,7,7,2,2,2,-1,-1
10,7,7,4,0,7,7,1,1,1,1,2
7,7,2,3,0,7,7,2,2,2,-1,-1
7,7,0,2,0,7,7,0,0,0,0,0
3,3,3,4,1,7,7,0,1,1,1,1
3,3,0,2,1,7,7,0,1,1,1,1
21,11,0,2,1,7,7,1,0,0,0,0
11,0,0,1,0,7,7,1,1,1,1,1
8,6,5,7,1,7,7,0,1,1,1,1
8,6,5,5,1,7,7,0,1,1,1,1
8,6,5,3,1,7,7,1,1,1,1,1
6,5,0,2,1,7,7,0,1,1,1,1
42,12,6,4,1,7,7,0,1,1,1,2
42,12,0,2,0,7,7,4,-1,-1,0,-1
42,12,0,2,0,7,0,1,0,0,0,0
12,0,0,1,1,7,7,1,1,1,1,1
4,3,3,5,1,7,7,0,1,1,1,1
3,3,3,3,1,7,7,0,1,1,1,1
3,0,0,1,1,7,7,1,1,1,1,1
23,5,5,6,1,7,7,0,1,1,1,1
23,5,5,4,1,7,7,4,-1,-1,0,-1
23,5,5,4,1,7,0,2,1,1,-1,-1
23,5,5,3,0,7,0,3,-1,-1,1,2
23,5,0,2,0,7,7,4,2,-1,-1,-1
23,5,0,2,0,0,7,1,0,0,0,0
5,0,0,1,1,7,7,1,1,1,1,1
4,4,4,8,1,0,7,0,1,1,2,2
4,4,4,6,0,7,7,3,-1,-1,1,2
4,4,4,5,0,7,7,0,1,1,1,1
4,2,2,3,1,7,7,0,1,1,1,1
2,0,0,1,1,7,7,2,2,2,-1,-1
64,0,0,1,1,7,7,1,0,0,0,0
3,2,1,5,1,7,7,0,1,1,1,1
1,1,1,3,1,7,7,0,1,1,1,1
1,0,0,1,1,7,7,2,2,2,-1,-1
4,0,0,1,1,7,7,1,1,1,1,1
24,22,6,5,1,7,7,0,1,1,1,1
24,22,6,3,1,7,7,4,-1,-1,0,-1
24,22,6,3,1,7,0,2,1,1,-1,-1
24,22,0,2,0,7,0,0,0,0,0,0
6,6,6,8,1,0,7,0,1,1,1,1
6,6,6,6,1,7,7,4,-1,-1,0,-1
6,6,6,6,1,7,0,2,1,1,-1,-1
6,6,6,5,0,7,7,3,-1,-1,1,1
6,6,6,4,1,7,7,4,-1,-1,0,-1
6,6,6,4,1,7,0,2,1,1,-1,-1
6,6,6,3,0,7,7,3,-1,-1,1,2
6,6,0,2,0,7,7,4,2,-1,-1,-1
6,6,0,2,0,0,7,0,1,1,1,1
20,12,9,7,1,7,7,0,0,1,1,0
20,12,9,5,0,7,7,4,0,-1,-1,-1
20,12,9,5,0,0,7,3,-1,-1,1,2
20,12,9,4,0,0,7,2,1,1,-1,-1
20,12,9,3,0,7,7,4,-1,-1,0,-1
20,12,9,3,0,7,0,1,0,0,0,1
12,9,0,2,1,7,7,4,-1,-1,2,-1
12,9,0,2,1,7,0,0,0,0,0,0
24,22,6,5,1,7,7,0,1,1,1,1
24,22,6,3,1,7,7,4,-1,-1,0,-1
24,22,6,3,1,7,0,2,1,1,-1,-1
24,22,0,2,0,7,0,0,0,0,0,0
18,6,3,7,1,7,7,0,1,1,1,1
18,6,1,5,1,7,7,2,2,2,-1,-1
18,6,1,4,0,7,7,3,-1,-1,2,2
18,6,1,3,0,7,7,1,0,0,0,0
6,1,0,2,0,7,7,2,2,2,-1,-1
6,0,0,1,1,7,7,1,1,1,1,1
16,12,12,5,1,7,7,1,0,0,0,1
12,12,12,4,1,7,7,4,-1,-1,2,-1
12,12,12,4,1,7,0,1,1,1,1,1
12,12,12,3,1,7,7,4,-1,-1,0,-1
12,12,12,3,1,7,0,2,0,0,-1,-1
12,12,0,2,0,7,7,3,-1,-1,0,2
12,0,0,1,0,7,7,1,1,1,1,1
17,5,5,4,1,0,7,1,0,0,0,1
5,5,5,3,0,7,7,4,-1,-1,0,-1
5,5,5,3,0,7,0,2,1,1,-1,-1
5,5,0,2,0,7,7,0,1,1,1,1
33,5,5,4,1,7,7,1,0,0,0,1
5,5,5,3,0,7,7,4,0,-1,-1,-1
5,5,5,3,0,0,7,4,-1,-1,0,-1
5,5,5,3,0,0,0,1,2,2,1,1
5,5,0,2,0,7,7,2,1,1,-1,-1
5,0,0,1,0,7,7,3,-1,-1,1,1
7,3,2,3,1,7,7,0,1,1,1,1
7,0,0,1,1,7,7,1,1,1,1,1
32,0,0,1,1,7,7,1,0,0,0,0
12,0,0,1,1,7,7,1,1,1,1,1
48,0,0,1,1,0,7,1,0,0,0,0
8,6,6,5,1,0,1,0,1,1,1,1
8,6,6,3,1,7,7,4,-1,-1,0,-1
8,6,6,3,1,7,0,2,1,1,-1,-1
8,6,0,2,0,7,0,3,-1,-1,1,2
8,0,0,1,0,7,7,1,1,1,1,1
48,0,0,1,1,7,7,1,0,0,0,0
7,1,0,2,1,7,7,1,1,1,1,1
1,0,0,1,1,7,7,2,2,2,-1,-1
44,10,4,7,1,0,1,2,1,1,-1,-1
44,10,2,6,0,7,1,3,-1,-1,1,1
44,10,2,5,1,7,7,2,2,2,-1,-1
44,10,2,4,0,7,7,3,-1,-1,2,2
44,10,2,3,0,7,7,2,2,2,-1,-1
44,10,0,2,0,7,7,1,0,0,0,0
10,0,0,1,1,7,7,1,1,0,1,1
18,2,2,8,1,7,7,0,1,1,1,1
18,2,2,6,1,7,7,2,2,2,-1,-1
18,2,2,5,0,7,7,3,-1,-1,2,2
18,2,2,4,0,7,7,2,2,1,-1,-1
18,2,2,3,0,7,7,3,-1,-1,1,2
18,2,0,2,0,7,7,1,0,0,0,0
2,0,0,1,0,7,7,2,2,2,-1,-1
48,0,0,1,1,7,7,1,0,0,0,0
5,2,1,7,1,7,7,0,1,1,1,1
5,1,1,5,1,7,7,0,1,1,1,1
5,1,1,3,1,7,7,2,2,2,-1,-1
5,1,0,2,0,7,7,0,1,1,0,2
14,10,10,6,1,0,7,0,0,0,0,1
14,10,10,4,1,7,7,4,-1,-1,2,-1
14,10,10,4,1,7,0,1,0,0,0,1
10,10,10,3,1,7,7,4,-1,-1,2,-1
10,10,10,3,1,7,0,1,1,0,1,2
10,10,0,2,0,7,7,4,-1,-1,2,-1
10,10,0,2,0,7,0,0,0,0,0,0
37,17,10,3,1,7,7,1,0,0,0,0
17,10,0,2,0,7,7,4,-1,-1,0,-1
17,10,0,2,0,7,0,1,0,0,0,0
10,0,0,1,0,7,7,1,1,0,1,1
12,0,0,1,1,7,7,1,1,1,1,1
1,1,1,4,1,7,7,0,1,1,1,1
1,1,0,2,1,7,7,0,1,1,1,1
37,9,9,4,1,7,7,1,0,1,0,0
9,9,9,3,0,7,7,4,0,-1,-1,-1
9,9,9,3,0,0,7,4,-1,-1,0,-1
9,9,9,3,0,0,0,1,1,0,1,2
9,9,0,2,0,7,7,4,-1,-1,2,-1
9,9,0,2,0,7,0,0,0,0,0,0
1,1,1,4,1,7,7,0,1,1,1,1
1,1,0,2,1,7,7,0,1,1,1,1
13,9,7,7,1,7,7,2,1,1,-1,-1
13,9,7,6,0,7,7,3,-1,-1,1,1
13,9,7,5,0,7,7,2,1,1,-1,-1
13,9,7,4,0,7,7,4,-1,-1,0,-1
13,9,7,4,0,7,0,1,0,0,0,1
9,7,5,3,1,7,7,4,-1,-1,2,-1
9,7,5,3,1,7,0,1,1,0,1,1
7,5,0,2,0,7,7,0,0,0,0,0
6,6,6,4,1,7,7,0,1,1,1,1
6,6,0,2,1,7,7,4,-1,-1,0,-1
6,6,0,2,1,7,0,2,1,1,-1,-1
6,0,0,1,0,7,7,3,-1,-1,1,2
6,4,3,4,1,7,7,0,1,1,1,1
6,3,0,2,1,7,7,0,1,1,1,0
4,1,1,5,1,7,7,0,1,1,1,1
1,1,1,3,1,7,7,0,1,1,1,1
1,0,0,1,1,7,7,2,2,2,-1,-1
17,3,3,6,1,7,7,0,1,1,1,1
17,3,3,4,1,7,7,2,2,1,-1,-1
17,3,3,3,0,7,7,3,-1,-1,1,1
17,3,0,2,0,7,7,1,0,0,0,0
3,0,0,1,0,7,7,2,1,1,-1,-1
4,4,4,6,1,0,7,0,1,1,1,1
4,4,4,4,1,7,7,0,1,1,1,1
4,4,0,2,1,7,7,0,1,1,1,1
23,9,0,2,1,0,7,1,0,0,0,0
9,0,0,1,1,7,7,1,1,0,1,1
25,1,1,8,1,7,7,0,1,1,1,1
25,1,1,6,1,7,7,2,2,2,-1,-1
25,1,1,5,0,7,7,3,-1,-1,2,2
25,1,1,4,0,7,7,2,2,2,-1,-1
25,1,1,3,0,7,7,3,-1,-1,2,2
25,1,0,2,0,7,7,1,0,0,0,0
1,0,0,1,0,7,7,3,-1,-1,2,2
37,9,9,4,1,7,7,1,0,1,0,0
9,9,9,3,0,7,7,4,0,-1,-1,-1
9,9,9,3,0,0,7,4,-1,-1,0,-1
9,9,9,3,0,0,0,1,1,0,1,2
9,9,0,2,0,7,7,4,-1,-1,2,-1
9,9,0,2,0,7,0,0,0,0,0,0
8,3,2,6,1,0,1,0,2,1,1,2
8,1,1,4,0,7,7,2,2,2,-1,-1
8,1,1,3,0,7,7,3,-1,-1,2,2
8,1,0,2,0,7,7,1,1,1,1,1
1,0,0,1,1,7,7,2,2,2,-1,-1
6,6,2,4,1,7,7,0,1,1,1,1
6,6,0,2,1,7,7,0,1,1,1,1
12,9,9,5,1,7,7,1,1,0,1,1
9,9,9,4,0,7,7,4,-1,-1,2,-1
9,9,9,4,0,7,0,1,1,0,1,2
9,9,9,3,0,7,7,4,-1,-1,2,-1
9,9,9,3,0,7,0,1,1,0,1,2
9,9,0,2,0,7,7,4,-1,-1,2,-1
9,9,0,2,0,7,0,0,0,0,0,0
48,0,0,1,1,7,7,1,0,0,0,0
31,11,6,3,1,7,7,1,0,0,0,0
11,6,0,2,1,7,7,4,0,-1,-1,-1
11,6,0,2,1,0,7,1,1,1,1,1
6,0,0,1,1,7,7,1,1,1,1,1
28,6,6,7,1,7,7,0,1,1,1,1
28,6,6,5,1,7,7,4,-1,-1,0,-1
28,6,6,5,1,7,0,2,1,1,-1,-1
28,6,6,4,0,7,0,3,-1,-1,1,2
28,6,6,3,0,7,7,4,2,-1,-1,-1
28,6,6,3,0,0,7,1,0,0,0,0
6,6,0,2,1,7,7,4,2,-1,-1,-1
6,6,0,2,1,0,7,0,1,1,1,1
18,4,2,3,1,7,7,1,0,0,0,0
4,2,0,2,0,7,7,2,1,1,-1,-1
2,0,0,1,0,7,7,3,-1,-1,1,2
41,13,6,4,1,7,7,0,1,1,1,2
41,13,0,2,0,7,7,4,-1,-1,0,-1
41,13,0,2,0,7,0,1,0,0,0,0
13,0,0,1,0,7,7,1,0,0,0,0
3,1,0,2,1,0,7,0,1,1,1,1
2,1,1,3,1,7,7,0,1,1,1,1
1,0,0,1,1,7,7,2,2,2,-1,-1
2,2,2,8,1,7,7,0,1,1,1,1
2,2,2,6,1,7,7,0,1,1,1,1
2,2,2,4,1,7,7,0,1,1,1,1
2,2,0,2,1,7,7,0,1,1,1,1
20,12,0,2,1,7,7,1,0,0,0,0
12,0,0,1,1,7,7,1,1,1,1,1
34,7,7,3,1,7,7,1,0,0,0,0
7,7,0,2,0,7,7,4,0,-1,-1,-1
7,7,0,2,0,0,7,0,0,0,0,0
4,4,4,3,1,0,7,1,2,1,2,1
4,4,0,2,1,7,7,0,1,1,1,1
32,8,3,7,1,7,7,2,2,2,-1,-1
32,8,3,6,0,7,7,3,-1,-1,2,2
32,8,3,5,0,7,7,2,2,2,-1,-1
32,8,3,4,0,7,7,3,-1,-1,2,2
32,8,3,3,0,7,7,1,0,0,0,0
8,3,0,2,1,7,7,4,0,-1,-1,-1
8,3,0,2,1,0,7,0,0,0,0,0
32,0,0,1,1,7,7,1,0,0,0,0
6,2,1,6,1,7,7,0,1,1,1,1
6,1,1,4,1,7,7,2,2,2,-1,-1
6,1,1,3,0,7,7,3,-1,-1,2,2
6,1,0,2,0,7,7,2,2,2,-1,-1
6,0,0,1,0,7,7,1,1,1,1,1
16,0,0,1,1,7,7,1,0,0,0,0
8,8,8,3,1,7,7,1,1,1,1,1
8,8,0,2,1,7,7,0,0,0,0,0
8,8,4,4,1,7,7,2,2,2,-1,-1
8,8,4,3,0,7,7,3,-1,-1,2,0
8,8,0,2,0,7,7,4,0,-1,-1,-1
8,8,0,2,0,0,7,0,0,0,0,0
43,11,5,5,1,7,7,2,2,1,-1,-1
43,11,5,4,0,7,7,3,-1,-1,1,1
43,11,5,3,0,7,7,2,1,1,-1,-1
43,11,0,2,0,7,7,1,0,0,0,0
11,0,0,1,1,7,7,1,1,1,1,1
12,2,2,3,1,0,7,1,1,1,1,1
2,2,0,2,1,7,7,0,1,1,1,1
5,3,2,5,1,7,7,0,1,1,1,1
5,1,1,3,1,7,7,2,2,2,-1,-1
5,1,0,2,0,7,7,0,1,1,0,2
4,0,0,1,1,7,7,1,1,1,1,1
32,0,0,1,1,7,7,1,0,0,0,0
35,14,9,4,1,7,7,1,0,0,0,0
14,9,6,3,1,7,7,4,0,-1,-1,-1
14,9,6,3,1,0,7,4,-1,-1,0,-1
14,9,6,3,1,0,0,1,0,0,0,1
9,6,0,2,1,7,7,4,-1,-1,2,-1
9,6,0,2,1,7,0,0,0,0,0,0
35,13,0,2,1,0,7,1,0,0,0,0
13,0,0,1,1,7,7,1,0,0,0,0
22,5,2,6,1,7,7,2,2,2,-1,-1
22,5,1,5,0,7,7,3,-1,-1,2,2
22,5,1,4,0,7,7,2,2,2,-1,-1
22,5,1,3,0,7,7,1,0,0,1,0
5,1,0,2,0,7,7,2,2,2,-1,-1
5,0,0,1,1,7,7,1,1,1,1,1
6,1,1,3,1,0,1,0,2,1,2,1
6,0,0,1,1,7,7,1,1,1,1,1
2,2,1,6,1,7,7,0,1,1,1,1
1,1,1,4,1,7,7,0,1,1,1,1
1,1,0,2,1,7,7,0,1,1,1,1
8,4,4,3,1,7,7,0,1,1,1,1
8,0,0,1,1,7,7,1,1,1,1,1
3,1,1,6,1,7,7,0,1,1,1,1
1,1,1,4,1,7,7,0,1,1,1,1
1,1,0,2,1,7,7,0,1,1,1,1
15,3,3,4,1,0,7,2,2,1,-1,-1
15,3,3,3,0,7,7,3,-1,-1,1,1
15,3,0,2,0,7,7,2,1,1,-1,-1
15,0,0,1,0,7,7,1,0,0,0,0
49,3,3,6,1,0,1,0,1,1,1,1
49,3,3,4,1,7,7,2,2,1,-1,-1
49,3,3,3,0,7,7,3,-1,-1,1,1
49,3,0,2,0,7,7,1,0,0,0,0
3,0,0,1,0,7,7,2,1,1,-1,-1
13,1,1,4,1,7,7,2,2,2,-1,-1
13,1,1,3,0,7,7,3,-1,-1,2,1
13,1,0,2,0,7,7,1,0,0,1,0
1,0,0,1,0,7,7,3,-1,-1,2,2
3,1,0,2,1,7,7,0,1,1,1,1
39,5,5,6,1,7,7,0,1,1,1,1
39,5,5,4,1,7,7,4,-1,-1,0,-1
39,5,5,4,1,7,0,2,1,1,-1,-1
39,5,5,3,0,7,0,3,-1,-1,1,2
39,5,0,2,0,7,7,4,2,-1,-1,-1
39,5,0,2,0,0,7,1,0,0,0,0
5,0,0,1,1,7,7,1,1,1,1,1
64,0,0,1,1,7,7,1,0,0,0,0
8,0,0,1,1,7,7,1,1,1,1,1
1,1,1,4,1,7,7,0,1,1,1,1
1,1,0,2,1,7,7,0,1,1,1,1
8,0,0,1,1,7,7,1,1,1,1,1
6,3,2,7,1,7,7,0,1,1,1,1
6,2,1,5,1,7,7,0,1,1,1,1
6,1,1,3,1,7,7,2,2,2,-1,-1
6,1,0,2,0,7,7,0,1,1,0,2
8,8,4,4,1,0,7,2,1,1,-1,-1
8,8,4,3,0,7,7,3,-1,-1,1,2
8,8,0,2,0,7,7,0,0,0,0,0
8,8,8,3,1,7,7,1,1,1,1,1
8,8,0,2,1,7,7,0,0,0,0,0
1,1,1,4,1,0,1,0,2,1,2,1
1,1,0,2,1,7,7,0,1,1,1,1
6,2,2,6,1,7,7,0,1,1,1,1
6,2,2,4,1,7,7,2,2,2,-1,-1
6,2,2,3,0,7,7,3,-1,-1,2,2
6,2,0,2,0,7,7,2,2,2,-1,-1
6,0,0,1,0,7,7,1,1,1,1,1
29,7,7,6,1,7,7,0,0,0,0,1
29,7,7,4,1,7,7,4,-1,-1,2,-1
29,7,7,4,1,7,0,1,0,0,0,1
7,7,7,3,0,7,7,4,0,-1,-1,-1
7,7,7,3,0,0,7,4,-1,-1,0,-1
7,7,7,3,0,0,0,1,1,1,1,0
7,7,0,2,0,7,7,2,0,0,-1,-1
7,0,0,1,0,7,7,3,-1,-1,0,0
8,8,8,4,1,7,7,0,0,0,0,1
8,8,0,2,1,7,7,4,-1,-1,2,-1
8,8,0,2,1,7,0,0,0,0,0,0
4,0,0,1,1,7,7,1,1,1,1,1
48,0,0,1,1,7,7,1,0,0,0,0
23,5,5,6,1,7,7,0,1,1,1,1
23,5,5,4,1,7,7,4,-1,-1,0,-1
23,5,5,4,1,7,0,2,1,1,-1,-1
23,5,5,3,0,7,0,3,-1,-1,1,2
23,5,0,2,0,7,7,4,2,-1,-1,-1
23,5,0,2,0,0,7,1,0,0,0,0
5,0,0,1,1,7,7,1,1,1,1,1
17,1,1,8,1,7,7,0,1,1,1,1
17,1,1,6,1,7,7,2,2,2,-1,-1
17,1,1,5,0,7,7,3,-1,-1,2,2
17,1,1,4,0,7,7,2,2,1,-1,-1
17,1,1,3,0,7,7,3,-1,-1,1,2
17,1,0,2,0,7,7,1,0,0,0,0
1,0,0,1,0,7,7,2,2,2,-1,-1
8,4,2,4,1,0,7,0,1,1,1,1
8,2,0,2,1,7,7,1,1,1,1,1
2,0,0,1,1,7,7,2,2,2,-1,-1
48,0,0,1,1,7,7,1,0,0,0,0
12,2,2,7,1,0,7,0,1,1,1,1
12,2,2,5,1,7,7,2,2,2,-1,-1
12,2,2,4,0,7,7,3,-1,-1,2,1
12,2,2,3,0,7,7,2,1,1,-1,-1
12,2,0,2,0,7,7,3,-1,-1,1,2
12,0,0,1,0,7,7,1,1,1,1,1
50,9,3,4,1,7,7,2,2,1,-1,-1
50,9,2,3,0,7,7,3,-1,-1,1,2
50,9,0,2,0,7,7,1,0,0,0,0
9,0,0,1,0,7,7,1,1,0,1,1
22,10,0,2,1,0,1,1,0,0,0,0
10,0,0,1,1,7,7,1,1,0,1,1
33,3,3,6,1,0,7,2,1,1,-1,-1
33,3,3,5,0,7,7,3,-1,-1,1,0
33,3,3,4,0,7,7,2,1,1,-1,-1
33,3,3,3,0,7,7,3,-1,-1,1,1
33,3,0,2,0,7,7,1,0,0,0,0
3,0,0,1,0,7,7,2,1,1,-1,-1
48,0,0,1,1,7,7,1,0,0,0,0
9,1,1,8,1,0,7,0,1,1,1,1
9,1,1,6,1,7,7,0,1,1,1,1
9,1,1,4,1,7,7,2,2,2,-1,-1
9,1,1,3,0,7,7,3,-1,-1,2,2
9,1,0,2,0,7,7,1,1,1,1,2
1,0,0,1,0,7,7,2,2,2,-1,-1
8,8,8,3,1,7,7,1,1,1,1,1
8,8,0,2,1,7,7,0,0,0,0,0
2,2,2,6,1,7,7,0,1,1,1,1
2,2,2,4,1,7,7,0,1,1,1,1
2,2,0,2,1,7,7,0,1,1,1,1
32,0,0,1,1,7,7,1,0,0,0,0
9,1,1,8,1,0,1,0,2,1,2,1
9,1,1,6,1,7,7,0,1,1,1,1
9,1,1,4,1,7,7,2,2,2,-1,-1
9,1,1,3,0,7,7,3,-1,-1,2,2
9,1,0,2,0,7,7,1,1,1,1,2
1,0,0,1,0,7,7,2,2,2,-1,-1
2,1,1,3,1,7,7,0,1,1,1,1
1,0,0,1,1,7,7,2,2,2,-1,-1
6,6,6,4,1,0,7,0,1,1,1,1
6,6,0,2,1,7,7,4,-1,-1,2,-1
6,6,0,2,1,7,0,2,1,1,-1,-1
6,0,0,1,0,7,7,3,-1,-1,1,0
3,3,1,4,1,7,7,0,1,1,1,1
1,1,0,2,1,7,7,0,1,1,1,1
6,6,0,2,1,7,7,0,1,1,1,1
5,4,1,5,1,7,7,0,1,1,1,1
5,1,1,3,1,7,7,2,2,2,-1,-1
5,1,0,2,0,7,7,0,1,1,0,2
6,3,3,3,1,7,7,0,1,1,1,1
6,0,0,1,1,7,7,1,1,1,1,1
6,6,4,7,1,7,7,0,1,1,1,1
6,6,2,5,1,7,7,0,1,1,1,1
6,6,2,3,1,7,7,2,2,2,-1,-1
6,6,0,2,0,7,7,0,1,1,1,1
46,3,3,7,1,7,7,2,1,1,-1,-1
46,3,3,6,0,7,7,3,-1,-1,1,1
46,3,3,5,1,7,7,2,2,1,-1,-1
46,3,3,4,0,7,7,3,-1,-1,1,1
46,3,3,3,0,7,7,2,1,1,-1,-1
46,3,0,2,0,7,7,3,-1,-1,1,1
46,0,0,1,0,7,7,1,0,0,0,0
1,1,1,4,1,7,7,0,1,1,1,1
1,1,0,2,1,7,7,0,1,1,1,1
20,4,4,8,1,0,7,0,1,1,1,1
20,4,4,6,1,7,7,0,1,1,1,1
20,4,4,4,1,7,7,2,2,1,-1,-1
20,4,4,3,0,7,7,3,-1,-1,1,1
20,4,0,2,0,7,7,2,1,1,-1,-1
20,0,0,1,0,7,7,1,0,0,0,0
18,3,1,5,1,0,7,2,2,1,-1,-1
18,3,1,4,0,7,7,3,-1,-1,1,1
18,1,1,3,0,7,7,2,1,2,-1,-1
18,1,0,2,0,7,7,1,0,0,0,0
1,0,0,1,0,7,7,2,2,2,-1,-1
16,0,0,1,1,7,7,1,0,0,0,0
15,3,3,4,1,7,7,2,2,1,-1,-1
15,3,3,3,0,7,7,3,-1,-1,1,1
15,3,0,2,0,7,7,2,1,1,-1,-1
15,0,0,1,0,7,7,1,0,0,0,0
2,1,1,3,1,0,7,0,2,1,2,1
1,0,0,1,1,7,7,2,2,2,-1,-1
43,14,7,3,1,7,7,1,0,0,0,0
14,7,0,2,1,7,7,4,0,-1,-1,-1
14,7,0,2,1,0,7,1,0,0,0,0
7,0,0,1,1,7,7,1,1,1,1,1
6,2,1,6,1,0,7,0,1,1,1,1
6,1,1,4,1,7,7,2,2,2,-1,-1
6,1,1,3,0,7,7,3,-1,-1,2,2
6,1,0,2,0,7,7,2,2,2,-1,-1
6,0,0,1,0,7,7,1,1,1,1,1
24,0,0,1,1,7,7,1,0,0,0,0
2,1,1,3,1,7,7,0,1,1,1,1
1,0,0,1,1,7,7,2,2,2,-1,-1
7,5,3,7,1,7,7,0,1,1,1,1
7,5,2,5,1,7,7,2,2,2,-1,-1
7,5,2,4,0,7,7,3,-1,-1,2,1
7,5,2,3,0,7,7,2,1,1,-1,-1
7,5,0,2,0,7,7,3,-1,-1,1,1
7,0,0,1,0,7,7,1,1,1,1,1
6,3,3,7,1,7,7,0,1,1,1,1
6,3,3,5,1,7,7,0,1,1,1,1
6,3,3,3,1,7,7,0,1,1,1,1
6,0,0,1,1,7,7,1,1,1,1,1
30,9,9,3,1,0,7,1,0,0,0,0
9,9,0,2,0,7,7,4,0,-1,-1,-1
9,9,0,2,0,0,7,0,0,0,0,0
20,1,1,5,1,7,7,2,2,2,-1,-1
20,1,1,4,0,7,7,3,-1,-1,2,2
20,1,1,3,0,7,7,2,2,2,-1,-1
20,1,0,2,0,7,7,1,0,0,0,0
1,0,0,1,1,7,7,2,2,2,-1,-1
17,15,0,2,1,7,7,0,0,0,0,0
5,1,1,4,1,7,7,2,2,2,-1,-1
5,1,1,3,0,7,7,3,-1,-1,2,2
5,1,0,2,0,7,7,2,2,2,-1,-1
5,0,0,1,0,7,7,1,1,1,1,1
10,6,0,2,1,7,7,0,0,0,0,0
9,3,2,5,1,7,7,2,2,2,-1,-1
9,3,1,4,0,7,7,3,-1,-1,2,1
9,3,1,3,0,7,7,2,1,1,-1,-1
9,1,0,2,0,7,7,3,-1,-1,1,2
9,0,0,1,0,7,7,1,1,0,1,1
16,0,0,1,1,7,7,1,0,0,0,0
4,0,0,1,1,7,7,1,1,1,1,1
4,0,0,1,1,7,7,1,1,1,1,1
4,0,0,1,1,7,7,1,1,1,1,1
3,3,3,4,1,7,7,0,1,1,1,1
3,3,0,2,1,7,7,0,1,1,1,1
24,8,8,4,1,7,7,1,0,1,0,1
8,8,8,3,1,7,7,4,0,-1,-1,-1
8,8,8,3,1,0,7,4,-1,-1,0,-1
8,8,8,3,1,0,0,1,1,1,1,0
8,8,0,2,0,7,7,2,0,0,-1,-1
8,0,0,1,0,7,7,3,-1,-1,0,0
7,5,0,2,1,7,7,0,0,0,0,0
32,7,3,8,1,7,7,0,1,1,1,1
32,7,1,6,1,7,7,2,2,2,-1,-1
32,7,1,5,0,7,7,3,-1,-1,2,2
32,7,1,4,0,7,7,2,2,2,-1,-1
32,7,1,3,0,7,7,1,0,0,0,0
7,1,0,2,1,7,7,4,0,-1,-1,-1
7,1,0,2,1,0,7,1,1,1,1,1
1,0,0,1,1,7,7,2,2,2,-1,-1
32,0,0,1,1,7,7,1,0,0,0,0
36,4,4,8,1,7,7,0,1,1,1,1
36,4,4,6,1,7,7,2,1,1,-1,-1
36,4,4,5,0,7,7,3,-1,-1,1,0
36,4,4,4,0,7,7,2,1,1,-1,-1
36,4,4,3,0,7,7,3,-1,-1,1,1
36,4,0,2,0,7,7,2,1,1,-1,-1
36,0,0,1,0,7,7,1,0,0,0,0
4,0,0,1,1,7,7,1,1,1,1,1
11,11,11,6,1,7,7,0,1,0,1,1
11,11,11,4,0,7,7,4,-1,-1,2,-1
11,11,11,4,0,7,0,1,1,1,1,1
11,11,5,3,1,7,7,4,-1,-1,0,-1
11,11,5,3,1,7,0,2,1,1,-1,-1
11,11,0,2,0,7,0,0,0,0,0,0
12,3,3,5,1,7,7,0,1,1,1,1
12,3,3,3,1,7,7,1,1,1,1,1
3,3,0,2,1,7,7,0,1,1,1,1
40,24,0,2,1,7,7,1,0,0,0,0
24,0,0,1,1,7,7,1,0,0,0,0
25,14,10,5,1,0,7,0,0,0,0,1
25,14,10,3,1,7,7,4,-1,-1,2,-1
25,14,10,3,1,7,0,1,0,0,0,0
14,10,0,2,0,7,7,4,-1,-1,0,-1
14,10,0,2,0,7,0,0,0,0,0,0
64,0,0,1,1,7,7,1,0,0,0,0
12,0,0,1,1,7,7,1,1,1,1,1
16,0,0,1,1,7,7,1,0,0,0,0
6,1,1,3,1,7,7,0,1,1,1,2
1,0,0,1,0,7,7,3,-1,-1,1,2
48,0,0,1,1,7,7,1,0,0,0,0
14,10,0,2,1,7,7,0,0,0,0,0
10,9,9,7,1,7,7,1,1,0,1,2
9,9,9,6,0,7,7,4,-1,-1,2,-1
9,9,9,6,0,7,0,1,1,0,1,2
9,9,9,5,0,7,7,4,-1,-1,2,-1
9,9,9,5,0,7,0,1,1,0,1,2
9,9,9,4,0,7,7,4,-1,-1,2,-1
9,9,9,4,0,7,0,1,1,0,1,2
9,9,9,3,0,7,7,4,-1,-1,2,-1
9,9,9,3,0,7,0,1,1,0,1,2
9,9,0,2,0,7,7,4,-1,-1,2,-1
9,9,0,2,0,7,0,0,0,0,0,0
2,2,0,2,1,7,7,0,1,1,1,1
34,2,2,8,1,7,7,2,2,2,-1,-1
34,2,2,7,0,7,7,3,-1,-1,2,2
34,2,2,6,0,7,7,2,2,2,-1,-1
34,2,2,5,0,7,7,3,-1,-1,2,2
34,2,2,4,0,7,7,2,2,2,-1,-1
34,2,2,3,0,7,7,3,-1,-1,2,2
34,2,0,2,0,7,7,1,0,0,0,0
2,0,0,1,0,7,7,2,2,2,-1,-1
12,2,2,3,1,0,7,1,1,1,1,1
2,2,0,2,1,7,7,0,1,1,1,1
6,2,0,2,1,7,7,0,1,1,0,2
52,2,2,7,1,7,7,2,2,2,-1,-1
52,2,2,6,0,7,7,3,-1,-1,2,2
52,2,2,5,0,7,7,2,2,2,-1,-1
52,2,2,4,0,7,7,3,-1,-1,2,2
52,2,2,3,0,7,7,2,2,2,-1,-1
52,2,0,2,0,7,7,1,0,0,0,0
2,0,0,1,1,7,7,2,2,2,-1,-1
24,8,0,2,1,7,7,1,0,0,0,0
8,0,0,1,1,7,7,1,1,1,1,1
13,8,6,8,1,7,7,2,1,1,-1,-1
13,8,6,7,0,7,7,3,-1,-1,1,1
13,8,6,6,1,7,7,0,1,1,1,1
13,8,5,4,1,7,7,4,-1,-1,2,-1
13,8,5,4,1,7,0,2,1,2,-1,-1
13,8,5,3,0,7,0,3,-1,-1,1,0
13,8,0,2,0,7,7,4,0,-1,-1,-1
13,8,0,2,0,0,7,1,0,0,0,0
8,0,0,1,1,7,7,1,1,1,1,1
20,4,0,2,1,7,7,1,0,0,0,0
4,0,0,1,1,7,7,1,1,1,1,1
4,0,0,1,1,7,7,1,1,1,1,1
8,8,0,2,1,7,7,0,0,0,0,0
32,0,0,1,1,7,7,1,0,0,0,0
4,4,4,6,1,7,7,0,1,1,1,1
4,4,4,4,1,7,7,0,1,1,1,1
4,4,0,2,1,7,7,0,1,1,1,1
8,8,8,8,1,0,7,1,1,1,1,1
8,8,8,7,1,7,7,0,0,0,0,1
8,8,8,5,1,7,7,4,-1,-1,2,-1
8,8,8,5,1,7,0,1,1,1,1,1
8,8,8,4,1,7,7,0,0,0,0,1
8,8,0,2,1,7,7,4,-1,-1,2,-1
8,8,0,2,1,7,0,0,0,0,0,0
20,4,4,8,1,7,7,0,1,1,1,1
20,4,4,6,1,7,7,0,1,1,1,1
20,4,4,4,1,7,7,2,2,1,-1,-1
20,4,4,3,0,7,7,3,-1,-1,1,1
20,4,0,2,0,7,7,2,1,1,-1,-1
20,0,0,1,0,7,7,1,0,0,0,0
16,0,0,1,1,7,7,1,0,0,0,0
22,6,3,4,1,7,7,2,2,2,-1,-1
22,6,3,3,0,7,7,1,0,0,0,0
6,3,0,2,1,7,7,0,1,1,1,0
41,15,8,3,1,0,7,1,0,0,0,0
15,8,0,2,0,7,7,4,-1,-1,0,-1
15,8,0,2,0,7,0,1,0,0,0,0
8,0,0,1,1,7,7,1,1,1,1,1
6,3,3,3,1,7,7,0,1,1,1,1
6,0,0,1,1,7,7,1,1,1,1,1
2,1,1,3,1,7,7,0,1,1,1,1
1,0,0,1,1,7,7,2,2,2,-1,-1
4,3,3,5,1,7,7,0,1,1,1,1
3,3,3,3,1,7,7,0,1,1,1,1
3,0,0,1,1,7,7,1,1,1,1,1
4,0,0,1,1,7,7,1,1,1,1,1
3,1,0,2,1,7,7,0,1,1,1,1
24,22,6,5,1,0,7,0,1,1,1,1
24,22,6,3,1,7,7,4,-1,-1,0,-1
24,22,6,3,1,7,0,2,1,1,-1,-1
24,22,0,2,0,7,0,0,0,0,0,0
1,1,1,8,1,0,7,0,2,1,2,1
1,1,1,6,1,7,7,0,1,1,1,1
1,1,1,4,1,7,7,0,1,1,1,1
1,1,0,2,1,7,7,0,1,1,1,1
25,1,1,8,1,0,7,0,1,1,1,1
25,1,1,6,1,7,7,2,2,2,-1,-1
25,1,1,5,0,7,7,3,-1,-1,2,2
25,1,1,4,0,7,7,2,2,2,-1,-1
25,1,1,3,0,7,7,3,-1,-1,2,2
25,1,0,2,0,7,7,1,0,0,0,0
1,0,0,1,0,7,7,3,-1,-1,2,2
6,1,1,3,1,7,7,0,1,1,1,2
1,0,0,1,0,7,7,3,-1,-1,1,2
64,0,0,1,1,7,7,1,0,0,0,0
8,0,0,1,1,7,7,1,1,1,1,1
21,5,2,7,1,0,1,0,1,1,1,1
21,5,1,5,1,7,7,2,2,2,-1,-1
21,5,1,4,0,7,7,3,-1,-1,2,2
21,5,1,3,0,7,7,1,0,0,0,0
5,1,0,2,0,7,7,3,-1,-1,2,2
5,0,0,1,1,7,7,1,1,1,1,1
24,24,0,2,1,7,7,0,0,0,0,0
48,0,0,1,1,7,7,1,0,0,0,0
8,4,0,2,1,7,7,0,0,0,0,0
64,0,0,1,1,7,7,1,0,0,0,0
16,0,0,1,1,7,7,1,0,0,0,0
45,13,6,3,1,7,7,1,0,0,0,0
13,6,0,2,0,7,7,4,0,-1,-1,-1
13,6,0,2,0,0,7,1,0,0,0,0
6,0,0,1,1,7,7,1,1,1,1,1
12,0,0,1,1,7,7,1,1,1,1,1
4,4,4,8,1,7,7,0,1,1,1,1
4,4,2,6,1,7,7,0,1,1,1,1
2,2,2,4,1,7,7,0,1,1,1,1
2,2,0,2,1,7,7,0,1,1,1,1
64,0,0,1,1,7,7,1,0,0,0,0
10,2,2,4,1,0,7,2,2,2,-1,-1
10,2,2,3,0,7,7,3,-1,-1,2,1
10,2,0,2,0,7,7,1,1,1,1,2
2,0,0,1,0,7,7,2,2,2,-1,-1
4,2,2,5,1,7,7,0,1,1,1,1
2,2,2,3,1,7,7,0,1,1,1,1
2,0,0,1,1,7,7,2,2,2,-1,-1
28,9,4,7,1,7,7,0,1,1,1,1
28,9,2,5,1,7,7,2,2,2,-1,-1
28,9,1,4,0,7,7,3,-1,-1,2,2
28,9,1,3,0,7,7,2,2,2,-1,-1
28,9,0,2,0,7,7,1,0,0,0,0
9,0,0,1,1,7,7,1,1,0,1,1
16,4,2,5,1,7,7,2,2,1,-1,-1
16,4,1,4,0,7,7,3,-1,-1,1,1
16,1,1,3,0,7,7,2,1,2,-1,-1
16,1,0,2,0,7,7,1,0,0,0,0
1,0,0,1,1,7,7,2,2,2,-1,-1
11,1,1,6,1,7,7,0,1,1,1,1
11,1,1,4,1,7,7,2,2,2,-1,-1
11,1,1,3,0,7,7,3,-1,-1,2,2
11,1,0,2,0,7,7,1,1,1,1,1
1,0,0,1,1,7,7,2,2,2,-1,-1
10,6,0,2,1,0,1,0,0,0,0,0
7,3,2,3,1,7,7,0,1,1,1,1
7,0,0,1,1,7,7,1,1,1,1,1
24,0,0,1,1,7,7,1,0,0,0,0
2,1,1,7,1,7,7,0,1,1,1,1
1,1,1,5,1,7,7,0,1,1,1,1
1,1,1,3,1,7,7,0,1,1,1,1
1,0,0,1,1,7,7,2,2,2,-1,-1
8,8,8,3,1,0,7,1,1,1,1,1
8,8,0,2,1,7,7,0,0,0,0,0
16,4,1,6,1,7,7,0,1,1,1,1
16,1,1,4,1,7,7,2,2,2,-1,-1
16,1,1,3,0,7,7,3,-1,-1,2,2
16,1,0,2,0,7,7,1,0,0,0,0
1,0,0,1,1,7,7,2,2,2,-1,-1
4,2,2,7,1,7,7,0,1,1,1,1
2,1,1,5,1,7,7,0,1,1,1,1
1,1,1,3,1,7,7,0,1,1,1,1
1,0,0,1,1,7,7,2,2,2,-1,-1
2,1,1,3,1,7,7,0,1,1,1,1
1,0,0,1,1,7,7,2,2,2,-1,-1
12,6,3,4,1,7,7,0,1,1,1,0
12,3,0,2,0,7,7,4,0,-1,-1,-1
12,3,0,2,0,0,7,3,-1,-1,1,1
12,0,0,1,0,0,7,1,1,1,1,1
5,3,0,2,1,7,7,0,1,1,1,0
18,2,2,8,1,7,7,0,1,1,1,1
18,2,2,6,1,7,7,2,2,2,-1,-1
18,2,2,5,0,7,7,3,-1,-1,2,2
18,2,2,4,0,7,7,2,2,1,-1,-1
18,2,2,3,0,7,7,3,-1,-1,1,2
18,2,0,2,0,7,7,1,0,0,0,0
2,0,0,1,0,7,7,2,2,2,-1,-1
16,4,4,3,1,7,7,1,0,0,0,0
4,4,0,2,1,7,7,0,1,1,1,1
11,5,0,2,1,7,7,1,1,1,1,1
5,0,0,1,1,7,7,1,1,1,1,1
8,0,0,1,1,0,7,1,1,1,1,1
44,10,10,3,1,0,7,1,0,0,0,0
10,10,0,2,1,7,7,4,0,-1,-1,-1
10,10,0,2,1,0,7,0,0,0,0,0
4,2,1,8,1,7,7,0,1,1,1,1
1,1,1,6,1,7,7,0,1,1,1,1
1,1,1,4,1,7,7,0,1,1,1,1
1,1,0,2,1,7,7,0,1,1,1,1
7,3,1,8,1,7,7,0,1,1,1,1
7,1,1,6,1,7,7,0,1,1,1,1
7,1,1,4,1,7,7,0,1,1,1,1
7,1,0,2,1,7,7,1,1,1,1,1
1,0,0,1,1,7,7,2,2,2,-1,-1
16,0,0,1,1,7,7,1,0,0,0,0
24,0,0,1,1,7,7,1,0,0,0,0
9,3,2,5,1,7,7,2,2,2,-1,-1
9,3,1,4,0,7,7,3,-1,-1,2,1
9,3,1,3,0,7,7,2,1,1,-1,-1
9,1,0,2,0,7,7,3,-1,-1,1,2
9,0,0,1,0,7,7,1,1,0,1,1
6,6,6,8,1,7,7,2,2,2,-1,-1
6,6,6,7,0,7,7,3,-1,-1,2,2
6,6,6,6,0,7,7,2,2,2,-1,-1
6,6,6,5,0,7,7,3,-1,-1,2,2
6,6,6,4,0,7,7,0,1,1,1,1
6,6,0,2,1,7,7,4,-1,-1,0,-1
6,6,0,2,1,7,0,2,1,1,-1,-1
6,0,0,1,0,7,7,3,-1,-1,1,2
32,0,0,1,1,7,7,1,0,0,0,0
6,1,1,3,1,7,7,0,1,1,1,2
1,0,0,1,0,7,7,3,-1,-1,1,2
64,0,0,1,1,7,7,1,0,0,0,0
4,0,0,1,1,0,7,1,2,1,2,1
30,3,3,7,1,7,7,0,1,1,1,1
30,3,3,5,1,7,7,2,2,1,-1,-1
30,3,3,4,0,7,7,3,-1,-1,1,1
30,3,3,3,0,7,7,2,1,1,-1,-1
30,3,0,2,0,7,7,3,-1,-1,1,1
30,0,0,1,0,7,7,1,0,0,0,0
1,1,1,4,1,0,7,0,2,1,2,1
1,1,0,2,1,7,7,0,1,1,1,1
48,4,4,5,1,7,7,2,2,1,-1,-1
48,4,4,4,0,7,7,3,-1,-1,1,1
48,4,4,3,0,7,7,2,1,1,-1,-1
48,4,0,2,0,7,7,3,-1,-1,1,1
48,0,0,1,0,7,7,1,0,0,0,0
64,0,0,1,1,7,7,1,0,0,0,0
39,25,0,2,1,7,7,1,0,0,0,0
25,0,0,1,1,7,7,1,0,0,0,0
32,0,0,1,1,7,7,1,0,0,0,0
48,0,0,1,1,7,7,1,0,0,0,0
5,1,1,8,1,0,7,0,1,1,1,1
5,1,1,6,1,7,7,0,1,1,1,1
5,1,1,4,1,7,7,0,1,1,1,1
5,1,0,2,1,7,7,0,1,1,0,2
12,0,0,1,1,7,7,1,1,1,1,1
38,10,0,2,1,7,7,1,0,0,0,0
10,0,0,1,1,7,7,1,1,0,1,1
32,0,0,1,1,0,7,1,0,0,0,0
16,12,12,5,1,7,7,1,0,0,0,1
12,12,12,4,1,7,7,4,-1,-1,2,-1
12,12,12,4,1,7,0,1,1,1,1,1
12,12,12,3,1,7,7,4,-1,-1,0,-1
12,12,12,3,1,7,0,2,0,0,-1,-1
12,12,0,2,0,7,7,3,-1,-1,0,2
12,0,0,1,0,7,7,1,1,1,1,1
4,1,1,5,1,7,7,0,1,1,1,1
1,1,1,3,1,7,7,0,1,1,1,1
1,0,0,1,1,7,7,2,2,2,-1,-1
6,3,3,7,1,0,7,0,1,1,1,1
6,3,3,5,1,7,7,0,1,1,1,1
6,3,3,3,1,7,7,0,1,1,1,1
6,0,0,1,1,7,7,1,1,1,1,1
49,11,4,3,1,0,7,1,0,0,0,1
11,4,0,2,0,7,7,4,-1,-1,0,-1
11,4,0,2,0,7,0,2,1,1,-1,-1
11,0,0,1,0,7,0,1,1,1,1,1
22,5,2,6,1,7,7,2,2,2,-1,-1
22,5,1,5,0,7,7,3,-1,-1,2,2
22,5,1,4,0,7,7,2,2,2,-1,-1
22,5,1,3,0,7,7,1,0,0,1,0
5,1,0,2,0,7,7,2,2,2,-1,-1
5,0,0,1,1,7,7,1,1,1,1,1
24,0,0,1,1,0,7,1,0,0,0,0
17,17,7,4,1,0,7,0,0,0,0,1
17,17,0,2,1,7,7,4,-1,-1,2,-1
17,17,0,2,1,7,0,0,0,0,0,0
16,0,0,1,1,0,7,1,0,0,0,0
5,3,2,7,1,7,7,0,1,1,1,1
5,2,2,5,1,7,7,0,1,1,1,1
5,1,1,3,1,7,7,2,2,2,-1,-1
5,1,0,2,0,7,7,0,1,1,0,2
8,0,0,1,1,7,7,1,1,1,1,1
3,1,1,6,1,7,7,0,1,1,1,1
1,1,1,4,1,7,7,0,1,1,1,1
1,1,0,2,1,7,7,0,1,1,1,1
3,1,0,2,1,7,7,0,1,1,1,1
26,1,1,7,1,0,7,2,2,2,-1,-1
26,1,1,6,0,7,7,3,-1,-1,2,2
26,1,1,5,0,7,7,2,2,2,-1,-1
26,1,1,4,0,7,7,3,-1,-1,2,2
26,1,1,3,0,7,7,2,2,2,-1,-1
26,1,0,2,0,7,7,1,0,0,1,0
1,0,0,1,0,7,7,3,-1,-1,2,2
33,9,4,4,1,0,7,2,2,1,-1,-1
33,9,2,3,0,7,7,3,-1,-1,1,2
33,9,0,2,0,7,7,1,0,0,0,0
9,0,0,1,0,7,7,1,1,0,1,1
16,15,15,6,1,7,7,0,1,0,1,1
16,15,15,4,0,7,7,4,-1,-1,2,-1
16,15,15,4,0,7,0,1,0,0,0,1
15,15,6,3,1,7,7,4,-1,-1,0,-1
15,15,6,3,1,7,0,2,1,1,-1,-1
15,15,0,2,0,7,0,0,0,0,0,0
4,0,0,1,1,7,7,1,1,1,1,1
5,2,1,7,1,7,7,0,1,1,1,1
5,1,1,5,1,7,7,0,1,1,1,1
5,1,1,3,1,7,7,2,2,2,-1,-1
5,1,0,2,0,7,7,0,1,1,0,2
3,1,0,2,1,7,7,0,1,1,1,1
24,0,0,1,1,7,7,1,0,0,0,0
18,10,7,6,1,7,7,2,1,1,-1,-1
18,10,7,5,0,7,7,3,-1,-1,1,1
18,10,7,4,1,7,7,2,2,1,-1,-1
18,10,7,3,0,7,7,3,-1,-1,0,0
18,10,0,2,0,7,7,4,0,-1,-1,-1
18,10,0,2,0,0,7,1,0,0,0,0
10,0,0,1,0,7,7,1,1,0,1,1
3,3,3,8,1,7,7,0,1,1,1,1
3,3,1,6,1,7,7,0,1,1,1,1
1,1,1,4,1,7,7,0,1,1,1,1
1,1,0,2,1,7,7,0,1,1,1,1
64,0,0,1,1,7,7,1,0,0,0,0
48,10,4,4,1,7,7,2,2,1,-1,-1
48,10,2,3,0,7,7,3,-1,-1,1,2
48,10,0,2,0,7,7,1,0,0,0,0
10,0,0,1,1,7,7,1,1,0,1,1
2,2,2,6,1,7,7,0,1,1,1,1
2,2,2,4,1,7,7,0,1,1,1,1
2,2,0,2,1,7,7,0,1,1,1,1
14,4,2,7,1,7,7,0,1,1,1,1
14,1,1,5,1,7,7,2,2,2,-1,-1
14,1,1,4,0,7,7,3,-1,-1,2,2
14,1,1,3,0,7,7,2,2,1,-1,-1
14,1,0,2,0,7,7,1,0,0,1,0
1,0,0,1,0,7,7,3,-1,-1,2,2
16,15,15,6,1,7,7,0,1,0,1,1
16,15,15,4,0,7,7,4,-1,-1,2,-1
16,15,15,4,0,7,0,1,0,0,0,1
15,15,6,3,1,7,7,4,-1,-1,0,-1
15,15,6,3,1,7,0,2,1,1,-1,-1
15,15,0,2,0,7,0,0,0,0,0,0
8,1,1,5,1,0,7,0,1,1,1,1
8,1,1,3,1,7,7,2,2,2,-1,-1
8,1,0,2,0,7,7,1,1,1,1,1
1,0,0,1,1,7,7,2,2,2,-1,-1
4,4,2,4,1,0,1,0,1,1,2,2
4,2,0,2,0,7,7,3,-1,-1,1,1
2,0,0,1,0,7,7,2,1,2,-1,-1
24,0,0,1,1,7,7,1,0,0,0,0
8,6,6,5,1,7,7,0,1,1,1,1
8,6,6,3,1,7,7,4,-1,-1,2,-1
8,6,6,3,1,7,0,2,1,1,-1,-1
8,6,0,2,0,7,0,3,-1,-1,1,0
8,0,0,1,1,7,7,1,1,1,1,1
19,5,0,2,1,7,7,1,0,0,0,0
5,0,0,1,1,7,7,1,1,1,1,1
6,1,1,7,1,7,7,0,1,1,1,1
6,1,1,5,1,7,7,0,1,1,1,1
6,1,1,3,1,7,7,2,2,2,-1,-1
6,1,0,2,0,7,7,0,1,1,0,2
18,14,0,2,1,0,1,0,0,0,0,0
6,2,2,6,1,7,7,0,1,1,1,1
6,2,2,4,1,7,7,2,2,2,-1,-1
6,2,2,3,0,7,7,3,-1,-1,2,2
6,2,0,2,0,7,7,2,2,2,-1,-1
6,0,0,1,0,7,7,1,1,1,1,1
4,1,1,5,1,0,7,0,1,1,2,2
1,1,1,3,0,7,7,3,-1,-1,1,2
1,1,0,2,0,7,7,0,1,1,1,1
2,1,1,3,1,7,7,0,1,1,1,1
1,0,0,1,1,7,7,2,2,2,-1,-1
1,1,1,4,1,7,7,0,1,1,1,1
1,1,0,2,1,7,7,0,1,1,1,1
24,24,0,2,1,0,1,0,0,0,0,0
2,2,2,8,1,7,7,0,1,1,1,1
2,2,2,6,1,7,7,0,1,1,1,1
2,2,2,4,1,7,7,0,1,1,1,1
2,2,0,2,1,7,7,0,1,1,1,1
48,0,0,1,1,7,7,1,0,0,0,0
16,0,0,1,1,7,7,1,0,0,0,0
2,1,1,7,1,7,7,0,1,1,1,1
1,1,1,5,1,7,7,0,1,1,1,1
1,1,1,3,1,7,7,0,1,1,1,1
1,0,0,1,1,7,7,2,2,2,-1,-1
16,0,0,1,1,7,7,1,0,0,0,0
17,4,2,4,1,0,7,2,2,1,-1,-1
17,2,1,3,0,7,7,3,-1,-1,1,2
17,1,0,2,0,7,7,1,0,0,0,0
1,0,0,1,0,7,7,2,2,2,-1,-1
12,0,0,1,1,7,7,1,1,1,1,1
64,0,0,1,1,7,7,1,0,0,0,0
9,2,1,7,1,0,1,0,2,1,2,1
9,1,1,5,1,7,7,2,2,2,-1,-1
9,1,1,4,0,7,7,3,-1,-1,2,2
9,1,1,3,0,7,7,2,2,2,-1,-1
9,1,0,2,0,7,7,1,1,1,1,2
1,0,0,1,0,7,7,2,2,2,-1,-1
44,10,4,8,1,7,7,2,2,2,-1,-1
44,10,4,7,0,7,7,3,-1,-1,2,2
44,10,4,6,0,7,7,2,2,2,-1,-1
44,10,4,5,0,7,7,3,-1,-1,2,1
44,10,4,4,0,7,7,2,1,1,-1,-1
44,10,1,3,0,7,7,3,-1,-1,1,2
44,10,0,2,0,7,7,1,0,0,0,0
10,0,0,1,1,7,7,1,1,0,1,1
23,10,6,5,1,7,7,0,1,1,1,1
23,10,4,3,1,7,7,4,-1,-1,0,-1
23,10,4,3,1,7,0,2,1,1,-1,-1
23,10,0,2,0,7,0,1,0,0,0,0
10,0,0,1,1,7,7,1,1,0,1,1
17,7,0,2,1,7,7,1,0,0,0,0
7,0,0,1,0,7,7,1,1,1,1,1
16,16,0,2,1,7,7,0,0,0,0,0
27,7,7,4,1,7,7,1,0,1,0,1
7,7,7,3,1,7,7,4,0,-1,-1,-1
7,7,7,3,1,0,7,4,-1,-1,0,-1
7,7,7,3,1,0,0,1,1,1,1,0
7,7,0,2,0,7,7,2,0,0,-1,-1
7,0,0,1,0,7,7,3,-1,-1,0,0
6,2,2,4,1,7,7,2,2,2,-1,-1
6,2,2,3,0,7,7,3,-1,-1,2,2
6,2,0,2,0,7,7,2,2,2,-1,-1
6,0,0,1,0,7,7,1,1,1,1,1
25,7,0,2,1,7,7,1,0,0,0,0
7,0,0,1,0,7,7,1,1,1,1,1
1,1,1,4,1,0,7,0,2,1,2,1
1,1,0,2,1,7,7,0,1,1,1,1
1,1,1,4,1,0,7,0,2,1,2,1
1,1,0,2,1,7,7,0,1,1,1,1
14,9,6,8,1,7,7,0,1,1,1,1
14,9,5,6,0,7,7,3,-1,-1,1,1
14,9,5,5,0,7,7,2,1,2,-1,-1
14,9,5,4,0,7,7,3,-1,-1,1,1
14,9,5,3,0,7,7,4,0,-1,-1,-1
14,9,5,3,0,0,7,1,0,0,0,1
9,5,0,2,1,7,7,4,-1,-1,2,-1
9,5,0,2,1,7,0,0,0,0,0,0
10,8,2,5,1,0,1,2,2,2,-1,-1
10,8,2,4,0,7,1,3,-1,-1,2,1
10,8,2,3,0,7,7,1,1,0,1,1
8,2,0,2,0,7,7,2,2,2,-1,-1
8,0,0,1,0,7,7,1,1,1,1,1
12,0,0,1,1,0,7,1,1,1,1,1
12,1,1,5,1,0,7,2,2,2,-1,-1
12,1,1,4,0,7,7,3,-1,-1,2,2
12,1,1,3,0,7,7,2,2,2,-1,-1
12,1,0,2,0,7,7,1,1,1,1,1
1,0,0,1,1,7,7,2,2,2,-1,-1
3,1,0,2,1,7,7,0,1,1,1,1
4,2,2,6,1,7,7,0,1,1,1,1
2,2,1,4,1,7,7,0,1,1,1,1
1,1,0,2,1,7,7,0,1,1,1,1
24,5,2,4,1,7,7,2,2,2,-1,-1
24,5,1,3,0,7,7,1,0,1,0,1
5,1,0,2,1,7,7,4,0,-1,-1,-1
5,1,0,2,1,0,7,4,-1,-1,0,-1
5,1,0,2,1,0,0,1,1,1,2,2
1,0,0,1,0,7,7,3,-1,-1,1,2
8,1,1,5,1,7,7,0,1,1,1,1
8,1,1,3,1,7,7,2,2,2,-1,-1
8,1,0,2,0,7,7,1,1,1,1,1
1,0,0,1,1,7,7,2,2,2,-1,-1
24,0,0,1,1,0,7,1,0,0,0,0
21,11,0,2,1,7,7,1,0,0,0,0
11,0,0,1,0,7,7,1,1,1,1,1
48,0,0,1,1,0,7,1,0,0,0,0
22,7,3,3,1,7,7,1,0,0,0,0
7,3,0,2,1,7,7,4,2,-1,-1,-1
7,3,0,2,1,0,7,0,0,0,0,0
3,1,1,6,1,0,1,0,2,1,2,1
3,1,1,4,1,7,7,0,1,1,1,1
1,1,0,2,1,7,7,0,1,1,1,1
22,5,2,6,1,7,7,2,2,2,-1,-1
22,5,1,5,0,7,7,3,-1,-1,2,2
22,5,1,4,0,7,7,2,2,2,-1,-1
22,5,1,3,0,7,7,1,0,0,1,0
5,1,0,2,0,7,7,2,2,2,-1,-1
5,0,0,1,1,7,7,1,1,1,1,1
36,4,4,8,1,7,7,0,1,1,1,1
36,4,4,6,1,7,7,2,1,1,-1,-1
36,4,4,5,0,7,7,3,-1,-1,1,0
36,4,4,4,0,7,7,2,1,1,-1,-1
36,4,4,3,0,7,7,3,-1,-1,1,1
36,4,0,2,0,7,7,2,1,1,-1,-1
36,0,0,1,0,7,7,1,0,0,0,0
8,4,3,7,1,7,7,0,1,1,1,1
8,3,2,5,1,7,7,0,1,1,1,1
8,2,2,3,1,7,7,2,2,2,-1,-1
8,2,0,2,0,7,7,1,1,1,1,1
2,0,0,1,1,7,7,2,2,2,-1,-1
44,10,10,3,1,7,7,1,0,0,0,0
10,10,0,2,1,7,7,4,0,-1,-1,-1
10,10,0,2,1,0,7,0,0,0,0,0
12,0,0,1,1,7,7,1,1,1,1,1
1,1,1,8,1,0,7,0,2,1,2,1
1,1,1,6,1,7,7,0,1,1,1,1
1,1,1,4,1,7,7,0,1,1,1,1
1,1,0,2,1,7,7,0,1,1,1,1
6,3,3,7,1,7,7,0,1,1,1,1
6,3,3,5,1,7,7,0,1,1,1,1
6,3,3,3,1,7,7,0,1,1,1,1
6,0,0,1,1,7,7,1,1,1,1,1
33,15,0,2,1,0,7,1,0,0,0,0
15,0,0,1,0,7,7,1,0,0,0,0
2,2,1,7,1,7,7,0,1,1,1,1
1,1,1,5,1,7,7,0,1,1,1,1
1,1,1,3,1,7,7,0,1,1,1,1
1,0,0,1,1,7,7,2,2,2,-1,-1
19,8,5,3,1,7,7,1,0,0,0,1
8,5,0,2,1,7,7,4,-1,-1,2,-1
8,5,0,2,1,7,0,0,0,0,0,0
12,2,2,3,1,0,1,0,2,1,2,1
12,0,0,1,1,7,7,1,1,1,1,1
32,0,0,1,1,7,7,1,0,0,0,0
38,10,0,2,1,7,7,1,0,0,0,0
10,0,0,1,1,7,7,1,1,0,1,1
9,7,7,6,1,0,7,2,1,1,-1,-1
9,7,7,5,0,7,7,3,-1,-1,1,1
9,7,7,4,1,7,7,1,1,0,1,1
7,7,3,3,0,7,7,4,-1,-1,0,-1
7,7,3,3,0,7,0,2,1,1,-1,-1
7,7,0,2,0,7,0,0,0,0,0,0
30,3,3,7,1,7,7,0,1,1,1,1
30,3,3,5,1,7,7,2,2,1,-1,-1
30,3,3,4,0,7,7,3,-1,-1,1,1
30,3,3,3,0,7,7,2,1,1,-1,-1
30,3,0,2,0,7,7,3,-1,-1,1,1
30,0,0,1,0,7,7,1,0,0,0,0
16,0,0,1,1,7,7,1,0,0,0,0
12,2,2,7,1,7,7,0,1,1,1,1
12,2,2,5,1,7,7,2,2,2,-1,-1
12,2,2,4,0,7,7,3,-1,-1,2,1
12,2,2,3,0,7,7,2,1,1,-1,-1
12,2,0,2,0,7,7,3,-1,-1,1,2
12,0,0,1,0,7,7,1,1,1,1,1
2,1,1,7,1,7,7,0,1,1,1,1
1,1,1,5,1,7,7,0,1,1,1,1
1,1,1,3,1,7,7,0,1,1,1,1
1,0,0,1,1,7,7,2,2,2,-1,-1
7,3,2,6,1,7,7,0,1,1,1,1
7,2,1,4,1,7,7,2,2,2,-1,-1
7,1,1,3,0,7,7,3,-1,-1,2,2
7,1,0,2,0,7,7,2,2,2,-1,-1
7,0,0,1,0,7,7,1,1,1,1,1
17,15,0,2,1,0,7,0,0,0,0,0
12,0,0,1,1,0,7,1,1,1,1,1
44,5,5,5,1,0,1,0,1,1,1,1
44,5,5,3,1,7,7,4,-1,-1,0,-1
44,5,5,3,1,7,0,2,1,1,-1,-1
44,5,0,2,0,7,0,3,-1,-1,1,2
44,0,0,1,0,7,7,1,0,0,0,0
17,1,1,8,1,0,7,0,1,1,1,1
17,1,1,6,1,7,7,2,2,2,-1,-1
17,1,1,5,0,7,7,3,-1,-1,2,2
17,1,1,4,0,7,7,2,2,1,-1,-1
17,1,1,3,0,7,7,3,-1,-1,1,2
17,1,0,2,0,7,7,1,0,0,0,0
1,0,0,1,0,7,7,2,2,2,-1,-1
8,0,0,1,1,7,7,1,1,1,1,1
5,1,1,8,1,7,7,0,1,1,1,1
5,1,1,6,1,7,7,0,1,1,1,1
5,1,1,4,1,7,7,0,1,1,1,1
5,1,0,2,1,7,7,0,1,1,0,2
8,2,2,3,1,7,7,0,1,1,1,1
8,0,0,1,1,7,7,1,1,1,1,1
19,4,1,3,1,7,7,1,0,0,0,0
4,1,0,2,1,7,7,0,1,1,1,1
18,1,1,7,1,7,7,0,1,1,1,1
18,1,1,5,1,7,7,2,2,2,-1,-1
18,1,1,4,0,7,7,3,-1,-1,2,2
18,1,1,3,0,7,7,2,2,2,-1,-1
18,1,0,2,0,7,7,1,0,0,0,0
1,0,0,1,0,7,7,2,2,2,-1,-1
21,12,9,7,1,7,7,2,1,1,-1,-1
21,12,9,6,0,7,7,3,-1,-1,1,1
21,12,9,5,0,7,7,2,1,1,-1,-1
21,12,9,4,0,7,7,3,-1,-1,0,0
21,12,9,3,0,7,7,4,0,-1,-1,-1
21,12,9,3,0,0,7,1,0,0,0,0
12,9,0,2,0,7,7,0,0,0,0,0
33,9,4,4,1,7,7,2,2,1,-1,-1
33,9,2,3,0,7,7,3,-1,-1,1,2
33,9,0,2,0,7,7,1,0,0,0,0
9,0,0,1,0,7,7,1,1,0,1,1
16,6,4,6,1,0,7,2,2,2,-1,-1
16,6,4,5,0,7,7,3,-1,-1,2,2
16,6,4,4,0,7,7,2,2,1,-1,-1
16,6,3,3,0,7,7,3,-1,-1,1,1
16,3,0,2,0,7,7,2,1,1,-1,-1
16,0,0,1,0,7,7,1,0,0,0,0
3,3,3,4,1,7,7,0,1,1,1,1
3,3,0,2,1,7,7,0,1,1,1,1
31,8,3,8,1,0,1,0,1,1,1,1
31,8,1,6,1,7,7,2,2,2,-1,-1
31,8,1,5,0,7,7,3,-1,-1,2,2
31,8,1,4,0,7,7,2,2,2,-1,-1
31,8,1,3,0,7,7,1,0,0,0,0
8,1,0,2,1,7,7,4,0,-1,-1,-1
8,1,0,2,1,0,7,1,1,1,1,1
1,0,0,1,1,7,7,2,2,2,-1,-1
20,2,2,7,1,7,7,0,1,1,1,1
20,2,2,5,1,7,7,2,2,2,-1,-1
20,2,2,4,0,7,7,3,-1,-1,2,2
20,2,2,3,0,7,7,2,2,2,-1,-1
20,2,0,2,0,7,7,1,0,0,0,0
2,0,0,1,1,7,7,2,2,2,-1,-1
2,1,1,3,1,7,7,0,1,1,1,1
1,0,0,1,1,7,7,2,2,2,-1,-1
4,2,1,8,1,7,7,0,1,1,1,1
1,1,1,6,1,7,7,0,1,1,1,1
1,1,1,4,1,7,7,0,1,1,1,1
1,1,0,2,1,7,7,0,1,1,1,1
4,2,1,8,1,0,7,0,1,1,2,2
1,1,1,6,0,7,7,3,-1,-1,1,2
1,1,1,5,0,7,7,0,1,1,1,1
1,1,1,3,1,7,7,0,1,1,1,1
1,0,0,1,1,7,7,2,2,2,-1,-1
16,8,8,3,1,7,7,1,0,0,0,1
8,8,0,2,1,7,7,4,-1,-1,2,-1
8,8,0,2,1,7,0,0,0,0,0,0
5,3,0,2,1,7,7,0,1,1,1,0
16,0,0,1,1,7,7,1,0,0,0,0
30,9,9,3,1,7,7,1,0,0,0,0
9,9,0,2,0,7,7,4,0,-1,-1,-1
9,9,0,2,0,0,7,0,0,0,0,0
4,4,0,2,1,7,7,0,1,1,1,1
1,1,1,8,1,7,7,0,1,1,1,1
1,1,1,6,1,7,7,0,1,1,1,1
1,1,1,4,1,7,7,0,1,1,1,1
1,1,0,2,1,7,7,0,1,1,1,1
18,9,6,7,1,7,7,0,1,1,1,1
18,9,4,5,1,7,7,4,0,-1,-1,-1
18,9,4,5,1,0,7,4,-1,-1,0,-1
18,9,4,5,1,0,0,2,1,2,-1,-1
18,9,3,4,0,7,0,3,-1,-1,1,1
18,9,3,3,0,7,7,4,0,-1,-1,-1
18,9,3,3,0,0,7,1,0,0,0,1
9,3,0,2,0,7,7,4,-1,-1,0,-1
9,3,0,2,0,7,0,2,1,1,-1,-1
9,0,0,1,0,7,0,1,1,0,1,1
7,5,0,2,1,7,7,0,0,0,0,0
4,4,4,6,1,7,7,0,1,1,1,1
4,4,4,4,1,7,7,0,1,1,1,1
4,4,0,2,1,7,7,0,1,1,1,1
64,0,0,1,1,7,7,1,0,0,0,0
6,3,2,8,1,7,7,0,1,1,1,1
6,1,1,6,1,7,7,0,1,1,1,1
6,1,1,4,1,7,7,0,1,1,1,1
6,1,0,2,1,7,7,0,1,1,0,2
2,2,2,4,1,7,7,0,1,1,1,1
2,2,0,2,1,7,7,0,1,1,1,1
22,5,5,3,1,0,7,1,0,0,0,0
5,5,0,2,1,7,7,4,2,-1,-1,-1
5,5,0,2,1,0,7,0,1,1,1,1
8,8,8,8,1,7,7,2,1,1,-1,-1
8,8,8,7,0,7,7,3,-1,-1,1,1
8,8,8,6,1,7,7,2,1,1,-1,-1
8,8,8,5,0,7,7,3,-1,-1,1,1
8,8,8,4,1,7,7,0,0,0,0,1
8,8,0,2,1,7,7,4,-1,-1,2,-1
8,8,0,2,1,7,0,0,0,0,0,0
16,0,0,1,1,7,7,1,0,0,0,0
6,1,1,3,1,7,7,0,1,1,1,2
1,0,0,1,0,7,7,3,-1,-1,1,2
10,8,2,5,1,7,7,2,2,2,-1,-1
10,8,2,4,0,7,7,3,-1,-1,2,1
10,8,2,3,0,7,7,1,1,0,1,1
8,2,0,2,0,7,7,2,2,2,-1,-1
8,0,0,1,0,7,7,1,1,1,1,1
22,5,5,3,1,7,7,1,0,0,0,0
5,5,0,2,1,7,7,4,2,-1,-1,-1
5,5,0,2,1,0,7,0,1,1,1,1
12,0,0,1,1,7,7,1,1,1,1,1
4,1,1,5,1,0,7,0,1,1,2,2
1,1,1,3,0,7,7,3,-1,-1,1,2
1,1,0,2,0,7,7,0,1,1,1,1
4,2,1,4,1,7,7,0,1,1,1,1
1,1,0,2,1,7,7,0,1,1,1,1
8,8,8,6,1,7,7,0,0,0,0,1
8,8,8,4,1,7,7,4,-1,-1,2,-1
8,8,8,4,1,7,0,1,1,1,1,1
8,8,8,3,1,7,7,1,1,1,1,1
8,8,0,2,1,7,7,0,0,0,0,0
34,14,0,2,1,7,7,1,0,0,0,0
14,0,0,1,0,7,7,1,0,0,0,0
24,0,0,1,1,7,7,1,0,0,0,0
12,3,3,5,1,7,7,0,1,1,1,1
12,3,3,3,1,7,7,1,1,1,1,1
3,3,0,2,1,7,7,0,1,1,1,1
20,5,2,8,1,0,1,0,1,1,1,1
20,5,1,6,1,7,7,2,2,2,-1,-1
20,5,1,5,0,7,7,3,-1,-1,2,2
20,5,1,4,0,7,7,2,2,2,-1,-1
20,5,1,3,0,7,7,1,0,0,0,0
5,1,0,2,1,7,7,0,1,1,0,2
8,0,0,1,1,0,7,1,1,1,1,1
32,0,0,1,1,7,7,1,0,0,0,0
3,1,1,6,1,0,7,0,1,1,2,2
1,1,1,4,0,7,7,3,-1,-1,1,2
1,1,1,3,0,7,7,0,1,1,1,1
1,0,0,1,1,7,7,2,2,2,-1,-1
9,1,1,4,1,7,7,2,2,2,-1,-1
9,1,1,3,0,7,7,3,-1,-1,2,1
9,1,0,2,0,7,7,1,1,1,1,2
1,0,0,1,0,7,7,2,2,2,-1,-1
4,4,4,7,1,7,7,0,1,1,1,1
4,1,1,5,1,7,7,0,1,1,1,1
1,1,1,3,1,7,7,0,1,1,1,1
1,0,0,1,1,7,7,2,2,2,-1,-1
12,12,0,2,1,0,7,0,0,0,0,0
12,6,6,7,1,7,7,0,1,1,1,1
12,6,6,5,1,7,7,4,-1,-1,0,-1
12,6,6,5,1,7,0,2,1,1,-1,-1
12,6,6,4,0,7,0,3,-1,-1,1,2
12,6,6,3,0,7,7,4,2,-1,-1,-1
12,6,6,3,0,0,7,1,1,1,1,1
6,6,0,2,1,7,7,4,-1,-1,2,-1
6,6,0,2,1,7,0,2,1,1,-1,-1
6,0,0,1,0,7,7,3,-1,-1,1,0
4,2,2,7,1,0,7,0,1,1,2,2
2,2,2,5,0,7,7,3,-1,-1,1,2
2,2,2,4,0,7,7,0,1,1,1,1
2,2,0,2,1,7,7,0,1,1,1,1
22,21,21,3,1,7,7,1,0,0,0,0
21,21,0,2,1,7,7,4,2,-1,-1,-1
21,21,0,2,1,0,7,0,0,0,0,0
10,2,2,4,1,7,7,2,2,2,-1,-1
10,2,2,3,0,7,7,3,-1,-1,2,1
10,2,0,2,0,7,7,1,1,1,1,2
2,0,0,1,0,7,7,2,2,2,-1,-1
1,1,1,4,1,7,7,0,1,1,1,1
1,1,0,2,1,7,7,0,1,1,1,1
12,0,0,1,1,7,7,1,1,1,1,1
7,3,2,7,1,0,7,0,1,1,1,1
7,1,1,5,1,7,7,0,1,1,1,1
7,1,1,3,1,7,7,2,2,2,-1,-1
7,1,0,2,0,7,7,1,1,1,1,1
1,0,0,1,1,7,7,2,2,2,-1,-1
2,1,1,3,1,0,7,0,2,1,2,1
1,0,0,1,1,7,7,2,2,2,-1,-1
5,3,2,7,1,7,7,0,1,1,1,1
5,2,2,5,1,7,7,0,1,1,1,1
5,1,1,3,1,7,7,2,2,2,-1,-1
5,1,0,2,0,7,7,0,1,1,0,2
25,13,13,4,1,7,7,1,0,1,0,0
13,13,13,3,0,7,7,4,0,-1,-1,-1
13,13,13,3,0,0,7,4,-1,-1,0,-1
13,13,13,3,0,0,0,1,0,0,0,1
13,13,0,2,1,7,7,4,-1,-1,2,-1
13,13,0,2,1,7,0,0,0,0,0,0
2,1,1,3,1,0,7,0,2,1,2,1
1,0,0,1,1,7,7,2,2,2,-1,-1
2,1,1,3,1,7,7,0,1,1,1,1
1,0,0,1,1,7,7,2,2,2,-1,-1
5,2,2,6,1,7,7,0,1,1,1,1
5,1,1,4,1,7,7,2,2,2,-1,-1
5,1,1,3,0,7,7,3,-1,-1,2,2
5,1,0,2,0,7,7,2,2,2,-1,-1
5,0,0,1,0,7,7,1,1,1,1,1
38,7,3,3,1,7,7,1,0,0,0,0
7,3,0,2,1,7,7,4,0,-1,-1,-1
7,3,0,2,1,0,7,0,0,0,0,0
2,1,1,3,1,7,7,0,1,1,1,1
1,0,0,1,1,7,7,2,2,2,-1,-1
34,14,0,2,1,0,7,1,0,0,0,0
14,0,0,1,0,7,7,1,0,0,0,0
4,0,0,1,1,7,7,1,1,1,1,1
49,5,5,4,1,7,7,1,0,0,0,1
5,5,5,3,0,7,7,4,0,-1,-1,-1
5,5,5,3,0,0,7,4,-1,-1,0,-1
5,5,5,3,0,0,0,1,2,2,1,1
5,5,0,2,0,7,7,2,1,1,-1,-1
5,0,0,1,0,7,7,3,-1,-1,1,1
43,7,7,4,1,7,7,1,0,0,0,0
7,7,7,3,1,7,7,4,0,-1,-1,-1
7,7,7,3,1,0,7,4,-1,-1,0,-1
7,7,7,3,1,0,0,1,1,1,1,0
7,7,0,2,0,7,7,2,0,0,-1,-1
7,0,0,1,0,7,7,3,-1,-1,0,0
17,17,7,4,1,7,7,0,0,0,0,1
17,17,0,2,1,7,7,4,-1,-1,2,-1
17,17,0,2,1,7,0,0,0,0,0,0
18,6,0,2,1,7,7,1,0,0,0,0
6,0,0,1,0,7,7,1,1,1,1,1
6,6,6,8,1,7,7,0,1,1,1,1
6,6,6,6,1,7,7,4,-1,-1,0,-1
6,6,6,6,1,7,0,2,1,1,-1,-1
6,6,6,5,0,7,7,3,-1,-1,1,1
6,6,6,4,1,7,7,4,-1,-1,0,-1
6,6,6,4,1,7,0,2,1,1,-1,-1
6,6,6,3,0,7,7,3,-1,-1,1,2
6,6,0,2,0,7,7,4,2,-1,-1,-1
6,6,0,2,0,0,7,0,1,1,1,1
8,0,0,1,1,7,7,1,1,1,1,1
8,1,1,5,1,7,7,0,1,1,1,1
8,1,1,3,1,7,7,2,2,2,-1,-1
8,1,0,2,0,7,7,1,1,1,1,1
1,0,0,1,1,7,7,2,2,2,-1,-1
4,4,0,2,1,7,7,0,1,1,1,1
12,11,3,5,1,7,7,2,2,1,-1,-1
12,11,3,4,0,7,7,3,-1,-1,1,2
12,11,3,3,0,7,7,2,1,1,-1,-1
12,11,0,2,0,7,7,0,0,0,0,0
12,6,6,3,1,7,7,1,1,0,1,1
6,6,0,2,0,7,7,4,-1,-1,2,-1
6,6,0,2,0,7,0,0,1,1,1,1
64,0,0,1,1,7,7,1,0,0,0,0
64,0,0,1,1,0,7,1,0,0,0,0
1,1,1,4,1,7,7,0,1,1,1,1
1,1,0,2,1,7,7,0,1,1,1,1
4,3,3,5,1,7,7,0,1,1,1,1
3,3,3,3,1,7,7,0,1,1,1,1
3,0,0,1,1,7,7,1,1,1,1,1
31,11,11,4,1,7,7,1,0,0,0,0
11,11,11,3,1,7,7,4,0,-1,-1,-1
11,11,11,3,1,0,7,4,-1,-1,0,-1
11,11,11,3,1,0,0,1,1,1,1,1
11,11,0,2,1,7,7,4,-1,-1,0,-1
11,11,0,2,1,7,0,2,0,0,-1,-1
11,0,0,1,0,7,7,3,-1,-1,0,2
4,2,1,4,1,7,7,0,1,1,1,1
1,1,0,2,1,7,7,0,1,1,1,1
64,0,0,1,1,7,7,1,0,0,0,0
12,0,0,1,1,7,7,1,1,1,1,1
3,1,1,6,1,7,7,0,1,1,1,1
1,1,1,4,1,7,7,0,1,1,1,1
1,1,0,2,1,7,7,0,1,1,1,1
1,1,1,8,1,0,1,0,2,1,2,1
1,1,1,6,1,7,7,0,1,1,1,1
1,1,1,4,1,7,7,0,1,1,1,1
1,1,0,2,1,7,7,0,1,1,1,1
28,8,4,8,1,7,7,0,1,1,1,1
28,8,2,6,1,7,7,2,2,2,-1,-1
28,8,1,5,0,7,7,3,-1,-1,2,2
28,8,1,4,0,7,7,2,2,2,-1,-1
28,8,1,3,0,7,7,1,0,0,0,0
8,1,0,2,1,7,7,4,2,-1,-1,-1
8,1,0,2,1,0,7,1,1,1,1,1
1,0,0,1,1,7,7,2,2,2,-1,-1
16,0,0,1,1,0,7,1,0,0,0,0
16,12,12,5,1,7,7,1,0,0,0,1
12,12,12,4,1,7,7,4,-1,-1,2,-1
12,12,12,4,1,7,0,1,1,1,1,1
12,12,12,3,1,7,7,4,-1,-1,0,-1
12,12,12,3,1,7,0,2,0,0,-1,-1
12,12,0,2,0,7,7,3,-1,-1,0,2
12,0,0,1,0,7,7,1,1,1,1,1
3,1,0,2,1,0,1,0,1,1,1,1
5,2,1,3,1,7,7,0,1,1,1,2
1,0,0,1,0,7,7,3,-1,-1,1,2
9,7,7,6,1,0,7,2,1,1,-1,-1
9,7,7,5,0,7,7,3,-1,-1,1,1
9,7,7,4,1,7,7,1,1,0,1,1
7,7,3,3,0,7,7,4,-1,-1,0,-1
7,7,3,3,0,7,0,2,1,1,-1,-1
7,7,0,2,0,7,0,0,0,0,0,0
9,2,1,7,1,0,7,0,1,1,1,1
9,1,1,5,1,7,7,2,2,2,-1,-1
9,1,1,4,0,7,7,3,-1,-1,2,2
9,1,1,3,0,7,7,2,2,1,-1,-1
9,1,0,2,0,7,7,1,1,1,1,2
1,0,0,1,0,7,7,2,2,2,-1,-1
16,16,0,2,1,7,7,0,0,0,0,0
23,6,3,3,1,7,7,1,0,0,0,0
6,3,0,2,1,7,7,4,2,-1,-1,-1
6,3,0,2,1,0,7,0,1,1,1,0
2,2,2,6,1,0,7,0,2,1,2,1
2,2,2,4,1,7,7,0,1,1,1,1
2,2,0,2,1,7,7,0,1,1,1,1
8,0,0,1,1,7,7,1,1,1,1,1
13,6,4,7,1,7,7,0,1,1,1,1
13,6,2,5,1,7,7,2,2,2,-1,-1
13,6,2,4,0,7,7,3,-1,-1,2,2
13,6,2,3,0,7,7,2,2,2,-1,-1
13,6,0,2,0,7,7,1,0,0,0,0
6,0,0,1,1,7,7,1,1,1,1,1
23,9,0,2,1,0,1,1,0,0,0,0
9,0,0,1,1,7,7,1,1,0,1,1
2,1,1,3,1,0,7,0,2,1,2,1
1,0,0,1,1,7,7,2,2,2,-1,-1
16,0,0,1,1,7,7,1,0,0,0,0
23,5,5,6,1,0,7,0,1,1,1,1
23,5,5,4,1,7,7,4,-1,-1,0,-1
23,5,5,4,1,7,0,2,1,1,-1,-1
23,5,5,3,0,7,0,3,-1,-1,1,2
23,5,0,2,0,7,7,4,2,-1,-1,-1
23,5,0,2,0,0,7,1,0,0,0,0
5,0,0,1,1,7,7,1,1,1,1,1
48,0,0,1,1,7,7,1,0,0,0,0
6,6,2,4,1,7,7,0,1,1,1,1
6,6,0,2,1,7,7,0,1,1,1,1
4,4,4,6,1,7,7,0,1,1,1,1
4,4,4,4,1,7,7,0,1,1,1,1
4,4,0,2,1,7,7,0,1,1,1,1
2,1,1,3,1,7,7,0,1,1,1,1
1,0,0,1,1,7,7,2,2,2,-1,-1
43,14,7,3,1,7,7,1,0,0,0,0
14,7,0,2,1,7,7,4,0,-1,-1,-1
14,7,0,2,1,0,7,1,0,0,0,0
7,0,0,1,1,7,7,1,1,1,1,1
16,0,0,1,1,7,7,1,0,0,0,0
2,1,1,7,1,0,7,0,2,1,2,1
1,1,1,5,1,7,7,0,1,1,1,1
1,1,1,3,1,7,7,0,1,1,1,1
1,0,0,1,1,7,7,2,2,2,-1,-1
48,0,0,1,1,7,7,1,0,0,0,0
48,0,0,1,1,7,7,1,0,0,0,0
64,0,0,1,1,7,7,1,0,0,0,0
31,19,14,3,1,7,7,1,0,0,0,0
19,14,0,2,1,7,7,4,0,-1,-1,-1
19,14,0,2,1,0,7,1,0,0,0,0
14,0,0,1,1,7,7,1,0,0,0,0
10,1,1,3,1,7,7,1,1,1,1,2
1,1,0,2,0,7,7,2,2,2,-1,-1
1,0,0,1,0,7,7,3,-1,-1,2,2
3,3,3,4,1,7,7,0,1,1,1,1
3,3,0,2,1,7,7,0,1,1,1,1
6,2,1,6,1,7,7,0,1,1,1,1
6,1,1,4,1,7,7,2,2,2,-1,-1
6,1,1,3,0,7,7,3,-1,-1,2,2
6,1,0,2,0,7,7,2,2,2,-1,-1
6,0,0,1,0,7,7,1,1,1,1,1
16,7,4,5,1,7,7,2,2,1,-1,-1
16,7,4,4,0,7,7,3,-1,-1,1,1
16,7,3,3,0,7,7,2,1,1,-1,-1
16,7,0,2,0,7,7,1,0,0,0,0
7,0,0,1,1,7,7,1,1,1,1,1
10,6,0,2,1,7,7,0,0,0,0,0
12,12,12,4,1,7,7,1,1,0,1,1
12,12,12,3,0,7,7,4,-1,-1,2,-1
12,12,12,3,0,7,0,1,1,1,1,1
12,12,0,2,1,7,7,4,-1,-1,0,-1
12,12,0,2,1,7,0,2,0,0,-1,-1
12,0,0,1,0,7,7,3,-1,-1,0,2
5,2,1,7,1,7,7,0,1,1,1,1
5,1,1,5,1,7,7,0,1,1,1,1
5,1,1,3,1,7,7,2,2,2,-1,-1
5,1,0,2,0,7,7,0,1,1,0,2
4,0,0,1,1,0,7,1,2,1,2,1
52,12,0,2,1,0,7,1,0,0,0,0
12,0,0,1,1,7,7,1,1,1,1,1
2,2,2,4,1,7,7,0,1,1,1,1
2,2,0,2,1,7,7,0,1,1,1,1
34,7,7,3,1,0,7,1,0,0,0,0
7,7,0,2,0,7,7,4,0,-1,-1,-1
7,7,0,2,0,0,7,0,0,0,0,0
48,0,0,1,1,7,7,1,0,0,0,0
10,9,9,7,1,7,7,1,1,0,1,2
9,9,9,6,0,7,7,4,-1,-1,2,-1
9,9,9,6,0,7,0,1,1,0,1,2
9,9,9,5,0,7,7,4,-1,-1,2,-1
9,9,9,5,0,7,0,1,1,0,1,2
9,9,9,4,0,7,7,4,-1,-1,2,-1
9,9,9,4,0,7,0,1,1,0,1,2
9,9,9,3,0,7,7,4,-1,-1,2,-1
9,9,9,3,0,7,0,1,1,0,1,2
9,9,0,2,0,7,7,4,-1,-1,2,-1
9,9,0,2,0,7,0,0,0,0,0,0
3,1,0,2,1,0,7,0,1,1,1,1
15,4,1,7,1,7,7,0,1,1,1,1
15,1,1,5,1,7,7,2,2,2,-1,-1
15,1,1,4,0,7,7,3,-1,-1,2,1
15,1,1,3,0,7,7,2,1,1,-1,-1
15,1,0,2,0,7,7,3,-1,-1,1,2
15,0,0,1,0,7,7,1,0,0,0,0
11,5,0,2,1,7,7,1,1,1,1,1
5,0,0,1,1,7,7,1,1,1,1,1
4,0,0,1,1,7,7,1,1,1,1,1
4,0,0,1,1,0,7,1,2,1,2,1
2,1,1,3,1,0,7,0,2,1,2,1
1,0,0,1,1,7,7,2,2,2,-1,-1
7,1,0,2,1,7,7,1,1,1,1,1
1,0,0,1,1,7,7,2,2,2,-1,-1
16,0,0,1,1,7,7,1,0,0,0,0
17,17,7,4,1,0,7,0,0,0,0,1
17,17,0,2,1,7,7,4,-1,-1,2,-1
17,17,0,2,1,7,0,0,0,0,0,0
5,3,2,5,1,7,7,0,1,1,1,1
5,1,1,3,1,7,7,2,2,2,-1,-1
5,1,0,2,0,7,7,0,1,1,0,2
2,1,1,3,1,0,7,0,2,1,2,1
1,0,0,1,1,7,7,2,2,2,-1,-1
2,2,2,6,1,7,7,0,1,1,1,1
2,2,2,4,1,7,7,0,1,1,1,1
2,2,0,2,1,7,7,0,1,1,1,1
2,1,1,3,1,0,1,0,2,1,2,1
1,0,0,1,1,7,7,2,2,2,-1,-1
4,0,0,1,1,7,7,1,1,1,1,1
48,0,0,1,1,7,7,1,0,0,0,0
2,2,1,7,1,7,7,0,1,1,1,1
1,1,1,5,1,7,7,0,1,1,1,1
1,1,1,3,1,7,7,0,1,1,1,1
1,0,0,1,1,7,7,2,2,2,-1,-1
24,0,0,1,1,0,7,1,0,0,0,0
36,13,7,5,1,7,7,2,2,1,-1,-1
36,13,7,4,0,7,7,3,-1,-1,1,1
36,13,7,3,0,7,7,2,0,0,-1,-1
36,13,0,2,0,7,7,4,-1,-1,0,-1
36,13,0,2,0,7,0,1,0,0,0,0
13,0,0,1,1,7,7,1,0,0,0,0
2,1,1,7,1,7,7,0,1,1,1,1
1,1,1,5,1,7,7,0,1,1,1,1
1,1,1,3,1,7,7,0,1,1,1,1
1,0,0,1,1,7,7,2,2,2,-1,-1
11,3,1,4,1,7,7,2,2,1,-1,-1
11,1,1,3,0,7,7,3,-1,-1,2,1
11,1,0,2,1,7,7,2,2,2,-1,-1
11,0,0,1,0,7,7,1,1,1,1,1
5,3,0,2,1,0,7,0,1,1,1,0
32,0,0,1,1,7,7,1,0,0,0,0
1,1,1,4,1,7,7,0,1,1,1,1
1,1,0,2,1,7,7,0,1,1,1,1
6,6,2,4,1,0,7,0,1,1,1,1
6,6,0,2,1,7,7,0,1,1,1,1
17,1,1,8,1,7,7,0,1,1,1,1
17,1,1,6,1,7,7,2,2,2,-1,-1
17,1,1,5,0,7,7,3,-1,-1,2,2
17,1,1,4,0,7,7,2,2,1,-1,-1
17,1,1,3,0,7,7,3,-1,-1,1,2
17,1,0,2,0,7,7,1,0,0,0,0
1,0,0,1,0,7,7,2,2,2,-1,-1
6,1,1,3,1,7,7,0,1,1,1,2
1,0,0,1,0,7,7,3,-1,-1,1,2
4,4,4,3,1,7,7,0,1,1,1,1
4,0,0,1,1,7,7,1,1,1,1,1
2,2,1,6,1,7,7,0,1,1,1,1
1,1,1,4,1,7,7,0,1,1,1,1
1,1,0,2,1,7,7,0,1,1,1,1
12,10,10,3,1,0,1,1,1,1,1,1
10,10,0,2,1,7,7,4,-1,-1,0,-1
10,10,0,2,1,7,0,2,0,0,-1,-1
10,0,0,1,0,7,7,3,-1,-1,0,2
4,0,0,1,1,7,7,1,1,1,1,1
23,14,11,3,1,7,7,1,0,0,0,0
14,11,0,2,1,7,7,4,2,-1,-1,-1
14,11,0,2,1,0,7,0,0,0,0,0
64,0,0,1,1,7,7,1,0,0,0,0
3,3,1,4,1,7,7,0,1,1,1,1
1,1,0,2,1,7,7,0,1,1,1,1
3,1,0,2,1,7,7,0,1,1,1,1
3,1,0,2,1,7,7,0,1,1,1,1
10,3,1,5,1,7,7,2,2,2,-1,-1
10,3,1,4,0,7,7,3,-1,-1,2,1
10,3,1,3,0,7,7,2,1,1,-1,-1
10,1,0,2,0,7,7,3,-1,-1,1,2
10,0,0,1,0,7,7,1,1,0,1,1
29,9,4,6,1,7,7,2,2,1,-1,-1
29,9,4,5,0,7,7,3,-1,-1,1,1
29,9,3,4,0,7,7,2,1,2,-1,-1
29,9,1,3,0,7,7,3,-1,-1,2,2
29,9,0,2,0,7,7,1,0,0,0,0
9,0,0,1,0,7,7,1,1,0,1,1
32,0,0,1,1,0,7,1,0,0,0,0
17,7,0,2,1,7,7,1,0,0,0,0
7,0,0,1,0,7,7,1,1,1,1,1
2,1,1,3,1,7,7,0,1,1,1,1
1,0,0,1,1,7,7,2,2,2,-1,-1
17,1,1,8,1,7,7,0,1,1,1,1
17,1,1,6,1,7,7,2,2,2,-1,-1
17,1,1,5,0,7,7,3,-1,-1,2,2
17,1,1,4,0,7,7,2,2,1,-1,-1
17,1,1,3,0,7,7,3,-1,-1,1,2
17,1,0,2,0,7,7,1,0,0,0,0
1,0,0,1,0,7,7,2,2,2,-1,-1
6,1,1,3,1,0,1,0,2,1,2,1
6,0,0,1,1,7,7,1,1,1,1,1
6,6,0,2,1,7,7,0,1,1,1,1
15,5,2,5,1,7,7,2,2,2,-1,-1
15,5,1,4,0,7,7,3,-1,-1,2,2
15,5,1,3,0,7,7,2,2,2,-1,-1
15,5,0,2,0,7,7,1,0,0,0,0
5,0,0,1,1,7,7,1,1,1,1,1
6,2,0,2,1,7,7,0,1,1,0,2
4,0,0,1,1,0,7,1,2,1,2,1
16,3,1,7,1,7,7,0,1,1,1,1
16,1,1,5,1,7,7,2,2,2,-1,-1
16,1,1,4,0,7,7,3,-1,-1,2,1
16,1,1,3,0,7,7,2,1,1,-1,-1
16,1,0,2,0,7,7,3,-1,-1,1,2
16,0,0,1,0,7,7,1,0,0,0,0
16,2,2,5,1,7,7,2,2,2,-1,-1
16,2,2,4,0,7,7,3,-1,-1,2,2
16,2,2,3,0,7,7,2,2,2,-1,-1
16,2,0,2,0,7,7,1,0,0,0,0
2,0,0,1,1,7,7,2,2,2,-1,-1
8,2,1,4,1,7,7,2,2,2,-1,-1
8,1,1,3,0,7,7,3,-1,-1,2,2
8,1,0,2,0,7,7,2,2,2,-1,-1
8,0,0,1,0,7,7,1,1,1,1,1
12,12,0,2,1,7,7,0,0,0,0,0
3,1,0,2,1,7,7,0,1,1,1,1
4,2,2,5,1,7,7,0,1,1,1,1
2,2,2,3,1,7,7,0,1,1,1,1
2,0,0,1,1,7,7,2,2,2,-1,-1
6,2,2,6,1,7,7,0,1,1,1,1
6,2,2,4,1,7,7,2,2,2,-1,-1
6,2,2,3,0,7,7,3,-1,-1,2,2
6,2,0,2,0,7,7,2,2,2,-1,-1
6,0,0,1,0,7,7,1,1,1,1,1
26,9,5,6,1,7,7,2,1,2,-1,-1
26,9,5,5,0,7,7,3,-1,-1,1,1
26,9,3,4,0,7,7,2,1,1,-1,-1
26,9,3,3,0,7,7,3,-1,-1,1,1
26,9,0,2,0,7,7,1,0,0,0,0
9,0,0,1,1,7,7,1,1,0,1,1
42,1,1,7,1,7,7,2,2,2,-1,-1
42,1,1,6,0,7,7,3,-1,-1,2,2
42,1,1,5,0,7,7,2,2,2,-1,-1
42,1,1,4,0,7,7,3,-1,-1,2,2
42,1,1,3,0,7,7,2,2,2,-1,-1
42,1,0,2,0,7,7,1,0,0,1,0
1,0,0,1,0,7,7,3,-1,-1,2,2
2,1,1,7,1,7,7,0,1,1,1,1
1,1,1,5,1,7,7,0,1,1,1,1
1,1,1,3,1,7,7,0,1,1,1,1
1,0,0,1,1,7,7,2,2,2,-1,-1
23,6,3,3,1,7,7,1,0,0,0,0
6,3,0,2,1,7,7,4,2,-1,-1,-1
6,3,0,2,1,0,7,0,1,1,1,0
24,5,2,4,1,7,7,2,2,2,-1,-1
24,5,1,3,0,7,7,1,0,1,0,1
5,1,0,2,1,7,7,4,0,-1,-1,-1
5,1,0,2,1,0,7,4,-1,-1,0,-1
5,1,0,2,1,0,0,1,1,1,2,2
1,0,0,1,0,7,7,3,-1,-1,1,2
4,4,4,4,1,7,7,0,1,1,1,1
4,4,0,2,1,7,7,0,1,1,1,1
24,4,4,3,1,0,7,1,0,0,0,0
4,4,0,2,1,7,7,0,1,1,1,1
24,5,2,4,1,0,7,2,2,2,-1,-1
24,5,1,3,0,7,7,1,0,1,0,1
5,1,0,2,1,7,7,4,0,-1,-1,-1
5,1,0,2,1,0,7,4,-1,-1,0,-1
5,1,0,2,1,0,0,1,1,1,2,2
1,0,0,1,0,7,7,3,-1,-1,1,2
24,0,0,1,1,7,7,1,0,0,0,0
32,14,8,5,1,0,7,2,2,1,-1,-1
32,14,8,4,0,7,7,3,-1,-1,1,1
32,14,8,3,0,7,7,2,0,0,-1,-1
32,14,0,2,0,7,7,4,-1,-1,0,-1
32,14,0,2,0,7,0,1,0,0,0,0
14,0,0,1,1,7,7,1,0,0,0,0
8,8,8,8,1,7,7,0,0,0,0,1
8,8,8,6,1,7,7,4,-1,-1,2,-1
8,8,8,6,1,7,0,1,1,1,1,1
8,8,8,5,1,7,7,0,0,0,0,1
8,8,8,3,1,7,7,4,-1,-1,2,-1
8,8,8,3,1,7,0,1,1,1,1,1
8,8,0,2,1,7,7,0,0,0,0,0
34,2,2,8,1,7,7,2,2,2,-1,-1
34,2,2,7,0,7,7,3,-1,-1,2,2
34,2,2,6,0,7,7,2,2,2,-1,-1
34,2,2,5,0,7,7,3,-1,-1,2,2
34,2,2,4,0,7,7,2,2,2,-1,-1
34,2,2,3,0,7,7,3,-1,-1,2,2
34,2,0,2,0,7,7,1,0,0,0,0
2,0,0,1,0,7,7,2,2,2,-1,-1
32,0,0,1,1,7,7,1,0,0,0,0
34,14,0,2,1,7,7,1,0,0,0,0
14,0,0,1,0,7,7,1,0,0,0,0
4,3,3,5,1,0,7,0,1,1,1,1
3,3,3,3,1,7,7,0,1,1,1,1
3,0,0,1,1,7,7,1,1,1,1,1
48,0,0,1,1,7,7,1,0,0,0,0
8,0,0,1,1,7,7,1,1,1,1,1
6,6,6,4,1,7,7,0,1,1,1,1
6,6,0,2,1,7,7,4,-1,-1,0,-1
6,6,0,2,1,7,0,2,1,1,-1,-1
6,0,0,1,0,7,7,3,-1,-1,1,2
11,11,11,8,1,0,7,1,1,1,1,1
11,11,11,7,1,7,7,4,-1,-1,0,-1
11,11,11,7,1,7,0,2,1,1,-1,-1
11,11,11,6,0,7,0,3,-1,-1,1,1
11,11,11,5,1,7,7,4,-1,-1,2,-1
11,11,11,5,1,7,0,2,1,2,-1,-1
11,11,11,4,0,7,0,3,-1,-1,0,0
11,11,11,3,0,7,7,4,0,-1,-1,-1
11,11,11,3,0,0,7,1,1,1,1,1
11,11,0,2,1,7,7,4,-1,-1,0,-1
11,11,0,2,1,7,0,2,0,0,-1,-1
11,0,0,1,0,7,7,3,-1,-1,0,2
23,5,5,6,1,0,7,0,1,1,1,1
23,5,5,4,1,7,7,4,-1,-1,0,-1
23,5,5,4,1,7,0,2,1,1,-1,-1
23,5,5,3,0,7,0,3,-1,-1,1,2
23,5,0,2,0,7,7,4,2,-1,-1,-1
23,5,0,2,0,0,7,1,0,0,0,0
5,0,0,1,1,7,7,1,1,1,1,1
12,12,0,2,1,7,7,0,0,0,0,0
32,0,0,1,1,0,7,1,0,0,0,0
6,1,1,3,1,7,7,0,1,1,1,2
1,0,0,1,0,7,7,3,-1,-1,1,2
6,1,1,3,1,7,7,0,1,1,1,2
1,0,0,1,0,7,7,3,-1,-1,1,2
16,15,15,6,1,7,7,0,1,0,1,1
16,15,15,4,0,7,7,4,-1,-1,2,-1
16,15,15,4,0,7,0,1,0,0,0,1
15,15,6,3,1,7,7,4,-1,-1,0,-1
15,15,6,3,1,7,0,2,1,1,-1,-1
15,15,0,2,0,7,0,0,0,0,0,0
2,1,1,7,1,7,7,0,1,1,1,1
1,1,1,5,1,7,7,0,1,1,1,1
1,1,1,3,1,7,7,0,1,1,1,1
1,0,0,1,1,7,7,2,2,2,-1,-1
9,7,7,6,1,7,7,2,1,1,-1,-1
9,7,7,5,0,7,7,3,-1,-1,1,1
9,7,7,4,1,7,7,1,1,0,1,1
7,7,3,3,0,7,7,4,-1,-1,0,-1
7,7,3,3,0,7,0,2,1,1,-1,-1
7,7,0,2,0,7,0,0,0,0,0,0
16,0,0,1,1,0,7,1,0,0,0,0
8,8,0,2,1,0,1,0,0,0,0,0
1,1,1,4,1,0,7,0,2,1,2,1
1,1,0,2,1,7,7,0,1,1,1,1
17,7,0,2,1,7,7,1,0,0,0,0
7,0,0,1,0,7,7,1,1,1,1,1
24,0,0,1,1,7,7,1,0,0,0,0
3,1,0,2,1,7,7,0,1,1,1,1
48,0,0,1,1,7,7,1,0,0,0,0
38,13,13,3,1,7,7,1,0,0,0,0
13,13,0,2,1,7,7,4,0,-1,-1,-1
13,13,0,2,1,0,7,0,0,0,0,0
8,6,6,5,1,7,7,0,1,1,1,1
8,6,6,3,1,7,7,4,-1,-1,2,-1
8,6,6,3,1,7,0,2,1,1,-1,-1
8,6,0,2,0,7,0,3,-1,-1,1,0
8,0,0,1,1,7,7,1,1,1,1,1
24,0,0,1,1,0,7,1,0,0,0,0
2,2,2,6,1,0,7,0,2,1,2,1
2,2,2,4,1,7,7,0,1,1,1,1
2,2,0,2,1,7,7,0,1,1,1,1
36,2,2,7,1,7,7,2,2,2,-1,-1
36,2,2,6,0,7,7,3,-1,-1,2,2
36,2,2,5,0,7,7,2,2,2,-1,-1
36,2,2,4,0,7,7,3,-1,-1,2,2
36,2,2,3,0,7,7,2,2,2,-1,-1
36,2,0,2,0,7,7,1,0,0,0,0
2,0,0,1,1,7,7,2,2,2,-1,-1
6,6,6,8,1,7,7,2,2,2,-1,-1
6,6,6,7,0,7,7,3,-1,-1,2,2
6,6,6,6,0,7,7,2,2,2,-1,-1
6,6,6,5,0,7,7,3,-1,-1,2,2
6,6,6,4,0,7,7,0,1,1,1,1
6,6,0,2,1,7,7,4,-1,-1,0,-1
6,6,0,2,1,7,0,2,1,1,-1,-1
6,0,0,1,0,7,7,3,-1,-1,1,2
45,19,0,2,1,7,7,1,0,0,0,0
19,0,0,1,0,7,7,1,0,0,0,0
7,1,1,6,1,0,1,0,2,1,2,1
7,1,1,4,1,7,7,2,2,2,-1,-1
7,1,1,3,0,7,7,3,-1,-1,2,2
7,1,0,2,0,7,7,2,2,2,-1,-1
7,0,0,1,0,7,7,1,1,1,1,1
36,28,0,2,1,0,7,1,0,0,0,0
28,0,0,1,1,7,7,1,0,0,0,0
1,1,1,8,1,7,7,0,1,1,1,1
1,1,1,6,1,7,7,0,1,1,1,1
1,1,1,4,1,7,7,0,1,1,1,1
1,1,0,2,1,7,7,0,1,1,1,1
3,1,0,2,1,7,7,0,1,1,1,1
15,9,0,2,1,0,1,1,0,0,0,0
9,0,0,1,1,7,7,1,1,0,1,1
14,10,10,6,1,7,7,0,0,0,0,1
14,10,10,4,1,7,7,4,-1,-1,2,-1
14,10,10,4,1,7,0,1,0,0,0,1
10,10,10,3,1,7,7,4,-1,-1,2,-1
10,10,10,3,1,7,0,1,1,0,1,2
10,10,0,2,0,7,7,4,-1,-1,2,-1
10,10,0,2,0,7,0,0,0,0,0,0
6,1,1,3,1,0,7,0,1,1,2,1
1,0,0,1,0,7,7,3,-1,-1,1,2
47,9,3,7,1,7,7,2,1,1,-1,-1
47,9,2,6,0,7,7,3,-1,-1,1,1
47,9,2,5,1,7,7,2,2,2,-1,-1
47,9,2,4,0,7,7,3,-1,-1,2,2
47,9,1,3,0,7,7,2,2,2,-1,-1
47,9,0,2,0,7,7,1,0,0,0,0
9,0,0,1,1,7,7,1,1,0,1,1
24,0,0,1,1,0,7,1,0,0,0,0
2,1,1,3,1,7,7,0,1,1,1,1
1,0,0,1,1,7,7,2,2,2,-1,-1
33,7,3,8,1,7,7,2,2,2,-1,-1
33,7,3,7,0,7,7,3,-1,-1,2,2
33,7,3,6,0,7,7,2,2,2,-1,-1
33,7,3,5,0,7,7,3,-1,-1,2,2
33,7,3,4,0,7,7,2,2,2,-1,-1
33,7,3,3,0,7,7,1,0,0,0,1
7,3,0,2,0,7,7,4,-1,-1,0,-1
7,3,0,2,0,7,0,2,1,1,-1,-1
7,0,0,1,0,7,0,1,1,1,1,1
2,2,0,2,1,7,7,0,1,1,1,1
11,5,0,2,1,0,7,1,1,1,1,1
5,0,0,1,1,7,7,1,1,1,1,1
31,19,14,3,1,7,7,1,0,0,0,0
19,14,0,2,1,7,7,4,0,-1,-1,-1
19,14,0,2,1,0,7,1,0,0,0,0
14,0,0,1,1,7,7,1,0,0,0,0
64,0,0,1,1,7,7,1,0,0,0,0
10,1,1,7,1,7,7,0,1,1,1,1
10,1,1,5,1,7,7,2,2,2,-1,-1
10,1,1,4,0,7,7,3,-1,-1,2,2
10,1,1,3,0,7,7,2,2,1,-1,-1
10,1,0,2,0,7,7,1,1,1,1,2
1,0,0,1,0,7,7,2,2,2,-1,-1
32,0,0,1,1,7,7,1,0,0,0,0
24,0,0,1,1,0,7,1,0,0,0,0
4,2,2,3,1,7,7,0,1,1,1,1
2,0,0,1,1,7,7,2,2,2,-1,-1
23,9,5,7,1,7,7,2,2,2,-1,-1
23,9,5,6,0,7,7,3,-1,-1,2,1
23,9,5,5,0,7,7,2,1,2,-1,-1
23,9,5,4,0,7,7,3,-1,-1,1,1
23,9,5,3,0,7,7,4,0,-1,-1,-1
23,9,5,3,0,0,7,1,0,0,0,0
9,5,0,2,1,7,7,4,2,-1,-1,-1
9,5,0,2,1,0,7,0,0,0,0,0
2,1,1,3,1,7,7,0,1,1,1,1
1,0,0,1,1,7,7,2,2,2,-1,-1
8,0,0,1,1,7,7,1,1,1,1,1
26,2,2,4,1,0,7,2,2,2,-1,-1
26,2,2,3,0,7,7,3,-1,-1,2,1
26,2,0,2,0,7,7,1,0,0,1,0
2,0,0,1,0,7,7,3,-1,-1,2,2
64,0,0,1,1,7,7,1,0,0,0,0
2,1,1,3,1,7,7,0,1,1,1,1
1,0,0,1,1,7,7,2,2,2,-1,-1
29,12,8,7,1,7,7,2,2,1,-1,-1
29,12,8,6,0,7,7,3,-1,-1,1,2
29,12,8,5,0,7,7,2,1,1,-1,-1
29,12,8,4,0,7,7,4,-1,-1,0,-1
29,12,8,4,0,7,0,1,0,0,0,1
12,8,5,3,0,7,7,4,0,-1,-1,-1
12,8,5,3,0,0,7,4,-1,-1,0,-1
12,8,5,3,0,0,0,1,1,1,1,1
8,5,0,2,1,7,7,4,-1,-1,2,-1
8,5,0,2,1,7,0,2,1,1,-1,-1
8,0,0,1,0,7,0,3,-1,-1,0,0
29,19,0,2,1,7,7,1,0,0,0,0
19,0,0,1,0,7,7,1,0,0,0,0
32,0,0,1,1,7,7,1,0,0,0,0
2,2,2,6,1,0,1,0,2,1,2,1
2,2,2,4,1,7,7,0,1,1,1,1
2,2,0,2,1,7,7,0,1,1,1,1
8,4,4,5,1,7,7,0,1,1,1,1
8,4,4,3,1,7,7,0,1,1,1,1
8,0,0,1,1,7,7,1,1,1,1,1
48,0,0,1,1,7,7,1,0,0,0,0
34,7,7,3,1,7,7,1,0,0,0,0
7,7,0,2,0,7,7,4,0,-1,-1,-1
7,7,0,2,0,0,7,0,0,0,0,0
48,0,0,1,1,7,7,1,0,0,0,0
24,8,0,2,1,0,7,1,0,0,0,0
8,0,0,1,1,7,7,1,1,1,1,1
4,2,1,4,1,7,7,0,1,1,1,1
1,1,0,2,1,7,7,0,1,1,1,1
5,2,1,3,1,7,7,0,1,1,1,2
1,0,0,1,0,7,7,3,-1,-1,1,2
4,0,0,1,1,7,7,1,1,1,1,1
5,4,3,5,1,7,7,0,1,1,1,1
5,2,2,3,1,7,7,2,2,2,-1,-1
5,2,0,2,0,7,7,0,1,1,0,2
40,8,0,2,1,0,7,1,0,0,0,0
8,0,0,1,1,7,7,1,1,1,1,1
12,2,2,3,1,7,7,1,1,1,1,1
2,2,0,2,1,7,7,0,1,1,1,1
3,3,3,8,1,7,7,0,1,1,1,1
3,3,3,6,1,7,7,0,1,1,1,1
3,3,3,4,1,7,7,0,1,1,1,1
3,3,0,2,1,7,7,0,1,1,1,1
4,1,1,5,1,0,7,0,1,1,2,2
1,1,1,3,0,7,7,3,-1,-1,1,2
1,1,0,2,0,7,7,0,1,1,1,1
24,0,0,1,1,7,7,1,0,0,0,0
44,5,5,5,1,7,7,0,1,1,1,1
44,5,5,3,1,7,7,4,-1,-1,2,-1
44,5,5,3,1,7,0,2,1,1,-1,-1
44,5,0,2,0,7,0,3,-1,-1,1,0
44,0,0,1,1,7,7,1,0,0,0,0
40,8,0,2,1,7,7,1,0,0,0,0
8,0,0,1,1,7,7,1,1,1,1,1
4,0,0,1,1,7,7,1,1,1,1,1
4,0,0,1,1,7,7,1,1,1,1,1
4,0,0,1,1,7,7,1,1,1,1,1
2,1,1,3,1,7,7,0,1,1,1,1
1,0,0,1,1,7,7,2,2,2,-1,-1
48,0,0,1,1,7,7,1,0,0,0,0
2,1,1,7,1,0,7,0,2,1,2,1
1,1,1,5,1,7,7,0,1,1,1,1
1,1,1,3,1,7,7,0,1,1,1,1
1,0,0,1,1,7,7,2,2,2,-1,-1
6,6,0,2,1,7,7,0,1,1,1,1
15,15,14,7,1,7,7,0,1,1,1,1
15,15,14,5,1,7,7,4,-1,-1,0,-1
15,15,14,5,1,7,0,2,1,1,-1,-1
15,15,14,4,0,7,0,3,-1,-1,1,2
15,15,14,3,0,7,7,4,2,-1,-1,-1
15,15,14,3,0,0,7,1,0,0,0,1
15,14,0,2,1,7,7,4,-1,-1,2,-1
15,14,0,2,1,7,0,0,0,0,0,0
6,1,1,3,1,7,7,0,1,1,1,2
1,0,0,1,0,7,7,3,-1,-1,1,2
4,4,4,7,1,7,7,0,1,1,1,1
4,1,1,5,1,7,7,0,1,1,1,1
1,1,1,3,1,7,7,0,1,1,1,1
1,0,0,1,1,7,7,2,2,2,-1,-1
16,2,2,5,1,7,7,2,2,2,-1,-1
16,2,2,4,0,7,7,3,-1,-1,2,2
16,2,2,3,0,7,7,2,2,2,-1,-1
16,2,0,2,0,7,7,1,0,0,0,0
2,0,0,1,1,7,7,2,2,2,-1,-1
6,1,1,3,1,7,7,0,1,1,1,2
1,0,0,1,0,7,7,3,-1,-1,1,2
4,4,4,4,1,7,7,0,1,1,1,1
4,4,0,2,1,7,7,0,1,1,1,1
32,8,4,6,1,0,7,2,2,2,-1,-1
32,8,4,5,0,7,7,3,-1,-1,2,2
32,8,4,4,0,7,7,2,2,2,-1,-1
32,8,4,3,0,7,7,1,0,0,0,0
8,4,0,2,1,7,7,4,0,-1,-1,-1
8,4,0,2,1,0,7,0,0,0,0,0
33,7,3,7,1,7,7,2,1,1,-1,-1
33,7,2,6,0,7,7,3,-1,-1,1,1
33,7,2,5,1,7,7,2,2,2,-1,-1
33,7,2,4,0,7,7,3,-1,-1,2,2
33,7,1,3,0,7,7,2,2,2,-1,-1
33,7,0,2,0,7,7,1,0,0,0,0
7,0,0,1,0,7,7,1,1,1,1,1
4,0,0,1,1,7,7,1,1,1,1,1
24,0,0,1,1,0,7,1,0,0,0,0
2,1,1,7,1,0,7,0,2,1,2,1
1,1,1,5,1,7,7,0,1,1,1,1
1,1,1,3,1,7,7,0,1,1,1,1
1,0,0,1,1,7,7,2,2,2,-1,-1
11,11,5,4,1,7,7,0,1,0,1,1
11,11,0,2,0,7,7,4,-1,-1,2,-1
11,11,0,2,0,7,0,0,0,0,0,0
16,0,0,1,1,7,7,1,0,0,0,0
46,9,4,7,1,0,7,2,1,1,-1,-1
46,9,2,6,0,7,7,3,-1,-1,1,1
46,9,2,5,1,7,7,2,2,2,-1,-1
46,9,2,4,0,7,7,3,-1,-1,2,2
46,9,1,3,0,7,7,2,2,2,-1,-1
46,9,0,2,0,7,7,1,0,0,0,0
9,0,0,1,0,7,7,1,1,0,1,1
4,4,2,6,1,7,7,0,1,1,1,1
2,2,2,4,1,7,7,0,1,1,1,1
2,2,0,2,1,7,7,0,1,1,1,1
14,2,2,6,1,7,7,0,1,1,1,1
14,2,2,4,1,7,7,2,2,2,-1,-1
14,2,2,3,0,7,7,3,-1,-1,2,2
14,2,0,2,0,7,7,1,0,0,1,0
2,0,0,1,0,7,7,3,-1,-1,2,2
17,5,5,4,1,7,7,1,0,0,0,1
5,5,5,3,0,7,7,4,-1,-1,0,-1
5,5,5,3,0,7,0,2,1,1,-1,-1
5,5,0,2,0,7,7,0,1,1,1,1
9,3,1,6,1,7,7,0,1,1,1,1
9,1,1,4,1,7,7,2,2,2,-1,-1
9,1,1,3,0,7,7,3,-1,-1,2,2
9,1,0,2,0,7,7,1,1,1,1,2
1,0,0,1,0,7,7,2,2,2,-1,-1
49,3,3,6,1,7,7,2,1,1,-1,-1
49,3,3,5,0,7,7,3,-1,-1,1,0
49,3,3,4,0,7,7,2,1,1,-1,-1
49,3,3,3,0,7,7,3,-1,-1,1,1
49,3,0,2,0,7,7,1,0,0,0,0
3,0,0,1,0,7,7,2,1,1,-1,-1
12,0,0,1,1,0,7,1,1,1,1,1
13,2,1,3,1,0,7,1,0,0,1,0
2,1,0,2,0,7,7,3,-1,-1,2,2
1,0,0,1,0,7,7,2,2,2,-1,-1
28,6,6,7,1,0,7,0,1,1,1,1
28,6,6,5,1,7,7,4,-1,-1,0,-1
28,6,6,5,1,7,0,2,1,1,-1,-1
28,6,6,4,0,7,0,3,-1,-1,1,2
28,6,6,3,0,7,7,4,2,-1,-1,-1
28,6,6,3,0,0,7,1,0,0,0,0
6,6,0,2,1,7,7,4,2,-1,-1,-1
6,6,0,2,1,0,7,0,1,1,1,1
5,2,1,3,1,7,7,0,1,1,1,2
1,0,0,1,0,7,7,3,-1,-1,1,2
16,0,0,1,1,0,7,1,0,0,0,0
3,1,0,2,1,7,7,0,1,1,1,1
4,0,0,1,1,0,7,1,2,1,2,1
1,1,1,4,1,7,7,0,1,1,1,1
1,1,0,2,1,7,7,0,1,1,1,1
3,1,0,2,1,7,7,0,1,1,1,1
22,22,10,4,1,7,7,0,0,0,0,1
22,22,0,2,1,7,7,4,-1,-1,2,-1
22,22,0,2,1,7,0,0,0,0,0,0
4,1,1,5,1,7,7,0,1,1,1,1
1,1,1,3,1,7,7,0,1,1,1,1
1,0,0,1,1,7,7,2,2,2,-1,-1
16,0,0,1,1,7,7,1,0,0,0,0
48,0,0,1,1,7,7,1,0,0,0,0
48,0,0,1,1,7,7,1,0,0,0,0
44,10,10,3,1,7,7,1,0,0,0,0
10,10,0,2,1,7,7,4,0,-1,-1,-1
10,10,0,2,1,0,7,0,0,0,0,0
2,1,1,3,1,7,7,0,1,1,1,1
1,0,0,1,1,7,7,2,2,2,-1,-1
18,2,2,4,1,7,7,2,2,2,-1,-1
18,2,2,3,0,7,7,3,-1,-1,2,1
18,2,0,2,0,7,7,1,0,0,0,0
2,0,0,1,0,7,7,2,2,2,-1,-1
4,0,0,1,1,0,7,1,2,1,2,1
24,5,2,4,1,7,7,2,2,2,-1,-1
24,5,1,3,0,7,7,1,0,1,0,1
5,1,0,2,1,7,7,4,0,-1,-1,-1
5,1,0,2,1,0,7,4,-1,-1,0,-1
5,1,0,2,1,0,0,1,1,1,2,2
1,0,0,1,0,7,7,3,-1,-1,1,2
5,2,2,6,1,7,7,0,1,1,1,1
5,1,1,4,1,7,7,2,2,2,-1,-1
5,1,1,3,0,7,7,3,-1,-1,2,2
5,1,0,2,0,7,7,2,2,2,-1,-1
5,0,0,1,0,7,7,1,1,1,1,1
18,4,2,3,1,0,1,1,0,0,0,0
4,2,0,2,0,7,7,2,1,1,-1,-1
2,0,0,1,0,7,7,3,-1,-1,1,2
4,2,1,8,1,7,7,0,1,1,1,1
1,1,1,6,1,7,7,0,1,1,1,1
1,1,1,4,1,7,7,0,1,1,1,1
1,1,0,2,1,7,7,0,1,1,1,1
7,5,0,2,1,7,7,0,0,0,0,0
8,0,0,1,1,7,7,1,1,1,1,1
24,0,0,1,1,7,7,1,0,0,0,0
30,6,6,4,1,0,1,1,0,0,0,0
6,6,6,3,1,7,7,4,0,-1,-1,-1
6,6,6,3,1,0,7,4,-1,-1,0,-1
6,6,6,3,1,0,0,1,2,2,1,1
6,6,0,2,0,7,7,2,1,1,-1,-1
6,0,0,1,0,7,7,3,-1,-1,1,1
16,4,4,3,1,7,7,1,0,0,0,0
4,4,0,2,1,7,7,0,1,1,1,1
13,4,2,8,1,7,7,0,1,1,1,1
13,1,1,6,1,7,7,0,1,1,1,1
13,1,1,4,1,7,7,2,2,2,-1,-1
13,1,1,3,0,7,7,3,-1,-1,2,2
13,1,0,2,0,7,7,1,0,0,1,0
1,0,0,1,0,7,7,3,-1,-1,2,2
4,4,4,8,1,7,7,0,1,1,1,1
4,4,2,6,1,7,7,0,1,1,1,1
2,2,2,4,1,7,7,0,1,1,1,1
2,2,0,2,1,7,7,0,1,1,1,1
8,4,4,3,1,7,7,0,1,1,1,1
8,0,0,1,1,7,7,1,1,1,1,1
23,5,2,5,1,0,7,2,2,2,-1,-1
23,5,1,4,0,7,7,3,-1,-1,2,2
23,5,1,3,0,7,7,2,2,2,-1,-1
23,5,0,2,0,7,7,1,0,0,0,0
5,0,0,1,1,7,7,1,1,1,1,1
34,2,2,8,1,7,7,2,2,2,-1,-1
34,2,2,7,0,7,7,3,-1,-1,2,2
34,2,2,6,0,7,7,2,2,2,-1,-1
34,2,2,5,0,7,7,3,-1,-1,2,2
34,2,2,4,0,7,7,2,2,2,-1,-1
34,2,2,3,0,7,7,3,-1,-1,2,2
34,2,0,2,0,7,7,1,0,0,0,0
2,0,0,1,0,7,7,2,2,2,-1,-1
33,5,5,4,1,7,7,1,0,0,0,1
5,5,5,3,0,7,7,4,0,-1,-1,-1
5,5,5,3,0,0,7,4,-1,-1,0,-1
5,5,5,3,0,0,0,1,2,2,1,1
5,5,0,2,0,7,7,2,1,1,-1,-1
5,0,0,1,0,7,7,3,-1,-1,1,1
12,11,3,5,1,7,7,2,2,1,-1,-1
12,11,3,4,0,7,7,3,-1,-1,1,2
12,11,3,3,0,7,7,2,1,1,-1,-1
12,11,0,2,0,7,7,0,0,0,0,0
6,6,0,2,1,7,7,0,1,1,1,1
45,13,6,3,1,7,7,1,0,0,0,0
13,6,0,2,0,7,7,4,0,-1,-1,-1
13,6,0,2,0,0,7,1,0,0,0,0
6,0,0,1,1,7,7,1,1,1,1,1
12,4,2,8,1,0,7,0,1,1,1,1
12,2,1,6,1,7,7,0,1,1,1,1
12,1,1,4,1,7,7,2,2,2,-1,-1
12,1,1,3,0,7,7,3,-1,-1,2,2
12,1,0,2,0,7,7,1,1,1,1,1
1,0,0,1,1,7,7,2,2,2,-1,-1
36,4,4,4,1,0,7,2,2,1,-1,-1
36,4,4,3,0,7,7,3,-1,-1,1,1
36,4,0,2,0,7,7,2,1,1,-1,-1
36,0,0,1,0,7,7,1,0,0,0,0
17,1,1,8,1,0,7,0,1,1,1,1
17,1,1,6,1,7,7,2,2,2,-1,-1
17,1,1,5,0,7,7,3,-1,-1,2,2
17,1,1,4,0,7,7,2,2,1,-1,-1
17,1,1,3,0,7,7,3,-1,-1,1,2
17,1,0,2,0,7,7,1,0,0,0,0
1,0,0,1,0,7,7,2,2,2,-1,-1
12,0,0,1,1,7,7,1,1,1,1,1
4,0,0,1,1,0,7,1,2,1,2,1
48,0,0,1,1,7,7,1,0,0,0,0
7,5,5,6,1,7,7,0,1,1,1,1
7,5,5,4,1,7,7,4,-1,-1,0,-1
7,5,5,4,1,7,0,2,1,1,-1,-1
7,5,5,3,0,7,0,3,-1,-1,1,2
7,5,0,2,0,7,7,4,2,-1,-1,-1
7,5,0,2,0,0,7,0,0,0,0,0
6,6,6,8,1,7,7,0,1,1,1,1
6,6,6,6,1,7,7,4,-1,-1,0,-1
6,6,6,6,1,7,0,2,1,1,-1,-1
6,6,6,5,0,7,7,3,-1,-1,1,1
6,6,6,4,1,7,7,4,-1,-1,0,-1
6,6,6,4,1,7,0,2,1,1,-1,-1
6,6,6,3,0,7,7,3,-1,-1,1,2
6,6,0,2,0,7,7,4,2,-1,-1,-1
6,6,0,2,0,0,7,0,1,1,1,1
4,0,0,1,1,7,7,1,1,1,1,1
45,13,6,3,1,0,7,1,0,0,0,0
13,6,0,2,0,7,7,4,0,-1,-1,-1
13,6,0,2,0,0,7,1,0,0,0,0
6,0,0,1,1,7,7,1,1,1,1,1
30,8,4,7,1,7,7,2,2,2,-1,-1
30,8,4,6,0,7,7,3,-1,-1,2,2
30,8,4,5,0,7,7,2,2,2,-1,-1
30,8,4,4,0,7,7,3,-1,-1,2,2
30,8,4,3,0,7,7,1,0,0,0,1
8,4,0,2,0,7,7,4,-1,-1,0,-1
8,4,0,2,0,7,0,2,1,1,-1,-1
8,0,0,1,0,7,0,1,1,1,1,1
16,0,0,1,1,7,7,1,0,0,0,0
37,27,0,2,1,7,7,1,0,0,0,0
27,0,0,1,0,7,7,1,0,0,0,0
4,4,2,4,1,7,7,0,1,1,1,1
2,2,0,2,1,7,7,0,1,1,1,1
8,3,2,6,1,7,7,0,1,1,1,1
8,1,1,4,1,7,7,2,2,2,-1,-1
8,1,1,3,0,7,7,3,-1,-1,2,2
8,1,0,2,0,7,7,2,2,2,-1,-1
8,0,0,1,0,7,7,1,1,1,1,1
23,12,8,8,1,7,7,2,1,1,-1,-1
23,12,8,7,0,7,7,3,-1,-1,1,1
23,12,8,6,1,7,7,2,1,1,-1,-1
23,12,8,5,0,7,7,3,-1,-1,1,1
23,12,8,4,0,7,7,2,1,1,-1,-1
23,12,8,3,0,7,7,3,-1,-1,0,0
23,12,0,2,0,7,7,1,0,0,0,0
12,0,0,1,1,7,7,1,1,1,1,1
12,6,4,8,1,7,7,0,1,1,1,1
12,6,2,6,1,7,7,2,2,2,-1,-1
12,6,2,5,0,7,7,3,-1,-1,2,2
12,6,2,4,0,7,7,2,2,1,-1,-1
12,6,1,3,0,7,7,1,1,1,1,1
6,1,0,2,1,7,7,4,-1,-1,0,-1
6,1,0,2,1,7,0,2,1,1,-1,-1
1,0,0,1,0,7,7,3,-1,-1,2,1
17,1,1,8,1,0,1,0,2,1,2,1
17,1,1,6,1,7,7,2,2,2,-1,-1
17,1,1,5,0,7,7,3,-1,-1,2,2
17,1,1,4,0,7,7,2,2,2,-1,-1
17,1,1,3,0,7,7,3,-1,-1,2,2
17,1,0,2,0,7,7,1,0,0,0,0
1,0,0,1,0,7,7,2,2,2,-1,-1
6,1,1,3,1,7,7,0,1,1,1,2
1,0,0,1,0,7,7,3,-1,-1,1,2
8,0,0,1,1,0,7,1,1,1,1,1
8,8,8,8,1,7,7,2,1,1,-1,-1
8,8,8,7,0,7,7,3,-1,-1,1,1
8,8,8,6,1,7,7,2,1,1,-1,-1
8,8,8,5,0,7,7,3,-1,-1,1,1
8,8,8,4,1,7,7,0,0,0,0,1
8,8,0,2,1,7,7,4,-1,-1,2,-1
8,8,0,2,1,7,0,0,0,0,0,0
10,2,0,2,1,7,7,1,1,1,1,2
2,0,0,1,0,7,7,2,2,2,-1,-1
8,3,2,6,1,7,7,0,1,1,1,1
8,1,1,4,1,7,7,2,2,2,-1,-1
8,1,1,3,0,7,7,3,-1,-1,2,2
8,1,0,2,0,7,7,2,2,2,-1,-1
8,0,0,1,0,7,7,1,1,1,1,1
2,2,0,2,1,7,7,0,1,1,1,1
22,5,5,3,1,7,7,1,0,0,0,0
5,5,0,2,1,7,7,4,2,-1,-1,-1
5,5,0,2,1,0,7,0,1,1,1,1
29,12,8,7,1,7,7,2,2,1,-1,-1
29,12,8,6,0,7,7,3,-1,-1,1,2
29,12,8,5,0,7,7,2,1,1,-1,-1
29,12,8,4,0,7,7,4,-1,-1,0,-1
29,12,8,4,0,7,0,1,0,0,0,1
12,8,5,3,0,7,7,4,0,-1,-1,-1
12,8,5,3,0,0,7,4,-1,-1,0,-1
12,8,5,3,0,0,0,1,1,1,1,1
8,5,0,2,1,7,7,4,-1,-1,2,-1
8,5,0,2,1,7,0,2,1,1,-1,-1
8,0,0,1,0,7,0,3,-1,-1,0,0
8,0,0,1,1,7,7,1,1,1,1,1
4,4,4,8,1,7,7,0,1,1,1,1
4,4,2,6,1,7,7,0,1,1,1,1
2,2,2,4,1,7,7,0,1,1,1,1
2,2,0,2,1,7,7,0,1,1,1,1
34,14,0,2,1,7,7,1,0,0,0,0
14,0,0,1,0,7,7,1,0,0,0,0
10,1,1,7,1,0,7,0,1,1,1,1
10,1,1,5,1,7,7,2,2,2,-1,-1
10,1,1,4,0,7,7,3,-1,-1,2,2
10,1,1,3,0,7,7,2,2,1,-1,-1
10,1,0,2,0,7,7,1,1,1,1,2
1,0,0,1,0,7,7,2,2,2,-1,-1
29,13,8,6,1,7,7,2,1,1,-1,-1
29,13,8,5,0,7,7,3,-1,-1,1,1
29,13,8,4,1,7,7,2,2,1,-1,-1
29,13,8,3,0,7,7,3,-1,-1,0,0
29,13,0,2,0,7,7,4,0,-1,-1,-1
29,13,0,2,0,0,7,1,0,0,0,0
13,0,0,1,0,7,7,1,0,0,0,0
2,1,1,3,1,7,7,0,1,1,1,1
1,0,0,1,1,7,7,2,2,2,-1,-1
48,0,0,1,1,7,7,1,0,0,0,0
33,9,4,4,1,7,7,2,2,1,-1,-1
33,9,2,3,0,7,7,3,-1,-1,1,2
33,9,0,2,0,7,7,1,0,0,0,0
9,0,0,1,0,7,7,1,1,0,1,1
20,12,0,2,1,0,7,1,0,0,0,0
12,0,0,1,1,7,7,1,1,1,1,1
12,12,0,2,1,7,7,0,0,0,0,0
34,10,10,4,1,7,7,1,0,0,0,0
10,10,10,3,1,7,7,4,0,-1,-1,-1
10,10,10,3,1,0,7,4,-1,-1,0,-1
10,10,10,3,1,0,0,1,1,0,1,2
10,10,0,2,0,7,7,4,-1,-1,2,-1
10,10,0,2,0,7,0,0,0,0,0,0
7,1,1,6,1,0,1,0,2,1,2,1
7,1,1,4,1,7,7,2,2,2,-1,-1
7,1,1,3,0,7,7,3,-1,-1,2,2
7,1,0,2,0,7,7,2,2,2,-1,-1
7,0,0,1,0,7,7,1,1,1,1,1
64,0,0,1,1,7,7,1,0,0,0,0
6,1,1,3,1,0,7,0,1,1,2,1
1,0,0,1,0,7,7,3,-1,-1,1,2
16,4,4,5,1,0,7,0,1,1,1,1
16,4,4,3,1,7,7,1,0,0,0,0
4,4,0,2,1,7,7,0,1,1,1,1
2,2,0,2,1,7,7,0,1,1,1,1
6,1,1,7,1,7,7,0,1,1,1,1
6,1,1,5,1,7,7,0,1,1,1,1
6,1,1,3,1,7,7,2,2,2,-1,-1
6,1,0,2,0,7,7,0,1,1,0,2
2,2,0,2,1,0,7,0,2,1,2,1
2,2,1,6,1,7,7,0,1,1,1,1
1,1,1,4,1,7,7,0,1,1,1,1
1,1,0,2,1,7,7,0,1,1,1,1
4,1,1,5,1,7,7,0,1,1,1,1
1,1,1,3,1,7,7,0,1,1,1,1
1,0,0,1,1,7,7,2,2,2,-1,-1
10,7,7,7,1,0,1,2,2,2,-1,-1
10,7,7,6,0,7,1,3,-1,-1,2,2
10,7,7,5,0,7,7,2,2,2,-1,-1
10,7,7,4,0,7,7,1,1,1,1,2
7,7,2,3,0,7,7,2,2,2,-1,-1
7,7,0,2,0,7,7,0,0,0,0,0
17,3,3,6,1,7,7,0,1,1,1,1
17,3,3,4,1,7,7,2,2,1,-1,-1
17,3,3,3,0,7,7,3,-1,-1,1,1
17,3,0,2,0,7,7,1,0,0,0,0
3,0,0,1,0,7,7,2,1,1,-1,-1
9,7,7,6,1,7,7,2,1,1,-1,-1
9,7,7,5,0,7,7,3,-1,-1,1,1
9,7,7,4,1,7,7,1,1,0,1,1
7,7,3,3,0,7,7,4,-1,-1,0,-1
7,7,3,3,0,7,0,2,1,1,-1,-1
7,7,0,2,0,7,0,0,0,0,0,0
64,0,0,1,1,0,7,1,0,0,0,0
3,1,0,2,1,7,7,0,1,1,1,1
7,4,3,4,1,0,1,0,1,1,1,1
7,2,0,2,1,7,7,1,1,1,1,1
2,0,0,1,1,7,7,2,2,2,-1,-1
3,1,1,6,1,0,7,0,1,1,2,2
1,1,1,4,0,7,7,3,-1,-1,1,2
1,1,1,3,0,7,7,0,1,1,1,1
1,0,0,1,1,7,7,2,2,2,-1,-1
45,13,6,3,1,0,7,1,0,0,0,0
13,6,0,2,0,7,7,4,0,-1,-1,-1
13,6,0,2,0,0,7,1,0,0,0,0
6,0,0,1,1,7,7,1,1,1,1,1
24,6,6,5,1,0,7,0,1,1,1,1
24,6,6,3,1,7,7,4,-1,-1,2,-1
24,6,6,3,1,7,0,2,1,1,-1,-1
24,6,0,2,0,7,0,3,-1,-1,1,0
24,0,0,1,1,7,7,1,0,0,0,0
11,5,0,2,1,7,7,1,1,1,1,1
5,0,0,1,1,7,7,1,1,1,1,1
32,0,0,1,1,0,7,1,0,0,0,0
17,16,5,5,1,7,7,0,1,1,1,1
17,16,5,3,1,7,7,4,-1,-1,0,-1
17,16,5,3,1,7,0,2,1,1,-1,-1
17,16,0,2,0,7,0,0,0,0,0,0
16,16,0,2,1,7,7,0,0,0,0,0
1,1,1,4,1,7,7,0,1,1,1,1
1,1,0,2,1,7,7,0,1,1,1,1
10,9,9,7,1,7,7,1,1,0,1,2
9,9,9,6,0,7,7,4,-1,-1,2,-1
9,9,9,6,0,7,0,1,1,0,1,2
9,9,9,5,0,7,7,4,-1,-1,2,-1
9,9,9,5,0,7,0,1,1,0,1,2
9,9,9,4,0,7,7,4,-1,-1,2,-1
9,9,9,4,0,7,0,1,1,0,1,2
9,9,9,3,0,7,7,4,-1,-1,2,-1
9,9,9,3,0,7,0,1,1,0,1,2
9,9,0,2,0,7,7,4,-1,-1,2,-1
9,9,0,2,0,7,0,0,0,0,0,0
23,9,5,7,1,7,7,2,2,2,-1,-1
23,9,5,6,0,7,7,3,-1,-1,2,1
23,9,5,5,0,7,7,2,1,2,-1,-1
23,9,5,4,0,7,7,3,-1,-1,1,1
23,9,5,3,0,7,7,4,0,-1,-1,-1
23,9,5,3,0,0,7,1,0,0,0,0
9,5,0,2,1,7,7,4,2,-1,-1,-1
9,5,0,2,1,0,7,0,0,0,0,0
32,0,0,1,1,7,7,1,0,0,0,0
37,11,6,8,1,7,7,2,2,2,-1,-1
37,11,6,7,0,7,7,3,-1,-1,2,2
37,11,6,6,0,7,7,2,2,2,-1,-1
37,11,6,5,0,7,7,3,-1,-1,1,2
37,11,6,4,0,7,7,2,1,1,-1,-1
37,11,4,3,0,7,7,3,-1,-1,1,1
37,11,0,2,0,7,7,1,0,0,0,0
11,0,0,1,0,7,7,1,1,1,1,1
22,21,21,3,1,0,7,1,0,0,0,0
21,21,0,2,1,7,7,4,2,-1,-1,-1
21,21,0,2,1,0,7,0,0,0,0,0
5,3,0,2,1,0,7,0,1,1,1,0
8,2,1,8,1,7,7,0,1,1,1,1
8,1,1,6,1,7,7,0,1,1,1,1
8,1,1,4,1,7,7,0,1,1,1,1
8,1,0,2,1,7,7,1,1,1,1,1
1,0,0,1,1,7,7,2,2,2,-1,-1
8,4,0,2,1,7,7,0,0,0,0,0
44,10,10,3,1,7,7,1,0,0,0,0
10,10,0,2,1,7,7,4,0,-1,-1,-1
10,10,0,2,1,0,7,0,0,0,0,0
10,9,9,7,1,7,7,1,1,0,1,2
9,9,9,6,0,7,7,4,-1,-1,2,-1
9,9,9,6,0,7,0,1,1,0,1,2
9,9,9,5,0,7,7,4,-1,-1,2,-1
9,9,9,5,0,7,0,1,1,0,1,2
9,9,9,4,0,7,7,4,-1,-1,2,-1
9,9,9,4,0,7,0,1,1,0,1,2
9,9,9,3,0,7,7,4,-1,-1,2,-1
9,9,9,3,0,7,0,1,1,0,1,2
9,9,0,2,0,7,7,4,-1,-1,2,-1
9,9,0,2,0,7,0,0,0,0,0,0
21,4,2,8,1,0,1,0,2,1,1,2
21,1,1,6,0,7,7,2,2,2,-1,-1
21,1,1,5,0,7,7,3,-1,-1,2,2
21,1,1,4,0,7,7,2,2,2,-1,-1
21,1,1,3,0,7,7,3,-1,-1,2,2
21,1,0,2,0,7,7,1,0,0,0,0
1,0,0,1,0,7,7,3,-1,-1,2,2
2,1,1,3,1,7,7,0,1,1,1,1
1,0,0,1,1,7,7,2,2,2,-1,-1
24,0,0,1,1,7,7,1,0,0,0,0
26,9,5,6,1,7,7,2,1,2,-1,-1
26,9,5,5,0,7,7,3,-1,-1,1,1
26,9,3,4,0,7,7,2,1,1,-1,-1
26,9,3,3,0,7,7,3,-1,-1,1,1
26,9,0,2,0,7,7,1,0,0,0,0
9,0,0,1,1,7,7,1,1,0,1,1
40,6,6,5,1,7,7,0,1,1,1,1
40,6,6,3,1,7,7,4,-1,-1,2,-1
40,6,6,3,1,7,0,2,1,1,-1,-1
40,6,0,2,0,7,0,3,-1,-1,1,0
40,0,0,1,1,7,7,1,0,0,0,0
4,4,4,8,1,7,7,0,1,1,1,1
4,4,4,6,1,7,7,0,1,1,1,1
4,4,4,4,1,7,7,0,1,1,1,1
4,4,0,2,1,7,7,0,1,1,1,1
16,4,2,5,1,0,7,2,2,1,-1,-1
16,4,1,4,0,7,7,3,-1,-1,1,1
16,1,1,3,0,7,7,2,1,2,-1,-1
16,1,0,2,0,7,7,1,0,0,0,0
1,0,0,1,1,7,7,2,2,2,-1,-1
17,17,7,4,1,7,7,0,0,0,0,1
17,17,0,2,1,7,7,4,-1,-1,2,-1
17,17,0,2,1,7,0,0,0,0,0,0
17,6,3,8,1,7,7,0,1,1,1,1
17,6,1,6,1,7,7,2,2,2,-1,-1
17,6,1,5,0,7,7,3,-1,-1,2,2
17,6,1,4,0,7,7,2,2,2,-1,-1
17,6,1,3,0,7,7,1,0,0,0,0
6,1,0,2,0,7,7,2,2,2,-1,-1
6,0,0,1,1,7,7,1,1,1,1,1
22,21,21,3,1,7,7,1,0,0,0,0
21,21,0,2,1,7,7,4,2,-1,-1,-1
21,21,0,2,1,0,7,0,0,0,0,0
11,4,3,8,1,7,7,0,1,1,1,1
11,2,1,6,1,7,7,0,1,1,1,1
11,1,1,4,1,7,7,2,2,2,-1,-1
11,1,1,3,0,7,7,3,-1,-1,2,2
11,1,0,2,0,7,7,1,1,1,1,1
1,0,0,1,1,7,7,2,2,2,-1,-1
1,1,1,8,1,7,7,0,1,1,1,1
1,1,1,6,1,7,7,0,1,1,1,1
1,1,1,4,1,7,7,0,1,1,1,1
1,1,0,2,1,7,7,0,1,1,1,1
12,0,0,1,1,7,7,1,1,1,1,1
2,1,1,3,1,0,7,0,2,1,2,1
1,0,0,1,1,7,7,2,2,2,-1,-1
23,5,5,6,1,7,7,0,1,1,1,1
23,5,5,4,1,7,7,4,-1,-1,0,-1
23,5,5,4,1,7,0,2,1,1,-1,-1
23,5,5,3,0,7,0,3,-1,-1,1,2
23,5,0,2,0,7,7,4,2,-1,-1,-1
23,5,0,2,0,0,7,1,0,0,0,0
5,0,0,1,1,7,7,1,1,1,1,1
5,1,1,4,1,7,7,2,2,2,-1,-1
5,1,1,3,0,7,7,3,-1,-1,2,2
5,1,0,2,0,7,7,2,2,2,-1,-1
5,0,0,1,0,7,7,1,1,1,1,1
5,1,1,8,1,7,7,0,1,1,1,1
5,1,1,6,1,7,7,0,1,1,1,1
5,1,1,4,1,7,7,0,1,1,1,1
5,1,0,2,1,7,7,0,1,1,0,2
16,0,0,1,1,7,7,1,0,0,0,0
24,5,2,4,1,7,7,2,2,2,-1,-1
24,5,1,3,0,7,7,1,0,1,0,1
5,1,0,2,1,7,7,4,0,-1,-1,-1
5,1,0,2,1,0,7,4,-1,-1,0,-1
5,1,0,2,1,0,0,1,1,1,2,2
1,0,0,1,0,7,7,3,-1,-1,1,2
20,5,2,8,1,7,7,0,1,1,1,1
20,5,1,6,1,7,7,2,2,2,-1,-1
20,5,1,5,0,7,7,3,-1,-1,2,2
20,5,1,4,0,7,7,2,2,2,-1,-1
20,5,1,3,0,7,7,1,0,0,0,0
5,1,0,2,1,7,7,0,1,1,0,2
34,7,7,3,1,7,7,1,0,0,0,0
7,7,0,2,0,7,7,4,0,-1,-1,-1
7,7,0,2,0,0,7,0,0,0,0,0
48,0,0,1,1,7,7,1,0,0,0,0
44,10,10,3,1,0,7,1,0,0,0,0
10,10,0,2,1,7,7,4,0,-1,-1,-1
10,10,0,2,1,0,7,0,0,0,0,0
39,11,6,7,1,0,1,2,2,2,-1,-1
39,11,6,6,0,7,1,3,-1,-1,2,2
39,11,6,5,0,7,7,2,2,1,-1,-1
39,11,6,4,0,7,7,3,-1,-1,1,1
39,11,6,3,0,7,7,2,1,1,-1,-1
39,11,0,2,0,7,7,1,0,0,0,0
11,0,0,1,1,7,7,1,1,1,1,1
6,6,2,4,1,0,1,0,1,1,1,1
6,6,0,2,1,7,7,0,1,1,1,1
1,1,1,4,1,7,7,0,1,1,1,1
1,1,0,2,1,7,7,0,1,1,1,1
4,0,0,1,1,7,7,1,1,1,1,1
1,1,1,4,1,7,7,0,1,1,1,1
1,1,0,2,1,7,7,0,1,1,1,1
4,0,0,1,1,0,7,1,2,1,2,1
8,4,4,3,1,7,7,0,1,1,1,1
8,0,0,1,1,7,7,1,1,1,1,1
39,16,9,3,1,7,7,1,0,0,0,0
16,9,0,2,1,7,7,4,0,-1,-1,-1
16,9,0,2,1,0,7,1,0,0,0,0
9,0,0,1,1,7,7,1,1,0,1,1
13,11,0,2,1,7,7,0,0,0,0,0
38,11,6,8,1,0,7,2,2,2,-1,-1
38,11,6,7,0,7,7,3,-1,-1,2,2
38,11,6,6,0,7,7,2,2,2,-1,-1
38,11,6,5,0,7,7,3,-1,-1,1,2
38,11,6,4,0,7,7,2,1,1,-1,-1
38,11,3,3,0,7,7,3,-1,-1,1,1
38,11,0,2,0,7,7,1,0,0,0,0
11,0,0,1,1,7,7,1,1,1,1,1
19,1,1,6,1,0,7,2,2,2,-1,-1
19,1,1,5,0,7,7,3,-1,-1,2,2
19,1,1,4,0,7,7,2,2,2,-1,-1
19,1,1,3,0,7,7,3,-1,-1,2,2
19,1,0,2,0,7,7,1,0,0,0,0
1,0,0,1,1,7,7,2,2,2,-1,-1
24,0,0,1,1,7,7,1,0,0,0,0
2,1,1,3,1,0,7,0,2,1,2,1
1,0,0,1,1,7,7,2,2,2,-1,-1
17,17,7,4,1,7,7,0,0,0,0,1
17,17,0,2,1,7,7,4,-1,-1,2,-1
17,17,0,2,1,7,0,0,0,0,0,0
64,0,0,1,1,7,7,1,0,0,0,0
31,8,3,8,1,7,7,0,1,1,1,1
31,8,1,6,1,7,7,2,2,2,-1,-1
31,8,1,5,0,7,7,3,-1,-1,2,2
31,8,1,4,0,7,7,2,2,2,-1,-1
31,8,1,3,0,7,7,1,0,0,0,0
8,1,0,2,1,7,7,4,0,-1,-1,-1
8,1,0,2,1,0,7,1,1,1,1,1
1,0,0,1,1,7,7,2,2,2,-1,-1
36,4,4,4,1,7,7,2,2,1,-1,-1
36,4,4,3,0,7,7,3,-1,-1,1,1
36,4,0,2,0,7,7,2,1,1,-1,-1
36,0,0,1,0,7,7,1,0,0,0,0
24,5,2,4,1,7,7,2,2,2,-1,-1
24,5,1,3,0,7,7,1,0,1,0,1
5,1,0,2,1,7,7,4,0,-1,-1,-1
5,1,0,2,1,0,7,4,-1,-1,0,-1
5,1,0,2,1,0,0,1,1,1,2,2
1,0,0,1,0,7,7,3,-1,-1,1,2
14,6,4,3,1,7,7,1,0,0,0,1
6,4,0,2,1,7,7,4,-1,-1,2,-1
6,4,0,2,1,7,0,0,1,0,1,1
16,0,0,1,1,0,7,1,0,0,0,0
16,0,0,1,1,7,7,1,0,0,0,0
16,0,0,1,1,7,7,1,0,0,0,0
2,1,1,7,1,0,1,0,2,1,2,1
1,1,1,5,1,7,7,0,1,1,1,1
1,1,1,3,1,7,7,0,1,1,1,1
1,0,0,1,1,7,7,2,2,2,-1,-1
8,4,4,7,1,0,1,0,1,1,1,1
8,4,4,5,1,7,7,0,1,1,1,1
8,4,4,3,1,7,7,0,1,1,1,1
8,0,0,1,1,7,7,1,1,1,1,1
64,0,0,1,1,7,7,1,0,0,0,0
6,6,6,8,1,7,7,2,2,2,-1,-1
6,6,6,7,0,7,7,3,-1,-1,2,2
6,6,6,6,0,7,7,2,2,2,-1,-1
6,6,6,5,0,7,7,3,-1,-1,2,2
6,6,6,4,0,7,7,0,1,1,1,1
6,6,0,2,1,7,7,4,-1,-1,0,-1
6,6,0,2,1,7,0,2,1,1,-1,-1
6,0,0,1,0,7,7,3,-1,-1,1,2
8,0,0,1,1,0,7,1,1,1,1,1
12,0,0,1,1,7,7,1,1,1,1,1
7,1,1,6,1,7,7,0,1,1,1,1
7,1,1,4,1,7,7,2,2,2,-1,-1
7,1,1,3,0,7,7,3,-1,-1,2,2
7,1,0,2,0,7,7,2,2,2,-1,-1
7,0,0,1,0,7,7,1,1,1,1,1
17,3,3,6,1,7,7,0,1,1,1,1
17,3,3,4,1,7,7,2,2,1,-1,-1
17,3,3,3,0,7,7,3,-1,-1,1,1
17,3,0,2,0,7,7,1,0,0,0,0
3,0,0,1,0,7,7,2,1,1,-1,-1
6,6,6,6,1,7,7,2,2,2,-1,-1
6,6,6,5,0,7,7,3,-1,-1,2,2
6,6,6,4,0,7,7,0,1,1,1,1
6,2,0,2,1,7,7,4,-1,-1,0,-1
6,2,0,2,1,7,0,2,1,1,-1,-1
2,0,0,1,0,7,7,3,-1,-1,2,1
3,1,0,2,1,7,7,0,1,1,1,1
32,0,0,1,1,7,7,1,0,0,0,0
10,6,0,2,1,7,7,0,0,0,0,0
6,2,0,2,1,0,1,0,1,1,0,2
5,1,1,4,1,7,7,2,2,2,-1,-1
5,1,1,3,0,7,7,3,-1,-1,2,2
5,1,0,2,0,7,7,2,2,2,-1,-1
5,0,0,1,0,7,7,1,1,1,1,1
32,0,0,1,1,7,7,1,0,0,0,0
24,0,0,1,1,7,7,1,0,0,0,0
64,0,0,1,1,7,7,1,0,0,0,0
24,6,6,5,1,7,7,0,1,1,1,1
24,6,6,3,1,7,7,4,-1,-1,2,-1
24,6,6,3,1,7,0,2,1,1,-1,-1
24,6,0,2,0,7,0,3,-1,-1,1,0
24,0,0,1,1,7,7,1,0,0,0,0
38,2,2,6,1,7,7,2,2,2,-1,-1
38,2,2,5,0,7,7,3,-1,-1,2,2
38,2,2,4,0,7,7,2,2,2,-1,-1
38,2,2,3,0,7,7,3,-1,-1,2,2
38,2,0,2,0,7,7,1,0,0,1,0
2,0,0,1,0,7,7,2,2,2,-1,-1
6,3,2,7,1,7,7,0,1,1,1,1
6,2,1,5,1,7,7,0,1,1,1,1
6,1,1,3,1,7,7,2,2,2,-1,-1
6,1,0,2,0,7,7,0,1,1,0,2
7,3,2,3,1,7,7,0,1,1,1,1
7,0,0,1,1,7,7,1,1,1,1,1
2,2,0,2,1,7,7,0,1,1,1,1
7,2,1,5,1,0,1,0,2,1,2,1
7,1,1,3,1,7,7,2,2,2,-1,-1
7,1,0,2,0,7,7,1,1,1,1,1
1,0,0,1,1,7,7,2,2,2,-1,-1
16,0,0,1,1,7,7,1,0,0,0,0
26,2,2,4,1,7,7,2,2,2,-1,-1
26,2,2,3,0,7,7,3,-1,-1,2,1
26,2,0,2,0,7,7,1,0,0,1,0
2,0,0,1,0,7,7,3,-1,-1,2,2
41,1,1,8,1,7,7,2,2,2,-1,-1
41,1,1,7,0,7,7,3,-1,-1,2,2
41,1,1,6,0,7,7,2,2,2,-1,-1
41,1,1,5,0,7,7,3,-1,-1,2,2
41,1,1,4,0,7,7,2,2,2,-1,-1
41,1,1,3,0,7,7,3,-1,-1,2,2
41,1,0,2,0,7,7,1,0,0,0,0
1,0,0,1,0,7,7,3,-1,-1,2,2
1,1,1,4,1,0,7,0,2,1,2,1
1,1,0,2,1,7,7,0,1,1,1,1
16,16,16,4,1,7,7,1,0,0,0,1
16,16,16,3,1,7,7,4,-1,-1,2,-1
16,16,16,3,1,7,0,1,0,0,0,1
16,16,0,2,1,7,7,4,-1,-1,2,-1
16,16,0,2,1,7,0,0,0,0,0,0
8,0,0,1,1,7,7,1,1,1,1,1
3,1,0,2,1,7,7,0,1,1,1,1
4,2,2,3,1,7,7,0,1,1,1,1
2,0,0,1,1,7,7,2,2,2,-1,-1
12,5,3,6,1,7,7,2,2,2,-1,-1
12,5,3,5,0,7,7,3,-1,-1,2,2
12,5,3,4,0,7,7,2,2,1,-1,-1
12,5,3,3,0,7,7,1,1,1,1,1
5,3,0,2,1,7,7,0,1,1,1,0
16,16,16,4,1,7,7,1,0,0,0,1
16,16,16,3,1,7,7,4,-1,-1,2,-1
16,16,16,3,1,7,0,1,0,0,0,1
16,16,0,2,1,7,7,4,-1,-1,2,-1
16,16,0,2,1,7,0,0,0,0,0,0
24,24,0,2,1,0,1,0,0,0,0,0
34,7,7,3,1,7,7,1,0,0,0,0
7,7,0,2,0,7,7,4,0,-1,-1,-1
7,7,0,2,0,0,7,0,0,0,0,0
6,6,6,8,1,7,7,2,2,2,-1,-1
6,6,6,7,0,7,7,3,-1,-1,2,2
6,6,6,6,0,7,7,2,2,2,-1,-1
6,6,6,5,0,7,7,3,-1,-1,2,2
6,6,6,4,0,7,7,0,1,1,1,1
6,6,0,2,1,7,7,4,-1,-1,0,-1
6,6,0,2,1,7,0,2,1,1,-1,-1
6,0,0,1,0,7,7,3,-1,-1,1,2
4,4,4,6,1,7,7,0,1,1,1,1
4,4,4,4,1,7,7,0,1,1,1,1
4,4,0,2,1,7,7,0,1,1,1,1
43,21,0,2,1,7,7,1,0,0,0,0
21,0,0,1,1,7,7,1,0,0,0,0
4,4,4,8,1,0,7,0,1,1,1,1
4,4,4,6,1,7,7,0,1,1,1,1
4,4,4,4,1,7,7,0,1,1,1,1
4,4,0,2,1,7,7,0,1,1,1,1
19,4,1,3,1,7,7,1,0,0,0,0
4,1,0,2,1,7,7,0,1,1,1,1
3,3,3,8,1,0,7,0,1,1,1,1
3,3,3,6,1,7,7,0,1,1,1,1
3,3,3,4,1,7,7,0,1,1,1,1
3,3,0,2,1,7,7,0,1,1,1,1
2,1,1,3,1,7,7,0,1,1,1,1
1,0,0,1,1,7,7,2,2,2,-1,-1
24,0,0,1,1,7,7,1,0,0,0,0
28,5,5,5,1,7,7,0,1,1,1,1
28,5,5,3,1,7,7,4,-1,-1,2,-1
28,5,5,3,1,7,0,2,1,1,-1,-1
28,5,0,2,0,7,0,3,-1,-1,1,0
28,0,0,1,1,7,7,1,0,0,0,0
8,0,0,1,1,0,7,1,1,1,1,1
2,1,1,3,1,0,7,0,2,1,2,1
1,0,0,1,1,7,7,2,2,2,-1,-1
3,1,0,2,1,7,7,0,1,1,1,1
16,0,0,1,1,7,7,1,0,0,0,0
5,1,1,8,1,0,7,0,1,1,1,1
5,1,1,6,1,7,7,0,1,1,1,1
5,1,1,4,1,7,7,0,1,1,1,1
5,1,0,2,1,7,7,0,1,1,0,2
4,1,1,5,1,7,7,0,1,1,1,1
1,1,1,3,1,7,7,0,1,1,1,1
1,0,0,1,1,7,7,2,2,2,-1,-1
6,1,1,7,1,7,7,0,1,1,1,1
6,1,1,5,1,7,7,0,1,1,1,1
6,1,1,3,1,7,7,2,2,2,-1,-1
6,1,0,2,0,7,7,0,1,1,0,2
6,2,1,6,1,7,7,0,1,1,1,1
6,1,1,4,1,7,7,2,2,2,-1,-1
6,1,1,3,0,7,7,3,-1,-1,2,2
6,1,0,2,0,7,7,2,2,2,-1,-1
6,0,0,1,0,7,7,1,1,1,1,1
34,7,7,3,1,7,7,1,0,0,0,0
7,7,0,2,0,7,7,4,0,-1,-1,-1
7,7,0,2,0,0,7,0,0,0,0,0
17,7,0,2,1,7,7,1,0,0,0,0
7,0,0,1,0,7,7,1,1,1,1,1
8,0,0,1,1,7,7,1,1,1,1,1
22,5,5,3,1,7,7,1,0,0,0,0
5,5,0,2,1,7,7,4,2,-1,-1,-1
5,5,0,2,1,0,7,0,1,1,1,1
10,7,7,7,1,7,7,2,2,2,-1,-1
10,7,7,6,0,7,7,3,-1,-1,2,2
10,7,7,5,0,7,7,2,2,2,-1,-1
10,7,7,4,0,7,7,1,1,1,1,2
7,7,2,3,0,7,7,2,2,2,-1,-1
7,7,0,2,0,7,7,0,0,0,0,0
14,5,5,3,1,0,7,1,0,0,0,1
5,5,0,2,1,7,7,4,-1,-1,2,-1
5,5,0,2,1,7,0,0,1,1,1,1
5,2,1,7,1,7,7,0,1,1,1,1
5,1,1,5,1,7,7,0,1,1,1,1
5,1,1,3,1,7,7,2,2,2,-1,-1
5,1,0,2,0,7,7,0,1,1,0,2
9,1,1,8,1,7,7,0,1,1,1,1
9,1,1,6,1,7,7,0,1,1,1,1
9,1,1,4,1,7,7,2,2,2,-1,-1
9,1,1,3,0,7,7,3,-1,-1,2,2
9,1,0,2,0,7,7,1,1,1,1,2
1,0,0,1,0,7,7,2,2,2,-1,-1
6,6,6,8,1,7,7,0,1,1,1,1
6,6,6,6,1,7,7,4,-1,-1,0,-1
6,6,6,6,1,7,0,2,1,1,-1,-1
6,6,6,5,0,7,7,3,-1,-1,1,1
6,6,6,4,1,7,7,4,-1,-1,0,-1
6,6,6,4,1,7,0,2,1,1,-1,-1
6,6,6,3,0,7,7,3,-1,-1,1,2
6,6,0,2,0,7,7,4,2,-1,-1,-1
6,6,0,2,0,0,7,0,1,1,1,1
6,1,1,7,1,0,1,0,2,1,2,1
6,1,1,5,1,7,7,0,1,1,1,1
6,1,1,3,1,7,7,2,2,2,-1,-1
6,1,0,2,0,7,7,0,1,1,0,2
41,12,6,5,1,7,7,2,2,1,-1,-1
41,12,6,4,0,7,7,3,-1,-1,1,1
41,12,6,3,0,7,7,2,1,1,-1,-1
41,12,0,2,0,7,7,1,0,0,0,0
12,0,0,1,0,7,7,1,1,1,1,1
18,1,1,7,1,0,7,0,1,1,1,1
18,1,1,5,1,7,7,2,2,2,-1,-1
18,1,1,4,0,7,7,3,-1,-1,2,2
18,1,1,3,0,7,7,2,2,2,-1,-1
18,1,0,2,0,7,7,1,0,0,0,0
1,0,0,1,0,7,7,2,2,2,-1,-1
7,2,1,5,1,7,7,0,1,1,1,1
7,1,1,3,1,7,7,2,2,2,-1,-1
7,1,0,2,0,7,7,1,1,1,1,1
1,0,0,1,1,7,7,2,2,2,-1,-1
33,7,3,8,1,7,7,2,2,2,-1,-1
33,7,3,7,0,7,7,3,-1,-1,2,2
33,7,3,6,0,7,7,2,2,2,-1,-1
33,7,3,5,0,7,7,3,-1,-1,2,2
33,7,3,4,0,7,7,2,2,2,-1,-1
33,7,3,3,0,7,7,1,0,0,0,1
7,3,0,2,0,7,7,4,-1,-1,0,-1
7,3,0,2,0,7,0,2,1,1,-1,-1
7,0,0,1,0,7,0,1,1,1,1,1
36,2,2,7,1,7,7,2,2,2,-1,-1
36,2,2,6,0,7,7,3,-1,-1,2,2
36,2,2,5,0,7,7,2,2,2,-1,-1
36,2,2,4,0,7,7,3,-1,-1,2,2
36,2,2,3,0,7,7,2,2,2,-1,-1
36,2,0,2,0,7,7,1,0,0,0,0
2,0,0,1,1,7,7,2,2,2,-1,-1
18,7,4,4,1,0,7,2,1,1,-1,-1
18,7,3,3,0,7,7,3,-1,-1,1,2
18,7,0,2,0,7,7,1,0,0,0,0
7,0,0,1,0,7,7,1,1,1,1,1
12,0,0,1,1,7,7,1,1,1,1,1
36,4,4,8,1,7,7,0,1,1,1,1
36,4,4,6,1,7,7,2,1,1,-1,-1
36,4,4,5,0,7,7,3,-1,-1,1,0
36,4,4,4,0,7,7,2,1,1,-1,-1
36,4,4,3,0,7,7,3,-1,-1,1,1
36,4,0,2,0,7,7,2,1,1,-1,-1
36,0,0,1,0,7,7,1,0,0,0,0
7,4,3,4,1,7,7,0,1,1,1,1
7,2,0,2,1,7,7,1,1,1,1,1
2,0,0,1,1,7,7,2,2,2,-1,-1
8,0,0,1,1,0,7,1,1,1,1,1
3,1,0,2,1,7,7,0,1,1,1,1
16,0,0,1,1,7,7,1,0,0,0,0
12,11,3,5,1,7,7,2,2,1,-1,-1
12,11,3,4,0,7,7,3,-1,-1,1,2
12,11,3,3,0,7,7,2,1,1,-1,-1
12,11,0,2,0,7,7,0,0,0,0,0
43,21,0,2,1,7,7,1,0,0,0,0
21,0,0,1,1,7,7,1,0,0,0,0
8,0,0,1,1,7,7,1,1,1,1,1
29,12,7,3,1,7,7,1,0,0,0,0
12,7,0,2,0,7,7,4,0,-1,-1,-1
12,7,0,2,0,0,7,1,1,1,1,1
7,0,0,1,1,7,7,1,1,1,1,1
48,0,0,1,1,0,7,1,0,0,0,0
9,2,1,3,1,7,7,1,1,1,1,2
2,1,0,2,0,7,7,2,2,2,-1,-1
1,0,0,1,0,7,7,3,-1,-1,2,2
19,13,0,2,1,7,7,1,0,0,0,0
13,0,0,1,1,7,7,1,0,0,0,0
5,1,1,4,1,7,7,2,2,2,-1,-1
5,1,1,3,0,7,7,3,-1,-1,2,2
5,1,0,2,0,7,7,2,2,2,-1,-1
5,0,0,1,0,7,7,1,1,1,1,1
2,1,1,3,1,7,7,0,1,1,1,1
1,0,0,1,1,7,7,2,2,2,-1,-1
64,0,0,1,1,7,7,1,0,0,0,0
48,9,3,6,1,0,1,2,2,1,-1,-1
48,9,2,5,0,7,1,3,-1,-1,2,1
48,9,1,4,1,7,7,2,2,2,-1,-1
48,9,1,3,0,7,7,3,-1,-1,2,2
48,9,0,2,0,7,7,1,0,0,0,0
9,0,0,1,1,7,7,1,1,0,1,1
32,0,0,1,1,7,7,1,0,0,0,0
2,1,1,7,1,7,7,0,1,1,1,1
1,1,1,5,1,7,7,0,1,1,1,1
1,1,1,3,1,7,7,0,1,1,1,1
1,0,0,1,1,7,7,2,2,2,-1,-1
24,0,0,1,1,7,7,1,0,0,0,0
64,0,0,1,1,7,7,1,0,0,0,0
2,2,0,2,1,7,7,0,1,1,1,1
2,1,1,3,1,0,7,0,2,1,2,1
1,0,0,1,1,7,7,2,2,2,-1,-1
48,0,0,1,1,7,7,1,0,0,0,0
6,6,6,6,1,0,7,2,2,2,-1,-1
6,6,6,5,0,7,7,3,-1,-1,2,2
6,6,6,4,0,7,7,0,1,1,1,1
6,2,0,2,1,7,7,4,-1,-1,0,-1
6,2,0,2,1,7,0,2,1,1,-1,-1
2,0,0,1,0,7,7,3,-1,-1,2,1
4,2,1,4,1,7,7,0,1,1,1,1
1,1,0,2,1,7,7,0,1,1,1,1
10,1,1,3,1,7,7,1,1,1,1,2
1,1,0,2,0,7,7,2,2,2,-1,-1
1,0,0,1,0,7,7,3,-1,-1,2,2
64,0,0,1,1,7,7,1,0,0,0,0
4,0,0,1,1,7,7,1,1,1,1,1
4,4,4,8,1,7,7,0,1,1,1,1
4,4,2,6,1,7,7,0,1,1,1,1
2,2,2,4,1,7,7,0,1,1,1,1
2,2,0,2,1,7,7,0,1,1,1,1
8,8,0,2,1,7,7,0,0,0,0,0
10,2,2,8,1,7,7,0,1,1,1,1
10,2,2,6,1,7,7,0,1,1,1,1
10,2,2,4,1,7,7,2,2,2,-1,-1
10,2,2,3,0,7,7,3,-1,-1,2,2
10,2,0,2,0,7,7,1,1,1,1,2
2,0,0,1,0,7,7,2,2,2,-1,-1
11,5,3,7,1,7,7,0,1,1,1,1
11,5,1,5,1,7,7,2,2,2,-1,-1
11,5,1,4,0,7,7,3,-1,-1,2,2
11,5,1,3,0,7,7,2,2,2,-1,-1
11,5,0,2,0,7,7,1,1,1,1,1
5,0,0,1,1,7,7,1,1,1,1,1
32,0,0,1,1,7,7,1,0,0,0,0
2,1,1,3,1,7,7,0,1,1,1,1
1,0,0,1,1,7,7,2,2,2,-1,-1
4,3,2,8,1,0,1,0,1,1,2,2
3,2,2,6,0,7,7,3,-1,-1,1,2
3,2,1,5,0,7,7,0,1,1,1,1
1,1,1,3,1,7,7,0,1,1,1,1
1,0,0,1,1,7,7,2,2,2,-1,-1
4,0,0,1,1,7,7,1,1,1,1,1
3,3,1,4,1,7,7,0,1,1,1,1
1,1,0,2,1,7,7,0,1,1,1,1
11,3,1,4,1,7,7,2,2,1,-1,-1
11,1,1,3,0,7,7,3,-1,-1,2,1
11,1,0,2,1,7,7,2,2,2,-1,-1
11,0,0,1,0,7,7,1,1,1,1,1
16,9,7,7,1,7,7,2,1,1,-1,-1
16,9,7,6,0,7,7,3,-1,-1,1,1
16,9,7,5,1,7,7,0,1,1,1,2
16,9,7,3,0,7,7,4,-1,-1,0,-1
16,9,7,3,0,7,0,1,0,0,0,1
9,7,0,2,1,7,7,4,-1,-1,2,-1
9,7,0,2,1,7,0,0,0,0,0,0
48,0,0,1,1,7,7,1,0,0,0,0
12,10,10,3,1,0,7,1,1,1,1,1
10,10,0,2,1,7,7,4,-1,-1,0,-1
10,10,0,2,1,7,0,2,0,0,-1,-1
10,0,0,1,0,7,7,3,-1,-1,0,2
6,1,1,7,1,7,7,0,1,1,1,1
6,1,1,5,1,7,7,0,1,1,1,1
6,1,1,3,1,7,7,2,2,2,-1,-1
6,1,0,2,0,7,7,0,1,1,0,2
12,9,9,5,1,0,1,1,1,1,1,1
9,9,9,4,1,7,7,4,-1,-1,0,-1
9,9,9,4,1,7,0,2,0,0,-1,-1
9,9,9,3,0,7,7,3,-1,-1,0,2
9,9,0,2,0,7,7,0,0,0,0,0
4,4,4,4,1,7,7,0,1,1,1,1
4,4,0,2,1,7,7,0,1,1,1,1
2,2,0,2,1,0,7,0,2,1,2,1
39,25,0,2,1,7,7,1,0,0,0,0
25,0,0,1,1,7,7,1,0,0,0,0
24,0,0,1,1,7,7,1,0,0,0,0
8,0,0,1,1,7,7,1,1,1,1,1
28,12,12,4,1,0,7,1,0,1,0,1
12,12,12,3,1,7,7,4,0,-1,-1,-1
12,12,12,3,1,0,7,4,-1,-1,0,-1
12,12,12,3,1,0,0,1,1,1,1,1
12,12,0,2,1,7,7,4,-1,-1,0,-1
12,12,0,2,1,7,0,2,0,0,-1,-1
12,0,0,1,0,7,7,3,-1,-1,0,2
7,5,5,6,1,0,7,0,1,1,1,1
7,5,5,4,1,7,7,4,-1,-1,0,-1
7,5,5,4,1,7,0,2,1,1,-1,-1
7,5,5,3,0,7,0,3,-1,-1,1,2
7,5,0,2,0,7,7,4,2,-1,-1,-1
7,5,0,2,0,0,7,0,0,0,0,0
17,9,6,3,1,7,7,1,0,0,0,1
9,6,0,2,0,7,7,4,-1,-1,2,-1
9,6,0,2,0,7,0,0,0,0,0,0
4,2,2,7,1,0,1,0,2,1,2,1
4,1,1,5,1,7,7,0,1,1,1,1
1,1,1,3,1,7,7,0,1,1,1,1
1,0,0,1,1,7,7,2,2,2,-1,-1
8,4,4,7,1,7,7,0,1,1,1,1
8,4,4,5,1,7,7,0,1,1,1,1
8,4,4,3,1,7,7,0,1,1,1,1
8,0,0,1,1,7,7,1,1,1,1,1
7,3,1,4,1,0,7,0,1,1,1,1
7,1,0,2,1,7,7,1,1,1,1,1
1,0,0,1,1,7,7,2,2,2,-1,-1
4,1,1,5,1,7,7,0,1,1,1,1
1,1,1,3,1,7,7,0,1,1,1,1
1,0,0,1,1,7,7,2,2,2,-1,-1
8,8,8,4,1,0,1,1,1,1,1,1
8,8,8,3,1,7,7,1,1,1,1,1
8,8,0,2,1,7,7,0,0,0,0,0
16,9,7,3,1,0,7,1,0,0,0,1
9,7,0,2,1,7,7,4,-1,-1,2,-1
9,7,0,2,1,7,0,0,0,0,0,0
12,12,12,4,1,7,7,1,1,0,1,1
12,12,12,3,0,7,7,4,-1,-1,2,-1
12,12,12,3,0,7,0,1,1,1,1,1
12,12,0,2,1,7,7,4,-1,-1,0,-1
12,12,0,2,1,7,0,2,0,0,-1,-1
12,0,0,1,0,7,7,3,-1,-1,0,2
4,4,0,2,1,7,7,0,1,1,1,1
12,12,0,2,1,7,7,0,0,0,0,0
8,4,3,7,1,7,7,0,1,1,1,1
8,3,2,5,1,7,7,0,1,1,1,1
8,2,2,3,1,7,7,2,2,2,-1,-1
8,2,0,2,0,7,7,1,1,1,1,1
2,0,0,1,1,7,7,2,2,2,-1,-1
1,1,1,8,1,7,7,0,1,1,1,1
1,1,1,6,1,7,7,0,1,1,1,1
1,1,1,4,1,7,7,0,1,1,1,1
1,1,0,2,1,7,7,0,1,1,1,1
1,1,1,4,1,7,7,0,1,1,1,1
1,1,0,2,1,7,7,0,1,1,1,1
2,1,1,3,1,7,7,0,1,1,1,1
1,0,0,1,1,7,7,2,2,2,-1,-1
4,0,0,1,1,0,7,1,2,1,2,1
1,1,1,8,1,7,7,0,1,1,1,1
1,1,1,6,1,7,7,0,1,1,1,1
1,1,1,4,1,7,7,0,1,1,1,1
1,1,0,2,1,7,7,0,1,1,1,1
4,0,0,1,1,7,7,1,1,1,1,1
6,6,2,4,1,7,7,0,1,1,1,1
6,6,0,2,1,7,7,0,1,1,1,1
12,0,0,1,1,7,7,1,1,1,1,1
48,0,0,1,1,0,7,1,0,0,0,0
4,0,0,1,1,7,7,1,1,1,1,1
12,11,3,5,1,0,7,2,2,1,-1,-1
12,11,3,4,0,7,7,3,-1,-1,1,2
12,11,3,3,0,7,7,2,1,1,-1,-1
12,11,0,2,0,7,7,0,0,0,0,0
44,10,10,3,1,7,7,1,0,0,0,0
10,10,0,2,1,7,7,4,0,-1,-1,-1
10,10,0,2,1,0,7,0,0,0,0,0
33,8,4,5,1,7,7,2,2,1,-1,-1
33,8,2,4,0,7,7,3,-1,-1,2,1
33,8,1,3,1,7,7,2,2,2,-1,-1
33,8,0,2,0,7,7,1,0,0,0,0
8,0,0,1,0,7,7,1,1,1,1,1
7,1,0,2,1,7,7,1,1,1,1,1
1,0,0,1,1,7,7,2,2,2,-1,-1
12,6,6,7,1,7,7,0,1,1,1,1
12,6,6,5,1,7,7,4,-1,-1,0,-1
12,6,6,5,1,7,0,2,1,1,-1,-1
12,6,6,4,0,7,0,3,-1,-1,1,2
12,6,6,3,0,7,7,4,2,-1,-1,-1
12,6,6,3,0,0,7,1,1,1,1,1
6,6,0,2,1,7,7,4,-1,-1,2,-1
6,6,0,2,1,7,0,2,1,1,-1,-1
6,0,0,1,0,7,7,3,-1,-1,1,0
16,0,0,1,1,7,7,1,0,0,0,0
6,2,0,2,1,0,7,0,1,1,0,2
6,2,2,6,1,7,7,0,1,1,1,1
6,2,2,4,1,7,7,2,2,2,-1,-1
6,2,2,3,0,7,7,3,-1,-1,2,2
6,2,0,2,0,7,7,2,2,2,-1,-1
6,0,0,1,0,7,7,1,1,1,1,1
8,2,1,4,1,0,7,2,2,2,-1,-1
8,1,1,3,0,7,7,3,-1,-1,2,2
8,1,0,2,0,7,7,2,2,2,-1,-1
8,0,0,1,0,7,7,1,1,1,1,1
8,4,0,2,1,0,7,0,0,0,0,0
33,8,4,5,1,7,7,2,2,1,-1,-1
33,8,2,4,0,7,7,3,-1,-1,2,1
33,8,1,3,1,7,7,2,2,2,-1,-1
33,8,0,2,0,7,7,1,0,0,0,0
8,0,0,1,0,7,7,1,1,1,1,1
24,6,6,5,1,0,7,0,1,1,1,1
24,6,6,3,1,7,7,4,-1,-1,2,-1
24,6,6,3,1,7,0,2,1,1,-1,-1
24,6,0,2,0,7,0,3,-1,-1,1,0
24,0,0,1,1,7,7,1,0,0,0,0
8,6,6,5,1,7,7,0,1,1,1,1
8,6,6,3,1,7,7,4,-1,-1,2,-1
8,6,6,3,1,7,0,2,1,1,-1,-1
8,6,0,2,0,7,0,3,-1,-1,1,0
8,0,0,1,1,7,7,1,1,1,1,1
5,1,1,4,1,0,7,2,2,2,-1,-1
5,1,1,3,0,7,7,3,-1,-1,2,2
5,1,0,2,0,7,7,2,2,2,-1,-1
5,0,0,1,0,7,7,1,1,1,1,1
8,0,0,1,1,7,7,1,1,1,1,1
46,3,3,7,1,7,7,2,1,1,-1,-1
46,3,3,6,0,7,7,3,-1,-1,1,1
46,3,3,5,1,7,7,2,2,1,-1,-1
46,3,3,4,0,7,7,3,-1,-1,1,1
46,3,3,3,0,7,7,2,1,1,-1,-1
46,3,0,2,0,7,7,3,-1,-1,1,1
46,0,0,1,0,7,7,1,0,0,0,0
48,0,0,1,1,7,7,1,0,0,0,0
12,12,0,2,1,7,7,0,0,0,0,0
13,4,2,8,1,7,7,0,1,1,1,1
13,1,1,6,1,7,7,0,1,1,1,1
13,1,1,4,1,7,7,2,2,2,-1,-1
13,1,1,3,0,7,7,3,-1,-1,2,2
13,1,0,2,0,7,7,1,0,0,1,0
1,0,0,1,0,7,7,3,-1,-1,2,2
16,0,0,1,1,0,7,1,0,0,0,0
6,6,6,8,1,0,7,0,1,1,1,1
6,6,6,6,1,7,7,4,-1,-1,0,-1
6,6,6,6,1,7,0,2,1,1,-1,-1
6,6,6,5,0,7,7,3,-1,-1,1,1
6,6,6,4,1,7,7,4,-1,-1,0,-1
6,6,6,4,1,7,0,2,1,1,-1,-1
6,6,6,3,0,7,7,3,-1,-1,1,2
6,6,0,2,0,7,7,4,2,-1,-1,-1
6,6,0,2,0,0,7,0,1,1,1,1
3,3,3,6,1,7,7,0,1,1,1,1
3,1,1,4,1,7,7,0,1,1,1,1
1,1,0,2,1,7,7,0,1,1,1,1
14,10,10,6,1,7,7,0,0,0,0,1
14,10,10,4,1,7,7,4,-1,-1,2,-1
14,10,10,4,1,7,0,1,0,0,0,1
10,10,10,3,1,7,7,4,-1,-1,2,-1
10,10,10,3,1,7,0,1,1,0,1,2
10,10,0,2,0,7,7,4,-1,-1,2,-1
10,10,0,2,0,7,0,0,0,0,0,0
2,2,2,8,1,7,7,0,1,1,1,1
2,2,2,6,1,7,7,0,1,1,1,1
2,2,2,4,1,7,7,0,1,1,1,1
2,2,0,2,1,7,7,0,1,1,1,1
26,1,1,7,1,7,7,2,2,2,-1,-1
26,1,1,6,0,7,7,3,-1,-1,2,2
26,1,1,5,0,7,7,2,2,2,-1,-1
26,1,1,4,0,7,7,3,-1,-1,2,2
26,1,1,3,0,7,7,2,2,2,-1,-1
26,1,0,2,0,7,7,1,0,0,1,0
1,0,0,1,0,7,7,3,-1,-1,2,2
2,1,1,3,1,7,7,0,1,1,1,1
1,0,0,1,1,7,7,2,2,2,-1,-1
32,0,0,1,1,7,7,1,0,0,0,0
3,2,1,5,1,0,7,0,1,1,2,2
1,1,1,3,0,7,7,3,-1,-1,1,2
1,1,0,2,0,7,7,0,1,1,1,1
30,6,6,4,1,7,7,1,0,0,0,0
6,6,6,3,1,7,7,4,0,-1,-1,-1
6,6,6,3,1,0,7,4,-1,-1,0,-1
6,6,6,3,1,0,0,1,2,2,1,1
6,6,0,2,0,7,7,2,1,1,-1,-1
6,0,0,1,0,7,7,3,-1,-1,1,1
8,0,0,1,1,7,7,1,1,1,1,1
8,6,6,5,1,0,7,0,1,1,1,1
8,6,6,3,1,7,7,4,-1,-1,2,-1
8,6,6,3,1,7,0,2,1,1,-1,-1
8,6,0,2,0,7,0,3,-1,-1,1,0
8,0,0,1,1,7,7,1,1,1,1,1
64,0,0,1,1,7,7,1,0,0,0,0
11,5,0,2,1,7,7,1,1,1,1,1
5,0,0,1,1,7,7,1,1,1,1,1
8,0,0,1,1,7,7,1,1,1,1,1
8,2,2,3,1,7,7,0,1,1,1,1
8,0,0,1,1,7,7,1,1,1,1,1
11,5,0,2,1,0,7,1,1,1,1,1
5,0,0,1,1,7,7,1,1,1,1,1
32,0,0,1,1,7,7,1,0,0,0,0
8,4,4,7,1,7,7,0,1,1,1,1
8,4,4,5,1,7,7,0,1,1,1,1
8,4,4,3,1,7,7,0,1,1,1,1
8,0,0,1,1,7,7,1,1,1,1,1
64,0,0,1,1,7,7,1,0,0,0,0
6,4,2,5,1,0,1,0,2,1,1,2
6,2,2,3,0,7,7,2,2,2,-1,-1
6,2,0,2,0,7,7,0,1,1,0,2
11,3,2,3,1,7,7,1,1,1,1,1
3,2,0,2,1,7,7,0,1,1,1,1
44,11,5,5,1,7,7,2,2,1,-1,-1
44,11,5,4,0,7,7,3,-1,-1,1,1
44,11,5,3,0,7,7,2,1,1,-1,-1
44,11,0,2,0,7,7,1,0,0,0,0
11,0,0,1,1,7,7,1,1,1,1,1
12,0,0,1,1,0,7,1,1,1,1,1
6,3,2,8,1,0,7,0,1,1,1,1
6,1,1,6,1,7,7,0,1,1,1,1
6,1,1,4,1,7,7,0,1,1,1,1
6,1,0,2,1,7,7,0,1,1,0,2
20,3,1,3,1,7,7,1,0,0,0,0
3,1,0,2,1,7,7,0,1,1,1,1
6,2,1,6,1,7,7,0,1,1,1,1
6,1,1,4,1,7,7,2,2,2,-1,-1
6,1,1,3,0,7,7,3,-1,-1,2,2
6,1,0,2,0,7,7,2,2,2,-1,-1
6,0,0,1,0,7,7,1,1,1,1,1
22,2,2,6,1,0,1,0,2,1,2,1
22,2,2,4,1,7,7,2,2,2,-1,-1
22,2,2,3,0,7,7,3,-1,-1,2,2
22,2,0,2,0,7,7,1,0,0,1,0
2,0,0,1,0,7,7,2,2,2,-1,-1
8,3,1,7,1,0,7,0,1,1,1,1
8,1,1,5,1,7,7,0,1,1,1,1
8,1,1,3,1,7,7,2,2,2,-1,-1
8,1,0,2,0,7,7,1,1,1,1,1
1,0,0,1,1,7,7,2,2,2,-1,-1
27,13,9,6,1,7,7,2,1,2,-1,-1
27,13,9,5,0,7,7,3,-1,-1,1,1
27,13,9,4,0,7,7,4,0,-1,-1,-1
27,13,9,4,0,0,7,1,0,1,0,1
13,9,5,3,1,7,7,4,0,-1,-1,-1
13,9,5,3,1,0,7,4,-1,-1,0,-1
13,9,5,3,1,0,0,1,0,0,0,1
9,5,0,2,1,7,7,4,-1,-1,2,-1
9,5,0,2,1,7,0,0,0,0,0,0
4,2,2,3,1,7,7,0,1,1,1,1
2,0,0,1,1,7,7,2,2,2,-1,-1
5,3,0,2,1,7,7,0,1,1,1,0
48,9,3,6,1,7,7,2,2,1,-1,-1
48,9,2,5,0,7,7,3,-1,-1,2,1
48,9,1,4,1,7,7,2,2,2,-1,-1
48,9,1,3,0,7,7,3,-1,-1,2,2
48,9,0,2,0,7,7,1,0,0,0,0
9,0,0,1,1,7,7,1,1,0,1,1
24,0,0,1,1,7,7,1,0,0,0,0
15,9,0,2,1,7,7,1,0,0,0,0
9,0,0,1,1,7,7,1,1,0,1,1
12,2,2,3,1,0,7,1,1,1,1,1
2,2,0,2,1,7,7,0,1,1,1,1
4,4,4,8,1,7,7,0,1,1,1,1
4,4,4,6,1,7,7,0,1,1,1,1
4,4,4,4,1,7,7,0,1,1,1,1
4,4,0,2,1,7,7,0,1,1,1,1
5,1,1,4,1,7,7,2,2,2,-1,-1
5,1,1,3,0,7,7,3,-1,-1,2,2
5,1,0,2,0,7,7,2,2,2,-1,-1
5,0,0,1,0,7,7,1,1,1,1,1
29,16,11,4,1,7,7,1,0,0,0,1
16,11,8,3,0,7,7,4,0,-1,-1,-1
16,11,8,3,0,0,7,4,-1,-1,0,-1
16,11,8,3,0,0,0,1,0,0,0,1
11,8,0,2,1,7,7,4,-1,-1,2,-1
11,8,0,2,1,7,0,1,1,1,1,1
8,0,0,1,1,7,7,1,1,1,1,1
16,16,16,3,1,7,7,1,0,0,0,1
16,16,0,2,1,7,7,4,-1,-1,2,-1
16,16,0,2,1,7,0,0,0,0,0,0
3,1,0,2,1,7,7,0,1,1,1,1
40,12,6,5,1,7,7,2,2,1,-1,-1
40,12,6,4,0,7,7,3,-1,-1,1,1
40,12,6,3,0,7,7,2,1,1,-1,-1
40,12,0,2,0,7,7,1,0,0,0,0
12,0,0,1,1,7,7,1,1,1,1,1
3,1,0,2,1,0,7,0,1,1,1,1
5,3,0,2,1,7,7,0,1,1,1,0
12,5,3,5,1,7,7,2,2,2,-1,-1
12,5,3,4,0,7,7,3,-1,-1,2,1
12,5,3,3,0,7,7,2,1,1,-1,-1
12,5,0,2,0,7,7,3,-1,-1,1,1
12,0,0,1,0,7,7,1,1,1,1,1
24,0,0,1,1,7,7,1,0,0,0,0
32,0,0,1,1,7,7,1,0,0,0,0
12,0,0,1,1,7,7,1,1,1,1,1
8,0,0,1,1,7,7,1,1,1,1,1
32,0,0,1,1,7,7,1,0,0,0,0
15,3,1,8,1,7,7,0,1,1,1,1
15,1,1,6,1,7,7,0,1,1,1,1
15,1,1,4,1,7,7,2,2,2,-1,-1
15,1,1,3,0,7,7,3,-1,-1,2,2
15,1,0,2,0,7,7,1,0,0,0,0
1,0,0,1,1,7,7,2,2,2,-1,-1
20,13,10,6,1,7,7,0,0,0,0,1
20,13,10,4,1,7,7,4,-1,-1,2,-1
20,13,10,4,1,7,0,2,2,1,-1,-1
20,13,10,3,0,7,0,3,-1,-1,0,0
20,13,0,2,0,7,7,4,0,-1,-1,-1
20,13,0,2,0,0,7,1,0,0,0,0
13,0,0,1,1,7,7,1,0,0,0,0
20,4,0,2,1,7,7,1,0,0,0,0
4,0,0,1,1,7,7,1,1,1,1,1
1,1,1,4,1,0,1,0,2,1,2,1
1,1,0,2,1,7,7,0,1,1,1,1
6,6,6,8,1,0,7,0,1,1,1,1
6,6,6,6,1,7,7,4,-1,-1,0,-1
6,6,6,6,1,7,0,2,1,1,-1,-1
6,6,6,5,0,7,7,3,-1,-1,1,1
6,6,6,4,1,7,7,4,-1,-1,0,-1
6,6,6,4,1,7,0,2,1,1,-1,-1
6,6,6,3,0,7,7,3,-1,-1,1,2
6,6,0,2,0,7,7,4,2,-1,-1,-1
6,6,0,2,0,0,7,0,1,1,1,1
8,8,0,2,1,7,7,0,0,0,0,0
48,0,0,1,1,7,7,1,0,0,0,0
16,0,0,1,1,7,7,1,0,0,0,0
24,0,0,1,1,7,7,1,0,0,0,0
3,1,0,2,1,7,7,0,1,1,1,1
34,14,0,2,1,7,7,1,0,0,0,0
14,0,0,1,0,7,7,1,0,0,0,0
4,0,0,1,1,7,7,1,1,1,1,1
12,0,0,1,1,0,7,1,1,1,1,1
24,0,0,1,1,7,7,1,0,0,0,0
18,1,1,7,1,7,7,0,1,1,1,1
18,1,1,5,1,7,7,2,2,2,-1,-1
18,1,1,4,0,7,7,3,-1,-1,2,2
18,1,1,3,0,7,7,2,2,2,-1,-1
18,1,0,2,0,7,7,1,0,0,0,0
1,0,0,1,0,7,7,2,2,2,-1,-1
7,5,5,6,1,0,7,0,1,1,1,1
7,5,5,4,1,7,7,4,-1,-1,0,-1
7,5,5,4,1,7,0,2,1,1,-1,-1
7,5,5,3,0,7,0,3,-1,-1,1,2
7,5,0,2,0,7,7,4,2,-1,-1,-1
7,5,0,2,0,0,7,0,0,0,0,0
12,0,0,1,1,0,7,1,1,1,1,1
4,2,2,3,1,0,7,0,1,1,2,2
2,0,0,1,0,7,7,3,-1,-1,1,2
2,1,1,3,1,7,7,0,1,1,1,1
1,0,0,1,1,7,7,2,2,2,-1,-1
7,5,5,6,1,7,7,0,1,1,1,1
7,5,5,4,1,7,7,4,-1,-1,0,-1
7,5,5,4,1,7,0,2,1,1,-1,-1
7,5,5,3,0,7,0,3,-1,-1,1,2
7,5,0,2,0,7,7,4,2,-1,-1,-1
7,5,0,2,0,0,7,0,0,0,0,0
25,10,6,5,1,0,7,2,2,0,-1,-1
25,10,6,4,0,7,7,3,-1,-1,1,2
25,10,6,3,1,7,7,4,-1,-1,2,-1
25,10,6,3,1,7,0,2,1,1,-1,-1
25,10,0,2,0,7,0,3,-1,-1,0,0
25,0,0,1,0,7,7,1,0,0,0,0
27,14,10,5,1,7,7,0,0,0,0,1
27,14,10,3,0,7,7,4,-1,-1,2,-1
27,14,10,3,0,7,0,1,0,0,0,0
14,10,0,2,1,7,7,4,2,-1,-1,-1
14,10,0,2,1,0,7,0,0,0,0,0
2,1,1,3,1,7,7,0,1,1,1,1
1,0,0,1,1,7,7,2,2,2,-1,-1
22,4,2,7,1,7,7,0,1,1,1,1
22,1,1,5,1,7,7,2,2,2,-1,-1
22,1,1,4,0,7,7,3,-1,-1,2,2
22,1,1,3,0,7,7,2,2,2,-1,-1
22,1,0,2,0,7,7,1,0,0,1,0
1,0,0,1,0,7,7,2,2,2,-1,-1
12,0,0,1,1,0,7,1,1,1,1,1
44,4,4,6,1,7,7,2,1,1,-1,-1
44,4,4,5,0,7,7,3,-1,-1,1,0
44,4,4,4,0,7,7,2,1,1,-1,-1
44,4,4,3,0,7,7,3,-1,-1,1,1
44,4,0,2,0,7,7,2,1,1,-1,-1
44,0,0,1,0,7,7,1,0,0,0,0
4,0,0,1,1,7,7,1,1,1,1,1
2,1,1,3,1,0,1,0,2,1,2,1
1,0,0,1,1,7,7,2,2,2,-1,-1
4,0,0,1,1,7,7,1,1,1,1,1
12,5,5,5,1,7,7,0,1,1,1,1
12,5,5,3,1,7,7,4,-1,-1,2,-1
12,5,5,3,1,7,0,2,1,1,-1,-1
12,5,0,2,0,7,0,3,-1,-1,1,0
12,0,0,1,1,7,7,1,1,1,1,1
2,1,1,3,1,7,7,0,1,1,1,1
1,0,0,1,1,7,7,2,2,2,-1,-1
17,16,5,5,1,7,7,0,1,1,1,1
17,16,5,3,1,7,7,4,-1,-1,0,-1
17,16,5,3,1,7,0,2,1,1,-1,-1
17,16,0,2,0,7,0,0,0,0,0,0
28,6,6,7,1,0,7,0,1,1,1,1
28,6,6,5,1,7,7,4,-1,-1,0,-1
28,6,6,5,1,7,0,2,1,1,-1,-1
28,6,6,4,0,7,0,3,-1,-1,1,2
28,6,6,3,0,7,7,4,2,-1,-1,-1
28,6,6,3,0,0,7,1,0,0,0,0
6,6,0,2,1,7,7,4,2,-1,-1,-1
6,6,0,2,1,0,7,0,1,1,1,1
5,2,2,6,1,7,7,0,1,1,1,1
5,1,1,4,1,7,7,2,2,2,-1,-1
5,1,1,3,0,7,7,3,-1,-1,2,2
5,1,0,2,0,7,7,2,2,2,-1,-1
5,0,0,1,0,7,7,1,1,1,1,1
12,6,6,7,1,0,1,0,1,1,1,1
12,6,6,5,1,7,7,4,-1,-1,0,-1
12,6,6,5,1,7,0,2,1,1,-1,-1
12,6,6,4,0,7,0,3,-1,-1,1,2
12,6,6,3,0,7,7,4,2,-1,-1,-1
12,6,6,3,0,0,7,1,1,1,1,1
6,6,0,2,1,7,7,4,-1,-1,2,-1
6,6,0,2,1,7,0,2,1,1,-1,-1
6,0,0,1,0,7,7,3,-1,-1,1,0
4,0,0,1,1,7,7,1,1,1,1,1
29,7,7,6,1,7,7,0,0,0,0,1
29,7,7,4,1,7,7,4,-1,-1,2,-1
29,7,7,4,1,7,0,1,0,0,0,1
7,7,7,3,0,7,7,4,0,-1,-1,-1
7,7,7,3,0,0,7,4,-1,-1,0,-1
7,7,7,3,0,0,0,1,1,1,1,0
7,7,0,2,0,7,7,2,0,0,-1,-1
7,0,0,1,0,7,7,3,-1,-1,0,0
2,1,1,7,1,7,7,0,1,1,1,1
1,1,1,5,1,7,7,0,1,1,1,1
1,1,1,3,1,7,7,0,1,1,1,1
1,0,0,1,1,7,7,2,2,2,-1,-1
3,1,1,6,1,7,7,0,1,1,1,1
1,1,1,4,1,7,7,0,1,1,1,1
1,1,0,2,1,7,7,0,1,1,1,1
8,0,0,1,1,0,7,1,1,1,1,1
16,12,12,5,1,0,7,1,0,0,0,1
12,12,12,4,1,7,7,4,-1,-1,2,-1
12,12,12,4,1,7,0,1,1,1,1,1
12,12,12,3,1,7,7,4,-1,-1,0,-1
12,12,12,3,1,7,0,2,0,0,-1,-1
12,12,0,2,0,7,7,3,-1,-1,0,2
12,0,0,1,0,7,7,1,1,1,1,1
11,11,11,8,1,0,7,1,1,1,1,1
11,11,11,7,1,7,7,4,-1,-1,0,-1
11,11,11,7,1,7,0,2,1,1,-1,-1
11,11,11,6,0,7,0,3,-1,-1,1,1
11,11,11,5,1,7,7,4,-1,-1,2,-1
11,11,11,5,1,7,0,2,1,2,-1,-1
11,11,11,4,0,7,0,3,-1,-1,0,0
11,11,11,3,0,7,7,4,0,-1,-1,-1
11,11,11,3,0,0,7,1,1,1,1,1
11,11,0,2,1,7,7,4,-1,-1,0,-1
11,11,0,2,1,7,0,2,0,0,-1,-1
11,0,0,1,0,7,7,3,-1,-1,0,2
8,0,0,1,1,7,7,1,1,1,1,1
8,8,0,2,1,7,7,0,0,0,0,0
32,0,0,1,1,7,7,1,0,0,0,0
15,5,2,5,1,7,7,2,2,2,-1,-1
15,5,1,4,0,7,7,3,-1,-1,2,2
15,5,1,3,0,7,7,2,2,2,-1,-1
15,5,0,2,0,7,7,1,0,0,0,0
5,0,0,1,1,7,7,1,1,1,1,1
8,1,1,5,1,7,7,0,1,1,1,1
8,1,1,3,1,7,7,2,2,2,-1,-1
8,1,0,2,0,7,7,1,1,1,1,1
1,0,0,1,1,7,7,2,2,2,-1,-1
6,2,0,2,1,7,7,0,1,1,0,2
12,0,0,1,1,7,7,1,1,1,1,1
5,1,1,8,1,7,7,0,1,1,1,1
5,1,1,6,1,7,7,0,1,1,1,1
5,1,1,4,1,7,7,0,1,1,1,1
5,1,0,2,1,7,7,0,1,1,0,2
24,0,0,1,1,7,7,1,0,0,0,0
2,1,1,3,1,7,7,0,1,1,1,1
1,0,0,1,1,7,7,2,2,2,-1,-1
8,4,4,3,1,0,7,0,1,1,1,1
8,0,0,1,1,7,7,1,1,1,1,1
43,12,6,4,1,0,1,0,1,1,1,2
43,12,0,2,0,7,7,4,-1,-1,0,-1
43,12,0,2,0,7,0,1,0,0,0,0
12,0,0,1,1,7,7,1,1,1,1,1
24,0,0,1,1,0,7,1,0,0,0,0
2,1,1,3,1,7,7,0,1,1,1,1
1,0,0,1,1,7,7,2,2,2,-1,-1
1,1,1,8,1,7,7,0,1,1,1,1
1,1,1,6,1,7,7,0,1,1,1,1
1,1,1,4,1,7,7,0,1,1,1,1
1,1,0,2,1,7,7,0,1,1,1,1
47,10,4,5,1,0,1,2,2,1,-1,-1
47,10,2,4,0,7,1,3,-1,-1,2,1
47,10,1,3,1,7,7,2,2,2,-1,-1
47,10,0,2,0,7,7,1,0,0,0,0
10,0,0,1,1,7,7,1,1,0,1,1
48,0,0,1,1,7,7,1,0,0,0,0
6,2,2,6,1,7,7,0,1,1,1,1
6,2,2,4,1,7,7,2,2,2,-1,-1
6,2,2,3,0,7,7,3,-1,-1,2,2
6,2,0,2,0,7,7,2,2,2,-1,-1
6,0,0,1,0,7,7,1,1,1,1,1
8,8,8,4,1,0,1,1,1,1,1,1
8,8,8,3,1,7,7,1,1,1,1,1
8,8,0,2,1,7,7,0,0,0,0,0
2,1,1,3,1,7,7,0,1,1,1,1
1,0,0,1,1,7,7,2,2,2,-1,-1
8,0,0,1,1,0,7,1,1,1,1,1
8,3,1,7,1,7,7,0,1,1,1,1
8,1,1,5,1,7,7,0,1,1,1,1
8,1,1,3,1,7,7,2,2,2,-1,-1
8,1,0,2,0,7,7,1,1,1,1,1
1,0,0,1,1,7,7,2,2,2,-1,-1
64,0,0,1,1,7,7,1,0,0,0,0
2,1,1,3,1,0,7,0,2,1,2,1
1,0,0,1,1,7,7,2,2,2,-1,-1
12,0,0,1,1,7,7,1,1,1,1,1
2,2,1,6,1,7,7,0,1,1,1,1
1,1,1,4,1,7,7,0,1,1,1,1
1,1,0,2,1,7,7,0,1,1,1,1
6,6,6,8,1,7,7,2,2,2,-1,-1
6,6,6,7,0,7,7,3,-1,-1,2,2
6,6,6,6,0,7,7,2,2,2,-1,-1
6,6,6,5,0,7,7,3,-1,-1,2,2
6,6,6,4,0,7,7,0,1,1,1,1
6,6,0,2,1,7,7,4,-1,-1,0,-1
6,6,0,2,1,7,0,2,1,1,-1,-1
6,0,0,1,0,7,7,3,-1,-1,1,2
37,7,3,4,1,7,7,2,2,2,-1,-1
37,7,3,3,0,7,7,1,0,0,0,0
7,3,0,2,0,7,7,3,-1,-1,1,1
7,0,0,1,0,7,7,1,1,1,1,1
11,5,3,6,1,0,1,2,2,2,-1,-1
11,5,3,5,0,7,1,3,-1,-1,2,2
11,5,3,4,0,7,7,2,2,1,-1,-1
11,5,3,3,0,7,7,1,1,1,1,1
5,3,0,2,1,7,7,0,1,1,1,0
2,1,1,3,1,7,7,0,1,1,1,1
1,0,0,1,1,7,7,2,2,2,-1,-1
1,1,1,4,1,0,7,0,2,1,2,1
1,1,0,2,1,7,7,0,1,1,1,1
4,2,1,8,1,0,7,0,1,1,2,2
1,1,1,6,0,7,7,3,-1,-1,1,2
1,1,1,5,0,7,7,0,1,1,1,1
1,1,1,3,1,7,7,0,1,1,1,1
1,0,0,1,1,7,7,2,2,2,-1,-1
16,4,4,3,1,0,1,1,0,0,0,0
4,4,0,2,1,7,7,0,1,1,1,1
3,1,0,2,1,7,7,0,1,1,1,1
4,2,1,8,1,7,7,0,1,1,1,1
1,1,1,6,1,7,7,0,1,1,1,1
1,1,1,4,1,7,7,0,1,1,1,1
1,1,0,2,1,7,7,0,1,1,1,1
5,3,2,5,1,7,7,0,1,1,1,1
5,1,1,3,1,7,7,2,2,2,-1,-1
5,1,0,2,0,7,7,0,1,1,0,2
32,16,0,2,1,0,1,1,0,0,0,0
16,0,0,1,1,7,7,1,0,0,0,0
12,7,5,3,1,7,7,1,1,0,1,1
7,5,0,2,0,7,7,4,-1,-1,2,-1
7,5,0,2,0,7,0,0,0,0,0,0
7,1,0,2,1,0,7,1,1,1,1,1
1,0,0,1,1,7,7,2,2,2,-1,-1
1,1,1,4,1,7,7,0,1,1,1,1
1,1,0,2,1,7,7,0,1,1,1,1
2,2,2,6,1,0,7,0,2,1,2,1
2,2,2,4,1,7,7,0,1,1,1,1
2,2,0,2,1,7,7,0,1,1,1,1
20,2,2,7,1,0,7,0,1,1,1,1
20,2,2,5,1,7,7,2,2,2,-1,-1
20,2,2,4,0,7,7,3,-1,-1,2,2
20,2,2,3,0,7,7,2,2,2,-1,-1
20,2,0,2,0,7,7,1,0,0,0,0
2,0,0,1,1,7,7,2,2,2,-1,-1
16,0,0,1,1,7,7,1,0,0,0,0
6,4,2,5,1,7,7,0,1,1,1,1
6,2,2,3,1,7,7,2,2,2,-1,-1
6,2,0,2,0,7,7,0,1,1,0,2
5,3,2,8,1,0,7,0,1,1,1,1
5,2,1,6,1,7,7,0,1,1,1,1
5,1,1,4,1,7,7,0,1,1,1,1
5,1,0,2,1,7,7,0,1,1,0,2
8,4,4,5,1,7,7,0,1,1,1,1
8,4,4,3,1,7,7,0,1,1,1,1
8,0,0,1,1,7,7,1,1,1,1,1
11,11,11,6,1,7,7,0,1,0,1,1
11,11,11,4,0,7,7,4,-1,-1,2,-1
11,11,11,4,0,7,0,1,1,1,1,1
11,11,5,3,1,7,7,4,-1,-1,0,-1
11,11,5,3,1,7,0,2,1,1,-1,-1
11,11,0,2,0,7,0,0,0,0,0,0
5,3,2,5,1,7,7,0,1,1,1,1
5,1,1,3,1,7,7,2,2,2,-1,-1
5,1,0,2,0,7,7,0,1,1,0,2
6,1,1,3,1,7,7,0,1,1,1,2
1,0,0,1,0,7,7,3,-1,-1,1,2
23,5,5,6,1,7,7,0,1,1,1,1
23,5,5,4,1,7,7,4,-1,-1,0,-1
23,5,5,4,1,7,0,2,1,1,-1,-1
23,5,5,3,0,7,0,3,-1,-1,1,2
23,5,0,2,0,7,7,4,2,-1,-1,-1
23,5,0,2,0,0,7,1,0,0,0,0
5,0,0,1,1,7,7,1,1,1,1,1
12,0,0,1,1,7,7,1,1,1,1,1
2,1,1,3,1,0,1,0,2,1,2,1
1,0,0,1,1,7,7,2,2,2,-1,-1
19,4,1,3,1,7,7,1,0,0,0,0
4,1,0,2,1,7,7,0,1,1,1,1
8,2,1,8,1,7,7,0,1,1,1,1
8,1,1,6,1,7,7,0,1,1,1,1
8,1,1,4,1,7,7,0,1,1,1,1
8,1,0,2,1,7,7,1,1,1,1,1
1,0,0,1,1,7,7,2,2,2,-1,-1
14,4,2,7,1,7,7,0,1,1,1,1
14,1,1,5,1,7,7,2,2,2,-1,-1
14,1,1,4,0,7,7,3,-1,-1,2,2
14,1,1,3,0,7,7,2,2,1,-1,-1
14,1,0,2,0,7,7,1,0,0,1,0
1,0,0,1,0,7,7,3,-1,-1,2,2
32,0,0,1,1,7,7,1,0,0,0,0
26,19,19,3,1,0,7,1,0,0,0,0
19,19,0,2,1,7,7,4,2,-1,-1,-1
19,19,0,2,1,0,7,0,0,0,0,0
2,1,1,7,1,7,7,0,1,1,1,1
1,1,1,5,1,7,7,0,1,1,1,1
1,1,1,3,1,7,7,0,1,1,1,1
1,0,0,1,1,7,7,2,2,2,-1,-1
8,8,8,4,1,0,7,1,1,1,1,1
8,8,8,3,1,7,7,1,1,1,1,1
8,8,0,2,1,7,7,0,0,0,0,0
16,2,2,5,1,7,7,2,2,2,-1,-1
16,2,2,4,0,7,7,3,-1,-1,2,2
16,2,2,3,0,7,7,2,2,2,-1,-1
16,2,0,2,0,7,7,1,0,0,0,0
2,0,0,1,1,7,7,2,2,2,-1,-1
43,14,7,3,1,0,1,1,0,0,0,0
14,7,0,2,1,7,7,4,0,-1,-1,-1
14,7,0,2,1,0,7,1,0,0,0,0
7,0,0,1,1,7,7,1,1,1,1,1
6,4,2,5,1,7,7,0,1,1,1,1
6,2,2,3,1,7,7,2,2,2,-1,-1
6,2,0,2,0,7,7,0,1,1,0,2
6,6,6,8,1,0,1,0,1,1,1,1
6,6,6,6,1,7,7,4,-1,-1,0,-1
6,6,6,6,1,7,0,2,1,1,-1,-1
6,6,6,5,0,7,7,3,-1,-1,1,1
6,6,6,4,1,7,7,4,-1,-1,0,-1
6,6,6,4,1,7,0,2,1,1,-1,-1
6,6,6,3,0,7,7,3,-1,-1,1,2
6,6,0,2,0,7,7,4,2,-1,-1,-1
6,6,0,2,0,0,7,0,1,1,1,1
4,4,4,8,1,0,7,0,1,1,2,2
4,4,4,6,0,7,7,3,-1,-1,1,2
4,4,4,5,0,7,7,0,1,1,1,1
4,2,2,3,1,7,7,0,1,1,1,1
2,0,0,1,1,7,7,2,2,2,-1,-1
2,1,1,3,1,0,7,0,2,1,2,1
1,0,0,1,1,7,7,2,2,2,-1,-1
33,7,3,7,1,7,7,2,1,1,-1,-1
33,7,2,6,0,7,7,3,-1,-1,1,1
33,7,2,5,1,7,7,2,2,2,-1,-1
33,7,2,4,0,7,7,3,-1,-1,2,2
33,7,1,3,0,7,7,2,2,2,-1,-1
33,7,0,2,0,7,7,1,0,0,0,0
7,0,0,1,0,7,7,1,1,1,1,1
19,5,3,8,1,7,7,0,1,1,1,1
19,5,1,6,1,7,7,2,2,2,-1,-1
19,5,1,5,0,7,7,3,-1,-1,2,2
19,5,1,4,0,7,7,2,2,2,-1,-1
19,5,1,3,0,7,7,1,0,0,0,0
5,1,0,2,1,7,7,0,1,1,0,2
2,1,1,3,1,7,7,0,1,1,1,1
1,0,0,1,1,7,7,2,2,2,-1,-1
1,1,1,4,1,7,7,0,1,1,1,1
1,1,0,2,1,7,7,0,1,1,1,1
8,8,4,4,1,7,7,2,2,2,-1,-1
8,8,4,3,0,7,7,3,-1,-1,2,0
8,8,0,2,0,7,7,4,0,-1,-1,-1
8,8,0,2,0,0,7,0,0,0,0,0
3,1,0,2,1,7,7,0,1,1,1,1
17,17,7,4,1,7,7,0,0,0,0,1
17,17,0,2,1,7,7,4,-1,-1,2,-1
17,17,0,2,1,7,0,0,0,0,0,0
5,1,1,4,1,7,7,2,2,2,-1,-1
5,1,1,3,0,7,7,3,-1,-1,2,2
5,1,0,2,0,7,7,2,2,2,-1,-1
5,0,0,1,0,7,7,1,1,1,1,1
3,1,1,6,1,0,7,0,1,1,2,2
1,1,1,4,0,7,7,3,-1,-1,1,2
1,1,1,3,0,7,7,0,1,1,1,1
1,0,0,1,1,7,7,2,2,2,-1,-1
5,1,1,4,1,7,7,2,2,2,-1,-1
5,1,1,3,0,7,7,3,-1,-1,2,2
5,1,0,2,0,7,7,2,2,2,-1,-1
5,0,0,1,0,7,7,1,1,1,1,1
28,9,9,5,1,0,7,0,0,0,0,1
28,9,9,3,1,7,7,4,-1,-1,2,-1
28,9,9,3,1,7,0,1,0,0,0,0
9,9,0,2,1,7,7,4,2,-1,-1,-1
9,9,0,2,1,0,7,0,0,0,0,0
48,0,0,1,1,7,7,1,0,0,0,0
8,4,0,2,1,0,7,0,0,0,0,0
41,13,6,4,1,7,7,0,1,1,1,2
41,13,0,2,0,7,7,4,-1,-1,0,-1
41,13,0,2,0,7,0,1,0,0,0,0
13,0,0,1,0,7,7,1,0,0,0,0
4,0,0,1,1,7,7,1,1,1,1,1
8,4,0,2,1,7,7,0,0,0,0,0
24,0,0,1,1,0,7,1,0,0,0,0
9,2,1,7,1,0,1,0,2,1,2,1
9,1,1,5,1,7,7,2,2,2,-1,-1
9,1,1,4,0,7,7,3,-1,-1,2,2
9,1,1,3,0,7,7,2,2,2,-1,-1
9,1,0,2,0,7,7,1,1,1,1,2
1,0,0,1,0,7,7,2,2,2,-1,-1
3,1,0,2,1,7,7,0,1,1,1,1
17,4,2,4,1,7,7,2,2,1,-1,-1
17,2,1,3,0,7,7,3,-1,-1,1,2
17,1,0,2,0,7,7,1,0,0,0,0
1,0,0,1,0,7,7,2,2,2,-1,-1
6,2,0,2,1,7,7,0,1,1,0,2
4,4,4,6,1,7,7,0,1,1,1,1
4,4,4,4,1,7,7,0,1,1,1,1
4,4,0,2,1,7,7,0,1,1,1,1
10,6,0,2,1,7,7,0,0,0,0,0
48,0,0,1,1,7,7,1,0,0,0,0
17,17,7,4,1,7,7,0,0,0,0,1
17,17,0,2,1,7,7,4,-1,-1,2,-1
17,17,0,2,1,7,0,0,0,0,0,0
45,10,4,7,1,7,7,2,1,1,-1,-1
45,10,2,6,0,7,7,3,-1,-1,1,1
45,10,2,5,1,7,7,2,2,2,-1,-1
45,10,2,4,0,7,7,3,-1,-1,2,2
45,10,1,3,0,7,7,2,2,2,-1,-1
45,10,0,2,0,7,7,1,0,0,0,0
10,0,0,1,0,7,7,1,1,0,1,1
8,4,4,7,1,0,7,0,1,1,1,1
8,4,4,5,1,7,7,0,1,1,1,1
8,4,4,3,1,7,7,0,1,1,1,1
8,0,0,1,1,7,7,1,1,1,1,1
2,1,1,3,1,7,7,0,1,1,1,1
1,0,0,1,1,7,7,2,2,2,-1,-1
32,4,4,5,1,0,7,2,2,1,-1,-1
32,4,4,4,0,7,7,3,-1,-1,1,1
32,4,4,3,0,7,7,2,1,1,-1,-1
32,4,0,2,0,7,7,3,-1,-1,1,1
32,0,0,1,0,7,7,1,0,0,0,0
16,15,15,6,1,7,7,0,1,0,1,1
16,15,15,4,0,7,7,4,-1,-1,2,-1
16,15,15,4,0,7,0,1,0,0,0,1
15,15,6,3,1,7,7,4,-1,-1,0,-1
15,15,6,3,1,7,0,2,1,1,-1,-1
15,15,0,2,0,7,0,0,0,0,0,0
2,2,2,8,1,7,7,0,1,1,1,1
2,2,1,6,1,7,7,0,1,1,1,1
1,1,1,4,1,7,7,0,1,1,1,1
1,1,0,2,1,7,7,0,1,1,1,1
17,7,0,2,1,7,7,1,0,0,0,0
7,0,0,1,0,7,7,1,1,1,1,1
36,12,7,6,1,7,7,2,2,1,-1,-1
36,12,7,5,0,7,7,3,-1,-1,1,1
36,12,7,4,0,7,7,2,1,1,-1,-1
36,12,7,3,0,7,7,1,0,0,0,0
12,7,0,2,1,7,7,4,0,-1,-1,-1
12,7,0,2,1,0,7,1,1,1,1,1
7,0,0,1,1,7,7,1,1,1,1,1
15,15,14,7,1,7,7,0,1,1,1,1
15,15,14,5,1,7,7,4,-1,-1,0,-1
15,15,14,5,1,7,0,2,1,1,-1,-1
15,15,14,4,0,7,0,3,-1,-1,1,2
15,15,14,3,0,7,7,4,2,-1,-1,-1
15,15,14,3,0,0,7,1,0,0,0,1
15,14,0,2,1,7,7,4,-1,-1,2,-1
15,14,0,2,1,7,0,0,0,0,0,0
12,3,3,5,1,7,7,0,1,1,1,1
12,3,3,3,1,7,7,1,1,1,1,1
3,3,0,2,1,7,7,0,1,1,1,1
5,4,1,5,1,0,1,0,2,1,1,2
5,1,1,3,0,7,7,2,2,2,-1,-1
5,1,0,2,0,7,7,0,1,1,0,2
4,0,0,1,1,7,7,1,1,1,1,1
4,2,1,4,1,0,7,0,1,1,2,2
1,1,0,2,0,7,7,3,-1,-1,1,2
1,0,0,1,0,7,7,2,2,2,-1,-1
17,16,5,5,1,0,7,0,1,1,1,1
17,16,5,3,1,7,7,4,-1,-1,0,-1
17,16,5,3,1,7,0,2,1,1,-1,-1
17,16,0,2,0,7,0,0,0,0,0,0
15,6,3,3,1,7,7,1,0,0,0,1
6,3,0,2,1,7,7,4,-1,-1,2,-1
6,3,0,2,1,7,0,0,1,0,1,1
12,0,0,1,1,7,7,1,1,1,1,1
4,0,0,1,1,7,7,1,1,1,1,1
23,5,5,6,1,7,7,0,1,1,1,1
23,5,5,4,1,7,7,4,-1,-1,0,-1
23,5,5,4,1,7,0,2,1,1,-1,-1
23,5,5,3,0,7,0,3,-1,-1,1,2
23,5,0,2,0,7,7,4,2,-1,-1,-1
23,5,0,2,0,0,7,1,0,0,0,0
5,0,0,1,1,7,7,1,1,1,1,1
21,12,9,7,1,7,7,2,1,1,-1,-1
21,12,9,6,0,7,7,3,-1,-1,1,1
21,12,9,5,0,7,7,2,1,1,-1,-1
21,12,9,4,0,7,7,3,-1,-1,0,0
21,12,9,3,0,7,7,4,0,-1,-1,-1
21,12,9,3,0,0,7,1,0,0,0,0
12,9,0,2,0,7,7,0,0,0,0,0
17,7,0,2,1,7,7,1,0,0,0,0
7,0,0,1,0,7,7,1,1,1,1,1
4,0,0,1,1,0,7,1,2,1,2,1
1,1,1,8,1,7,7,0,1,1,1,1
1,1,1,6,1,7,7,0,1,1,1,1
1,1,1,4,1,7,7,0,1,1,1,1
1,1,0,2,1,7,7,0,1,1,1,1
29,5,5,8,1,7,7,0,1,1,1,1
29,5,5,6,1,7,7,4,-1,-1,0,-1
29,5,5,6,1,7,0,2,1,1,-1,-1
29,5,5,5,0,7,0,3,-1,-1,1,1
29,5,5,4,1,7,7,4,-1,-1,0,-1
29,5,5,4,1,7,0,2,1,1,-1,-1
29,5,5,3,0,7,0,3,-1,-1,1,2
29,5,0,2,0,7,7,4,2,-1,-1,-1
29,5,0,2,0,0,7,1,0,0,0,0
5,0,0,1,0,7,7,1,1,1,1,1
17,6,3,8,1,0,1,0,1,1,1,1
17,6,1,6,1,7,7,2,2,2,-1,-1
17,6,1,5,0,7,7,3,-1,-1,2,2
17,6,1,4,0,7,7,2,2,2,-1,-1
17,6,1,3,0,7,7,1,0,0,0,0
6,1,0,2,0,7,7,2,2,2,-1,-1
6,0,0,1,1,7,7,1,1,1,1,1
64,0,0,1,1,7,7,1,0,0,0,0
6,3,3,3,1,7,7,0,1,1,1,1
6,0,0,1,1,7,7,1,1,1,1,1
16,0,0,1,1,7,7,1,0,0,0,0
17,9,6,3,1,7,7,1,0,0,0,1
9,6,0,2,0,7,7,4,-1,-1,2,-1
9,6,0,2,0,7,0,0,0,0,0,0
50,9,3,4,1,0,7,2,2,1,-1,-1
50,9,2,3,0,7,7,3,-1,-1,1,2
50,9,0,2,0,7,7,1,0,0,0,0
9,0,0,1,0,7,7,1,1,0,1,1
4,0,0,1,1,7,7,1,1,1,1,1
16,2,2,5,1,0,7,2,2,2,-1,-1
16,2,2,4,0,7,7,3,-1,-1,2,2
16,2,2,3,0,7,7,2,2,2,-1,-1
16,2,0,2,0,7,7,1,0,0,0,0
2,0,0,1,1,7,7,2,2,2,-1,-1
4,2,2,3,1,0,7,0,1,1,2,2
2,0,0,1,0,7,7,3,-1,-1,1,2
3,1,0,2,1,7,7,0,1,1,1,1
6,6,6,8,1,7,7,2,2,2,-1,-1
6,6,6,7,0,7,7,3,-1,-1,2,2
6,6,6,6,0,7,7,2,2,2,-1,-1
6,6,6,5,0,7,7,3,-1,-1,2,2
6,6,6,4,0,7,7,0,1,1,1,1
6,6,0,2,1,7,7,4,-1,-1,0,-1
6,6,0,2,1,7,0,2,1,1,-1,-1
6,0,0,1,0,7,7,3,-1,-1,1,2
34,7,7,3,1,0,7,1,0,0,0,0
7,7,0,2,0,7,7,4,0,-1,-1,-1
7,7,0,2,0,0,7,0,0,0,0,0
64,0,0,1,1,7,7,1,0,0,0,0
23,9,0,2,1,0,7,1,0,0,0,0
9,0,0,1,1,7,7,1,1,0,1,1
12,6,6,7,1,0,7,0,1,1,1,1
12,6,6,5,1,7,7,4,-1,-1,0,-1
12,6,6,5,1,7,0,2,1,1,-1,-1
12,6,6,4,0,7,0,3,-1,-1,1,2
12,6,6,3,0,7,7,4,2,-1,-1,-1
12,6,6,3,0,0,7,1,1,1,1,1
6,6,0,2,1,7,7,4,-1,-1,2,-1
6,6,0,2,1,7,0,2,1,1,-1,-1
6,0,0,1,0,7,7,3,-1,-1,1,0
38,7,2,4,1,7,7,2,2,2,-1,-1
38,7,1,3,0,7,7,1,0,0,0,0
7,1,0,2,1,7,7,1,1,1,1,1
1,0,0,1,1,7,7,2,2,2,-1,-1
10,1,1,7,1,7,7,0,1,1,1,1
10,1,1,5,1,7,7,2,2,2,-1,-1
10,1,1,4,0,7,7,3,-1,-1,2,2
10,1,1,3,0,7,7,2,2,1,-1,-1
10,1,0,2,0,7,7,1,1,1,1,2
1,0,0,1,0,7,7,2,2,2,-1,-1
7,3,2,3,1,7,7,0,1,1,1,1
7,0,0,1,1,7,7,1,1,1,1,1
1,1,1,4,1,0,1,0,2,1,2,1
1,1,0,2,1,7,7,0,1,1,1,1
3,3,3,8,1,7,7,0,1,1,1,1
3,3,1,6,1,7,7,0,1,1,1,1
1,1,1,4,1,7,7,0,1,1,1,1
1,1,0,2,1,7,7,0,1,1,1,1
17,7,0,2,1,7,7,1,0,0,0,0
7,0,0,1,0,7,7,1,1,1,1,1
1,1,1,4,1,7,7,0,1,1,1,1
1,1,0,2,1,7,7,0,1,1,1,1
16,0,0,1,1,7,7,1,0,0,0,0
2,2,0,2,1,0,7,0,2,1,2,1
64,0,0,1,1,7,7,1,0,0,0,0
32,0,0,1,1,7,7,1,0,0,0,0
8,8,8,4,1,0,7,1,1,1,1,1
8,8,8,3,1,7,7,1,1,1,1,1
8,8,0,2,1,7,7,0,0,0,0,0
5,1,1,8,1,7,7,0,1,1,1,1
5,1,1,6,1,7,7,0,1,1,1,1
5,1,1,4,1,7,7,0,1,1,1,1
5,1,0,2,1,7,7,0,1,1,0,2
37,7,2,5,1,7,7,2,2,2,-1,-1
37,7,1,4,0,7,7,3,-1,-1,2,1
37,7,1,3,0,7,7,1,0,0,0,0
7,1,0,2,0,7,7,3,-1,-1,2,2
7,0,0,1,1,7,7,1,1,1,1,1
4,0,0,1,1,7,7,1,1,1,1,1
17,6,3,8,1,7,7,0,1,1,1,1
17,6,1,6,1,7,7,2,2,2,-1,-1
17,6,1,5,0,7,7,3,-1,-1,2,2
17,6,1,4,0,7,7,2,2,2,-1,-1
17,6,1,3,0,7,7,1,0,0,0,0
6,1,0,2,0,7,7,2,2,2,-1,-1
6,0,0,1,1,7,7,1,1,1,1,1
11,7,6,3,1,7,7,1,1,0,1,1
7,6,0,2,0,7,7,4,-1,-1,2,-1
7,6,0,2,0,7,0,0,0,0,0,0
3,3,3,6,1,0,7,0,1,1,2,2
3,3,1,4,0,7,7,3,-1,-1,1,2
3,3,1,3,0,7,7,0,1,1,1,1
1,0,0,1,1,7,7,2,2,2,-1,-1
10,6,5,6,1,7,7,0,1,1,1,1
10,5,4,4,0,7,7,3,-1,-1,1,1
10,5,3,3,0,7,7,4,0,-1,-1,-1
10,5,3,3,0,0,7,1,1,0,1,1
5,3,0,2,0,7,7,0,1,1,1,0
23,9,0,2,1,7,7,1,0,0,0,0
9,0,0,1,1,7,7,1,1,0,1,1
6,2,2,6,1,0,7,0,1,1,1,1
6,2,2,4,1,7,7,2,2,2,-1,-1
6,2,2,3,0,7,7,3,-1,-1,2,2
6,2,0,2,0,7,7,2,2,2,-1,-1
6,0,0,1,0,7,7,1,1,1,1,1
1,1,1,8,1,7,7,0,1,1,1,1
1,1,1,6,1,7,7,0,1,1,1,1
1,1,1,4,1,7,7,0,1,1,1,1
1,1,0,2,1,7,7,0,1,1,1,1
26,6,0,2,1,7,7,1,0,0,0,0
6,0,0,1,1,7,7,1,1,1,1,1
12,12,0,2,1,7,7,0,0,0,0,0
4,2,2,3,1,7,7,0,1,1,1,1
2,0,0,1,1,7,7,2,2,2,-1,-1
24,0,0,1,1,7,7,1,0,0,0,0
26,1,1,7,1,7,7,2,2,2,-1,-1
26,1,1,6,0,7,7,3,-1,-1,2,2
26,1,1,5,0,7,7,2,2,2,-1,-1
26,1,1,4,0,7,7,3,-1,-1,2,2
26,1,1,3,0,7,7,2,2,2,-1,-1
26,1,0,2,0,7,7,1,0,0,1,0
1,0,0,1,0,7,7,3,-1,-1,2,2
4,2,1,8,1,0,7,0,1,1,2,2
1,1,1,6,0,7,7,3,-1,-1,1,2
1,1,1,5,0,7,7,0,1,1,1,1
1,1,1,3,1,7,7,0,1,1,1,1
1,0,0,1,1,7,7,2,2,2,-1,-1
49,5,5,4,1,7,7,1,0,0,0,1
5,5,5,3,0,7,7,4,0,-1,-1,-1
5,5,5,3,0,0,7,4,-1,-1,0,-1
5,5,5,3,0,0,0,1,2,2,1,1
5,5,0,2,0,7,7,2,1,1,-1,-1
5,0,0,1,0,7,7,3,-1,-1,1,1
5,2,2,6,1,7,7,0,1,1,1,1
5,1,1,4,1,7,7,2,2,2,-1,-1
5,1,1,3,0,7,7,3,-1,-1,2,2
5,1,0,2,0,7,7,2,2,2,-1,-1
5,0,0,1,0,7,7,1,1,1,1,1
2,1,1,3,1,7,7,0,1,1,1,1
1,0,0,1,1,7,7,2,2,2,-1,-1
6,1,1,3,1,7,7,0,1,1,1,2
1,0,0,1,0,7,7,3,-1,-1,1,2
31,11,11,4,1,7,7,1,0,0,0,0
11,11,11,3,1,7,7,4,0,-1,-1,-1
11,11,11,3,1,0,7,4,-1,-1,0,-1
11,11,11,3,1,0,0,1,1,1,1,1
11,11,0,2,1,7,7,4,-1,-1,0,-1
11,11,0,2,1,7,0,2,0,0,-1,-1
11,0,0,1,0,7,7,3,-1,-1,0,2
24,8,0,2,1,0,7,1,0,0,0,0
8,0,0,1,1,7,7,1,1,1,1,1
9,2,1,7,1,7,7,0,1,1,1,1
9,1,1,5,1,7,7,2,2,2,-1,-1
9,1,1,4,0,7,7,3,-1,-1,2,2
9,1,1,3,0,7,7,2,2,1,-1,-1
9,1,0,2,0,7,7,1,1,1,1,2
1,0,0,1,0,7,7,2,2,2,-1,-1
12,4,0,2,1,7,7,1,1,1,1,1
4,0,0,1,1,7,7,1,1,1,1,1
24,0,0,1,1,7,7,1,0,0,0,0
4,0,0,1,1,7,7,1,1,1,1,1
10,6,0,2,1,0,1,0,0,0,0,0
16,0,0,1,1,7,7,1,0,0,0,0
16,0,0,1,1,7,7,1,0,0,0,0
4,4,4,4,1,0,7,0,1,1,1,1
4,4,0,2,1,7,7,0,1,1,1,1
2,2,2,6,1,7,7,0,1,1,1,1
2,2,2,4,1,7,7,0,1,1,1,1
2,2,0,2,1,7,7,0,1,1,1,1
2,1,1,3,1,7,7,0,1,1,1,1
1,0,0,1,1,7,7,2,2,2,-1,-1
21,9,6,7,1,7,7,0,1,2,1,1
21,9,3,5,0,7,7,3,-1,-1,2,1
21,9,3,4,0,7,7,2,1,1,-1,-1
21,9,3,3,0,7,7,3,-1,-1,1,1
21,9,0,2,0,7,7,1,0,0,0,0
9,0,0,1,0,7,7,1,1,0,1,1
6,1,1,7,1,7,7,0,1,1,1,1
6,1,1,5,1,7,7,0,1,1,1,1
6,1,1,3,1,7,7,2,2,2,-1,-1
6,1,0,2,0,7,7,0,1,1,0,2
25,1,1,8,1,0,7,0,1,1,1,1
25,1,1,6,1,7,7,2,2,2,-1,-1
25,1,1,5,0,7,7,3,-1,-1,2,2
25,1,1,4,0,7,7,2,2,2,-1,-1
25,1,1,3,0,7,7,3,-1,-1,2,2
25,1,0,2,0,7,7,1,0,0,0,0
1,0,0,1,0,7,7,3,-1,-1,2,2
48,0,0,1,1,0,7,1,0,0,0,0
3,1,0,2,1,7,7,0,1,1,1,1
64,0,0,1,1,7,7,1,0,0,0,0
8,8,8,8,1,0,7,1,1,1,1,1
8,8,8,7,1,7,7,0,0,0,0,1
8,8,8,5,1,7,7,4,-1,-1,2,-1
8,8,8,5,1,7,0,1,1,1,1,1
8,8,8,4,1,7,7,0,0,0,0,1
8,8,0,2,1,7,7,4,-1,-1,2,-1
8,8,0,2,1,7,0,0,0,0,0,0
2,1,1,7,1,7,7,0,1,1,1,1
1,1,1,5,1,7,7,0,1,1,1,1
1,1,1,3,1,7,7,0,1,1,1,1
1,0,0,1,1,7,7,2,2,2,-1,-1
30,10,5,4,1,7,7,0,1,1,1,2
30,10,0,2,0,7,7,4,-1,-1,0,-1
30,10,0,2,0,7,0,1,0,0,0,0
10,0,0,1,0,7,7,1,1,0,1,1
2,1,1,7,1,7,7,0,1,1,1,1
1,1,1,5,1,7,7,0,1,1,1,1
1,1,1,3,1,7,7,0,1,1,1,1
1,0,0,1,1,7,7,2,2,2,-1,-1
11,11,10,7,1,7,7,2,1,1,-1,-1
11,11,10,6,0,7,7,3,-1,-1,1,1
11,11,10,5,1,7,7,2,2,2,-1,-1
11,11,10,4,0,7,7,3,-1,-1,2,0
11,11,10,3,0,7,7,4,0,-1,-1,-1
11,11,10,3,0,0,7,1,1,1,2,1
11,10,0,2,1,7,7,4,-1,-1,2,-1
11,10,0,2,1,7,0,2,0,0,-1,-1
11,0,0,1,0,7,0,3,-1,-1,0,0
64,0,0,1,1,7,7,1,0,0,0,0
16,3,1,7,1,0,7,0,1,1,1,1
16,1,1,5,1,7,7,2,2,2,-1,-1
16,1,1,4,0,7,7,3,-1,-1,2,1
16,1,1,3,0,7,7,2,1,1,-1,-1
16,1,0,2,0,7,7,3,-1,-1,1,2
16,0,0,1,0,7,7,1,0,0,0,0
22,21,21,3,1,7,7,1,0,0,0,0
21,21,0,2,1,7,7,4,2,-1,-1,-1
21,21,0,2,1,0,7,0,0,0,0,0
8,8,8,8,1,7,7,0,0,0,0,1
8,8,8,6,1,7,7,4,-1,-1,2,-1
8,8,8,6,1,7,0,1,1,1,1,1
8,8,8,5,1,7,7,0,0,0,0,1
8,8,8,3,1,7,7,4,-1,-1,2,-1
8,8,8,3,1,7,0,1,1,1,1,1
8,8,0,2,1,7,7,0,0,0,0,0
3,1,0,2,1,7,7,0,1,1,1,1
10,8,2,5,1,0,7,2,2,2,-1,-1
10,8,2,4,0,7,7,3,-1,-1,2,1
10,8,2,3,0,7,7,1,1,0,1,1
8,2,0,2,0,7,7,2,2,2,-1,-1
8,0,0,1,0,7,7,1,1,1,1,1
14,5,3,4,1,7,7,2,2,2,-1,-1
14,5,3,3,0,7,7,1,0,0,0,0
5,3,0,2,1,7,7,0,1,1,1,0
8,8,8,8,1,7,7,2,1,1,-1,-1
8,8,8,7,0,7,7,3,-1,-1,1,1
8,8,8,6,1,7,7,2,1,1,-1,-1
8,8,8,5,0,7,7,3,-1,-1,1,1
8,8,8,4,1,7,7,0,0,0,0,1
8,8,0,2,1,7,7,4,-1,-1,2,-1
8,8,0,2,1,7,0,0,0,0,0,0
2,2,0,2,1,7,7,0,1,1,1,1
1,1,1,4,1,0,7,0,2,1,2,1
1,1,0,2,1,7,7,0,1,1,1,1
4,0,0,1,1,0,7,1,2,1,2,1
15,3,3,4,1,7,7,2,2,1,-1,-1
15,3,3,3,0,7,7,3,-1,-1,1,1
15,3,0,2,0,7,7,2,1,1,-1,-1
15,0,0,1,0,7,7,1,0,0,0,0
9,1,1,8,1,7,7,0,1,1,1,1
9,1,1,6,1,7,7,0,1,1,1,1
9,1,1,4,1,7,7,2,2,2,-1,-1
9,1,1,3,0,7,7,3,-1,-1,2,2
9,1,0,2,0,7,7,1,1,1,1,2
1,0,0,1,0,7,7,2,2,2,-1,-1
2,2,2,8,1,0,1,0,2,1,2,1
2,2,2,6,1,7,7,0,1,1,1,1
2,2,2,4,1,7,7,0,1,1,1,1
2,2,0,2,1,7,7,0,1,1,1,1
4,0,0,1,1,7,7,1,1,1,1,1
25,1,1,8,1,7,7,0,1,1,1,1
25,1,1,6,1,7,7,2,2,2,-1,-1
25,1,1,5,0,7,7,3,-1,-1,2,2
25,1,1,4,0,7,7,2,2,2,-1,-1
25,1,1,3,0,7,7,3,-1,-1,2,2
25,1,0,2,0,7,7,1,0,0,0,0
1,0,0,1,0,7,7,3,-1,-1,2,2
31,11,11,4,1,7,7,1,0,0,0,0
11,11,11,3,1,7,7,4,0,-1,-1,-1
11,11,11,3,1,0,7,4,-1,-1,0,-1
11,11,11,3,1,0,0,1,1,1,1,1
11,11,0,2,1,7,7,4,-1,-1,0,-1
11,11,0,2,1,7,0,2,0,0,-1,-1
11,0,0,1,0,7,7,3,-1,-1,0,2
24,13,9,6,1,0,7,0,0,1,1,0
24,13,9,4,0,7,7,4,0,-1,-1,-1
24,13,9,4,0,0,7,3,-1,-1,1,1
24,13,9,3,0,0,7,2,0,0,-1,-1
24,13,0,2,0,7,7,4,-1,-1,0,-1
24,13,0,2,0,7,0,1,0,0,0,0
13,0,0,1,1,7,7,1,0,0,0,0
11,6,4,4,1,7,7,0,1,1,1,0
11,3,0,2,0,7,7,4,0,-1,-1,-1
11,3,0,2,0,0,7,3,-1,-1,1,1
11,0,0,1,0,0,7,1,1,1,1,1
16,0,0,1,1,0,7,1,0,0,0,0
16,16,16,3,1,7,7,1,0,0,0,1
16,16,0,2,1,7,7,4,-1,-1,2,-1
16,16,0,2,1,7,0,0,0,0,0,0
36,7,7,5,1,7,7,1,0,0,0,0
7,7,7,4,1,7,7,4,0,-1,-1,-1
7,7,7,4,1,0,7,4,-1,-1,0,-1
7,7,7,4,1,0,0,1,1,1,1,0
7,7,7,3,0,7,7,2,0,0,-1,-1
7,7,0,2,0,7,7,3,-1,-1,0,0
7,0,0,1,0,7,7,1,1,1,1,1
16,6,3,8,1,0,7,0,1,1,1,1
16,6,2,6,1,7,7,2,2,2,-1,-1
16,6,1,5,0,7,7,3,-1,-1,2,2
16,6,1,4,0,7,7,2,2,1,-1,-1
16,6,1,3,0,7,7,1,0,0,0,1
6,1,0,2,1,7,7,4,-1,-1,2,-1
6,1,0,2,1,7,0,0,0,2,1,1
1,1,1,8,1,0,7,0,2,1,2,1
1,1,1,6,1,7,7,0,1,1,1,1
1,1,1,4,1,7,7,0,1,1,1,1
1,1,0,2,1,7,7,0,1,1,1,1
3,3,3,6,1,7,7,0,1,1,1,1
3,1,1,4,1,7,7,0,1,1,1,1
1,1,0,2,1,7,7,0,1,1,1,1
14,2,2,6,1,0,7,0,1,1,1,1
14,2,2,4,1,7,7,2,2,2,-1,-1
14,2,2,3,0,7,7,3,-1,-1,2,2
14,2,0,2,0,7,7,1,0,0,1,0
2,0,0,1,0,7,7,3,-1,-1,2,2
12,0,0,1,1,7,7,1,1,1,1,1
20,4,4,8,1,7,7,0,1,1,1,1
20,4,4,6,1,7,7,0,1,1,1,1
20,4,4,4,1,7,7,2,2,1,-1,-1
20,4,4,3,0,7,7,3,-1,-1,1,1
20,4,0,2,0,7,7,2,1,1,-1,-1
20,0,0,1,0,7,7,1,0,0,0,0
8,6,6,5,1,7,7,0,1,1,1,1
8,6,6,3,1,7,7,4,-1,-1,2,-1
8,6,6,3,1,7,0,2,1,1,-1,-1
8,6,0,2,0,7,0,3,-1,-1,1,0
8,0,0,1,1,7,7,1,1,1,1,1
10,1,1,7,1,7,7,0,1,1,1,1
10,1,1,5,1,7,7,2,2,2,-1,-1
10,1,1,4,0,7,7,3,-1,-1,2,2
10,1,1,3,0,7,7,2,2,1,-1,-1
10,1,0,2,0,7,7,1,1,1,1,2
1,0,0,1,0,7,7,2,2,2,-1,-1
4,4,2,4,1,0,7,0,1,1,2,2
4,2,0,2,0,7,7,3,-1,-1,1,1
2,0,0,1,0,7,7,2,1,2,-1,-1
7,1,1,6,1,0,7,0,1,1,1,1
7,1,1,4,1,7,7,2,2,2,-1,-1
7,1,1,3,0,7,7,3,-1,-1,2,2
7,1,0,2,0,7,7,2,2,2,-1,-1
7,0,0,1,0,7,7,1,1,1,1,1
48,0,0,1,1,7,7,1,0,0,0,0
13,6,4,7,1,7,7,0,1,1,1,1
13,6,2,5,1,7,7,2,2,2,-1,-1
13,6,2,4,0,7,7,3,-1,-1,2,2
13,6,2,3,0,7,7,2,2,2,-1,-1
13,6,0,2,0,7,7,1,0,0,0,0
6,0,0,1,1,7,7,1,1,1,1,1
18,4,1,4,1,7,7,2,2,1,-1,-1
18,1,1,3,0,7,7,3,-1,-1,1,2
18,1,0,2,0,7,7,1,0,0,0,0
1,0,0,1,0,7,7,2,2,2,-1,-1
6,1,1,7,1,7,7,0,1,1,1,1
6,1,1,5,1,7,7,0,1,1,1,1
6,1,1,3,1,7,7,2,2,2,-1,-1
6,1,0,2,0,7,7,0,1,1,0,2
32,0,0,1,1,7,7,1,0,0,0,0
11,11,10,7,1,0,7,2,1,1,-1,-1
11,11,10,6,0,7,7,3,-1,-1,1,1
11,11,10,5,1,7,7,2,2,2,-1,-1
11,11,10,4,0,7,7,3,-1,-1,2,0
11,11,10,3,0,7,7,4,0,-1,-1,-1
11,11,10,3,0,0,7,1,1,1,2,1
11,10,0,2,1,7,7,4,-1,-1,2,-1
11,10,0,2,1,7,0,2,0,0,-1,-1
11,0,0,1,0,7,0,3,-1,-1,0,0
39,9,0,2,1,7,7,1,0,0,0,0
9,0,0,1,1,7,7,1,1,0,1,1
4,0,0,1,1,7,7,1,1,1,1,1
32,0,0,1,1,7,7,1,0,0,0,0
4,0,0,1,1,7,7,1,1,1,1,1
5,1,1,8,1,7,7,0,1,1,1,1
5,1,1,6,1,7,7,0,1,1,1,1
5,1,1,4,1,7,7,0,1,1,1,1
5,1,0,2,1,7,7,0,1,1,0,2
22,5,5,3,1,7,7,1,0,0,0,0
5,5,0,2,1,7,7,4,2,-1,-1,-1
5,5,0,2,1,0,7,0,1,1,1,1
16,16,16,4,1,7,7,1,0,0,0,1
16,16,16,3,1,7,7,4,-1,-1,2,-1
16,16,16,3,1,7,0,1,0,0,0,1
16,16,0,2,1,7,7,4,-1,-1,2,-1
16,16,0,2,1,7,0,0,0,0,0,0
8,0,0,1,1,7,7,1,1,1,1,1
8,0,0,1,1,0,7,1,1,1,1,1
1,1,1,8,1,7,7,0,1,1,1,1
1,1,1,6,1,7,7,0,1,1,1,1
1,1,1,4,1,7,7,0,1,1,1,1
1,1,0,2,1,7,7,0,1,1,1,1
2,2,2,6,1,7,7,0,1,1,1,1
2,2,2,4,1,7,7,0,1,1,1,1
2,2,0,2,1,7,7,0,1,1,1,1
8,8,8,3,1,0,1,1,1,1,1,1
8,8,0,2,1,7,7,0,0,0,0,0
16,5,2,4,1,7,7,2,2,2,-1,-1
16,5,1,3,0,7,7,1,0,0,0,0
5,1,0,2,1,7,7,0,1,1,0,2
8,8,8,6,1,0,7,1,1,1,1,1
8,8,8,5,1,7,7,0,0,0,0,1
8,8,8,3,1,7,7,4,-1,-1,2,-1
8,8,8,3,1,7,0,1,1,1,1,1
8,8,0,2,1,7,7,0,0,0,0,0
4,0,0,1,1,7,7,1,1,1,1,1
16,12,12,5,1,0,7,1,0,0,0,1
12,12,12,4,1,7,7,4,-1,-1,2,-1
12,12,12,4,1,7,0,1,1,1,1,1
12,12,12,3,1,7,7,4,-1,-1,0,-1
12,12,12,3,1,7,0,2,0,0,-1,-1
12,12,0,2,0,7,7,3,-1,-1,0,2
12,0,0,1,0,7,7,1,1,1,1,1
7,1,1,6,1,7,7,0,1,1,1,1
7,1,1,4,1,7,7,2,2,2,-1,-1
7,1,1,3,0,7,7,3,-1,-1,2,2
7,1,0,2,0,7,7,2,2,2,-1,-1
7,0,0,1,0,7,7,1,1,1,1,1
41,11,5,6,1,0,7,2,2,1,-1,-1
41,11,5,5,0,7,7,3,-1,-1,2,1
41,11,5,4,1,7,7,2,2,2,-1,-1
41,11,5,3,0,7,7,1,0,0,0,0
11,5,0,2,0,7,7,1,1,1,1,1
5,0,0,1,1,7,7,1,1,1,1,1
12,0,0,1,1,7,7,1,1,1,1,1
8,2,2,3,1,7,7,0,1,1,1,1
8,0,0,1,1,7,7,1,1,1,1,1
20,7,7,5,1,7,7,1,0,0,0,1
7,7,7,4,1,7,7,4,-1,-1,2,-1
7,7,7,4,1,7,0,1,1,1,1,1
7,7,7,3,1,7,7,1,1,1,1,1
7,7,0,2,1,7,7,0,0,0,0,0
4,2,1,8,1,7,7,0,1,1,1,1
1,1,1,6,1,7,7,0,1,1,1,1
1,1,1,4,1,7,7,0,1,1,1,1
1,1,0,2,1,7,7,0,1,1,1,1
8,4,4,3,1,0,1,0,1,1,1,1
8,0,0,1,1,7,7,1,1,1,1,1
24,22,6,5,1,7,7,0,1,1,1,1
24,22,6,3,1,7,7,4,-1,-1,0,-1
24,22,6,3,1,7,0,2,1,1,-1,-1
24,22,0,2,0,7,0,0,0,0,0,0
8,8,8,8,1,0,7,1,1,1,1,1
8,8,8,7,1,7,7,0,0,0,0,1
8,8,8,5,1,7,7,4,-1,-1,2,-1
8,8,8,5,1,7,0,1,1,1,1,1
8,8,8,4,1,7,7,0,0,0,0,1
8,8,0,2,1,7,7,4,-1,-1,2,-1
8,8,0,2,1,7,0,0,0,0,0,0
44,10,10,3,1,7,7,1,0,0,0,0
10,10,0,2,1,7,7,4,0,-1,-1,-1
10,10,0,2,1,0,7,0,0,0,0,0
15,9,0,2,1,0,7,1,0,0,0,0
9,0,0,1,1,7,7,1,1,0,1,1
4,0,0,1,1,7,7,1,1,1,1,1
6,3,3,3,1,0,7,0,1,1,1,1
6,0,0,1,1,7,7,1,1,1,1,1
6,6,0,2,1,7,7,0,1,1,1,1
32,0,0,1,1,0,7,1,0,0,0,0
8,1,1,5,1,7,7,0,1,1,1,1
8,1,1,3,1,7,7,2,2,2,-1,-1
8,1,0,2,0,7,7,1,1,1,1,1
1,0,0,1,1,7,7,2,2,2,-1,-1
25,1,1,8,1,7,7,0,1,1,1,1
25,1,1,6,1,7,7,2,2,2,-1,-1
25,1,1,5,0,7,7,3,-1,-1,2,2
25,1,1,4,0,7,7,2,2,2,-1,-1
25,1,1,3,0,7,7,3,-1,-1,2,2
25,1,0,2,0,7,7,1,0,0,0,0
1,0,0,1,0,7,7,3,-1,-1,2,2
19,3,1,4,1,0,7,2,2,1,-1,-1
19,1,1,3,0,7,7,3,-1,-1,2,1
19,1,0,2,1,7,7,2,2,2,-1,-1
19,0,0,1,0,7,7,1,0,0,0,0
8,0,0,1,1,7,7,1,1,1,1,1
10,3,1,5,1,0,7,2,2,2,-1,-1
10,3,1,4,0,7,7,3,-1,-1,2,1
10,3,1,3,0,7,7,2,1,1,-1,-1
10,1,0,2,0,7,7,3,-1,-1,1,2
10,0,0,1,0,7,7,1,1,0,1,1
1,1,1,4,1,7,7,0,1,1,1,1
1,1,0,2,1,7,7,0,1,1,1,1
11,1,1,6,1,7,7,0,1,1,1,1
11,1,1,4,1,7,7,2,2,2,-1,-1
11,1,1,3,0,7,7,3,-1,-1,2,2
11,1,0,2,0,7,7,1,1,1,1,1
1,0,0,1,1,7,7,2,2,2,-1,-1
19,1,1,6,1,7,7,2,2,2,-1,-1
19,1,1,5,0,7,7,3,-1,-1,2,2
19,1,1,4,0,7,7,2,2,2,-1,-1
19,1,1,3,0,7,7,3,-1,-1,2,2
19,1,0,2,0,7,7,1,0,0,0,0
1,0,0,1,1,7,7,2,2,2,-1,-1
4,2,2,3,1,7,7,0,1,1,1,1
2,0,0,1,1,7,7,2,2,2,-1,-1
4,2,2,7,1,7,7,0,1,1,1,1
2,1,1,5,1,7,7,0,1,1,1,1
1,1,1,3,1,7,7,0,1,1,1,1
1,0,0,1,1,7,7,2,2,2,-1,-1
10,8,2,5,1,7,7,2,2,2,-1,-1
10,8,2,4,0,7,7,3,-1,-1,2,1
10,8,2,3,0,7,7,1,1,0,1,1
8,2,0,2,0,7,7,2,2,2,-1,-1
8,0,0,1,0,7,7,1,1,1,1,1
64,0,0,1,1,7,7,1,0,0,0,0
4,0,0,1,1,7,7,1,1,1,1,1
26,13,9,3,1,0,1,1,0,0,0,0
13,9,0,2,1,7,7,4,2,-1,-1,-1
13,9,0,2,1,0,7,0,0,0,0,0
8,1,1,5,1,7,7,0,1,1,1,1
8,1,1,3,1,7,7,2,2,2,-1,-1
8,1,0,2,0,7,7,1,1,1,1,1
1,0,0,1,1,7,7,2,2,2,-1,-1
15,10,7,6,1,0,7,0,1,0,1,1
15,10,7,4,0,7,7,4,-1,-1,2,-1
15,10,7,4,0,7,0,1,0,0,0,1
10,7,5,3,1,7,7,4,-1,-1,2,-1
10,7,5,3,1,7,0,1,1,0,1,2
7,5,0,2,0,7,7,4,-1,-1,2,-1
7,5,0,2,0,7,0,0,0,0,0,0
3,3,3,8,1,7,7,0,1,1,1,1
3,3,3,6,1,7,7,0,1,1,1,1
3,3,3,4,1,7,7,0,1,1,1,1
3,3,0,2,1,7,7,0,1,1,1,1
29,5,5,8,1,7,7,0,1,1,1,1
29,5,5,6,1,7,7,4,-1,-1,0,-1
29,5,5,6,1,7,0,2,1,1,-1,-1
29,5,5,5,0,7,0,3,-1,-1,1,1
29,5,5,4,1,7,7,4,-1,-1,0,-1
29,5,5,4,1,7,0,2,1,1,-1,-1
29,5,5,3,0,7,0,3,-1,-1,1,2
29,5,0,2,0,7,7,4,2,-1,-1,-1
29,5,0,2,0,0,7,1,0,0,0,0
5,0,0,1,0,7,7,1,1,1,1,1
35,8,3,4,1,7,7,2,2,1,-1,-1
35,8,2,3,0,7,7,3,-1,-1,1,2
35,8,0,2,0,7,7,1,0,0,0,0
8,0,0,1,1,7,7,1,1,1,1,1
8,4,4,5,1,7,7,0,1,1,1,1
8,4,4,3,1,7,7,0,1,1,1,1
8,0,0,1,1,7,7,1,1,1,1,1
32,0,0,1,1,7,7,1,0,0,0,0
3,3,2,7,1,7,7,0,1,1,1,1
2,1,1,5,1,7,7,0,1,1,1,1
1,1,1,3,1,7,7,0,1,1,1,1
1,0,0,1,1,7,7,2,2,2,-1,-1
8,8,8,6,1,7,7,0,0,0,0,1
8,8,8,4,1,7,7,4,-1,-1,2,-1
8,8,8,4,1,7,0,1,1,1,1,1
8,8,8,3,1,7,7,1,1,1,1,1
8,8,0,2,1,7,7,0,0,0,0,0
47,10,4,5,1,0,7,2,2,1,-1,-1
47,10,2,4,0,7,7,3,-1,-1,2,1
47,10,1,3,1,7,7,2,2,2,-1,-1
47,10,0,2,0,7,7,1,0,0,0,0
10,0,0,1,1,7,7,1,1,0,1,1
17,3,3,6,1,7,7,0,1,1,1,1
17,3,3,4,1,7,7,2,2,1,-1,-1
17,3,3,3,0,7,7,3,-1,-1,1,1
17,3,0,2,0,7,7,1,0,0,0,0
3,0,0,1,0,7,7,2,1,1,-1,-1
16,16,16,4,1,7,7,1,0,0,0,1
16,16,16,3,1,7,7,4,-1,-1,2,-1
16,16,16,3,1,7,0,1,0,0,0,1
16,16,0,2,1,7,7,4,-1,-1,2,-1
16,16,0,2,1,7,0,0,0,0,0,0
11,4,3,8,1,7,7,0,1,1,1,1
11,2,1,6,1,7,7,0,1,1,1,1
11,1,1,4,1,7,7,2,2,2,-1,-1
11,1,1,3,0,7,7,3,-1,-1,2,2
11,1,0,2,0,7,7,1,1,1,1,1
1,0,0,1,1,7,7,2,2,2,-1,-1
34,14,0,2,1,0,7,1,0,0,0,0
14,0,0,1,0,7,7,1,0,0,0,0
2,2,0,2,1,7,7,0,1,1,1,1
3,1,0,2,1,7,7,0,1,1,1,1
64,0,0,1,1,7,7,1,0,0,0,0
6,2,1,6,1,7,7,0,1,1,1,1
6,1,1,4,1,7,7,2,2,2,-1,-1
6,1,1,3,0,7,7,3,-1,-1,2,2
6,1,0,2,0,7,7,2,2,2,-1,-1
6,0,0,1,0,7,7,1,1,1,1,1
12,12,12,4,1,7,7,1,1,0,1,1
12,12,12,3,0,7,7,4,-1,-1,2,-1
12,12,12,3,0,7,0,1,1,1,1,1
12,12,0,2,1,7,7,4,-1,-1,0,-1
12,12,0,2,1,7,0,2,0,0,-1,-1
12,0,0,1,0,7,7,3,-1,-1,0,2
3,3,3,8,1,0,7,0,1,1,2,2
3,3,3,6,0,7,7,3,-1,-1,1,2
3,3,3,5,0,7,7,0,1,1,1,1
3,1,1,3,1,7,7,0,1,1,1,1
1,0,0,1,1,7,7,2,2,2,-1,-1
5,1,1,8,1,7,7,0,1,1,1,1
5,1,1,6,1,7,7,0,1,1,1,1
5,1,1,4,1,7,7,0,1,1,1,1
5,1,0,2,1,7,7,0,1,1,0,2
48,4,4,5,1,7,7,2,2,1,-1,-1
48,4,4,4,0,7,7,3,-1,-1,1,1
48,4,4,3,0,7,7,2,1,1,-1,-1
48,4,0,2,0,7,7,3,-1,-1,1,1
48,0,0,1,0,7,7,1,0,0,0,0
15,8,6,8,1,7,7,0,1,1,1,1
15,8,5,6,0,7,7,3,-1,-1,1,1
15,8,5,5,0,7,7,2,1,1,-1,-1
15,8,5,4,0,7,7,3,-1,-1,1,1
15,8,5,3,0,7,7,1,0,0,0,1
8,5,0,2,1,7,7,4,-1,-1,2,-1
8,5,0,2,1,7,0,0,0,0,0,0
12,4,4,4,1,7,7,2,2,1,-1,-1
12,4,4,3,0,7,7,3,-1,-1,1,1
12,4,0,2,0,7,7,2,1,1,-1,-1
12,0,0,1,0,7,7,1,1,1,1,1
25,1,1,8,1,7,7,0,1,1,1,1
25,1,1,6,1,7,7,2,2,2,-1,-1
25,1,1,5,0,7,7,3,-1,-1,2,2
25,1,1,4,0,7,7,2,2,2,-1,-1
25,1,1,3,0,7,7,3,-1,-1,2,2
25,1,0,2,0,7,7,1,0,0,0,0
1,0,0,1,0,7,7,3,-1,-1,2,2
12,3,3,5,1,7,7,0,1,1,1,1
12,3,3,3,1,7,7,1,1,1,1,1
3,3,0,2,1,7,7,0,1,1,1,1
31,9,4,5,1,0,7,2,2,1,-1,-1
31,9,2,4,0,7,7,3,-1,-1,2,1
31,9,2,3,1,7,7,2,2,2,-1,-1
31,9,0,2,0,7,7,1,0,0,0,0
9,0,0,1,1,7,7,1,1,0,1,1
9,5,5,4,1,7,7,1,1,0,1,2
5,5,5,3,0,7,7,4,-1,-1,2,-1
5,5,5,3,0,7,0,1,1,1,1,1
5,5,0,2,1,7,7,0,1,1,1,1
45,19,0,2,1,0,7,1,0,0,0,0
19,0,0,1,0,7,7,1,0,0,0,0
8,8,8,6,1,0,7,1,1,1,1,1
8,8,8,5,1,7,7,0,0,0,0,1
8,8,8,3,1,7,7,4,-1,-1,2,-1
8,8,8,3,1,7,0,1,1,1,1,1
8,8,0,2,1,7,7,0,0,0,0,0
22,10,0,2,1,7,7,1,0,0,0,0
10,0,0,1,1,7,7,1,1,0,1,1
6,2,0,2,1,7,7,0,1,1,0,2
6,6,6,8,1,7,7,0,1,1,1,1
6,6,6,6,1,7,7,4,-1,-1,0,-1
6,6,6,6,1,7,0,2,1,1,-1,-1
6,6,6,5,0,7,7,3,-1,-1,1,1
6,6,6,4,1,7,7,4,-1,-1,0,-1
6,6,6,4,1,7,0,2,1,1,-1,-1
6,6,6,3,0,7,7,3,-1,-1,1,2
6,6,0,2,0,7,7,4,2,-1,-1,-1
6,6,0,2,0,0,7,0,1,1,1,1
26,6,0,2,1,7,7,1,0,0,0,0
6,0,0,1,1,7,7,1,1,1,1,1
34,14,0,2,1,0,1,1,0,0,0,0
14,0,0,1,0,7,7,1,0,0,0,0
4,0,0,1,1,7,7,1,1,1,1,1
24,0,0,1,1,7,7,1,0,0,0,0
23,10,6,6,1,7,7,2,2,1,-1,-1
23,10,6,5,0,7,7,3,-1,-1,1,2
23,10,6,4,0,7,7,2,1,1,-1,-1
23,10,6,3,0,7,7,4,-1,-1,0,-1
23,10,6,3,0,7,0,1,0,0,0,0
10,6,0,2,1,7,7,4,2,-1,-1,-1
10,6,0,2,1,0,7,0,0,0,0,0
10,7,7,7,1,0,7,2,2,2,-1,-1
10,7,7,6,0,7,7,3,-1,-1,2,2
10,7,7,5,0,7,7,2,2,2,-1,-1
10,7,7,4,0,7,7,1,1,1,1,2
7,7,2,3,0,7,7,2,2,2,-1,-1
7,7,0,2,0,7,7,0,0,0,0,0
40,8,8,4,1,0,1,1,0,0,0,0
8,8,8,3,1,7,7,4,0,-1,-1,-1
8,8,8,3,1,0,7,4,-1,-1,0,-1
8,8,8,3,1,0,0,1,1,1,1,0
8,8,0,2,0,7,7,2,0,0,-1,-1
8,0,0,1,0,7,7,3,-1,-1,0,0
17,7,0,2,1,7,7,1,0,0,0,0
7,0,0,1,0,7,7,1,1,1,1,1
38,2,2,6,1,7,7,2,2,2,-1,-1
38,2,2,5,0,7,7,3,-1,-1,2,2
38,2,2,4,0,7,7,2,2,2,-1,-1
38,2,2,3,0,7,7,3,-1,-1,2,2
38,2,0,2,0,7,7,1,0,0,1,0
2,0,0,1,0,7,7,2,2,2,-1,-1
16,0,0,1,1,0,7,1,0,0,0,0
9,3,0,2,1,7,7,0,0,0,0,0
8,0,0,1,1,7,7,1,1,1,1,1
22,22,10,4,1,7,7,0,0,0,0,1
22,22,0,2,1,7,7,4,-1,-1,2,-1
22,22,0,2,1,7,0,0,0,0,0,0
4,3,3,5,1,7,7,0,1,1,1,1
3,3,3,3,1,7,7,0,1,1,1,1
3,0,0,1,1,7,7,1,1,1,1,1
2,1,1,7,1,7,7,0,1,1,1,1
1,1,1,5,1,7,7,0,1,1,1,1
1,1,1,3,1,7,7,0,1,1,1,1
1,0,0,1,1,7,7,2,2,2,-1,-1
30,18,0,2,1,7,7,1,0,0,0,0
18,0,0,1,0,7,7,1,0,0,0,0
12,6,6,7,1,7,7,0,1,1,1,1
12,6,6,5,1,7,7,4,-1,-1,0,-1
12,6,6,5,1,7,0,2,1,1,-1,-1
12,6,6,4,0,7,0,3,-1,-1,1,2
12,6,6,3,0,7,7,4,2,-1,-1,-1
12,6,6,3,0,0,7,1,1,1,1,1
6,6,0,2,1,7,7,4,-1,-1,2,-1
6,6,0,2,1,7,0,2,1,1,-1,-1
6,0,0,1,0,7,7,3,-1,-1,1,0
6,6,6,8,1,7,7,0,1,1,1,1
6,6,6,6,1,7,7,4,-1,-1,0,-1
6,6,6,6,1,7,0,2,1,1,-1,-1
6,6,6,5,0,7,7,3,-1,-1,1,1
6,6,6,4,1,7,7,4,-1,-1,0,-1
6,6,6,4,1,7,0,2,1,1,-1,-1
6,6,6,3,0,7,7,3,-1,-1,1,2
6,6,0,2,0,7,7,4,2,-1,-1,-1
6,6,0,2,0,0,7,0,1,1,1,1
7,1,0,2,1,0,1,1,1,1,1,1
1,0,0,1,1,7,7,2,2,2,-1,-1
12,12,12,4,1,7,7,1,1,0,1,1
12,12,12,3,0,7,7,4,-1,-1,2,-1
12,12,12,3,0,7,0,1,1,1,1,1
12,12,0,2,1,7,7,4,-1,-1,0,-1
12,12,0,2,1,7,0,2,0,0,-1,-1
12,0,0,1,0,7,7,3,-1,-1,0,2
64,0,0,1,1,7,7,1,0,0,0,0
48,4,4,5,1,7,7,2,2,1,-1,-1
48,4,4,4,0,7,7,3,-1,-1,1,1
48,4,4,3,0,7,7,2,1,1,-1,-1
48,4,0,2,0,7,7,3,-1,-1,1,1
48,0,0,1,0,7,7,1,0,0,0,0
16,0,0,1,1,7,7,1,0,0,0,0
11,11,11,8,1,7,7,2,1,1,-1,-1
11,11,11,7,0,7,7,3,-1,-1,1,1
11,11,11,6,1,7,7,4,-1,-1,0,-1
11,11,11,6,1,7,0,2,1,1,-1,-1
11,11,11,5,0,7,0,3,-1,-1,1,0
11,11,11,4,0,7,7,4,2,-1,-1,-1
11,11,11,4,0,0,7,1,1,1,1,1
11,11,11,3,1,7,7,4,-1,-1,0,-1
11,11,11,3,1,7,0,2,0,0,-1,-1
11,11,0,2,0,7,7,3,-1,-1,0,2
11,0,0,1,0,7,7,1,1,1,1,1
6,3,2,8,1,0,1,0,2,1,1,2
6,1,1,6,0,7,7,2,2,2,-1,-1
6,1,1,5,0,7,7,0,1,1,1,1
6,1,1,3,1,7,7,2,2,2,-1,-1
6,1,0,2,0,7,7,0,1,1,0,2
12,0,0,1,1,7,7,1,1,1,1,1
16,0,0,1,1,7,7,1,0,0,0,0
45,19,0,2,1,7,7,1,0,0,0,0
19,0,0,1,0,7,7,1,0,0,0,0
7,5,5,6,1,7,7,0,1,1,1,1
7,5,5,4,1,7,7,4,-1,-1,0,-1
7,5,5,4,1,7,0,2,1,1,-1,-1
7,5,5,3,0,7,0,3,-1,-1,1,2
7,5,0,2,0,7,7,4,2,-1,-1,-1
7,5,0,2,0,0,7,0,0,0,0,0
8,8,8,8,1,7,7,2,1,1,-1,-1
8,8,8,7,0,7,7,3,-1,-1,1,1
8,8,8,6,1,7,7,2,1,1,-1,-1
8,8,8,5,0,7,7,3,-1,-1,1,1
8,8,8,4,1,7,7,0,0,0,0,1
8,8,0,2,1,7,7,4,-1,-1,2,-1
8,8,0,2,1,7,0,0,0,0,0,0
21,5,2,7,1,7,7,0,1,1,1,1
21,5,1,5,1,7,7,2,2,2,-1,-1
21,5,1,4,0,7,7,3,-1,-1,2,2
21,5,1,3,0,7,7,1,0,0,0,0
5,1,0,2,0,7,7,3,-1,-1,2,2
5,0,0,1,1,7,7,1,1,1,1,1
3,1,0,2,1,7,7,0,1,1,1,1
48,0,0,1,1,7,7,1,0,0,0,0
2,2,2,8,1,7,7,0,1,1,1,1
2,2,2,6,1,7,7,0,1,1,1,1
2,2,2,4,1,7,7,0,1,1,1,1
2,2,0,2,1,7,7,0,1,1,1,1
18,3,3,3,1,7,7,1,0,0,0,0
3,3,0,2,0,7,7,0,1,1,1,1
30,10,5,4,1,7,7,0,1,1,1,2
30,10,0,2,0,7,7,4,-1,-1,0,-1
30,10,0,2,0,7,0,1,0,0,0,0
10,0,0,1,0,7,7,1,1,0,1,1
3,1,1,6,1,7,7,0,1,1,1,1
1,1,1,4,1,7,7,0,1,1,1,1
1,1,0,2,1,7,7,0,1,1,1,1
4,4,4,7,1,7,7,0,1,1,1,1
4,1,1,5,1,7,7,0,1,1,1,1
1,1,1,3,1,7,7,0,1,1,1,1
1,0,0,1,1,7,7,2,2,2,-1,-1
17,1,1,8,1,7,7,0,1,1,1,1
17,1,1,6,1,7,7,2,2,2,-1,-1
17,1,1,5,0,7,7,3,-1,-1,2,2
17,1,1,4,0,7,7,2,2,1,-1,-1
17,1,1,3,0,7,7,3,-1,-1,1,2
17,1,0,2,0,7,7,1,0,0,0,0
1,0,0,1,0,7,7,2,2,2,-1,-1
24,0,0,1,1,7,7,1,0,0,0,0
5,1,1,4,1,0,7,2,2,2,-1,-1
5,1,1,3,0,7,7,3,-1,-1,2,2
5,1,0,2,0,7,7,2,2,2,-1,-1
5,0,0,1,0,7,7,1,1,1,1,1
6,1,1,3,1,7,7,0,1,1,1,2
1,0,0,1,0,7,7,3,-1,-1,1,2
48,0,0,1,1,7,7,1,0,0,0,0
19,5,0,2,1,0,7,1,0,0,0,0
5,0,0,1,1,7,7,1,1,1,1,1
1,1,1,8,1,7,7,0,1,1,1,1
1,1,1,6,1,7,7,0,1,1,1,1
1,1,1,4,1,7,7,0,1,1,1,1
1,1,0,2,1,7,7,0,1,1,1,1
24,0,0,1,1,0,7,1,0,0,0,0
4,0,0,1,1,7,7,1,1,1,1,1
12,0,0,1,1,7,7,1,1,1,1,1
43,3,3,8,1,7,7,2,1,1,-1,-1
43,3,3,7,0,7,7,3,-1,-1,1,1
43,3,3,6,1,7,7,2,1,1,-1,-1
43,3,3,5,0,7,7,3,-1,-1,1,1
43,3,3,4,1,7,7,2,2,1,-1,-1
43,3,3,3,0,7,7,3,-1,-1,1,1
43,3,0,2,0,7,7,2,1,1,-1,-1
43,0,0,1,0,7,7,1,0,0,0,0
30,19,15,3,1,7,7,1,0,0,0,0
19,15,0,2,0,7,7,4,0,-1,-1,-1
19,15,0,2,0,0,7,1,0,0,0,0
15,0,0,1,1,7,7,1,0,0,0,0
13,3,0,2,1,0,7,1,0,0,1,1
3,0,0,1,0,7,7,3,-1,-1,1,1
44,4,4,6,1,7,7,2,1,1,-1,-1
44,4,4,5,0,7,7,3,-1,-1,1,0
44,4,4,4,0,7,7,2,1,1,-1,-1
44,4,4,3,0,7,7,3,-1,-1,1,1
44,4,0,2,0,7,7,2,1,1,-1,-1
44,0,0,1,0,7,7,1,0,0,0,0
16,2,2,5,1,7,7,2,2,2,-1,-1
16,2,2,4,0,7,7,3,-1,-1,2,2
16,2,2,3,0,7,7,2,2,2,-1,-1
16,2,0,2,0,7,7,1,0,0,0,0
2,0,0,1,1,7,7,2,2,2,-1,-1
4,1,1,5,1,7,7,0,1,1,1,1
1,1,1,3,1,7,7,0,1,1,1,1
1,0,0,1,1,7,7,2,2,2,-1,-1
20,12,0,2,1,7,7,1,0,0,0,0
12,0,0,1,1,7,7,1,1,1,1,1
37,7,3,4,1,7,7,2,2,2,-1,-1
37,7,3,3,0,7,7,1,0,0,0,0
7,3,0,2,0,7,7,3,-1,-1,1,1
7,0,0,1,0,7,7,1,1,1,1,1
36,4,4,8,1,7,7,0,1,1,1,1
36,4,4,6,1,7,7,2,1,1,-1,-1
36,4,4,5,0,7,7,3,-1,-1,1,0
36,4,4,4,0,7,7,2,1,1,-1,-1
36,4,4,3,0,7,7,3,-1,-1,1,1
36,4,0,2,0,7,7,2,1,1,-1,-1
36,0,0,1,0,7,7,1,0,0,0,0
12,7,5,3,1,7,7,1,1,0,1,1
7,5,0,2,0,7,7,4,-1,-1,2,-1
7,5,0,2,0,7,0,0,0,0,0,0
16,7,4,5,1,7,7,2,2,1,-1,-1
16,7,4,4,0,7,7,3,-1,-1,1,1
16,7,3,3,0,7,7,2,1,1,-1,-1
16,7,0,2,0,7,7,1,0,0,0,0
7,0,0,1,1,7,7,1,1,1,1,1
16,0,0,1,1,7,7,1,0,0,0,0
13,6,4,8,1,7,7,0,1,1,1,1
13,6,2,6,1,7,7,2,2,2,-1,-1
13,6,2,5,0,7,7,3,-1,-1,2,2
13,6,1,4,0,7,7,2,2,1,-1,-1
13,6,1,3,0,7,7,1,0,0,0,1
6,1,0,2,1,7,7,4,-1,-1,2,-1
6,1,0,2,1,7,0,0,0,2,1,1
24,8,0,2,1,7,7,1,0,0,0,0
8,0,0,1,1,7,7,1,1,1,1,1
12,2,2,3,1,7,7,1,1,1,1,1
2,2,0,2,1,7,7,0,1,1,1,1
32,0,0,1,1,0,7,1,0,0,0,0
1,1,1,8,1,7,7,0,1,1,1,1
1,1,1,6,1,7,7,0,1,1,1,1
1,1,1,4,1,7,7,0,1,1,1,1
1,1,0,2,1,7,7,0,1,1,1,1
9,4,3,3,1,7,7,1,1,0,1,1
4,3,0,2,0,7,7,0,1,1,1,1
4,4,2,6,1,0,1,0,1,1,2,2
4,2,2,4,0,7,7,3,-1,-1,1,2
4,2,2,3,0,7,7,0,1,1,1,1
2,0,0,1,1,7,7,2,2,2,-1,-1
8,4,4,7,1,7,7,0,1,1,1,1
8,4,4,5,1,7,7,0,1,1,1,1
8,4,4,3,1,7,7,0,1,1,1,1
8,0,0,1,1,7,7,1,1,1,1,1
6,4,3,4,1,7,7,0,1,1,1,1
6,3,0,2,1,7,7,0,1,1,1,0
12,4,4,6,1,7,7,0,1,1,1,1
12,4,4,4,1,7,7,2,2,1,-1,-1
12,4,4,3,0,7,7,3,-1,-1,1,1
12,4,0,2,0,7,7,2,1,1,-1,-1
12,0,0,1,0,7,7,1,1,1,1,1
4,2,2,5,1,7,7,0,1,1,1,1
2,2,2,3,1,7,7,0,1,1,1,1
2,0,0,1,1,7,7,2,2,2,-1,-1
29,12,7,3,1,0,7,1,0,0,0,0
12,7,0,2,0,7,7,4,0,-1,-1,-1
12,7,0,2,0,0,7,1,1,1,1,1
7,0,0,1,1,7,7,1,1,1,1,1
2,2,2,8,1,0,7,0,2,1,2,1
2,2,2,6,1,7,7,0,1,1,1,1
2,2,2,4,1,7,7,0,1,1,1,1
2,2,0,2,1,7,7,0,1,1,1,1
18,2,2,8,1,7,7,0,1,1,1,1
18,2,2,6,1,7,7,2,2,2,-1,-1
18,2,2,5,0,7,7,3,-1,-1,2,2
18,2,2,4,0,7,7,2,2,1,-1,-1
18,2,2,3,0,7,7,3,-1,-1,1,2
18,2,0,2,0,7,7,1,0,0,0,0
2,0,0,1,0,7,7,2,2,2,-1,-1
22,5,5,3,1,7,7,1,0,0,0,0
5,5,0,2,1,7,7,4,2,-1,-1,-1
5,5,0,2,1,0,7,0,1,1,1,1
12,0,0,1,1,7,7,1,1,1,1,1
16,15,15,6,1,7,7,0,1,0,1,1
16,15,15,4,0,7,7,4,-1,-1,2,-1
16,15,15,4,0,7,0,1,0,0,0,1
15,15,6,3,1,7,7,4,-1,-1,0,-1
15,15,6,3,1,7,0,2,1,1,-1,-1
15,15,0,2,0,7,0,0,0,0,0,0
11,11,5,4,1,0,7,0,1,0,1,1
11,11,0,2,0,7,7,4,-1,-1,2,-1
11,11,0,2,0,7,0,0,0,0,0,0
6,4,2,5,1,7,7,0,1,1,1,1
6,2,2,3,1,7,7,2,2,2,-1,-1
6,2,0,2,0,7,7,0,1,1,0,2
16,15,15,6,1,0,7,0,1,0,1,1
16,15,15,4,0,7,7,4,-1,-1,2,-1
16,15,15,4,0,7,0,1,0,0,0,1
15,15,6,3,1,7,7,4,-1,-1,0,-1
15,15,6,3,1,7,0,2,1,1,-1,-1
15,15,0,2,0,7,0,0,0,0,0,0
47,17,0,2,1,0,7,1,0,0,0,0
17,0,0,1,1,7,7,1,0,0,0,0
2,1,1,3,1,7,7,0,1,1,1,1
1,0,0,1,1,7,7,2,2,2,-1,-1
12,0,0,1,1,0,7,1,1,1,1,1
16,15,15,6,1,0,1,0,1,0,1,1
16,15,15,4,0,7,7,4,-1,-1,2,-1
16,15,15,4,0,7,0,1,0,0,0,1
15,15,6,3,1,7,7,4,-1,-1,0,-1
15,15,6,3,1,7,0,2,1,1,-1,-1
15,15,0,2,0,7,0,0,0,0,0,0
10,5,4,5,1,7,7,2,2,1,-1,-1
10,5,4,4,0,7,7,3,-1,-1,1,1
10,5,3,3,0,7,7,2,1,1,-1,-1
10,3,0,2,0,7,7,3,-1,-1,1,1
10,0,0,1,0,7,7,1,1,0,1,1
4,4,4,3,1,7,7,0,1,1,1,1
4,0,0,1,1,7,7,1,1,1,1,1
36,3,3,5,1,7,7,2,2,1,-1,-1
36,3,3,4,0,7,7,3,-1,-1,1,1
36,3,3,3,0,7,7,2,1,1,-1,-1
36,3,0,2,0,7,7,3,-1,-1,1,1
36,0,0,1,0,7,7,1,0,0,0,0
30,18,0,2,1,7,7,1,0,0,0,0
18,0,0,1,0,7,7,1,0,0,0,0
48,0,0,1,1,0,7,1,0,0,0,0
5,4,3,5,1,0,7,0,1,1,1,1
5,2,2,3,1,7,7,2,2,2,-1,-1
5,2,0,2,0,7,7,0,1,1,0,2
4,4,4,3,1,7,7,0,1,1,1,1
4,0,0,1,1,7,7,1,1,1,1,1
48,0,0,1,1,7,7,1,0,0,0,0
45,19,0,2,1,7,7,1,0,0,0,0
19,0,0,1,0,7,7,1,0,0,0,0
16,0,0,1,1,0,7,1,0,0,0,0
32,0,0,1,1,7,7,1,0,0,0,0
8,2,1,4,1,7,7,2,2,2,-1,-1
8,1,1,3,0,7,7,3,-1,-1,2,2
8,1,0,2,0,7,7,2,2,2,-1,-1
8,0,0,1,0,7,7,1,1,1,1,1
48,0,0,1,1,7,7,1,0,0,0,0
4,1,1,5,1,7,7,0,1,1,1,1
1,1,1,3,1,7,7,0,1,1,1,1
1,0,0,1,1,7,7,2,2,2,-1,-1
48,0,0,1,1,7,7,1,0,0,0,0
23,5,2,5,1,7,7,2,2,2,-1,-1
23,5,1,4,0,7,7,3,-1,-1,2,2
23,5,1,3,0,7,7,2,2,2,-1,-1
23,5,0,2,0,7,7,1,0,0,0,0
5,0,0,1,1,7,7,1,1,1,1,1
8,4,0,2,1,7,7,0,0,0,0,0
11,11,11,8,1,7,7,2,1,1,-1,-1
11,11,11,7,0,7,7,3,-1,-1,1,1
11,11,11,6,1,7,7,4,-1,-1,0,-1
11,11,11,6,1,7,0,2,1,1,-1,-1
11,11,11,5,0,7,0,3,-1,-1,1,0
11,11,11,4,0,7,7,4,2,-1,-1,-1
11,11,11,4,0,0,7,1,1,1,1,1
11,11,11,3,1,7,7,4,-1,-1,0,-1
11,11,11,3,1,7,0,2,0,0,-1,-1
11,11,0,2,0,7,7,3,-1,-1,0,2
11,0,0,1,0,7,7,1,1,1,1,1
10,6,0,2,1,7,7,0,0,0,0,0
8,2,2,5,1,0,1,0,2,1,2,1
8,2,2,3,1,7,7,2,2,2,-1,-1
8,2,0,2,0,7,7,1,1,1,1,1
2,0,0,1,1,7,7,2,2,2,-1,-1
26,1,1,7,1,7,7,2,2,2,-1,-1
26,1,1,6,0,7,7,3,-1,-1,2,2
26,1,1,5,0,7,7,2,2,2,-1,-1
26,1,1,4,0,7,7,3,-1,-1,2,2
26,1,1,3,0,7,7,2,2,2,-1,-1
26,1,0,2,0,7,7,1,0,0,1,0
1,0,0,1,0,7,7,3,-1,-1,2,2
8,0,0,1,1,0,7,1,1,1,1,1
44,10,10,3,1,7,7,1,0,0,0,0
10,10,0,2,1,7,7,4,0,-1,-1,-1
10,10,0,2,1,0,7,0,0,0,0,0
8,0,0,1,1,7,7,1,1,1,1,1
28,14,9,5,1,7,7,0,0,0,0,1
28,14,9,3,0,7,7,4,-1,-1,2,-1
28,14,9,3,0,7,0,1,0,0,0,0
14,9,0,2,1,7,7,4,2,-1,-1,-1
14,9,0,2,1,0,7,0,0,0,0,0
8,8,0,2,1,0,7,0,0,0,0,0
64,0,0,1,1,7,7,1,0,0,0,0
22,10,0,2,1,7,7,1,0,0,0,0
10,0,0,1,1,7,7,1,1,0,1,1
12,0,0,1,1,7,7,1,1,1,1,1
8,8,8,6,1,0,7,1,1,1,1,1
8,8,8,5,1,7,7,0,0,0,0,1
8,8,8,3,1,7,7,4,-1,-1,2,-1
8,8,8,3,1,7,0,1,1,1,1,1
8,8,0,2,1,7,7,0,0,0,0,0
29,19,0,2,1,7,7,1,0,0,0,0
19,0,0,1,0,7,7,1,0,0,0,0
8,8,8,4,1,7,7,0,0,0,0,1
8,8,0,2,1,7,7,4,-1,-1,2,-1
8,8,0,2,1,7,0,0,0,0,0,0
1,1,1,8,1,7,7,0,1,1,1,1
1,1,1,6,1,7,7,0,1,1,1,1
1,1,1,4,1,7,7,0,1,1,1,1
1,1,0,2,1,7,7,0,1,1,1,1
4,4,4,7,1,7,7,0,1,1,1,1
4,1,1,5,1,7,7,0,1,1,1,1
1,1,1,3,1,7,7,0,1,1,1,1
1,0,0,1,1,7,7,2,2,2,-1,-1
16,0,0,1,1,0,7,1,0,0,0,0
12,0,0,1,1,7,7,1,1,1,1,1
24,0,0,1,1,7,7,1,0,0,0,0
34,14,0,2,1,7,7,1,0,0,0,0
14,0,0,1,0,7,7,1,0,0,0,0
1,1,1,4,1,7,7,0,1,1,1,1
1,1,0,2,1,7,7,0,1,1,1,1
4,4,4,6,1,7,7,0,1,1,1,1
4,4,4,4,1,7,7,0,1,1,1,1
4,4,0,2,1,7,7,0,1,1,1,1
10,2,1,6,1,7,7,0,1,1,1,1
10,1,1,4,1,7,7,2,2,2,-1,-1
10,1,1,3,0,7,7,3,-1,-1,2,2
10,1,0,2,0,7,7,1,1,1,1,2
1,0,0,1,0,7,7,2,2,2,-1,-1
2,1,1,7,1,7,7,0,1,1,1,1
1,1,1,5,1,7,7,0,1,1,1,1
1,1,1,3,1,7,7,0,1,1,1,1
1,0,0,1,1,7,7,2,2,2,-1,-1
2,1,1,3,1,7,7,0,1,1,1,1
1,0,0,1,1,7,7,2,2,2,-1,-1
1,1,1,8,1,7,7,0,1,1,1,1
1,1,1,6,1,7,7,0,1,1,1,1
1,1,1,4,1,7,7,0,1,1,1,1
1,1,0,2,1,7,7,0,1,1,1,1
3,1,1,6,1,7,7,0,1,1,1,1
1,1,1,4,1,7,7,0,1,1,1,1
1,1,0,2,1,7,7,0,1,1,1,1
12,0,0,1,1,7,7,1,1,1,1,1
12,0,0,1,1,0,7,1,1,1,1,1
4,2,1,4,1,0,1,0,2,1,2,1
4,1,0,2,1,7,7,0,1,1,1,1
13,8,6,4,1,0,7,1,0,0,0,1
8,6,5,3,1,7,7,4,-1,-1,2,-1
8,6,5,3,1,7,0,1,1,1,1,1
6,5,0,2,1,7,7,0,1,1,1,1
12,6,4,8,1,7,7,0,1,1,1,1
12,6,2,6,1,7,7,2,2,2,-1,-1
12,6,2,5,0,7,7,3,-1,-1,2,2
12,6,2,4,0,7,7,2,2,1,-1,-1
12,6,1,3,0,7,7,1,1,1,1,1
6,1,0,2,1,7,7,4,-1,-1,0,-1
6,1,0,2,1,7,0,2,1,1,-1,-1
1,0,0,1,0,7,7,3,-1,-1,2,1
32,0,0,1,1,7,7,1,0,0,0,0
28,10,10,3,1,7,7,1,0,0,0,0
10,10,0,2,1,7,7,4,2,-1,-1,-1
10,10,0,2,1,0,7,0,0,0,0,0
18,1,1,7,1,7,7,0,1,1,1,1
18,1,1,5,1,7,7,2,2,2,-1,-1
18,1,1,4,0,7,7,3,-1,-1,2,2
18,1,1,3,0,7,7,2,2,2,-1,-1
18,1,0,2,0,7,7,1,0,0,0,0
1,0,0,1,0,7,7,2,2,2,-1,-1
32,0,0,1,1,7,7,1,0,0,0,0
6,6,6,6,1,7,7,2,2,2,-1,-1
6,6,6,5,0,7,7,3,-1,-1,2,2
6,6,6,4,0,7,7,0,1,1,1,1
6,2,0,2,1,7,7,4,-1,-1,0,-1
6,2,0,2,1,7,0,2,1,1,-1,-1
2,0,0,1,0,7,7,3,-1,-1,2,1
6,6,4,7,1,7,7,0,1,1,1,1
6,6,2,5,1,7,7,0,1,1,1,1
6,6,2,3,1,7,7,2,2,2,-1,-1
6,6,0,2,0,7,7,0,1,1,1,1
12,0,0,1,1,7,7,1,1,1,1,1
2,2,0,2,1,0,7,0,2,1,2,1
8,0,0,1,1,7,7,1,1,1,1,1
32,0,0,1,1,7,7,1,0,0,0,0
50,2,2,8,1,7,7,2,2,2,-1,-1
50,2,2,7,0,7,7,3,-1,-1,2,2
50,2,2,6,0,7,7,2,2,2,-1,-1
50,2,2,5,0,7,7,3,-1,-1,2,2
50,2,2,4,0,7,7,2,2,2,-1,-1
50,2,2,3,0,7,7,3,-1,-1,2,2
50,2,0,2,0,7,7,1,0,0,0,0
2,0,0,1,0,7,7,2,2,2,-1,-1
2,1,1,7,1,7,7,0,1,1,1,1
1,1,1,5,1,7,7,0,1,1,1,1
1,1,1,3,1,7,7,0,1,1,1,1
1,0,0,1,1,7,7,2,2,2,-1,-1
35,7,3,6,1,0,7,2,2,2,-1,-1
35,7,3,5,0,7,7,3,-1,-1,2,2
35,7,3,4,0,7,7,2,2,2,-1,-1
35,7,3,3,0,7,7,1,0,0,0,0
7,3,0,2,1,7,7,4,0,-1,-1,-1
7,3,0,2,1,0,7,0,0,0,0,0
3,1,0,2,1,7,7,0,1,1,1,1
45,19,0,2,1,7,7,1,0,0,0,0
19,0,0,1,0,7,7,1,0,0,0,0
18,7,4,4,1,7,7,2,1,1,-1,-1
18,7,3,3,0,7,7,3,-1,-1,1,2
18,7,0,2,0,7,7,1,0,0,0,0
7,0,0,1,0,7,7,1,1,1,1,1
10,8,2,5,1,0,7,2,2,2,-1,-1
10,8,2,4,0,7,7,3,-1,-1,2,1
10,8,2,3,0,7,7,1,1,0,1,1
8,2,0,2,0,7,7,2,2,2,-1,-1
8,0,0,1,0,7,7,1,1,1,1,1
23,14,11,5,1,7,7,0,0,0,0,1
23,14,11,3,0,7,7,4,-1,-1,0,-1
23,14,11,3,0,7,0,1,0,0,0,0
14,11,0,2,1,7,7,4,2,-1,-1,-1
14,11,0,2,1,0,7,0,0,0,0,0
7,5,5,6,1,7,7,0,1,1,1,1
7,5,5,4,1,7,7,4,-1,-1,0,-1
7,5,5,4,1,7,0,2,1,1,-1,-1
7,5,5,3,0,7,0,3,-1,-1,1,2
7,5,0,2,0,7,7,4,2,-1,-1,-1
7,5,0,2,0,0,7,0,0,0,0,0
12,0,0,1,1,7,7,1,1,1,1,1
64,0,0,1,1,0,7,1,0,0,0,0
5,1,1,8,1,7,7,0,1,1,1,1
5,1,1,6,1,7,7,0,1,1,1,1
5,1,1,4,1,7,7,0,1,1,1,1
5,1,0,2,1,7,7,0,1,1,0,2
8,0,0,1,1,7,7,1,1,1,1,1
7,2,1,5,1,7,7,0,1,1,1,1
7,1,1,3,1,7,7,2,2,2,-1,-1
7,1,0,2,0,7,7,1,1,1,1,1
1,0,0,1,1,7,7,2,2,2,-1,-1
19,11,7,5,1,7,7,0,1,0,1,1
19,11,7,3,0,7,7,4,-1,-1,2,-1
19,11,7,3,0,7,0,1,0,0,0,1
11,7,0,2,1,7,7,4,-1,-1,2,-1
11,7,0,2,1,7,0,1,1,1,1,1
7,0,0,1,1,7,7,1,1,1,1,1
1,1,1,4,1,0,7,0,2,1,2,1
1,1,0,2,1,7,7,0,1,1,1,1
7,3,2,3,1,7,7,0,1,1,1,1
7,0,0,1,1,7,7,1,1,1,1,1
4,2,1,4,1,0,7,0,1,1,2,2
1,1,0,2,0,7,7,3,-1,-1,1,2
1,0,0,1,0,7,7,2,2,2,-1,-1
12,0,0,1,1,7,7,1,1,1,1,1
1,1,1,8,1,7,7,0,1,1,1,1
1,1,1,6,1,7,7,0,1,1,1,1
1,1,1,4,1,7,7,0,1,1,1,1
1,1,0,2,1,7,7,0,1,1,1,1
9,1,1,8,1,7,7,0,1,1,1,1
9,1,1,6,1,7,7,0,1,1,1,1
9,1,1,4,1,7,7,2,2,2,-1,-1
9,1,1,3,0,7,7,3,-1,-1,2,2
9,1,0,2,0,7,7,1,1,1,1,2
1,0,0,1,0,7,7,2,2,2,-1,-1
9,3,0,2,1,7,7,0,0,0,0,0
24,24,0,2,1,7,7,0,0,0,0,0
16,10,7,6,1,7,7,2,1,2,-1,-1
16,10,7,5,0,7,7,3,-1,-1,1,1
16,10,7,4,0,7,7,4,0,-1,-1,-1
16,10,7,4,0,0,7,1,0,0,0,1
10,7,5,3,1,7,7,4,-1,-1,2,-1
10,7,5,3,1,7,0,1,1,0,1,2
7,5,0,2,0,7,7,4,-1,-1,2,-1
7,5,0,2,0,7,0,0,0,0,0,0
11,5,3,7,1,0,1,0,1,1,1,1
11,5,1,5,1,7,7,2,2,2,-1,-1
11,5,1,4,0,7,7,3,-1,-1,2,2
11,5,1,3,0,7,7,2,2,2,-1,-1
11,5,0,2,0,7,7,1,1,1,1,1
5,0,0,1,1,7,7,1,1,1,1,1
17,1,1,8,1,7,7,0,1,1,1,1
17,1,1,6,1,7,7,2,2,2,-1,-1
17,1,1,5,0,7,7,3,-1,-1,2,2
17,1,1,4,0,7,7,2,2,1,-1,-1
17,1,1,3,0,7,7,3,-1,-1,1,2
17,1,0,2,0,7,7,1,0,0,0,0
1,0,0,1,0,7,7,2,2,2,-1,-1
4,0,0,1,1,7,7,1,1,1,1,1
4,1,1,5,1,7,7,0,1,1,1,1
1,1,1,3,1,7,7,0,1,1,1,1
1,0,0,1,1,7,7,2,2,2,-1,-1
64,0,0,1,1,7,7,1,0,0,0,0
24,24,0,2,1,7,7,0,0,0,0,0
24,8,0,2,1,7,7,1,0,0,0,0
8,0,0,1,1,7,7,1,1,1,1,1
12,10,10,3,1,7,7,1,1,0,1,1
10,10,0,2,0,7,7,4,-1,-1,2,-1
10,10,0,2,0,7,0,0,0,0,0,0
11,11,11,6,1,7,7,0,1,0,1,1
11,11,11,4,0,7,7,4,-1,-1,2,-1
11,11,11,4,0,7,0,1,1,1,1,1
11,11,5,3,1,7,7,4,-1,-1,0,-1
11,11,5,3,1,7,0,2,1,1,-1,-1
11,11,0,2,0,7,0,0,0,0,0,0
8,0,0,1,1,7,7,1,1,1,1,1
16,0,0,1,1,7,7,1,0,0,0,0
1,1,1,4,1,7,7,0,1,1,1,1
1,1,0,2,1,7,7,0,1,1,1,1
4,3,3,5,1,0,1,0,1,1,1,1
3,3,3,3,1,7,7,0,1,1,1,1
3,0,0,1,1,7,7,1,1,1,1,1
46,3,3,7,1,7,7,2,1,1,-1,-1
46,3,3,6,0,7,7,3,-1,-1,1,1
46,3,3,5,1,7,7,2,2,1,-1,-1
46,3,3,4,0,7,7,3,-1,-1,1,1
46,3,3,3,0,7,7,2,1,1,-1,-1
46,3,0,2,0,7,7,3,-1,-1,1,1
46,0,0,1,0,7,7,1,0,0,0,0
8,0,0,1,1,7,7,1,1,1,1,1
64,0,0,1,1,7,7,1,0,0,0,0
8,6,6,5,1,0,7,0,1,1,1,1
8,6,6,3,1,7,7,4,-1,-1,2,-1
8,6,6,3,1,7,0,2,1,1,-1,-1
8,6,0,2,0,7,0,3,-1,-1,1,0
8,0,0,1,1,7,7,1,1,1,1,1
18,2,2,4,1,0,7,2,2,2,-1,-1
18,2,2,3,0,7,7,3,-1,-1,2,1
18,2,0,2,0,7,7,1,0,0,0,0
2,0,0,1,0,7,7,2,2,2,-1,-1
6,6,6,4,1,7,7,0,1,1,1,1
6,6,0,2,1,7,7,4,-1,-1,0,-1
6,6,0,2,1,7,0,2,1,1,-1,-1
6,0,0,1,0,7,7,3,-1,-1,1,2
18,6,3,7,1,0,7,0,1,1,1,1
18,6,1,5,1,7,7,2,2,2,-1,-1
18,6,1,4,0,7,7,3,-1,-1,2,2
18,6,1,3,0,7,7,1,0,0,0,0
6,1,0,2,0,7,7,2,2,2,-1,-1
6,0,0,1,1,7,7,1,1,1,1,1
22,13,13,3,1,0,7,1,0,0,0,0
13,13,0,2,1,7,7,4,2,-1,-1,-1
13,13,0,2,1,0,7,0,0,0,0,0
12,0,0,1,1,0,7,1,1,1,1,1
13,3,0,2,1,7,7,1,0,0,1,1
3,0,0,1,0,7,7,3,-1,-1,1,1
38,2,2,6,1,7,7,2,2,2,-1,-1
38,2,2,5,0,7,7,3,-1,-1,2,2
38,2,2,4,0,7,7,2,2,2,-1,-1
38,2,2,3,0,7,7,3,-1,-1,2,2
38,2,0,2,0,7,7,1,0,0,1,0
2,0,0,1,0,7,7,2,2,2,-1,-1
11,2,1,5,1,0,7,2,2,2,-1,-1
11,1,1,4,0,7,7,3,-1,-1,2,2
11,1,1,3,0,7,7,2,2,2,-1,-1
11,1,0,2,0,7,7,1,1,1,1,1
1,0,0,1,1,7,7,2,2,2,-1,-1
4,2,1,8,1,7,7,0,1,1,1,1
1,1,1,6,1,7,7,0,1,1,1,1
1,1,1,4,1,7,7,0,1,1,1,1
1,1,0,2,1,7,7,0,1,1,1,1
48,0,0,1,1,7,7,1,0,0,0,0
1,1,1,8,1,7,7,0,1,1,1,1
1,1,1,6,1,7,7,0,1,1,1,1
1,1,1,4,1,7,7,0,1,1,1,1
1,1,0,2,1,7,7,0,1,1,1,1
16,4,4,3,1,0,7,1,0,0,0,0
4,4,0,2,1,7,7,0,1,1,1,1
32,8,8,5,1,7,7,1,0,0,0,0
8,8,8,4,1,7,7,4,0,-1,-1,-1
8,8,8,4,1,0,7,4,-1,-1,0,-1
8,8,8,4,1,0,0,1,1,1,1,0
8,8,8,3,0,7,7,2,0,0,-1,-1
8,8,0,2,0,7,7,3,-1,-1,0,0
8,0,0,1,0,7,7,1,1,1,1,1
4,0,0,1,1,7,7,1,1,1,1,1
20,4,0,2,1,0,7,1,0,0,0,0
4,0,0,1,1,7,7,1,1,1,1,1
23,14,11,3,1,7,7,1,0,0,0,0
14,11,0,2,1,7,7,4,2,-1,-1,-1
14,11,0,2,1,0,7,0,0,0,0,0
16,16,16,3,1,7,7,1,0,0,0,1
16,16,0,2,1,7,7,4,-1,-1,2,-1
16,16,0,2,1,7,0,0,0,0,0,0
11,11,11,8,1,7,7,2,1,1,-1,-1
11,11,11,7,0,7,7,3,-1,-1,1,1
11,11,11,6,1,7,7,4,-1,-1,0,-1
11,11,11,6,1,7,0,2,1,1,-1,-1
11,11,11,5,0,7,0,3,-1,-1,1,0
11,11,11,4,0,7,7,4,2,-1,-1,-1
11,11,11,4,0,0,7,1,1,1,1,1
11,11,11,3,1,7,7,4,-1,-1,0,-1
11,11,11,3,1,7,0,2,0,0,-1,-1
11,11,0,2,0,7,7,3,-1,-1,0,2
11,0,0,1,0,7,7,1,1,1,1,1
8,6,6,5,1,7,7,0,1,1,1,1
8,6,6,3,1,7,7,4,-1,-1,2,-1
8,6,6,3,1,7,0,2,1,1,-1,-1
8,6,0,2,0,7,0,3,-1,-1,1,0
8,0,0,1,1,7,7,1,1,1,1,1
36,7,3,5,1,7,7,2,2,1,-1,-1
36,7,1,4,0,7,7,3,-1,-1,2,1
36,7,1,3,1,7,7,2,2,2,-1,-1
36,7,0,2,0,7,7,1,0,0,0,0
7,0,0,1,1,7,7,1,1,1,1,1
2,1,1,7,1,7,7,0,1,1,1,1
1,1,1,5,1,7,7,0,1,1,1,1
1,1,1,3,1,7,7,0,1,1,1,1
1,0,0,1,1,7,7,2,2,2,-1,-1
33,9,4,4,1,7,7,2,2,1,-1,-1
33,9,2,3,0,7,7,3,-1,-1,1,2
33,9,0,2,0,7,7,1,0,0,0,0
9,0,0,1,0,7,7,1,1,0,1,1
9,5,5,4,1,7,7,1,1,0,1,2
5,5,5,3,0,7,7,4,-1,-1,2,-1
5,5,5,3,0,7,0,1,1,1,1,1
5,5,0,2,1,7,7,0,1,1,1,1
25,1,1,8,1,7,7,0,1,1,1,1
25,1,1,6,1,7,7,2,2,2,-1,-1
25,1,1,5,0,7,7,3,-1,-1,2,2
25,1,1,4,0,7,7,2,2,2,-1,-1
25,1,1,3,0,7,7,3,-1,-1,2,2
25,1,0,2,0,7,7,1,0,0,0,0
1,0,0,1,0,7,7,3,-1,-1,2,2
8,4,4,7,1,7,7,0,1,1,1,1
8,4,4,5,1,7,7,0,1,1,1,1
8,4,4,3,1,7,7,0,1,1,1,1
8,0,0,1,1,7,7,1,1,1,1,1
15,9,0,2,1,7,7,1,0,0,0,0
9,0,0,1,1,7,7,1,1,0,1,1
6,6,4,7,1,7,7,0,1,1,1,1
6,6,2,5,1,7,7,0,1,1,1,1
6,6,2,3,1,7,7,2,2,2,-1,-1
6,6,0,2,0,7,7,0,1,1,1,1
6,1,1,7,1,7,7,0,1,1,1,1
6,1,1,5,1,7,7,0,1,1,1,1
6,1,1,3,1,7,7,2,2,2,-1,-1
6,1,0,2,0,7,7,0,1,1,0,2
48,0,0,1,1,0,7,1,0,0,0,0
12,12,12,4,1,7,7,1,1,0,1,1
12,12,12,3,0,7,7,4,-1,-1,2,-1
12,12,12,3,0,7,0,1,1,1,1,1
12,12,0,2,1,7,7,4,-1,-1,0,-1
12,12,0,2,1,7,0,2,0,0,-1,-1
12,0,0,1,0,7,7,3,-1,-1,0,2
7,1,0,2,1,7,7,1,1,1,1,1
1,0,0,1,1,7,7,2,2,2,-1,-1
16,0,0,1,1,7,7,1,0,0,0,0
12,1,1,5,1,0,7,2,2,2,-1,-1
12,1,1,4,0,7,7,3,-1,-1,2,2
12,1,1,3,0,7,7,2,2,2,-1,-1
12,1,0,2,0,7,7,1,1,1,1,1
1,0,0,1,1,7,7,2,2,2,-1,-1
32,16,0,2,1,0,7,1,0,0,0,0
16,0,0,1,1,7,7,1,0,0,0,0
2,2,2,8,1,7,7,0,1,1,1,1
2,2,1,6,1,7,7,0,1,1,1,1
1,1,1,4,1,7,7,0,1,1,1,1
1,1,0,2,1,7,7,0,1,1,1,1
2,2,1,6,1,7,7,0,1,1,1,1
1,1,1,4,1,7,7,0,1,1,1,1
1,1,0,2,1,7,7,0,1,1,1,1
16,0,0,1,1,7,7,1,0,0,0,0
6,6,6,8,1,7,7,0,1,1,1,1
6,6,6,6,1,7,7,4,-1,-1,0,-1
6,6,6,6,1,7,0,2,1,1,-1,-1
6,6,6,5,0,7,7,3,-1,-1,1,1
6,6,6,4,1,7,7,4,-1,-1,0,-1
6,6,6,4,1,7,0,2,1,1,-1,-1
6,6,6,3,0,7,7,3,-1,-1,1,2
6,6,0,2,0,7,7,4,2,-1,-1,-1
6,6,0,2,0,0,7,0,1,1,1,1
7,3,3,4,1,0,1,0,1,1,1,1
7,3,0,2,1,7,7,0,0,0,0,0
48,0,0,1,1,0,7,1,0,0,0,0
1,1,1,4,1,7,7,0,1,1,1,1
1,1,0,2,1,7,7,0,1,1,1,1
8,0,0,1,1,7,7,1,1,1,1,1
48,16,0,2,1,7,7,1,0,0,0,0
16,0,0,1,1,7,7,1,0,0,0,0
4,4,2,6,1,7,7,0,1,1,1,1
2,2,2,4,1,7,7,0,1,1,1,1
2,2,0,2,1,7,7,0,1,1,1,1
8,2,2,3,1,7,7,0,1,1,1,1
8,0,0,1,1,7,7,1,1,1,1,1
22,10,6,6,1,0,7,0,1,1,1,0
22,10,3,4,0,7,7,4,0,-1,-1,-1
22,10,3,4,0,0,7,3,-1,-1,1,1
22,10,3,3,0,0,7,2,1,1,-1,-1
22,10,0,2,0,7,7,1,0,0,0,0
10,0,0,1,1,7,7,1,1,0,1,1
6,5,5,3,1,7,7,1,1,1,1,1
5,5,0,2,1,7,7,0,1,1,1,1
6,3,3,7,1,7,7,0,1,1,1,1
6,3,3,5,1,7,7,0,1,1,1,1
6,3,3,3,1,7,7,0,1,1,1,1
6,0,0,1,1,7,7,1,1,1,1,1
23,14,11,3,1,0,1,1,0,0,0,0
14,11,0,2,1,7,7,4,2,-1,-1,-1
14,11,0,2,1,0,7,0,0,0,0,0
4,0,0,1,1,0,7,1,2,1,2,1
4,1,1,5,1,7,7,0,1,1,1,1
1,1,1,3,1,7,7,0,1,1,1,1
1,0,0,1,1,7,7,2,2,2,-1,-1
2,1,1,3,1,7,7,0,1,1,1,1
1,0,0,1,1,7,7,2,2,2,-1,-1
4,2,2,7,1,0,7,0,1,1,2,2
2,2,2,5,0,7,7,3,-1,-1,1,2
2,2,2,4,0,7,7,0,1,1,1,1
2,2,0,2,1,7,7,0,1,1,1,1
21,5,2,7,1,0,7,0,1,1,1,1
21,5,1,5,1,7,7,2,2,2,-1,-1
21,5,1,4,0,7,7,3,-1,-1,2,2
21,5,1,3,0,7,7,1,0,0,0,0
5,1,0,2,0,7,7,3,-1,-1,2,2
5,0,0,1,1,7,7,1,1,1,1,1
22,22,10,4,1,7,7,0,0,0,0,1
22,22,0,2,1,7,7,4,-1,-1,2,-1
22,22,0,2,1,7,0,0,0,0,0,0
10,9,9,7,1,0,7,1,1,0,1,2
9,9,9,6,0,7,7,4,-1,-1,2,-1
9,9,9,6,0,7,0,1,1,0,1,2
9,9,9,5,0,7,7,4,-1,-1,2,-1
9,9,9,5,0,7,0,1,1,0,1,2
9,9,9,4,0,7,7,4,-1,-1,2,-1
9,9,9,4,0,7,0,1,1,0,1,2
9,9,9,3,0,7,7,4,-1,-1,2,-1
9,9,9,3,0,7,0,1,1,0,1,2
9,9,0,2,0,7,7,4,-1,-1,2,-1
9,9,0,2,0,7,0,0,0,0,0,0
17,15,0,2,1,7,7,0,0,0,0,0
20,5,2,8,1,7,7,0,1,1,1,1
20,5,1,6,1,7,7,2,2,2,-1,-1
20,5,1,5,0,7,7,3,-1,-1,2,2
20,5,1,4,0,7,7,2,2,2,-1,-1
20,5,1,3,0,7,7,1,0,0,0,0
5,1,0,2,1,7,7,0,1,1,0,2
8,3,1,7,1,7,7,0,1,1,1,1
8,1,1,5,1,7,7,0,1,1,1,1
8,1,1,3,1,7,7,2,2,2,-1,-1
8,1,0,2,0,7,7,1,1,1,1,1
1,0,0,1,1,7,7,2,2,2,-1,-1
10,7,7,7,1,7,7,2,2,2,-1,-1
10,7,7,6,0,7,7,3,-1,-1,2,2
10,7,7,5,0,7,7,2,2,2,-1,-1
10,7,7,4,0,7,7,1,1,1,1,2
7,7,2,3,0,7,7,2,2,2,-1,-1
7,7,0,2,0,7,7,0,0,0,0,0
8,3,2,6,1,0,7,0,1,1,1,1
8,1,1,4,1,7,7,2,2,2,-1,-1
8,1,1,3,0,7,7,3,-1,-1,2,2
8,1,0,2,0,7,7,2,2,2,-1,-1
8,0,0,1,0,7,7,1,1,1,1,1
12,0,0,1,1,7,7,1,1,1,1,1
4,2,1,4,1,7,7,0,1,1,1,1
1,1,0,2,1,7,7,0,1,1,1,1
48,0,0,1,1,7,7,1,0,0,0,0
3,3,3,6,1,0,1,0,1,1,2,2
3,3,1,4,0,7,7,3,-1,-1,1,2
3,3,1,3,0,7,7,0,1,1,1,1
1,0,0,1,1,7,7,2,2,2,-1,-1
2,2,0,2,1,0,7,0,2,1,2,1
22,10,0,2,1,7,7,1,0,0,0,0
10,0,0,1,1,7,7,1,1,0,1,1
3,1,0,2,1,7,7,0,1,1,1,1
24,0,0,1,1,7,7,1,0,0,0,0
7,3,1,8,1,0,7,0,1,1,1,1
7,1,1,6,1,7,7,0,1,1,1,1
7,1,1,4,1,7,7,0,1,1,1,1
7,1,0,2,1,7,7,1,1,1,1,1
1,0,0,1,1,7,7,2,2,2,-1,-1
17,10,7,6,1,0,7,2,1,2,-1,-1
17,10,7,5,0,7,7,3,-1,-1,1,1
17,10,7,4,0,7,7,4,0,-1,-1,-1
17,10,7,4,0,0,7,1,0,0,0,1
10,7,5,3,0,7,7,4,-1,-1,2,-1
10,7,5,3,0,7,0,1,1,0,1,2
7,5,0,2,0,7,7,4,-1,-1,2,-1
7,5,0,2,0,7,0,0,0,0,0,0
64,0,0,1,1,7,7,1,0,0,0,0
12,4,0,2,1,7,7,1,1,1,1,1
4,0,0,1,1,7,7,1,1,1,1,1
29,7,7,6,1,7,7,0,0,0,0,1
29,7,7,4,1,7,7,4,-1,-1,2,-1
29,7,7,4,1,7,0,1,0,0,0,1
7,7,7,3,0,7,7,4,0,-1,-1,-1
7,7,7,3,0,0,7,4,-1,-1,0,-1
7,7,7,3,0,0,0,1,1,1,1,0
7,7,0,2,0,7,7,2,0,0,-1,-1
7,0,0,1,0,7,7,3,-1,-1,0,0
23,10,6,6,1,0,7,2,2,1,-1,-1
23,10,6,5,0,7,7,3,-1,-1,1,2
23,10,6,4,0,7,7,2,1,1,-1,-1
23,10,6,3,0,7,7,4,-1,-1,0,-1
23,10,6,3,0,7,0,1,0,0,0,0
10,6,0,2,1,7,7,4,2,-1,-1,-1
10,6,0,2,1,0,7,0,0,0,0,0
30,6,6,4,1,7,7,1,0,0,0,0
6,6,6,3,1,7,7,4,0,-1,-1,-1
6,6,6,3,1,0,7,4,-1,-1,0,-1
6,6,6,3,1,0,0,1,2,2,1,1
6,6,0,2,0,7,7,2,1,1,-1,-1
6,0,0,1,0,7,7,3,-1,-1,1,1
64,0,0,1,1,0,7,1,0,0,0,0
19,6,3,6,1,7,7,2,2,2,-1,-1
19,6,3,5,0,7,7,3,-1,-1,2,1
19,6,3,4,0,7,7,2,1,1,-1,-1
19,6,1,3,0,7,7,3,-1,-1,1,2
19,6,0,2,0,7,7,1,0,0,0,0
6,0,0,1,1,7,7,1,1,1,1,1
1,1,1,4,1,7,7,0,1,1,1,1
1,1,0,2,1,7,7,0,1,1,1,1
11,11,10,7,1,0,7,2,1,1,-1,-1
11,11,10,6,0,7,7,3,-1,-1,1,1
11,11,10,5,1,7,7,2,2,2,-1,-1
11,11,10,4,0,7,7,3,-1,-1,2,0
11,11,10,3,0,7,7,4,0,-1,-1,-1
11,11,10,3,0,0,7,1,1,1,2,1
11,10,0,2,1,7,7,4,-1,-1,2,-1
11,10,0,2,1,7,0,2,0,0,-1,-1
11,0,0,1,0,7,0,3,-1,-1,0,0
32,0,0,1,1,0,7,1,0,0,0,0
48,0,0,1,1,7,7,1,0,0,0,0
12,5,3,6,1,7,7,2,2,2,-1,-1
12,5,3,5,0,7,7,3,-1,-1,2,2
12,5,3,4,0,7,7,2,2,1,-1,-1
12,5,3,3,0,7,7,1,1,1,1,1
5,3,0,2,1,7,7,0,1,1,1,0
4,1,1,5,1,0,1,0,2,1,2,1
4,1,1,3,1,7,7,0,1,1,1,1
1,0,0,1,1,7,7,2,2,2,-1,-1
20,5,2,8,1,7,7,0,1,1,1,1
20,5,1,6,1,7,7,2,2,2,-1,-1
20,5,1,5,0,7,7,3,-1,-1,2,2
20,5,1,4,0,7,7,2,2,2,-1,-1
20,5,1,3,0,7,7,1,0,0,0,0
5,1,0,2,1,7,7,0,1,1,0,2
1,1,1,4,1,7,7,0,1,1,1,1
1,1,0,2,1,7,7,0,1,1,1,1
2,1,1,3,1,7,7,0,1,1,1,1
1,0,0,1,1,7,7,2,2,2,-1,-1
12,2,2,7,1,7,7,0,1,1,1,1
12,2,2,5,1,7,7,2,2,2,-1,-1
12,2,2,4,0,7,7,3,-1,-1,2,1
12,2,2,3,0,7,7,2,1,1,-1,-1
12,2,0,2,0,7,7,3,-1,-1,1,2
12,0,0,1,0,7,7,1,1,1,1,1
1,1,1,8,1,7,7,0,1,1,1,1
1,1,1,6,1,7,7,0,1,1,1,1
1,1,1,4,1,7,7,0,1,1,1,1
1,1,0,2,1,7,7,0,1,1,1,1
4,1,1,5,1,7,7,0,1,1,1,1
1,1,1,3,1,7,7,0,1,1,1,1
1,0,0,1,1,7,7,2,2,2,-1,-1
26,14,10,5,1,0,7,0,0,0,0,1
26,14,10,3,0,7,7,4,-1,-1,2,-1
26,14,10,3,0,7,0,1,0,0,0,0
14,10,0,2,1,7,7,4,2,-1,-1,-1
14,10,0,2,1,0,7,0,0,0,0,0
9,1,1,8,1,7,7,0,1,1,1,1
9,1,1,6,1,7,7,0,1,1,1,1
9,1,1,4,1,7,7,2,2,2,-1,-1
9,1,1,3,0,7,7,3,-1,-1,2,2
9,1,0,2,0,7,7,1,1,1,1,2
1,0,0,1,0,7,7,2,2,2,-1,-1
16,0,0,1,1,7,7,1,0,0,0,0
4,2,2,3,1,7,7,0,1,1,1,1
2,0,0,1,1,7,7,2,2,2,-1,-1
9,7,7,6,1,7,7,2,1,1,-1,-1
9,7,7,5,0,7,7,3,-1,-1,1,1
9,7,7,4,1,7,7,1,1,0,1,1
7,7,3,3,0,7,7,4,-1,-1,0,-1
7,7,3,3,0,7,0,2,1,1,-1,-1
7,7,0,2,0,7,0,0,0,0,0,0
39,16,9,3,1,0,7,1,0,0,0,0
16,9,0,2,1,7,7,4,0,-1,-1,-1
16,9,0,2,1,0,7,1,0,0,0,0
9,0,0,1,1,7,7,1,1,0,1,1
16,0,0,1,1,0,7,1,0,0,0,0
26,16,12,4,1,7,7,1,0,1,0,1
16,12,10,3,1,7,7,4,0,-1,-1,-1
16,12,10,3,1,0,7,4,-1,-1,0,-1
16,12,10,3,1,0,0,1,0,0,0,1
12,10,0,2,1,7,7,4,-1,-1,2,-1
12,10,0,2,1,7,0,0,0,0,0,0
2,1,1,3,1,0,1,0,2,1,2,1
1,0,0,1,1,7,7,2,2,2,-1,-1
64,0,0,1,1,0,7,1,0,0,0,0
23,3,3,4,1,7,7,2,2,1,-1,-1
23,3,3,3,0,7,7,3,-1,-1,1,1
23,3,0,2,0,7,7,2,1,1,-1,-1
23,0,0,1,0,7,7,1,0,0,0,0
15,8,6,8,1,0,1,0,1,1,1,1
15,8,5,6,0,7,7,3,-1,-1,1,1
15,8,5,5,0,7,7,2,1,1,-1,-1
15,8,5,4,0,7,7,3,-1,-1,1,1
15,8,5,3,0,7,7,1,0,0,0,1
8,5,0,2,1,7,7,4,-1,-1,2,-1
8,5,0,2,1,7,0,0,0,0,0,0
9,7,7,6,1,7,7,2,1,1,-1,-1
9,7,7,5,0,7,7,3,-1,-1,1,1
9,7,7,4,1,7,7,1,1,0,1,1
7,7,3,3,0,7,7,4,-1,-1,0,-1
7,7,3,3,0,7,0,2,1,1,-1,-1
7,7,0,2,0,7,0,0,0,0,0,0
2,1,1,3,1,7,7,0,1,1,1,1
1,0,0,1,1,7,7,2,2,2,-1,-1
17,4,1,5,1,7,7,2,2,1,-1,-1
17,4,1,4,0,7,7,3,-1,-1,1,1
17,1,1,3,0,7,7,2,1,2,-1,-1
17,1,0,2,0,7,7,1,0,0,0,0
1,0,0,1,0,7,7,2,2,2,-1,-1
52,2,2,7,1,7,7,2,2,2,-1,-1
52,2,2,6,0,7,7,3,-1,-1,2,2
52,2,2,5,0,7,7,2,2,2,-1,-1
52,2,2,4,0,7,7,3,-1,-1,2,2
52,2,2,3,0,7,7,2,2,2,-1,-1
52,2,0,2,0,7,7,1,0,0,0,0
2,0,0,1,1,7,7,2,2,2,-1,-1
32,8,3,7,1,0,1,2,2,2,-1,-1
32,8,3,6,0,7,1,3,-1,-1,2,2
32,8,3,5,0,7,7,2,2,2,-1,-1
32,8,3,4,0,7,7,3,-1,-1,2,2
32,8,3,3,0,7,7,1,0,0,0,0
8,3,0,2,1,7,7,4,0,-1,-1,-1
8,3,0,2,1,0,7,0,0,0,0,0
1,1,1,4,1,7,7,0,1,1,1,1
1,1,0,2,1,7,7,0,1,1,1,1
3,2,2,4,1,7,7,0,1,1,1,1
2,1,0,2,1,7,7,0,1,1,1,1
2,1,1,3,1,7,7,0,1,1,1,1
1,0,0,1,1,7,7,2,2,2,-1,-1
15,6,3,3,1,7,7,1,0,0,0,1
6,3,0,2,1,7,7,4,-1,-1,2,-1
6,3,0,2,1,7,0,0,1,0,1,1
14,2,2,6,1,0,7,0,1,1,1,1
14,2,2,4,1,7,7,2,2,2,-1,-1
14,2,2,3,0,7,7,3,-1,-1,2,2
14,2,0,2,0,7,7,1,0,0,1,0
2,0,0,1,0,7,7,3,-1,-1,2,2
2,1,1,3,1,7,7,0,1,1,1,1
1,0,0,1,1,7,7,2,2,2,-1,-1
24,22,6,5,1,0,7,0,1,1,1,1
24,22,6,3,1,7,7,4,-1,-1,0,-1
24,22,6,3,1,7,0,2,1,1,-1,-1
24,22,0,2,0,7,0,0,0,0,0,0
5,1,1,4,1,0,7,2,2,2,-1,-1
5,1,1,3,0,7,7,3,-1,-1,2,2
5,1,0,2,0,7,7,2,2,2,-1,-1
5,0,0,1,0,7,7,1,1,1,1,1
9,1,1,8,1,7,7,0,1,1,1,1
9,1,1,6,1,7,7,0,1,1,1,1
9,1,1,4,1,7,7,2,2,2,-1,-1
9,1,1,3,0,7,7,3,-1,-1,2,2
9,1,0,2,0,7,7,1,1,1,1,2
1,0,0,1,0,7,7,2,2,2,-1,-1
20,2,2,7,1,7,7,0,1,1,1,1
20,2,2,5,1,7,7,2,2,2,-1,-1
20,2,2,4,0,7,7,3,-1,-1,2,2
20,2,2,3,0,7,7,2,2,2,-1,-1
20,2,0,2,0,7,7,1,0,0,0,0
2,0,0,1,1,7,7,2,2,2,-1,-1
2,1,1,3,1,7,7,0,1,1,1,1
1,0,0,1,1,7,7,2,2,2,-1,-1
14,10,10,6,1,7,7,0,0,0,0,1
14,10,10,4,1,7,7,4,-1,-1,2,-1
14,10,10,4,1,7,0,1,0,0,0,1
10,10,10,3,1,7,7,4,-1,-1,2,-1
10,10,10,3,1,7,0,1,1,0,1,2
10,10,0,2,0,7,7,4,-1,-1,2,-1
10,10,0,2,0,7,0,0,0,0,0,0
16,0,0,1,1,0,7,1,0,0,0,0
24,22,6,5,1,0,7,0,1,1,1,1
24,22,6,3,1,7,7,4,-1,-1,0,-1
24,22,6,3,1,7,0,2,1,1,-1,-1
24,22,0,2,0,7,0,0,0,0,0,0
1,1,1,8,1,7,7,0,1,1,1,1
1,1,1,6,1,7,7,0,1,1,1,1
1,1,1,4,1,7,7,0,1,1,1,1
1,1,0,2,1,7,7,0,1,1,1,1
35,9,4,3,1,0,7,1,0,0,0,0
9,4,0,2,1,7,7,4,0,-1,-1,-1
9,4,0,2,1,0,7,4,-1,-1,0,-1
9,4,0,2,1,0,0,1,1,1,1,1
4,0,0,1,0,7,7,2,1,1,-1,-1
17,17,7,4,1,0,7,0,0,0,0,1
17,17,0,2,1,7,7,4,-1,-1,2,-1
17,17,0,2,1,7,0,0,0,0,0,0
2,2,2,4,1,7,7,0,1,1,1,1
2,2,0,2,1,7,7,0,1,1,1,1
37,8,3,3,1,0,7,1,0,1,0,0
8,3,0,2,0,7,7,4,0,-1,-1,-1
8,3,0,2,0,0,7,3,-1,-1,1,1
8,0,0,1,0,0,7,1,1,1,1,1
2,1,1,3,1,7,7,0,1,1,1,1
1,0,0,1,1,7,7,2,2,2,-1,-1
8,8,8,8,1,7,7,0,0,0,0,1
8,8,8,6,1,7,7,4,-1,-1,2,-1
8,8,8,6,1,7,0,1,1,1,1,1
8,8,8,5,1,7,7,0,0,0,0,1
8,8,8,3,1,7,7,4,-1,-1,2,-1
8,8,8,3,1,7,0,1,1,1,1,1
8,8,0,2,1,7,7,0,0,0,0,0
36,7,3,5,1,7,7,2,2,1,-1,-1
36,7,1,4,0,7,7,3,-1,-1,2,1
36,7,1,3,1,7,7,2,2,2,-1,-1
36,7,0,2,0,7,7,1,0,0,0,0
7,0,0,1,1,7,7,1,1,1,1,1
8,6,6,5,1,7,7,0,1,1,1,1
8,6,6,3,1,7,7,4,-1,-1,2,-1
8,6,6,3,1,7,0,2,1,1,-1,-1
8,6,0,2,0,7,0,3,-1,-1,1,0
8,0,0,1,1,7,7,1,1,1,1,1
46,9,4,7,1,7,7,2,1,1,-1,-1
46,9,2,6,0,7,7,3,-1,-1,1,1
46,9,2,5,1,7,7,2,2,2,-1,-1
46,9,2,4,0,7,7,3,-1,-1,2,2
46,9,1,3,0,7,7,2,2,2,-1,-1
46,9,0,2,0,7,7,1,0,0,0,0
9,0,0,1,0,7,7,1,1,0,1,1
4,4,2,4,1,7,7,0,1,1,1,1
2,2,0,2,1,7,7,0,1,1,1,1
4,0,0,1,1,7,7,1,1,1,1,1
11,11,5,4,1,7,7,0,1,0,1,1
11,11,0,2,0,7,7,4,-1,-1,2,-1
11,11,0,2,0,7,0,0,0,0,0,0
12,5,3,6,1,0,7,2,2,2,-1,-1
12,5,3,5,0,7,7,3,-1,-1,2,2
12,5,3,4,0,7,7,2,2,1,-1,-1
12,5,3,3,0,7,7,1,1,1,1,1
5,3,0,2,1,7,7,0,1,1,1,0
4,0,0,1,1,7,7,1,1,1,1,1
22,5,5,3,1,7,7,1,0,0,0,0
5,5,0,2,1,7,7,4,2,-1,-1,-1
5,5,0,2,1,0,7,0,1,1,1,1
3,1,1,6,1,7,7,0,1,1,1,1
1,1,1,4,1,7,7,0,1,1,1,1
1,1,0,2,1,7,7,0,1,1,1,1
4,2,1,8,1,7,7,0,1,1,1,1
1,1,1,6,1,7,7,0,1,1,1,1
1,1,1,4,1,7,7,0,1,1,1,1
1,1,0,2,1,7,7,0,1,1,1,1
4,2,1,8,1,7,7,0,1,1,1,1
1,1,1,6,1,7,7,0,1,1,1,1
1,1,1,4,1,7,7,0,1,1,1,1
1,1,0,2,1,7,7,0,1,1,1,1
6,6,2,4,1,0,7,0,1,1,1,1
6,6,0,2,1,7,7,0,1,1,1,1
12,0,0,1,1,7,7,1,1,1,1,1
16,6,3,8,1,0,7,0,1,1,1,1
16,6,2,6,1,7,7,2,2,2,-1,-1
16,6,1,5,0,7,7,3,-1,-1,2,2
16,6,1,4,0,7,7,2,2,1,-1,-1
16,6,1,3,0,7,7,1,0,0,0,1
6,1,0,2,1,7,7,4,-1,-1,2,-1
6,1,0,2,1,7,0,0,0,2,1,1
32,0,0,1,1,7,7,1,0,0,0,0
4,1,1,5,1,0,7,0,1,1,2,2
1,1,1,3,0,7,7,3,-1,-1,1,2
1,1,0,2,0,7,7,0,1,1,1,1
4,2,2,7,1,7,7,0,1,1,1,1
2,1,1,5,1,7,7,0,1,1,1,1
1,1,1,3,1,7,7,0,1,1,1,1
1,0,0,1,1,7,7,2,2,2,-1,-1
38,2,2,6,1,7,7,2,2,2,-1,-1
38,2,2,5,0,7,7,3,-1,-1,2,2
38,2,2,4,0,7,7,2,2,2,-1,-1
38,2,2,3,0,7,7,3,-1,-1,2,2
38,2,0,2,0,7,7,1,0,0,1,0
2,0,0,1,0,7,7,2,2,2,-1,-1
6,1,1,3,1,7,7,0,1,1,1,2
1,0,0,1,0,7,7,3,-1,-1,1,2
9,5,3,7,1,7,7,0,1,1,1,1
9,5,2,5,1,7,7,2,2,2,-1,-1
9,5,2,4,0,7,7,3,-1,-1,2,2
9,5,1,3,0,7,7,2,2,2,-1,-1
9,5,0,2,0,7,7,0,0,0,0,0
4,0,0,1,1,7,7,1,1,1,1,1
4,1,1,5,1,7,7,0,1,1,1,1
1,1,1,3,1,7,7,0,1,1,1,1
1,0,0,1,1,7,7,2,2,2,-1,-1
18,4,2,3,1,0,7,1,0,0,0,0
4,2,0,2,0,7,7,2,1,1,-1,-1
2,0,0,1,0,7,7,3,-1,-1,1,2
48,0,0,1,1,7,7,1,0,0,0,0
4,4,4,8,1,7,7,0,1,1,1,1
4,4,2,6,1,7,7,0,1,1,1,1
2,2,2,4,1,7,7,0,1,1,1,1
2,2,0,2,1,7,7,0,1,1,1,1
24,0,0,1,1,7,7,1,0,0,0,0
32,0,0,1,1,7,7,1,0,0,0,0
24,0,0,1,1,7,7,1,0,0,0,0
8,8,8,6,1,7,7,0,0,0,0,1
8,8,8,4,1,7,7,4,-1,-1,2,-1
8,8,8,4,1,7,0,1,1,1,1,1
8,8,8,3,1,7,7,1,1,1,1,1
8,8,0,2,1,7,7,0,0,0,0,0
1,1,1,4,1,7,7,0,1,1,1,1
1,1,0,2,1,7,7,0,1,1,1,1
28,12,12,4,1,7,7,1,0,1,0,1
12,12,12,3,1,7,7,4,0,-1,-1,-1
12,12,12,3,1,0,7,4,-1,-1,0,-1
12,12,12,3,1,0,0,1,1,1,1,1
12,12,0,2,1,7,7,4,-1,-1,0,-1
12,12,0,2,1,7,0,2,0,0,-1,-1
12,0,0,1,0,7,7,3,-1,-1,0,2
11,5,0,2,1,7,7,1,1,1,1,1
5,0,0,1,1,7,7,1,1,1,1,1
10,8,2,5,1,7,7,2,2,2,-1,-1
10,8,2,4,0,7,7,3,-1,-1,2,1
10,8,2,3,0,7,7,1,1,0,1,1
8,2,0,2,0,7,7,2,2,2,-1,-1
8,0,0,1,0,7,7,1,1,1,1,1
2,1,1,3,1,7,7,0,1,1,1,1
1,0,0,1,1,7,7,2,2,2,-1,-1
12,4,0,2,1,7,7,1,1,1,1,1
4,0,0,1,1,7,7,1,1,1,1,1
16,16,16,4,1,7,7,1,0,0,0,1
16,16,16,3,1,7,7,4,-1,-1,2,-1
16,16,16,3,1,7,0,1,0,0,0,1
16,16,0,2,1,7,7,4,-1,-1,2,-1
16,16,0,2,1,7,0,0,0,0,0,0
16,0,0,1,1,7,7,1,0,0,0,0
8,4,4,3,1,0,7,0,1,1,1,1
8,0,0,1,1,7,7,1,1,1,1,1
2,1,1,3,1,7,7,0,1,1,1,1
1,0,0,1,1,7,7,2,2,2,-1,-1
10,7,7,7,1,7,7,2,2,2,-1,-1
10,7,7,6,0,7,7,3,-1,-1,2,2
10,7,7,5,0,7,7,2,2,2,-1,-1
10,7,7,4,0,7,7,1,1,1,1,2
7,7,2,3,0,7,7,2,2,2,-1,-1
7,7,0,2,0,7,7,0,0,0,0,0
31,13,8,6,1,0,7,2,1,1,-1,-1
31,13,8,5,0,7,7,3,-1,-1,1,1
31,13,8,4,1,7,7,2,2,1,-1,-1
31,13,8,3,0,7,7,3,-1,-1,0,0
31,13,0,2,0,7,7,4,0,-1,-1,-1
31,13,0,2,0,0,7,1,0,0,0,0
13,0,0,1,1,7,7,1,0,0,0,0
13,1,1,4,1,7,7,2,2,2,-1,-1
13,1,1,3,0,7,7,3,-1,-1,2,1
13,1,0,2,0,7,7,1,0,0,1,0
1,0,0,1,0,7,7,3,-1,-1,2,2
2,1,1,3,1,7,7,0,1,1,1,1
1,0,0,1,1,7,7,2,2,2,-1,-1
44,10,10,3,1,7,7,1,0,0,0,0
10,10,0,2,1,7,7,4,0,-1,-1,-1
10,10,0,2,1,0,7,0,0,0,0,0
20,5,2,8,1,7,7,0,1,1,1,1
20,5,1,6,1,7,7,2,2,2,-1,-1
20,5,1,5,0,7,7,3,-1,-1,2,2
20,5,1,4,0,7,7,2,2,2,-1,-1
20,5,1,3,0,7,7,1,0,0,0,0
5,1,0,2,1,7,7,0,1,1,0,2
16,16,16,4,1,7,7,1,0,0,0,1
16,16,16,3,1,7,7,4,-1,-1,2,-1
16,16,16,3,1,7,0,1,0,0,0,1
16,16,0,2,1,7,7,4,-1,-1,2,-1
16,16,0,2,1,7,0,0,0,0,0,0
33,3,3,6,1,7,7,2,1,1,-1,-1
33,3,3,5,0,7,7,3,-1,-1,1,0
33,3,3,4,0,7,7,2,1,1,-1,-1
33,3,3,3,0,7,7,3,-1,-1,1,1
33,3,0,2,0,7,7,1,0,0,0,0
3,0,0,1,0,7,7,2,1,1,-1,-1
1,1,1,4,1,7,7,0,1,1,1,1
1,1,0,2,1,7,7,0,1,1,1,1
7,1,1,6,1,0,7,0,1,1,1,1
7,1,1,4,1,7,7,2,2,2,-1,-1
7,1,1,3,0,7,7,3,-1,-1,2,2
7,1,0,2,0,7,7,2,2,2,-1,-1
7,0,0,1,0,7,7,1,1,1,1,1
13,2,1,3,1,0,7,1,0,0,1,0
2,1,0,2,0,7,7,3,-1,-1,2,2
1,0,0,1,0,7,7,2,2,2,-1,-1
14,10,10,6,1,7,7,0,0,0,0,1
14,10,10,4,1,7,7,4,-1,-1,2,-1
14,10,10,4,1,7,0,1,0,0,0,1
10,10,10,3,1,7,7,4,-1,-1,2,-1
10,10,10,3,1,7,0,1,1,0,1,2
10,10,0,2,0,7,7,4,-1,-1,2,-1
10,10,0,2,0,7,0,0,0,0,0,0
12,0,0,1,1,7,7,1,1,1,1,1
6,6,4,7,1,7,7,0,1,1,1,1
6,6,2,5,1,7,7,0,1,1,1,1
6,6,2,3,1,7,7,2,2,2,-1,-1
6,6,0,2,0,7,7,0,1,1,1,1
15,3,3,4,1,7,7,2,2,1,-1,-1
15,3,3,3,0,7,7,3,-1,-1,1,1
15,3,0,2,0,7,7,2,1,1,-1,-1
15,0,0,1,0,7,7,1,0,0,0,0
24,0,0,1,1,7,7,1,0,0,0,0
12,0,0,1,1,7,7,1,1,1,1,1
1,1,1,4,1,0,7,0,2,1,2,1
1,1,0,2,1,7,7,0,1,1,1,1
4,0,0,1,1,7,7,1,1,1,1,1
8,8,8,8,1,7,7,2,1,1,-1,-1
8,8,8,7,0,7,7,3,-1,-1,1,1
8,8,8,6,1,7,7,2,1,1,-1,-1
8,8,8,5,0,7,7,3,-1,-1,1,1
8,8,8,4,1,7,7,0,0,0,0,1
8,8,0,2,1,7,7,4,-1,-1,2,-1
8,8,0,2,1,7,0,0,0,0,0,0
48,0,0,1,1,0,7,1,0,0,0,0
24,4,4,7,1,7,7,0,1,1,1,1
24,4,4,5,1,7,7,2,2,1,-1,-1
24,4,4,4,0,7,7,3,-1,-1,1,1
24,4,4,3,0,7,7,2,1,1,-1,-1
24,4,0,2,0,7,7,3,-1,-1,1,1
24,0,0,1,0,7,7,1,0,0,0,0
37,14,8,4,1,0,7,1,0,1,0,0
14,8,5,3,0,7,7,4,0,-1,-1,-1
14,8,5,3,0,0,7,4,-1,-1,0,-1
14,8,5,3,0,0,0,1,0,0,0,1
8,5,0,2,1,7,7,4,-1,-1,2,-1
8,5,0,2,1,7,0,0,0,0,0,0
12,0,0,1,1,7,7,1,1,1,1,1
4,0,0,1,1,7,7,1,1,1,1,1
3,1,1,6,1,7,7,0,1,1,1,1
1,1,1,4,1,7,7,0,1,1,1,1
1,1,0,2,1,7,7,0,1,1,1,1
16,12,12,5,1,0,1,1,0,0,0,1
12,12,12,4,1,7,7,4,-1,-1,2,-1
12,12,12,4,1,7,0,1,1,1,1,1
12,12,12,3,1,7,7,4,-1,-1,0,-1
12,12,12,3,1,7,0,2,0,0,-1,-1
12,12,0,2,0,7,7,3,-1,-1,0,2
12,0,0,1,0,7,7,1,1,1,1,1
24,0,0,1,1,0,7,1,0,0,0,0
16,4,4,3,1,7,7,1,0,0,0,0
4,4,0,2,1,7,7,0,1,1,1,1
49,11,4,3,1,7,7,1,0,0,0,1
11,4,0,2,0,7,7,4,-1,-1,0,-1
11,4,0,2,0,7,0,2,1,1,-1,-1
11,0,0,1,0,7,0,1,1,1,1,1
9,5,4,5,1,7,7,0,1,1,1,1
9,5,3,3,1,7,7,1,1,0,1,2
5,3,0,2,0,7,7,4,-1,-1,2,-1
5,3,0,2,0,7,0,0,1,0,1,1
1,1,1,4,1,0,1,0,2,1,2,1
1,1,0,2,1,7,7,0,1,1,1,1
9,3,0,2,1,7,7,0,0,0,0,0
44,10,10,3,1,7,7,1,0,0,0,0
10,10,0,2,1,7,7,4,0,-1,-1,-1
10,10,0,2,1,0,7,0,0,0,0,0
17,1,1,8,1,7,7,0,1,1,1,1
17,1,1,6,1,7,7,2,2,2,-1,-1
17,1,1,5,0,7,7,3,-1,-1,2,2
17,1,1,4,0,7,7,2,2,1,-1,-1
17,1,1,3,0,7,7,3,-1,-1,1,2
17,1,0,2,0,7,7,1,0,0,0,0
1,0,0,1,0,7,7,2,2,2,-1,-1
6,2,0,2,1,0,7,0,1,1,0,2
40,4,4,7,1,7,7,2,1,1,-1,-1
40,4,4,6,0,7,7,3,-1,-1,1,1
40,4,4,5,1,7,7,2,2,1,-1,-1
40,4,4,4,0,7,7,3,-1,-1,1,1
40,4,4,3,0,7,7,2,1,1,-1,-1
40,4,0,2,0,7,7,3,-1,-1,1,1
40,0,0,1,0,7,7,1,0,0,0,0
25,1,1,8,1,7,7,0,1,1,1,1
25,1,1,6,1,7,7,2,2,2,-1,-1
25,1,1,5,0,7,7,3,-1,-1,2,2
25,1,1,4,0,7,7,2,2,2,-1,-1
25,1,1,3,0,7,7,3,-1,-1,2,2
25,1,0,2,0,7,7,1,0,0,0,0
1,0,0,1,0,7,7,3,-1,-1,2,2
44,4,4,6,1,7,7,2,1,1,-1,-1
44,4,4,5,0,7,7,3,-1,-1,1,0
44,4,4,4,0,7,7,2,1,1,-1,-1
44,4,4,3,0,7,7,3,-1,-1,1,1
44,4,0,2,0,7,7,2,1,1,-1,-1
44,0,0,1,0,7,7,1,0,0,0,0
8,0,0,1,1,7,7,1,1,1,1,1
48,4,4,5,1,7,7,2,2,1,-1,-1
48,4,4,4,0,7,7,3,-1,-1,1,1
48,4,4,3,0,7,7,2,1,1,-1,-1
48,4,0,2,0,7,7,3,-1,-1,1,1
48,0,0,1,0,7,7,1,0,0,0,0
16,0,0,1,1,7,7,1,0,0,0,0
6,6,6,4,1,7,7,0,1,1,1,1
6,6,0,2,1,7,7,4,-1,-1,0,-1
6,6,0,2,1,7,0,2,1,1,-1,-1
6,0,0,1,0,7,7,3,-1,-1,1,2
64,0,0,1,1,7,7,1,0,0,0,0
34,12,7,6,1,7,7,2,1,1,-1,-1
34,12,7,5,0,7,7,3,-1,-1,1,1
34,12,7,4,0,7,7,2,1,1,-1,-1
34,12,7,3,0,7,7,4,-1,-1,0,-1
34,12,7,3,0,7,0,1,0,0,0,0
12,7,0,2,0,7,7,4,0,-1,-1,-1
12,7,0,2,0,0,7,1,1,1,1,1
7,0,0,1,1,7,7,1,1,1,1,1
17,16,5,5,1,7,7,0,1,1,1,1
17,16,5,3,1,7,7,4,-1,-1,0,-1
17,16,5,3,1,7,0,2,1,1,-1,-1
17,16,0,2,0,7,0,0,0,0,0,0
8,5,3,3,1,7,7,1,1,1,1,1
5,3,0,2,1,7,7,0,1,1,1,0
16,0,0,1,1,7,7,1,0,0,0,0
64,0,0,1,1,7,7,1,0,0,0,0
16,0,0,1,1,7,7,1,0,0,0,0
1,1,1,4,1,7,7,0,1,1,1,1
1,1,0,2,1,7,7,0,1,1,1,1
7,1,1,6,1,7,7,0,1,1,1,1
7,1,1,4,1,7,7,2,2,2,-1,-1
7,1,1,3,0,7,7,3,-1,-1,2,2
7,1,0,2,0,7,7,2,2,2,-1,-1
7,0,0,1,0,7,7,1,1,1,1,1
38,2,2,6,1,0,7,2,2,2,-1,-1
38,2,2,5,0,7,7,3,-1,-1,2,2
38,2,2,4,0,7,7,2,2,2,-1,-1
38,2,2,3,0,7,7,3,-1,-1,2,2
38,2,0,2,0,7,7,1,0,0,1,0
2,0,0,1,0,7,7,2,2,2,-1,-1
4,4,0,2,1,7,7,0,1,1,1,1
24,24,0,2,1,7,7,0,0,0,0,0
15,15,14,7,1,7,7,0,1,1,1,1
15,15,14,5,1,7,7,4,-1,-1,0,-1
15,15,14,5,1,7,0,2,1,1,-1,-1
15,15,14,4,0,7,0,3,-1,-1,1,2
15,15,14,3,0,7,7,4,2,-1,-1,-1
15,15,14,3,0,0,7,1,0,0,0,1
15,14,0,2,1,7,7,4,-1,-1,2,-1
15,14,0,2,1,7,0,0,0,0,0,0
10,2,0,2,1,0,7,1,1,1,1,2
2,0,0,1,0,7,7,2,2,2,-1,-1
32,32,0,2,1,0,7,0,0,0,0,0
30,3,3,7,1,0,7,0,1,1,1,1
30,3,3,5,1,7,7,2,2,1,-1,-1
30,3,3,4,0,7,7,3,-1,-1,1,1
30,3,3,3,0,7,7,2,1,1,-1,-1
30,3,0,2,0,7,7,3,-1,-1,1,1
30,0,0,1,0,7,7,1,0,0,0,0
3,2,1,5,1,7,7,0,1,1,1,1
1,1,1,3,1,7,7,0,1,1,1,1
1,0,0,1,1,7,7,2,2,2,-1,-1
17,5,5,4,1,7,7,1,0,0,0,1
5,5,5,3,0,7,7,4,-1,-1,0,-1
5,5,5,3,0,7,0,2,1,1,-1,-1
5,5,0,2,0,7,7,0,1,1,1,1
6,2,1,6,1,0,1,0,2,1,2,1
6,1,1,4,1,7,7,2,2,2,-1,-1
6,1,1,3,0,7,7,3,-1,-1,2,2
6,1,0,2,0,7,7,2,2,2,-1,-1
6,0,0,1,0,7,7,1,1,1,1,1
6,2,2,6,1,0,7,0,1,1,1,1
6,2,2,4,1,7,7,2,2,2,-1,-1
6,2,2,3,0,7,7,3,-1,-1,2,2
6,2,0,2,0,7,7,2,2,2,-1,-1
6,0,0,1,0,7,7,1,1,1,1,1
16,0,0,1,1,7,7,1,0,0,0,0
64,0,0,1,1,7,7,1,0,0,0,0
32,0,0,1,1,7,7,1,0,0,0,0
2,1,1,7,1,7,7,0,1,1,1,1
1,1,1,5,1,7,7,0,1,1,1,1
1,1,1,3,1,7,7,0,1,1,1,1
1,0,0,1,1,7,7,2,2,2,-1,-1
16,0,0,1,1,0,7,1,0,0,0,0
8,4,4,7,1,7,7,0,1,1,1,1
8,4,4,5,1,7,7,0,1,1,1,1
8,4,4,3,1,7,7,0,1,1,1,1
8,0,0,1,1,7,7,1,1,1,1,1
24,5,2,4,1,7,7,2,2,2,-1,-1
24,5,1,3,0,7,7,1,0,1,0,1
5,1,0,2,1,7,7,4,0,-1,-1,-1
5,1,0,2,1,0,7,4,-1,-1,0,-1
5,1,0,2,1,0,0,1,1,1,2,2
1,0,0,1,0,7,7,3,-1,-1,1,2
48,0,0,1,1,7,7,1,0,0,0,0
9,3,0,2,1,0,1,0,0,0,0,0
2,2,0,2,1,7,7,0,1,1,1,1
4,2,1,4,1,7,7,0,1,1,1,1
1,1,0,2,1,7,7,0,1,1,1,1
6,3,2,6,1,0,1,0,2,1,1,2
6,2,2,4,0,7,7,2,2,2,-1,-1
6,2,1,3,0,7,7,3,-1,-1,2,2
6,1,0,2,0,7,7,0,1,1,0,2
8,3,2,5,1,7,7,0,1,1,1,1
8,2,1,3,1,7,7,2,2,2,-1,-1
8,1,0,2,0,7,7,1,1,1,1,1
1,0,0,1,1,7,7,2,2,2,-1,-1
15,8,6,8,1,0,7,0,1,1,1,1
15,8,5,6,0,7,7,3,-1,-1,1,1
15,8,5,5,0,7,7,2,1,1,-1,-1
15,8,5,4,0,7,7,3,-1,-1,1,1
15,8,5,3,0,7,7,1,0,0,0,1
8,5,0,2,1,7,7,4,-1,-1,2,-1
8,5,0,2,1,7,0,0,0,0,0,0
16,0,0,1,1,7,7,1,0,0,0,0
9,4,3,3,1,7,7,1,1,0,1,1
4,3,0,2,0,7,7,0,1,1,1,1
64,0,0,1,1,7,7,1,0,0,0,0
21,11,0,2,1,7,7,1,0,0,0,0
11,0,0,1,0,7,7,1,1,1,1,1
15,4,2,6,1,0,7,0,1,1,1,1
15,1,1,4,1,7,7,2,2,2,-1,-1
15,1,1,3,0,7,7,3,-1,-1,2,2
15,1,0,2,0,7,7,1,0,0,0,0
1,0,0,1,1,7,7,2,2,2,-1,-1
11,11,11,8,1,7,7,2,1,1,-1,-1
11,11,11,7,0,7,7,3,-1,-1,1,1
11,11,11,6,1,7,7,4,-1,-1,0,-1
11,11,11,6,1,7,0,2,1,1,-1,-1
11,11,11,5,0,7,0,3,-1,-1,1,0
11,11,11,4,0,7,7,4,2,-1,-1,-1
11,11,11,4,0,0,7,1,1,1,1,1
11,11,11,3,1,7,7,4,-1,-1,0,-1
11,11,11,3,1,7,0,2,0,0,-1,-1
11,11,0,2,0,7,7,3,-1,-1,0,2
11,0,0,1,0,7,7,1,1,1,1,1
7,1,1,6,1,0,1,0,2,1,2,1
7,1,1,4,1,7,7,2,2,2,-1,-1
7,1,1,3,0,7,7,3,-1,-1,2,2
7,1,0,2,0,7,7,2,2,2,-1,-1
7,0,0,1,0,7,7,1,1,1,1,1
49,9,3,5,1,0,7,2,2,1,-1,-1
49,9,2,4,0,7,7,3,-1,-1,2,1
49,9,1,3,1,7,7,2,2,2,-1,-1
49,9,0,2,0,7,7,1,0,0,0,0
9,0,0,1,0,7,7,1,1,0,1,1
9,2,1,3,1,0,7,1,1,1,1,2
2,1,0,2,0,7,7,2,2,2,-1,-1
1,0,0,1,0,7,7,3,-1,-1,2,2
2,1,1,7,1,7,7,0,1,1,1,1
1,1,1,5,1,7,7,0,1,1,1,1
1,1,1,3,1,7,7,0,1,1,1,1
1,0,0,1,1,7,7,2,2,2,-1,-1
51,13,0,2,1,7,7,1,0,0,0,0
13,0,0,1,1,7,7,1,0,0,0,0
12,5,3,6,1,7,7,2,2,2,-1,-1
12,5,3,5,0,7,7,3,-1,-1,2,2
12,5,3,4,0,7,7,2,2,1,-1,-1
12,5,3,3,0,7,7,1,1,1,1,1
5,3,0,2,1,7,7,0,1,1,1,0
2,1,1,3,1,0,7,0,2,1,2,1
1,0,0,1,1,7,7,2,2,2,-1,-1
32,0,0,1,1,0,7,1,0,0,0,0
19,5,0,2,1,7,7,1,0,0,0,0
5,0,0,1,1,7,7,1,1,1,1,1
10,9,9,7,1,7,7,1,1,0,1,2
9,9,9,6,0,7,7,4,-1,-1,2,-1
9,9,9,6,0,7,0,1,1,0,1,2
9,9,9,5,0,7,7,4,-1,-1,2,-1
9,9,9,5,0,7,0,1,1,0,1,2
9,9,9,4,0,7,7,4,-1,-1,2,-1
9,9,9,4,0,7,0,1,1,0,1,2
9,9,9,3,0,7,7,4,-1,-1,2,-1
9,9,9,3,0,7,0,1,1,0,1,2
9,9,0,2,0,7,7,4,-1,-1,2,-1
9,9,0,2,0,7,0,0,0,0,0,0
20,3,3,5,1,7,7,2,2,1,-1,-1
20,3,3,4,0,7,7,3,-1,-1,1,1
20,3,3,3,0,7,7,2,1,1,-1,-1
20,3,0,2,0,7,7,3,-1,-1,1,1
20,0,0,1,0,7,7,1,0,0,0,0
25,5,2,3,1,7,7,1,0,0,0,0
5,2,0,2,0,7,7,3,-1,-1,2,2
5,0,0,1,1,7,7,1,1,1,1,1
3,1,0,2,1,7,7,0,1,1,1,1
1,1,1,8,1,7,7,0,1,1,1,1
1,1,1,6,1,7,7,0,1,1,1,1
1,1,1,4,1,7,7,0,1,1,1,1
1,1,0,2,1,7,7,0,1,1,1,1
4,1,1,5,1,7,7,0,1,1,1,1
1,1,1,3,1,7,7,0,1,1,1,1
1,0,0,1,1,7,7,2,2,2,-1,-1
4,1,1,5,1,7,7,0,1,1,1,1
1,1,1,3,1,7,7,0,1,1,1,1
1,0,0,1,1,7,7,2,2,2,-1,-1
6,1,1,3,1,7,7,0,1,1,1,2
1,0,0,1,0,7,7,3,-1,-1,1,2
20,1,1,5,1,7,7,2,2,2,-1,-1
20,1,1,4,0,7,7,3,-1,-1,2,2
20,1,1,3,0,7,7,2,2,2,-1,-1
20,1,0,2,0,7,7,1,0,0,0,0
1,0,0,1,1,7,7,2,2,2,-1,-1
4,2,2,3,1,0,1,0,1,1,2,2
2,0,0,1,0,7,7,3,-1,-1,1,2
2,2,1,6,1,7,7,0,1,1,1,1
1,1,1,4,1,7,7,0,1,1,1,1
1,1,0,2,1,7,7,0,1,1,1,1
4,0,0,1,1,0,7,1,2,1,2,1
24,0,0,1,1,7,7,1,0,0,0,0
16,0,0,1,1,7,7,1,0,0,0,0
1,1,1,4,1,0,7,0,2,1,2,1
1,1,0,2,1,7,7,0,1,1,1,1
24,0,0,1,1,7,7,1,0,0,0,0
34,8,3,5,1,7,7,2,2,1,-1,-1
34,8,2,4,0,7,7,3,-1,-1,2,1
34,8,1,3,1,7,7,2,2,2,-1,-1
34,8,0,2,0,7,7,1,0,0,0,0
8,0,0,1,0,7,7,1,1,1,1,1
50,7,7,3,1,7,7,1,0,0,0,0
7,7,0,2,0,7,7,4,0,-1,-1,-1
7,7,0,2,0,0,7,0,0,0,0,0
36,7,2,6,1,7,7,2,2,2,-1,-1
36,7,1,5,0,7,7,3,-1,-1,2,2
36,7,1,4,0,7,7,2,2,2,-1,-1
36,7,1,3,0,7,7,1,0,0,0,0
7,1,0,2,1,7,7,4,0,-1,-1,-1
7,1,0,2,1,0,7,1,1,1,1,1
1,0,0,1,1,7,7,2,2,2,-1,-1
2,1,1,3,1,7,7,0,1,1,1,1
1,0,0,1,1,7,7,2,2,2,-1,-1
4,0,0,1,1,7,7,1,1,1,1,1
34,15,15,3,1,0,7,1,0,0,0,0
15,15,0,2,0,7,7,4,0,-1,-1,-1
15,15,0,2,0,0,7,0,0,0,0,0
12,0,0,1,1,7,7,1,1,1,1,1
32,32,0,2,1,7,7,0,0,0,0,0
9,2,1,3,1,0,1,0,2,1,2,1
9,0,0,1,1,7,7,1,1,0,1,1
16,16,16,3,1,7,7,1,0,0,0,1
16,16,0,2,1,7,7,4,-1,-1,2,-1
16,16,0,2,1,7,0,0,0,0,0,0
32,0,0,1,1,7,7,1,0,0,0,0
3,1,0,2,1,7,7,0,1,1,1,1
14,5,5,3,1,7,7,1,0,0,0,1
5,5,0,2,1,7,7,4,-1,-1,2,-1
5,5,0,2,1,7,0,0,1,1,1,1
12,1,1,5,1,0,7,2,2,2,-1,-1
12,1,1,4,0,7,7,3,-1,-1,2,2
12,1,1,3,0,7,7,2,2,2,-1,-1
12,1,0,2,0,7,7,1,1,1,1,1
1,0,0,1,1,7,7,2,2,2,-1,-1
36,7,7,5,1,7,7,1,0,0,0,0
7,7,7,4,1,7,7,4,0,-1,-1,-1
7,7,7,4,1,0,7,4,-1,-1,0,-1
7,7,7,4,1,0,0,1,1,1,1,0
7,7,7,3,0,7,7,2,0,0,-1,-1
7,7,0,2,0,7,7,3,-1,-1,0,0
7,0,0,1,0,7,7,1,1,1,1,1
12,0,0,1,1,7,7,1,1,1,1,1
6,6,6,8,1,7,7,2,2,2,-1,-1
6,6,6,7,0,7,7,3,-1,-1,2,2
6,6,6,6,0,7,7,2,2,2,-1,-1
6,6,6,5,0,7,7,3,-1,-1,2,2
6,6,6,4,0,7,7,0,1,1,1,1
6,6,0,2,1,7,7,4,-1,-1,0,-1
6,6,0,2,1,7,0,2,1,1,-1,-1
6,0,0,1,0,7,7,3,-1,-1,1,2
7,4,2,5,1,7,7,0,1,1,1,1
7,2,1,3,1,7,7,2,2,2,-1,-1
7,1,0,2,0,7,7,1,1,1,1,1
1,0,0,1,1,7,7,2,2,2,-1,-1
8,0,0,1,1,0,7,1,1,1,1,1
16,0,0,1,1,0,7,1,0,0,0,0
24,0,0,1,1,7,7,1,0,0,0,0
34,2,2,8,1,7,7,2,2,2,-1,-1
34,2,2,7,0,7,7,3,-1,-1,2,2
34,2,2,6,0,7,7,2,2,2,-1,-1
34,2,2,5,0,7,7,3,-1,-1,2,2
34,2,2,4,0,7,7,2,2,2,-1,-1
34,2,2,3,0,7,7,3,-1,-1,2,2
34,2,0,2,0,7,7,1,0,0,0,0
2,0,0,1,0,7,7,2,2,2,-1,-1
3,1,0,2,1,7,7,0,1,1,1,1
32,0,0,1,1,7,7,1,0,0,0,0
1,1,1,8,1,7,7,0,1,1,1,1
1,1,1,6,1,7,7,0,1,1,1,1
1,1,1,4,1,7,7,0,1,1,1,1
1,1,0,2,1,7,7,0,1,1,1,1
10,4,3,8,1,7,7,0,1,1,1,1
10,2,2,6,1,7,7,0,1,1,1,1
10,1,1,4,1,7,7,2,2,2,-1,-1
10,1,1,3,0,7,7,3,-1,-1,2,2
10,1,0,2,0,7,7,1,1,1,1,2
1,0,0,1,0,7,7,2,2,2,-1,-1
5,2,1,7,1,0,7,0,1,1,1,1
5,1,1,5,1,7,7,0,1,1,1,1
5,1,1,3,1,7,7,2,2,2,-1,-1
5,1,0,2,0,7,7,0,1,1,0,2
1,1,1,4,1,7,7,0,1,1,1,1
1,1,0,2,1,7,7,0,1,1,1,1
2,1,1,3,1,0,7,0,2,1,2,1
1,0,0,1,1,7,7,2,2,2,-1,-1
9,3,1,6,1,7,7,0,1,1,1,1
9,1,1,4,1,7,7,2,2,2,-1,-1
9,1,1,3,0,7,7,3,-1,-1,2,2
9,1,0,2,0,7,7,1,1,1,1,2
1,0,0,1,0,7,7,2,2,2,-1,-1
9,7,7,6,1,0,7,2,1,1,-1,-1
9,7,7,5,0,7,7,3,-1,-1,1,1
9,7,7,4,1,7,7,1,1,0,1,1
7,7,3,3,0,7,7,4,-1,-1,0,-1
7,7,3,3,0,7,0,2,1,1,-1,-1
7,7,0,2,0,7,0,0,0,0,0,0
6,6,4,7,1,7,7,0,1,1,1,1
6,6,2,5,1,7,7,0,1,1,1,1
6,6,2,3,1,7,7,2,2,2,-1,-1
6,6,0,2,0,7,7,0,1,1,1,1
3,1,1,6,1,7,7,0,1,1,1,1
1,1,1,4,1,7,7,0,1,1,1,1
1,1,0,2,1,7,7,0,1,1,1,1
26,13,9,3,1,7,7,1,0,0,0,0
13,9,0,2,1,7,7,4,2,-1,-1,-1
13,9,0,2,1,0,7,0,0,0,0,0
4,0,0,1,1,7,7,1,1,1,1,1
1,1,1,4,1,0,7,0,2,1,2,1
1,1,0,2,1,7,7,0,1,1,1,1
10,8,2,5,1,7,7,2,2,2,-1,-1
10,8,2,4,0,7,7,3,-1,-1,2,1
10,8,2,3,0,7,7,1,1,0,1,1
8,2,0,2,0,7,7,2,2,2,-1,-1
8,0,0,1,0,7,7,1,1,1,1,1
25,1,1,8,1,7,7,0,1,1,1,1
25,1,1,6,1,7,7,2,2,2,-1,-1
25,1,1,5,0,7,7,3,-1,-1,2,2
25,1,1,4,0,7,7,2,2,2,-1,-1
25,1,1,3,0,7,7,3,-1,-1,2,2
25,1,0,2,0,7,7,1,0,0,0,0
1,0,0,1,0,7,7,3,-1,-1,2,2
29,12,7,8,1,7,7,2,2,2,-1,-1
29,12,7,7,0,7,7,3,-1,-1,2,1
29,12,7,6,0,7,7,2,1,1,-1,-1
29,12,7,5,0,7,7,3,-1,-1,1,1
29,12,7,4,0,7,7,2,1,1,-1,-1
29,12,7,3,0,7,7,3,-1,-1,0,0
29,12,0,2,0,7,7,4,0,-1,-1,-1
29,12,0,2,0,0,7,1,0,0,0,0
12,0,0,1,0,7,7,1,1,1,1,1
9,3,1,6,1,7,7,0,1,1,1,1
9,1,1,4,1,7,7,2,2,2,-1,-1
9,1,1,3,0,7,7,3,-1,-1,2,2
9,1,0,2,0,7,7,1,1,1,1,2
1,0,0,1,0,7,7,2,2,2,-1,-1
8,0,0,1,1,0,7,1,1,1,1,1
13,4,2,8,1,7,7,0,1,1,1,1
13,1,1,6,1,7,7,0,1,1,1,1
13,1,1,4,1,7,7,2,2,2,-1,-1
13,1,1,3,0,7,7,3,-1,-1,2,2
13,1,0,2,0,7,7,1,0,0,1,0
1,0,0,1,0,7,7,3,-1,-1,2,2
2,1,1,3,1,7,7,0,1,1,1,1
1,0,0,1,1,7,7,2,2,2,-1,-1
7,3,2,3,1,0,7,0,1,1,1,1
7,0,0,1,1,7,7,1,1,1,1,1
45,11,5,4,1,0,7,0,1,1,1,2
45,11,0,2,0,7,7,4,-1,-1,0,-1
45,11,0,2,0,7,0,1,0,0,0,0
11,0,0,1,0,7,7,1,1,1,1,1
34,12,7,7,1,7,7,2,2,1,-1,-1
34,12,7,6,0,7,7,3,-1,-1,1,1
34,12,7,5,0,7,7,2,1,2,-1,-1
34,12,7,4,0,7,7,3,-1,-1,2,2
34,12,7,3,0,7,7,1,0,0,0,0
12,7,0,2,0,7,7,4,0,-1,-1,-1
12,7,0,2,0,0,7,1,1,1,1,1
7,0,0,1,1,7,7,1,1,1,1,1
7,1,1,6,1,0,7,0,1,1,1,1
7,1,1,4,1,7,7,2,2,2,-1,-1
7,1,1,3,0,7,7,3,-1,-1,2,2
7,1,0,2,0,7,7,2,2,2,-1,-1
7,0,0,1,0,7,7,1,1,1,1,1
1,1,1,4,1,7,7,0,1,1,1,1
1,1,0,2,1,7,7,0,1,1,1,1
32,16,16,3,1,0,7,1,0,0,0,0
16,16,0,2,1,7,7,4,0,-1,-1,-1
16,16,0,2,1,0,7,0,0,0,0,0
16,0,0,1,1,7,7,1,0,0,0,0
15,7,4,5,1,7,7,2,2,1,-1,-1
15,7,3,4,0,7,7,3,-1,-1,1,1
15,7,3,3,0,7,7,2,1,1,-1,-1
15,7,0,2,0,7,7,1,0,0,0,0
7,0,0,1,1,7,7,1,1,1,1,1
17,1,1,8,1,7,7,0,1,1,1,1
17,1,1,6,1,7,7,2,2,2,-1,-1
17,1,1,5,0,7,7,3,-1,-1,2,2
17,1,1,4,0,7,7,2,2,1,-1,-1
17,1,1,3,0,7,7,3,-1,-1,1,2
17,1,0,2,0,7,7,1,0,0,0,0
1,0,0,1,0,7,7,2,2,2,-1,-1
12,5,3,5,1,7,7,2,2,2,-1,-1
12,5,3,4,0,7,7,3,-1,-1,2,1
12,5,3,3,0,7,7,2,1,1,-1,-1
12,5,0,2,0,7,7,3,-1,-1,1,1
12,0,0,1,0,7,7,1,1,1,1,1
4,4,4,6,1,0,7,0,1,1,1,1
4,4,4,4,1,7,7,0,1,1,1,1
4,4,0,2,1,7,7,0,1,1,1,1
2,2,2,8,1,7,7,0,1,1,1,1
2,2,2,6,1,7,7,0,1,1,1,1
2,2,2,4,1,7,7,0,1,1,1,1
2,2,0,2,1,7,7,0,1,1,1,1
5,3,0,2,1,7,7,0,1,1,1,0
34,6,6,6,1,7,7,0,1,1,1,1
34,6,6,4,1,7,7,4,-1,-1,0,-1
34,6,6,4,1,7,0,2,1,1,-1,-1
34,6,6,3,0,7,0,3,-1,-1,1,2
34,6,0,2,0,7,7,4,2,-1,-1,-1
34,6,0,2,0,0,7,1,0,0,0,0
6,0,0,1,0,7,7,1,1,1,1,1
6,6,0,2,1,7,7,0,1,1,1,1
1,1,1,8,1,0,7,0,2,1,2,1
1,1,1,6,1,7,7,0,1,1,1,1
1,1,1,4,1,7,7,0,1,1,1,1
1,1,0,2,1,7,7,0,1,1,1,1
8,0,0,1,1,0,7,1,1,1,1,1
64,0,0,1,1,7,7,1,0,0,0,0
2,1,1,3,1,7,7,0,1,1,1,1
1,0,0,1,1,7,7,2,2,2,-1,-1
5,1,1,8,1,7,7,0,1,1,1,1
5,1,1,6,1,7,7,0,1,1,1,1
5,1,1,4,1,7,7,0,1,1,1,1
5,1,0,2,1,7,7,0,1,1,0,2
37,7,2,5,1,7,7,2,2,2,-1,-1
37,7,1,4,0,7,7,3,-1,-1,2,1
37,7,1,3,0,7,7,1,0,0,0,0
7,1,0,2,0,7,7,3,-1,-1,2,2
7,0,0,1,1,7,7,1,1,1,1,1
15,3,1,8,1,7,7,0,1,1,1,1
15,1,1,6,1,7,7,0,1,1,1,1
15,1,1,4,1,7,7,2,2,2,-1,-1
15,1,1,3,0,7,7,3,-1,-1,2,2
15,1,0,2,0,7,7,1,0,0,0,0
1,0,0,1,1,7,7,2,2,2,-1,-1
38,10,0,2,1,0,1,1,0,0,0,0
10,0,0,1,1,7,7,1,1,0,1,1
48,0,0,1,1,7,7,1,0,0,0,0
2,1,1,3,1,0,7,0,2,1,2,1
1,0,0,1,1,7,7,2,2,2,-1,-1
8,4,0,2,1,0,7,0,0,0,0,0
2,1,1,3,1,0,7,0,2,1,2,1
1,0,0,1,1,7,7,2,2,2,-1,-1
22,2,2,6,1,7,7,2,2,2,-1,-1
22,2,2,5,0,7,7,3,-1,-1,2,2
22,2,2,4,0,7,7,2,2,2,-1,-1
22,2,2,3,0,7,7,3,-1,-1,2,2
22,2,0,2,0,7,7,1,0,0,1,0
2,0,0,1,0,7,7,2,2,2,-1,-1
14,2,2,6,1,0,1,0,2,1,2,1
14,2,2,4,1,7,7,2,2,2,-1,-1
14,2,2,3,0,7,7,3,-1,-1,2,2
14,2,0,2,0,7,7,1,0,0,1,0
2,0,0,1,0,7,7,3,-1,-1,2,2
27,1,1,6,1,7,7,2,2,2,-1,-1
27,1,1,5,0,7,7,3,-1,-1,2,2
27,1,1,4,0,7,7,2,2,2,-1,-1
27,1,1,3,0,7,7,3,-1,-1,2,2
27,1,0,2,0,7,7,1,0,0,0,0
1,0,0,1,1,7,7,2,2,2,-1,-1
2,2,2,4,1,7,7,0,1,1,1,1
2,2,0,2,1,7,7,0,1,1,1,1
11,5,0,2,1,7,7,1,1,1,1,1
5,0,0,1,1,7,7,1,1,1,1,1
16,8,0,2,1,7,7,1,0,0,0,0
8,0,0,1,1,7,7,1,1,1,1,1
6,3,2,4,1,7,7,2,2,1,-1,-1
6,3,1,3,0,7,7,3,-1,-1,1,1
6,1,0,2,0,7,7,2,1,1,-1,-1
1,0,0,1,0,7,7,3,-1,-1,1,2
7,2,1,5,1,7,7,0,1,1,1,1
7,1,1,3,1,7,7,2,2,2,-1,-1
7,1,0,2,0,7,7,1,1,1,1,1
1,0,0,1,1,7,7,2,2,2,-1,-1
34,7,7,3,1,0,7,1,0,0,0,0
7,7,0,2,0,7,7,4,0,-1,-1,-1
7,7,0,2,0,0,7,0,0,0,0,0
6,2,2,6,1,7,7,0,1,1,1,1
6,2,2,4,1,7,7,2,2,2,-1,-1
6,2,2,3,0,7,7,3,-1,-1,2,2
6,2,0,2,0,7,7,2,2,2,-1,-1
6,0,0,1,0,7,7,1,1,1,1,1
5,2,1,7,1,7,7,0,1,1,1,1
5,1,1,5,1,7,7,0,1,1,1,1
5,1,1,3,1,7,7,2,2,2,-1,-1
5,1,0,2,0,7,7,0,1,1,0,2
12,4,0,2,1,7,7,1,1,1,1,1
4,0,0,1,1,7,7,1,1,1,1,1
8,0,0,1,1,7,7,1,1,1,1,1
28,12,8,7,1,7,7,2,2,1,-1,-1
28,12,8,6,0,7,7,3,-1,-1,1,2
28,12,8,5,0,7,7,2,1,1,-1,-1
28,12,8,4,0,7,7,4,-1,-1,0,-1
28,12,8,4,0,7,0,1,0,1,0,1
12,8,6,3,1,7,7,4,0,-1,-1,-1
12,8,6,3,1,0,7,4,-1,-1,0,-1
12,8,6,3,1,0,0,1,1,1,1,1
8,6,0,2,1,7,7,4,-1,-1,2,-1
8,6,0,2,1,7,0,2,1,1,-1,-1
8,0,0,1,0,7,0,3,-1,-1,0,0
6,3,3,7,1,0,7,0,1,1,1,1
6,3,3,5,1,7,7,0,1,1,1,1
6,3,3,3,1,7,7,0,1,1,1,1
6,0,0,1,1,7,7,1,1,1,1,1
6,3,2,6,1,0,7,0,1,1,1,1
6,2,2,4,1,7,7,2,2,2,-1,-1
6,2,1,3,0,7,7,3,-1,-1,2,2
6,1,0,2,0,7,7,2,2,2,-1,-1
6,0,0,1,0,7,7,1,1,1,1,1
64,0,0,1,1,7,7,1,0,0,0,0
3,1,1,6,1,7,7,0,1,1,1,1
1,1,1,4,1,7,7,0,1,1,1,1
1,1,0,2,1,7,7,0,1,1,1,1
4,4,2,6,1,7,7,0,1,1,1,1
2,2,2,4,1,7,7,0,1,1,1,1
2,2,0,2,1,7,7,0,1,1,1,1
9,1,1,4,1,7,7,2,2,2,-1,-1
9,1,1,3,0,7,7,3,-1,-1,2,1
9,1,0,2,0,7,7,1,1,1,1,2
1,0,0,1,0,7,7,2,2,2,-1,-1
12,3,3,5,1,7,7,0,1,1,1,1
12,3,3,3,1,7,7,1,1,1,1,1
3,3,0,2,1,7,7,0,1,1,1,1
8,2,1,4,1,7,7,2,2,2,-1,-1
8,1,1,3,0,7,7,3,-1,-1,2,2
8,1,0,2,0,7,7,2,2,2,-1,-1
8,0,0,1,0,7,7,1,1,1,1,1
24,0,0,1,1,7,7,1,0,0,0,0
1,1,1,4,1,7,7,0,1,1,1,1
1,1,0,2,1,7,7,0,1,1,1,1
4,0,0,1,1,7,7,1,1,1,1,1
16,9,7,3,1,0,7,1,0,0,0,1
9,7,0,2,1,7,7,4,-1,-1,2,-1
9,7,0,2,1,7,0,0,0,0,0,0
26,1,1,7,1,7,7,2,2,2,-1,-1
26,1,1,6,0,7,7,3,-1,-1,2,2
26,1,1,5,0,7,7,2,2,2,-1,-1
26,1,1,4,0,7,7,3,-1,-1,2,2
26,1,1,3,0,7,7,2,2,2,-1,-1
26,1,0,2,0,7,7,1,0,0,1,0
1,0,0,1,0,7,7,3,-1,-1,2,2
32,0,0,1,1,0,7,1,0,0,0,0
19,13,0,2,1,7,7,1,0,0,0,0
13,0,0,1,1,7,7,1,0,0,0,0
36,7,7,5,1,7,7,1,0,0,0,0
7,7,7,4,1,7,7,4,0,-1,-1,-1
7,7,7,4,1,0,7,4,-1,-1,0,-1
7,7,7,4,1,0,0,1,1,1,1,0
7,7,7,3,0,7,7,2,0,0,-1,-1
7,7,0,2,0,7,7,3,-1,-1,0,0
7,0,0,1,0,7,7,1,1,1,1,1
22,5,2,6,1,7,7,2,2,2,-1,-1
22,5,1,5,0,7,7,3,-1,-1,2,2
22,5,1,4,0,7,7,2,2,2,-1,-1
22,5,1,3,0,7,7,1,0,0,1,0
5,1,0,2,0,7,7,2,2,2,-1,-1
5,0,0,1,1,7,7,1,1,1,1,1
1,1,1,4,1,7,7,0,1,1,1,1
1,1,0,2,1,7,7,0,1,1,1,1
48,0,0,1,1,7,7,1,0,0,0,0
14,10,10,6,1,0,7,0,0,0,0,1
14,10,10,4,1,7,7,4,-1,-1,2,-1
14,10,10,4,1,7,0,1,0,0,0,1
10,10,10,3,1,7,7,4,-1,-1,2,-1
10,10,10,3,1,7,0,1,1,0,1,2
10,10,0,2,0,7,7,4,-1,-1,2,-1
10,10,0,2,0,7,0,0,0,0,0,0
2,1,1,3,1,7,7,0,1,1,1,1
1,0,0,1,1,7,7,2,2,2,-1,-1
1,1,1,4,1,0,7,0,2,1,2,1
1,1,0,2,1,7,7,0,1,1,1,1
5,3,2,4,1,7,7,2,2,1,-1,-1
5,3,2,3,0,7,7,3,-1,-1,1,1
5,2,0,2,0,7,7,2,1,1,-1,-1
2,0,0,1,0,7,7,3,-1,-1,1,2
4,0,0,1,1,7,7,1,1,1,1,1
8,8,8,8,1,7,7,2,1,1,-1,-1
8,8,8,7,0,7,7,3,-1,-1,1,1
8,8,8,6,1,7,7,2,1,1,-1,-1
8,8,8,5,0,7,7,3,-1,-1,1,1
8,8,8,4,1,7,7,0,0,0,0,1
8,8,0,2,1,7,7,4,-1,-1,2,-1
8,8,0,2,1,7,0,0,0,0,0,0
4,4,4,7,1,7,7,0,1,1,1,1
4,1,1,5,1,7,7,0,1,1,1,1
1,1,1,3,1,7,7,0,1,1,1,1
1,0,0,1,1,7,7,2,2,2,-1,-1
6,2,0,2,1,7,7,0,1,1,0,2
6,1,1,7,1,7,7,0,1,1,1,1
6,1,1,5,1,7,7,0,1,1,1,1
6,1,1,3,1,7,7,2,2,2,-1,-1
6,1,0,2,0,7,7,0,1,1,0,2
6,1,1,7,1,7,7,0,1,1,1,1
6,1,1,5,1,7,7,0,1,1,1,1
6,1,1,3,1,7,7,2,2,2,-1,-1
6,1,0,2,0,7,7,0,1,1,0,2
3,1,0,2,1,7,7,0,1,1,1,1
8,1,1,5,1,7,7,0,1,1,1,1
8,1,1,3,1,7,7,2,2,2,-1,-1
8,1,0,2,0,7,7,1,1,1,1,1
1,0,0,1,1,7,7,2,2,2,-1,-1
3,1,0,2,1,7,7,0,1,1,1,1
4,0,0,1,1,7,7,1,1,1,1,1
8,1,1,5,1,0,7,0,1,1,1,1
8,1,1,3,1,7,7,2,2,2,-1,-1
8,1,0,2,0,7,7,1,1,1,1,1
1,0,0,1,1,7,7,2,2,2,-1,-1
7,3,2,6,1,7,7,0,1,1,1,1
7,2,1,4,1,7,7,2,2,2,-1,-1
7,1,1,3,0,7,7,3,-1,-1,2,2
7,1,0,2,0,7,7,2,2,2,-1,-1
7,0,0,1,0,7,7,1,1,1,1,1
8,0,0,1,1,7,7,1,1,1,1,1
13,5,3,5,1,0,7,2,2,1,-1,-1
13,5,3,4,0,7,7,3,-1,-1,1,1
13,5,1,3,0,7,7,2,1,1,-1,-1
13,5,0,2,0,7,7,1,0,0,0,0
5,0,0,1,1,7,7,1,1,1,1,1
1,1,1,4,1,7,7,0,1,1,1,1
1,1,0,2,1,7,7,0,1,1,1,1
4,1,1,5,1,7,7,0,1,1,1,1
1,1,1,3,1,7,7,0,1,1,1,1
1,0,0,1,1,7,7,2,2,2,-1,-1
64,0,0,1,1,7,7,1,0,0,0,0
3,1,0,2,1,7,7,0,1,1,1,1
21,5,2,7,1,0,7,0,1,1,1,1
21,5,1,5,1,7,7,2,2,2,-1,-1
21,5,1,4,0,7,7,3,-1,-1,2,2
21,5,1,3,0,7,7,1,0,0,0,0
5,1,0,2,0,7,7,3,-1,-1,2,2
5,0,0,1,1,7,7,1,1,1,1,1
41,13,6,4,1,7,7,0,1,1,1,2
41,13,0,2,0,7,7,4,-1,-1,0,-1
41,13,0,2,0,7,0,1,0,0,0,0
13,0,0,1,0,7,7,1,0,0,0,0
11,11,11,8,1,7,7,2,1,1,-1,-1
11,11,11,7,0,7,7,3,-1,-1,1,1
11,11,11,6,1,7,7,4,-1,-1,0,-1
11,11,11,6,1,7,0,2,1,1,-1,-1
11,11,11,5,0,7,0,3,-1,-1,1,0
11,11,11,4,0,7,7,4,2,-1,-1,-1
11,11,11,4,0,0,7,1,1,1,1,1
11,11,11,3,1,7,7,4,-1,-1,0,-1
11,11,11,3,1,7,0,2,0,0,-1,-1
11,11,0,2,0,7,7,3,-1,-1,0,2
11,0,0,1,0,7,7,1,1,1,1,1
7,2,1,5,1,7,7,0,1,1,1,1
7,1,1,3,1,7,7,2,2,2,-1,-1
7,1,0,2,0,7,7,1,1,1,1,1
1,0,0,1,1,7,7,2,2,2,-1,-1
20,14,14,3,1,7,7,1,0,0,0,1
14,14,0,2,1,7,7,4,-1,-1,2,-1
14,14,0,2,1,7,0,0,0,0,0,0
13,1,1,4,1,7,7,2,2,2,-1,-1
13,1,1,3,0,7,7,3,-1,-1,2,1
13,1,0,2,0,7,7,1,0,0,1,0
1,0,0,1,0,7,7,3,-1,-1,2,2
14,9,9,3,1,7,7,1,0,0,0,1
9,9,0,2,1,7,7,4,-1,-1,2,-1
9,9,0,2,1,7,0,0,0,0,0,0
5,1,1,8,1,7,7,0,1,1,1,1
5,1,1,6,1,7,7,0,1,1,1,1
5,1,1,4,1,7,7,0,1,1,1,1
5,1,0,2,1,7,7,0,1,1,0,2
3,2,1,5,1,7,7,0,1,1,1,1
1,1,1,3,1,7,7,0,1,1,1,1
1,0,0,1,1,7,7,2,2,2,-1,-1
7,3,2,3,1,0,7,0,1,1,1,1
7,0,0,1,1,7,7,1,1,1,1,1
6,6,2,4,1,7,7,0,1,1,1,1
6,6,0,2,1,7,7,0,1,1,1,1
6,6,4,7,1,7,7,0,1,1,1,1
6,6,2,5,1,7,7,0,1,1,1,1
6,6,2,3,1,7,7,2,2,2,-1,-1
6,6,0,2,0,7,7,0,1,1,1,1
16,12,12,5,1,7,7,1,0,0,0,1
12,12,12,4,1,7,7,4,-1,-1,2,-1
12,12,12,4,1,7,0,1,1,1,1,1
12,12,12,3,1,7,7,4,-1,-1,0,-1
12,12,12,3,1,7,0,2,0,0,-1,-1
12,12,0,2,0,7,7,3,-1,-1,0,2
12,0,0,1,0,7,7,1,1,1,1,1
10,2,2,4,1,7,7,2,2,2,-1,-1
10,2,2,3,0,7,7,3,-1,-1,2,1
10,2,0,2,0,7,7,1,1,1,1,2
2,0,0,1,0,7,7,2,2,2,-1,-1
8,0,0,1,1,7,7,1,1,1,1,1
24,8,8,6,1,7,7,0,0,0,0,1
24,8,8,4,1,7,7,4,-1,-1,2,-1
24,8,8,4,1,7,0,1,0,1,0,1
8,8,8,3,1,7,7,4,0,-1,-1,-1
8,8,8,3,1,0,7,4,-1,-1,0,-1
8,8,8,3,1,0,0,1,1,1,1,0
8,8,0,2,0,7,7,2,0,0,-1,-1
8,0,0,1,0,7,7,3,-1,-1,0,0
47,12,5,3,1,7,7,1,0,0,0,0
12,5,0,2,1,7,7,4,0,-1,-1,-1
12,5,0,2,1,0,7,1,1,1,1,1
5,0,0,1,1,7,7,1,1,1,1,1
1,1,1,4,1,0,7,0,2,1,2,1
1,1,0,2,1,7,7,0,1,1,1,1
24,6,6,5,1,0,7,0,1,1,1,1
24,6,6,3,1,7,7,4,-1,-1,2,-1
24,6,6,3,1,7,0,2,1,1,-1,-1
24,6,0,2,0,7,0,3,-1,-1,1,0
24,0,0,1,1,7,7,1,0,0,0,0
39,12,6,6,1,7,7,2,2,1,-1,-1
39,12,6,5,0,7,7,3,-1,-1,2,1
39,12,6,4,1,7,7,2,2,2,-1,-1
39,12,6,3,0,7,7,1,0,0,0,0
12,6,0,2,1,7,7,4,0,-1,-1,-1
12,6,0,2,1,0,7,1,1,1,1,1
6,0,0,1,1,7,7,1,1,1,1,1
16,0,0,1,1,0,7,1,0,0,0,0
1,1,1,4,1,7,7,0,1,1,1,1
1,1,0,2,1,7,7,0,1,1,1,1
3,1,0,2,1,7,7,0,1,1,1,1
17,7,0,2,1,7,7,1,0,0,0,0
7,0,0,1,0,7,7,1,1,1,1,1
14,6,4,7,1,7,7,0,1,1,1,1
14,6,2,5,1,7,7,2,2,2,-1,-1
14,6,2,4,0,7,7,3,-1,-1,2,2
14,6,1,3,0,7,7,2,2,2,-1,-1
14,6,0,2,0,7,7,1,0,0,0,0
6,0,0,1,1,7,7,1,1,1,1,1
34,7,3,7,1,7,7,2,1,1,-1,-1
34,7,1,6,0,7,7,3,-1,-1,1,1
34,7,1,5,1,7,7,2,2,2,-1,-1
34,7,1,4,0,7,7,3,-1,-1,2,2
34,7,1,3,0,7,7,2,2,2,-1,-1
34,7,0,2,0,7,7,1,0,0,0,0
7,0,0,1,0,7,7,1,1,1,1,1
24,0,0,1,1,7,7,1,0,0,0,0
3,1,0,2,1,7,7,0,1,1,1,1
32,0,0,1,1,7,7,1,0,0,0,0
32,8,4,6,1,7,7,2,2,2,-1,-1
32,8,4,5,0,7,7,3,-1,-1,2,2
32,8,4,4,0,7,7,2,2,2,-1,-1
32,8,4,3,0,7,7,1,0,0,0,0
8,4,0,2,1,7,7,4,0,-1,-1,-1
8,4,0,2,1,0,7,0,0,0,0,0
32,16,0,2,1,7,7,1,0,0,0,0
16,0,0,1,1,7,7,1,0,0,0,0
2,2,2,8,1,7,7,0,1,1,1,1
2,2,2,6,1,7,7,0,1,1,1,1
2,2,2,4,1,7,7,0,1,1,1,1
2,2,0,2,1,7,7,0,1,1,1,1
8,8,4,4,1,7,7,2,2,2,-1,-1
8,8,4,3,0,7,7,3,-1,-1,2,0
8,8,0,2,0,7,7,4,0,-1,-1,-1
8,8,0,2,0,0,7,0,0,0,0,0
3,1,1,6,1,7,7,0,1,1,1,1
1,1,1,4,1,7,7,0,1,1,1,1
1,1,0,2,1,7,7,0,1,1,1,1
2,1,1,3,1,7,7,0,1,1,1,1
1,0,0,1,1,7,7,2,2,2,-1,-1
12,0,0,1,1,7,7,1,1,1,1,1
24,6,6,5,1,0,7,0,1,1,1,1
24,6,6,3,1,7,7,4,-1,-1,2,-1
24,6,6,3,1,7,0,2,1,1,-1,-1
24,6,0,2,0,7,0,3,-1,-1,1,0
24,0,0,1,1,7,7,1,0,0,0,0
34,2,2,8,1,7,7,2,2,2,-1,-1
34,2,2,7,0,7,7,3,-1,-1,2,2
34,2,2,6,0,7,7,2,2,2,-1,-1
34,2,2,5,0,7,7,3,-1,-1,2,2
34,2,2,4,0,7,7,2,2,2,-1,-1
34,2,2,3,0,7,7,3,-1,-1,2,2
34,2,0,2,0,7,7,1,0,0,0,0
2,0,0,1,0,7,7,2,2,2,-1,-1
6,1,1,7,1,7,7,0,1,1,1,1
6,1,1,5,1,7,7,0,1,1,1,1
6,1,1,3,1,7,7,2,2,2,-1,-1
6,1,0,2,0,7,7,0,1,1,0,2
1,1,1,4,1,7,7,0,1,1,1,1
1,1,0,2,1,7,7,0,1,1,1,1
4,0,0,1,1,7,7,1,1,1,1,1
2,1,1,3,1,7,7,0,1,1,1,1
1,0,0,1,1,7,7,2,2,2,-1,-1
1,1,1,8,1,7,7,0,1,1,1,1
1,1,1,6,1,7,7,0,1,1,1,1
1,1,1,4,1,7,7,0,1,1,1,1
1,1,0,2,1,7,7,0,1,1,1,1
20,1,1,5,1,7,7,2,2,2,-1,-1
20,1,1,4,0,7,7,3,-1,-1,2,2
20,1,1,3,0,7,7,2,2,2,-1,-1
20,1,0,2,0,7,7,1,0,0,0,0
1,0,0,1,1,7,7,2,2,2,-1,-1
9,1,1,4,1,7,7,2,2,2,-1,-1
9,1,1,3,0,7,7,3,-1,-1,2,1
9,1,0,2,0,7,7,1,1,1,1,2
1,0,0,1,0,7,7,2,2,2,-1,-1
12,0,0,1,1,7,7,1,1,1,1,1
12,9,9,5,1,7,7,1,1,0,1,1
9,9,9,4,0,7,7,4,-1,-1,2,-1
9,9,9,4,0,7,0,1,1,0,1,2
9,9,9,3,0,7,7,4,-1,-1,2,-1
9,9,9,3,0,7,0,1,1,0,1,2
9,9,0,2,0,7,7,4,-1,-1,2,-1
9,9,0,2,0,7,0,0,0,0,0,0
6,6,0,2,1,7,7,0,1,1,1,1
6,6,6,4,1,7,7,0,1,1,1,1
6,6,0,2,1,7,7,4,-1,-1,0,-1
6,6,0,2,1,7,0,2,1,1,-1,-1
6,0,0,1,0,7,7,3,-1,-1,1,2
2,2,0,2,1,0,7,0,2,1,2,1
1,1,1,4,1,0,7,0,2,1,2,1
1,1,0,2,1,7,7,0,1,1,1,1
4,1,1,5,1,7,7,0,1,1,1,1
1,1,1,3,1,7,7,0,1,1,1,1
1,0,0,1,1,7,7,2,2,2,-1,-1
3,1,1,6,1,7,7,0,1,1,1,1
1,1,1,4,1,7,7,0,1,1,1,1
1,1,0,2,1,7,7,0,1,1,1,1
4,2,1,8,1,7,7,0,1,1,1,1
1,1,1,6,1,7,7,0,1,1,1,1
1,1,1,4,1,7,7,0,1,1,1,1
1,1,0,2,1,7,7,0,1,1,1,1
4,2,2,7,1,7,7,0,1,1,1,1
2,2,2,5,1,7,7,0,1,1,1,1
2,2,2,3,1,7,7,0,1,1,1,1
2,0,0,1,1,7,7,2,2,2,-1,-1
6,2,0,2,1,0,7,0,1,1,0,2
51,13,0,2,1,7,7,1,0,0,0,0
13,0,0,1,1,7,7,1,0,0,0,0
8,0,0,1,1,0,7,1,1,1,1,1
4,0,0,1,1,0,7,1,2,1,2,1
22,5,2,6,1,7,7,2,2,2,-1,-1
22,5,1,5,0,7,7,3,-1,-1,2,2
22,5,1,4,0,7,7,2,2,2,-1,-1
22,5,1,3,0,7,7,1,0,0,1,0
5,1,0,2,0,7,7,2,2,2,-1,-1
5,0,0,1,1,7,7,1,1,1,1,1
3,3,3,8,1,7,7,0,1,1,1,1
3,3,1,6,1,7,7,0,1,1,1,1
1,1,1,4,1,7,7,0,1,1,1,1
1,1,0,2,1,7,7,0,1,1,1,1
1,1,1,4,1,7,7,0,1,1,1,1
1,1,0,2,1,7,7,0,1,1,1,1
6,6,6,6,1,7,7,2,2,2,-1,-1
6,6,6,5,0,7,7,3,-1,-1,2,2
6,6,6,4,0,7,7,0,1,1,1,1
6,2,0,2,1,7,7,4,-1,-1,0,-1
6,2,0,2,1,7,0,2,1,1,-1,-1
2,0,0,1,0,7,7,3,-1,-1,2,1
1,1,1,4,1,0,7,0,2,1,2,1
1,1,0,2,1,7,7,0,1,1,1,1
11,11,5,4,1,0,7,0,1,0,1,1
11,11,0,2,0,7,7,4,-1,-1,2,-1
11,11,0,2,0,7,0,0,0,0,0,0
8,0,0,1,1,7,7,1,1,1,1,1
3,2,1,5,1,7,7,0,1,1,1,1
1,1,1,3,1,7,7,0,1,1,1,1
1,0,0,1,1,7,7,2,2,2,-1,-1
6,1,1,3,1,0,7,0,1,1,2,1
1,0,0,1,0,7,7,3,-1,-1,1,2
8,2,2,3,1,7,7,0,1,1,1,1
8,0,0,1,1,7,7,1,1,1,1,1
3,1,1,6,1,7,7,0,1,1,1,1
1,1,1,4,1,7,7,0,1,1,1,1
1,1,0,2,1,7,7,0,1,1,1,1
5,2,2,6,1,7,7,0,1,1,1,1
5,1,1,4,1,7,7,2,2,2,-1,-1
5,1,1,3,0,7,7,3,-1,-1,2,2
5,1,0,2,0,7,7,2,2,2,-1,-1
5,0,0,1,0,7,7,1,1,1,1,1
5,2,1,7,1,0,7,0,1,1,1,1
5,1,1,5,1,7,7,0,1,1,1,1
5,1,1,3,1,7,7,2,2,2,-1,-1
5,1,0,2,0,7,7,0,1,1,0,2
11,11,10,7,1,7,7,2,1,1,-1,-1
11,11,10,6,0,7,7,3,-1,-1,1,1
11,11,10,5,1,7,7,2,2,2,-1,-1
11,11,10,4,0,7,7,3,-1,-1,2,0
11,11,10,3,0,7,7,4,0,-1,-1,-1
11,11,10,3,0,0,7,1,1,1,2,1
11,10,0,2,1,7,7,4,-1,-1,2,-1
11,10,0,2,1,7,0,2,0,0,-1,-1
11,0,0,1,0,7,0,3,-1,-1,0,0
4,4,0,2,1,7,7,0,1,1,1,1
5,1,1,8,1,7,7,0,1,1,1,1
5,1,1,6,1,7,7,0,1,1,1,1
5,1,1,4,1,7,7,0,1,1,1,1
5,1,0,2,1,7,7,0,1,1,0,2
1,1,1,4,1,7,7,0,1,1,1,1
1,1,0,2,1,7,7,0,1,1,1,1
15,8,6,8,1,0,7,0,1,1,1,1
15,8,5,6,0,7,7,3,-1,-1,1,1
15,8,5,5,0,7,7,2,1,1,-1,-1
15,8,5,4,0,7,7,3,-1,-1,1,1
15,8,5,3,0,7,7,1,0,0,0,1
8,5,0,2,1,7,7,4,-1,-1,2,-1
8,5,0,2,1,7,0,0,0,0,0,0
12,0,0,1,1,7,7,1,1,1,1,1
24,8,0,2,1,7,7,1,0,0,0,0
8,0,0,1,1,7,7,1,1,1,1,1
2,2,1,6,1,7,7,0,1,1,1,1
1,1,1,4,1,7,7,0,1,1,1,1
1,1,0,2,1,7,7,0,1,1,1,1
9,2,1,7,1,0,7,0,1,1,1,1
9,1,1,5,1,7,7,2,2,2,-1,-1
9,1,1,4,0,7,7,3,-1,-1,2,2
9,1,1,3,0,7,7,2,2,1,-1,-1
9,1,0,2,0,7,7,1,1,1,1,2
1,0,0,1,0,7,7,2,2,2,-1,-1
4,0,0,1,1,7,7,1,1,1,1,1
17,15,0,2,1,0,7,0,0,0,0,0
11,11,10,7,1,7,7,2,1,1,-1,-1
11,11,10,6,0,7,7,3,-1,-1,1,1
11,11,10,5,1,7,7,2,2,2,-1,-1
11,11,10,4,0,7,7,3,-1,-1,2,0
11,11,10,3,0,7,7,4,0,-1,-1,-1
11,11,10,3,0,0,7,1,1,1,2,1
11,10,0,2,1,7,7,4,-1,-1,2,-1
11,10,0,2,1,7,0,2,0,0,-1,-1
11,0,0,1,0,7,0,3,-1,-1,0,0
24,0,0,1,1,7,7,1,0,0,0,0
15,15,14,7,1,7,7,0,1,1,1,1
15,15,14,5,1,7,7,4,-1,-1,0,-1
15,15,14,5,1,7,0,2,1,1,-1,-1
15,15,14,4,0,7,0,3,-1,-1,1,2
15,15,14,3,0,7,7,4,2,-1,-1,-1
15,15,14,3,0,0,7,1,0,0,0,1
15,14,0,2,1,7,7,4,-1,-1,2,-1
15,14,0,2,1,7,0,0,0,0,0,0
1,1,1,4,1,7,7,0,1,1,1,1
1,1,0,2,1,7,7,0,1,1,1,1
32,0,0,1,1,0,7,1,0,0,0,0
2,1,1,3,1,7,7,0,1,1,1,1
1,0,0,1,1,7,7,2,2,2,-1,-1
2,1,1,3,1,7,7,0,1,1,1,1
1,0,0,1,1,7,7,2,2,2,-1,-1
2,2,0,2,1,7,7,0,1,1,1,1
4,0,0,1,1,7,7,1,1,1,1,1
10,8,2,5,1,7,7,2,2,2,-1,-1
10,8,2,4,0,7,7,3,-1,-1,2,1
10,8,2,3,0,7,7,1,1,0,1,1
8,2,0,2,0,7,7,2,2,2,-1,-1
8,0,0,1,0,7,7,1,1,1,1,1
4,3,2,5,1,7,7,0,1,1,1,1
2,2,1,3,1,7,7,0,1,1,1,1
1,0,0,1,1,7,7,2,2,2,-1,-1
3,1,0,2,1,7,7,0,1,1,1,1
33,15,0,2,1,7,7,1,0,0,0,0
15,0,0,1,0,7,7,1,0,0,0,0
14,5,3,4,1,7,7,2,2,2,-1,-1
14,5,3,3,0,7,7,1,0,0,0,0
5,3,0,2,1,7,7,0,1,1,1,0
8,4,0,2,1,7,7,0,0,0,0,0
31,12,7,7,1,7,7,2,1,1,-1,-1
31,12,7,6,0,7,7,3,-1,-1,1,1
31,12,7,5,1,7,7,2,2,1,-1,-1
31,12,7,4,0,7,7,3,-1,-1,1,1
31,12,7,3,0,7,7,2,0,0,-1,-1
31,12,0,2,0,7,7,4,-1,-1,0,-1
31,12,0,2,0,7,0,1,0,0,0,0
12,0,0,1,1,7,7,1,1,1,1,1
8,2,1,8,1,7,7,0,1,1,1,1
8,1,1,6,1,7,7,0,1,1,1,1
8,1,1,4,1,7,7,0,1,1,1,1
8,1,0,2,1,7,7,1,1,1,1,1
1,0,0,1,1,7,7,2,2,2,-1,-1
44,4,4,6,1,7,7,2,1,1,-1,-1
44,4,4,5,0,7,7,3,-1,-1,1,0
44,4,4,4,0,7,7,2,1,1,-1,-1
44,4,4,3,0,7,7,3,-1,-1,1,1
44,4,0,2,0,7,7,2,1,1,-1,-1
44,0,0,1,0,7,7,1,0,0,0,0
32,0,0,1,1,0,7,1,0,0,0,0
16,0,0,1,1,0,7,1,0,0,0,0
15,6,4,7,1,7,7,0,1,1,1,1
15,6,2,5,1,7,7,2,2,2,-1,-1
15,6,1,4,0,7,7,3,-1,-1,2,2
15,6,1,3,0,7,7,2,2,2,-1,-1
15,6,0,2,0,7,7,1,0,0,0,0
6,0,0,1,1,7,7,1,1,1,1,1
3,1,1,6,1,0,7,0,1,1,2,2
1,1,1,4,0,7,7,3,-1,-1,1,2
1,1,1,3,0,7,7,0,1,1,1,1
1,0,0,1,1,7,7,2,2,2,-1,-1
10,4,2,3,1,7,7,1,1,1,1,1
4,2,0,2,0,7,7,2,1,1,-1,-1
2,0,0,1,0,7,7,3,-1,-1,1,2
64,0,0,1,1,7,7,1,0,0,0,0
45,19,0,2,1,7,7,1,0,0,0,0
19,0,0,1,0,7,7,1,0,0,0,0
12,2,2,3,1,7,7,1,1,1,1,1
2,2,0,2,1,7,7,0,1,1,1,1
5,3,2,4,1,0,7,2,2,1,-1,-1
5,3,2,3,0,7,7,3,-1,-1,1,1
5,2,0,2,0,7,7,2,1,1,-1,-1
2,0,0,1,0,7,7,3,-1,-1,1,2
1,1,1,4,1,7,7,0,1,1,1,1
1,1,0,2,1,7,7,0,1,1,1,1
12,6,6,7,1,7,7,0,1,1,1,1
12,6,6,5,1,7,7,4,-1,-1,0,-1
12,6,6,5,1,7,0,2,1,1,-1,-1
12,6,6,4,0,7,0,3,-1,-1,1,2
12,6,6,3,0,7,7,4,2,-1,-1,-1
12,6,6,3,0,0,7,1,1,1,1,1
6,6,0,2,1,7,7,4,-1,-1,2,-1
6,6,0,2,1,7,0,2,1,1,-1,-1
6,0,0,1,0,7,7,3,-1,-1,1,0
36,7,3,5,1,7,7,2,2,1,-1,-1
36,7,1,4,0,7,7,3,-1,-1,2,1
36,7,1,3,1,7,7,2,2,2,-1,-1
36,7,0,2,0,7,7,1,0,0,0,0
7,0,0,1,1,7,7,1,1,1,1,1
12,1,1,5,1,0,7,2,2,2,-1,-1
12,1,1,4,0,7,7,3,-1,-1,2,2
12,1,1,3,0,7,7,2,2,2,-1,-1
12,1,0,2,0,7,7,1,1,1,1,1
1,0,0,1,1,7,7,2,2,2,-1,-1
16,16,16,3,1,7,7,1,0,0,0,1
16,16,0,2,1,7,7,4,-1,-1,2,-1
16,16,0,2,1,7,0,0,0,0,0,0
30,19,15,3,1,7,7,1,0,0,0,0
19,15,0,2,0,7,7,4,0,-1,-1,-1
19,15,0,2,0,0,7,1,0,0,0,0
15,0,0,1,1,7,7,1,0,0,0,0
3,1,0,2,1,7,7,0,1,1,1,1
10,5,3,7,1,7,7,0,1,1,1,1
10,5,2,5,1,7,7,2,2,2,-1,-1
10,5,1,4,0,7,7,3,-1,-1,2,2
10,5,1,3,0,7,7,2,2,2,-1,-1
10,5,0,2,0,7,7,0,0,0,0,0
26,1,1,7,1,7,7,2,2,2,-1,-1
26,1,1,6,0,7,7,3,-1,-1,2,2
26,1,1,5,0,7,7,2,2,2,-1,-1
26,1,1,4,0,7,7,3,-1,-1,2,2
26,1,1,3,0,7,7,2,2,2,-1,-1
26,1,0,2,0,7,7,1,0,0,1,0
1,0,0,1,0,7,7,3,-1,-1,2,2
10,2,2,4,1,7,7,2,2,2,-1,-1
10,2,2,3,0,7,7,3,-1,-1,2,1
10,2,0,2,0,7,7,1,1,1,1,2
2,0,0,1,0,7,7,2,2,2,-1,-1
9,7,0,2,1,7,7,0,0,0,0,0
10,9,9,7,1,7,7,1,1,0,1,2
9,9,9,6,0,7,7,4,-1,-1,2,-1
9,9,9,6,0,7,0,1,1,0,1,2
9,9,9,5,0,7,7,4,-1,-1,2,-1
9,9,9,5,0,7,0,1,1,0,1,2
9,9,9,4,0,7,7,4,-1,-1,2,-1
9,9,9,4,0,7,0,1,1,0,1,2
9,9,9,3,0,7,7,4,-1,-1,2,-1
9,9,9,3,0,7,0,1,1,0,1,2
9,9,0,2,0,7,7,4,-1,-1,2,-1
9,9,0,2,0,7,0,0,0,0,0,0
18,2,2,4,1,0,7,2,2,2,-1,-1
18,2,2,3,0,7,7,3,-1,-1,2,1
18,2,0,2,0,7,7,1,0,0,0,0
2,0,0,1,0,7,7,2,2,2,-1,-1
48,0,0,1,1,7,7,1,0,0,0,0
11,11,5,4,1,0,7,0,1,0,1,1
11,11,0,2,0,7,7,4,-1,-1,2,-1
11,11,0,2,0,7,0,0,0,0,0,0
15,15,14,7,1,7,7,0,1,1,1,1
15,15,14,5,1,7,7,4,-1,-1,0,-1
15,15,14,5,1,7,0,2,1,1,-1,-1
15,15,14,4,0,7,0,3,-1,-1,1,2
15,15,14,3,0,7,7,4,2,-1,-1,-1
15,15,14,3,0,0,7,1,0,0,0,1
15,14,0,2,1,7,7,4,-1,-1,2,-1
15,14,0,2,1,7,0,0,0,0,0,0
9,3,2,5,1,7,7,2,2,2,-1,-1
9,3,1,4,0,7,7,3,-1,-1,2,1
9,3,1,3,0,7,7,2,1,1,-1,-1
9,1,0,2,0,7,7,3,-1,-1,1,2
9,0,0,1,0,7,7,1,1,0,1,1
14,5,5,3,1,7,7,1,0,0,0,1
5,5,0,2,1,7,7,4,-1,-1,2,-1
5,5,0,2,1,7,0,0,1,1,1,1
11,2,1,5,1,7,7,2,2,2,-1,-1
11,1,1,4,0,7,7,3,-1,-1,2,2
11,1,1,3,0,7,7,2,2,2,-1,-1
11,1,0,2,0,7,7,1,1,1,1,1
1,0,0,1,1,7,7,2,2,2,-1,-1
4,2,2,3,1,0,1,0,1,1,2,2
2,0,0,1,0,7,7,3,-1,-1,1,2
48,0,0,1,1,0,7,1,0,0,0,0
8,0,0,1,1,7,7,1,1,1,1,1
26,19,19,3,1,7,7,1,0,0,0,0
19,19,0,2,1,7,7,4,2,-1,-1,-1
19,19,0,2,1,0,7,0,0,0,0,0
22,5,5,3,1,7,7,1,0,0,0,0
5,5,0,2,1,7,7,4,2,-1,-1,-1
5,5,0,2,1,0,7,0,1,1,1,1
24,2,2,5,1,7,7,2,2,2,-1,-1
24,2,2,4,0,7,7,3,-1,-1,2,2
24,2,2,3,0,7,7,2,2,2,-1,-1
24,2,0,2,0,7,7,1,0,0,0,0
2,0,0,1,1,7,7,2,2,2,-1,-1
4,4,4,6,1,7,7,0,1,1,1,1
4,4,4,4,1,7,7,0,1,1,1,1
4,4,0,2,1,7,7,0,1,1,1,1
36,4,4,4,1,7,7,2,2,1,-1,-1
36,4,4,3,0,7,7,3,-1,-1,1,1
36,4,0,2,0,7,7,2,1,1,-1,-1
36,0,0,1,0,7,7,1,0,0,0,0
48,0,0,1,1,7,7,1,0,0,0,0
48,0,0,1,1,0,7,1,0,0,0,0
12,2,2,3,1,7,7,1,1,1,1,1
2,2,0,2,1,7,7,0,1,1,1,1
8,8,8,4,1,7,7,0,0,0,0,1
8,8,0,2,1,7,7,4,-1,-1,2,-1
8,8,0,2,1,7,0,0,0,0,0,0
8,0,0,1,1,0,7,1,1,1,1,1
48,0,0,1,1,7,7,1,0,0,0,0
16,0,0,1,1,7,7,1,0,0,0,0
4,2,2,3,1,7,7,0,1,1,1,1
2,0,0,1,1,7,7,2,2,2,-1,-1
13,11,0,2,1,0,7,0,0,0,0,0
4,4,4,8,1,7,7,0,1,1,1,1
4,4,2,6,1,7,7,0,1,1,1,1
2,2,2,4,1,7,7,0,1,1,1,1
2,2,0,2,1,7,7,0,1,1,1,1
32,0,0,1,1,7,7,1,0,0,0,0
12,0,0,1,1,7,7,1,1,1,1,1
4,0,0,1,1,0,7,1,2,1,2,1
32,0,0,1,1,7,7,1,0,0,0,0
6,6,6,8,1,0,7,2,2,2,-1,-1
6,6,6,7,0,7,7,3,-1,-1,2,2
6,6,6,6,0,7,7,2,2,2,-1,-1
6,6,6,5,0,7,7,3,-1,-1,2,2
6,6,6,4,0,7,7,0,1,1,1,1
6,6,0,2,1,7,7,4,-1,-1,0,-1
6,6,0,2,1,7,0,2,1,1,-1,-1
6,0,0,1,0,7,7,3,-1,-1,1,2
4,4,4,7,1,7,7,0,1,1,1,1
4,1,1,5,1,7,7,0,1,1,1,1
1,1,1,3,1,7,7,0,1,1,1,1
1,0,0,1,1,7,7,2,2,2,-1,-1
41,7,0,2,1,0,7,1,0,0,0,0
7,0,0,1,0,7,7,1,1,1,1,1
2,2,1,6,1,7,7,0,1,1,1,1
1,1,1,4,1,7,7,0,1,1,1,1
1,1,0,2,1,7,7,0,1,1,1,1
10,3,3,3,1,7,7,1,1,0,1,1
3,3,0,2,0,7,7,0,1,1,1,1
24,0,0,1,1,7,7,1,0,0,0,0
7,3,2,7,1,0,7,0,1,1,1,1
7,1,1,5,1,7,7,0,1,1,1,1
7,1,1,3,1,7,7,2,2,2,-1,-1
7,1,0,2,0,7,7,1,1,1,1,1
1,0,0,1,1,7,7,2,2,2,-1,-1
39,5,5,6,1,7,7,0,1,1,1,1
39,5,5,4,1,7,7,4,-1,-1,0,-1
39,5,5,4,1,7,0,2,1,1,-1,-1
39,5,5,3,0,7,0,3,-1,-1,1,2
39,5,0,2,0,7,7,4,2,-1,-1,-1
39,5,0,2,0,0,7,1,0,0,0,0
5,0,0,1,1,7,7,1,1,1,1,1
3,2,1,5,1,0,7,0,1,1,2,2
1,1,1,3,0,7,7,3,-1,-1,1,2
1,1,0,2,0,7,7,0,1,1,1,1
1,1,1,8,1,0,7,0,2,1,2,1
1,1,1,6,1,7,7,0,1,1,1,1
1,1,1,4,1,7,7,0,1,1,1,1
1,1,0,2,1,7,7,0,1,1,1,1
4,0,0,1,1,7,7,1,1,1,1,1
17,17,7,4,1,7,7,0,0,0,0,1
17,17,0,2,1,7,7,4,-1,-1,2,-1
17,17,0,2,1,7,0,0,0,0,0,0
27,13,8,3,1,0,1,1,0,0,0,0
13,8,0,2,1,7,7,4,2,-1,-1,-1
13,8,0,2,1,0,7,1,0,0,0,0
8,0,0,1,1,7,7,1,1,1,1,1
17,12,9,7,1,7,7,0,0,0,0,1
17,12,9,5,1,7,7,4,-1,-1,2,-1
17,12,9,5,1,7,0,2,2,2,-1,-1
17,12,9,4,0,7,0,3,-1,-1,1,1
17,12,9,3,0,7,7,4,0,-1,-1,-1
17,12,9,3,0,0,7,1,0,0,0,1
12,9,0,2,0,7,7,4,-1,-1,2,-1
12,9,0,2,0,7,0,0,0,0,0,0
41,23,0,2,1,7,7,1,0,0,0,0
23,0,0,1,0,7,7,1,0,0,0,0
24,0,0,1,1,7,7,1,0,0,0,0
32,0,0,1,1,7,7,1,0,0,0,0
7,3,2,7,1,0,7,0,1,1,1,1
7,1,1,5,1,7,7,0,1,1,1,1
7,1,1,3,1,7,7,2,2,2,-1,-1
7,1,0,2,0,7,7,1,1,1,1,1
1,0,0,1,1,7,7,2,2,2,-1,-1
14,2,2,6,1,7,7,0,1,1,1,1
14,2,2,4,1,7,7,2,2,2,-1,-1
14,2,2,3,0,7,7,3,-1,-1,2,2
14,2,0,2,0,7,7,1,0,0,1,0
2,0,0,1,0,7,7,3,-1,-1,2,2
6,3,2,8,1,7,7,0,1,1,1,1
6,1,1,6,1,7,7,0,1,1,1,1
6,1,1,4,1,7,7,0,1,1,1,1
6,1,0,2,1,7,7,0,1,1,0,2
12,7,5,3,1,7,7,1,1,0,1,1
7,5,0,2,0,7,7,4,-1,-1,2,-1
7,5,0,2,0,7,0,0,0,0,0,0
2,1,1,3,1,0,7,0,2,1,2,1
1,0,0,1,1,7,7,2,2,2,-1,-1
16,0,0,1,1,0,7,1,0,0,0,0
5,1,1,8,1,7,7,0,1,1,1,1
5,1,1,6,1,7,7,0,1,1,1,1
5,1,1,4,1,7,7,0,1,1,1,1
5,1,0,2,1,7,7,0,1,1,0,2
22,5,5,3,1,0,7,1,0,0,0,0
5,5,0,2,1,7,7,4,2,-1,-1,-1
5,5,0,2,1,0,7,0,1,1,1,1
24,5,2,4,1,7,7,2,2,2,-1,-1
24,5,1,3,0,7,7,1,0,1,0,1
5,1,0,2,1,7,7,4,0,-1,-1,-1
5,1,0,2,1,0,7,4,-1,-1,0,-1
5,1,0,2,1,0,0,1,1,1,2,2
1,0,0,1,0,7,7,3,-1,-1,1,2
3,1,0,2,1,0,7,0,1,1,1,1
23,5,2,5,1,7,7,2,2,2,-1,-1
23,5,1,4,0,7,7,3,-1,-1,2,2
23,5,1,3,0,7,7,2,2,2,-1,-1
23,5,0,2,0,7,7,1,0,0,0,0
5,0,0,1,1,7,7,1,1,1,1,1
5,4,1,5,1,7,7,0,1,1,1,1
5,1,1,3,1,7,7,2,2,2,-1,-1
5,1,0,2,0,7,7,0,1,1,0,2
36,2,2,7,1,7,7,2,2,2,-1,-1
36,2,2,6,0,7,7,3,-1,-1,2,2
36,2,2,5,0,7,7,2,2,2,-1,-1
36,2,2,4,0,7,7,3,-1,-1,2,2
36,2,2,3,0,7,7,2,2,2,-1,-1
36,2,0,2,0,7,7,1,0,0,0,0
2,0,0,1,1,7,7,2,2,2,-1,-1
46,9,4,7,1,7,7,2,1,1,-1,-1
46,9,2,6,0,7,7,3,-1,-1,1,1
46,9,2,5,1,7,7,2,2,2,-1,-1
46,9,2,4,0,7,7,3,-1,-1,2,2
46,9,1,3,0,7,7,2,2,2,-1,-1
46,9,0,2,0,7,7,1,0,0,0,0
9,0,0,1,0,7,7,1,1,0,1,1
5,1,1,8,1,0,1,0,2,1,2,1
5,1,1,6,1,7,7,0,1,1,1,1
5,1,1,4,1,7,7,0,1,1,1,1
5,1,0,2,1,7,7,0,1,1,0,2
6,2,0,2,1,7,7,0,1,1,0,2
2,2,1,6,1,7,7,0,1,1,1,1
1,1,1,4,1,7,7,0,1,1,1,1
1,1,0,2,1,7,7,0,1,1,1,1
7,5,0,2,1,0,7,0,0,0,0,0
6,3,2,8,1,7,7,0,1,1,1,1
6,1,1,6,1,7,7,0,1,1,1,1
6,1,1,4,1,7,7,0,1,1,1,1
6,1,0,2,1,7,7,0,1,1,0,2
2,1,1,7,1,7,7,0,1,1,1,1
1,1,1,5,1,7,7,0,1,1,1,1
1,1,1,3,1,7,7,0,1,1,1,1
1,0,0,1,1,7,7,2,2,2,-1,-1
8,1,1,5,1,0,1,0,2,1,2,1
8,1,1,3,1,7,7,2,2,2,-1,-1
8,1,0,2,0,7,7,1,1,1,1,1
1,0,0,1,1,7,7,2,2,2,-1,-1
48,0,0,1,1,7,7,1,0,0,0,0
8,3,1,3,1,7,7,0,1,1,1,1
8,0,0,1,1,7,7,1,1,1,1,1
15,3,1,8,1,0,1,0,2,1,1,2
15,1,1,6,0,7,7,2,2,2,-1,-1
15,1,1,5,0,7,7,3,-1,-1,2,2
15,1,1,4,0,7,7,2,2,2,-1,-1
15,1,1,3,0,7,7,3,-1,-1,2,2
15,1,0,2,0,7,7,1,0,0,0,0
1,0,0,1,1,7,7,2,2,2,-1,-1
1,1,1,4,1,0,7,0,2,1,2,1
1,1,0,2,1,7,7,0,1,1,1,1
9,5,3,6,1,0,7,2,2,2,-1,-1
9,5,3,5,0,7,7,3,-1,-1,2,2
9,5,3,4,0,7,7,2,2,1,-1,-1
9,5,3,3,0,7,7,3,-1,-1,1,1
9,3,0,2,0,7,7,2,1,1,-1,-1
9,0,0,1,0,7,7,1,1,0,1,1
12,0,0,1,1,7,7,1,1,1,1,1
4,0,0,1,1,7,7,1,1,1,1,1
3,3,1,4,1,7,7,0,1,1,1,1
1,1,0,2,1,7,7,0,1,1,1,1
8,6,6,5,1,7,7,0,1,1,1,1
8,6,6,3,1,7,7,4,-1,-1,2,-1
8,6,6,3,1,7,0,2,1,1,-1,-1
8,6,0,2,0,7,0,3,-1,-1,1,0
8,0,0,1,1,7,7,1,1,1,1,1
6,2,0,2,1,7,7,0,1,1,0,2
6,2,0,2,1,7,7,0,1,1,0,2
45,19,0,2,1,7,7,1,0,0,0,0
19,0,0,1,0,7,7,1,0,0,0,0
1,1,1,4,1,7,7,0,1,1,1,1
1,1,0,2,1,7,7,0,1,1,1,1
11,5,0,2,1,0,7,1,1,1,1,1
5,0,0,1,1,7,7,1,1,1,1,1
14,6,6,4,1,7,7,1,0,0,0,1
6,6,6,3,1,7,7,4,-1,-1,2,-1
6,6,6,3,1,7,0,1,1,1,1,1
6,6,0,2,1,7,7,0,1,1,1,1
32,0,0,1,1,7,7,1,0,0,0,0
13,1,1,4,1,7,7,2,2,2,-1,-1
13,1,1,3,0,7,7,3,-1,-1,2,1
13,1,0,2,0,7,7,1,0,0,1,0
1,0,0,1,0,7,7,3,-1,-1,2,2
8,0,0,1,1,7,7,1,1,1,1,1
32,7,3,8,1,7,7,0,1,1,1,1
32,7,1,6,1,7,7,2,2,2,-1,-1
32,7,1,5,0,7,7,3,-1,-1,2,2
32,7,1,4,0,7,7,2,2,2,-1,-1
32,7,1,3,0,7,7,1,0,0,0,0
7,1,0,2,1,7,7,4,0,-1,-1,-1
7,1,0,2,1,0,7,1,1,1,1,1
1,0,0,1,1,7,7,2,2,2,-1,-1
12,6,4,8,1,0,7,0,1,1,1,1
12,6,2,6,1,7,7,2,2,2,-1,-1
12,6,2,5,0,7,7,3,-1,-1,2,2
12,6,2,4,0,7,7,2,2,1,-1,-1
12,6,1,3,0,7,7,1,1,1,1,1
6,1,0,2,1,7,7,4,-1,-1,0,-1
6,1,0,2,1,7,0,2,1,1,-1,-1
1,0,0,1,0,7,7,3,-1,-1,2,1
26,1,1,7,1,7,7,2,2,2,-1,-1
26,1,1,6,0,7,7,3,-1,-1,2,2
26,1,1,5,0,7,7,2,2,2,-1,-1
26,1,1,4,0,7,7,3,-1,-1,2,2
26,1,1,3,0,7,7,2,2,2,-1,-1
26,1,0,2,0,7,7,1,0,0,1,0
1,0,0,1,0,7,7,3,-1,-1,2,2
6,5,5,3,1,7,7,1,1,1,1,1
5,5,0,2,1,7,7,0,1,1,1,1
23,5,2,5,1,7,7,2,2,2,-1,-1
23,5,1,4,0,7,7,3,-1,-1,2,2
23,5,1,3,0,7,7,2,2,2,-1,-1
23,5,0,2,0,7,7,1,0,0,0,0
5,0,0,1,1,7,7,1,1,1,1,1
37,14,8,4,1,0,7,1,0,1,0,0
14,8,5,3,0,7,7,4,0,-1,-1,-1
14,8,5,3,0,0,7,4,-1,-1,0,-1
14,8,5,3,0,0,0,1,0,0,0,1
8,5,0,2,1,7,7,4,-1,-1,2,-1
8,5,0,2,1,7,0,0,0,0,0,0
10,8,2,5,1,7,7,2,2,2,-1,-1
10,8,2,4,0,7,7,3,-1,-1,2,1
10,8,2,3,0,7,7,1,1,0,1,1
8,2,0,2,0,7,7,2,2,2,-1,-1
8,0,0,1,0,7,7,1,1,1,1,1
17,17,7,4,1,0,1,0,0,0,0,1
17,17,0,2,1,7,7,4,-1,-1,2,-1
17,17,0,2,1,7,0,0,0,0,0,0
8,4,4,3,1,7,7,0,1,1,1,1
8,0,0,1,1,7,7,1,1,1,1,1
4,2,2,5,1,7,7,0,1,1,1,1
2,2,2,3,1,7,7,0,1,1,1,1
2,0,0,1,1,7,7,2,2,2,-1,-1
5,2,1,3,1,7,7,0,1,1,1,2
1,0,0,1,0,7,7,3,-1,-1,1,2
32,0,0,1,1,7,7,1,0,0,0,0
2,2,2,8,1,7,7,0,1,1,1,1
2,2,2,6,1,7,7,0,1,1,1,1
2,2,2,4,1,7,7,0,1,1,1,1
2,2,0,2,1,7,7,0,1,1,1,1
12,0,0,1,1,7,7,1,1,1,1,1
4,0,0,1,1,7,7,1,1,1,1,1
17,7,4,5,1,0,7,2,2,1,-1,-1
17,7,2,4,0,7,7,3,-1,-1,2,1
17,7,2,3,1,7,7,2,2,2,-1,-1
17,7,0,2,0,7,7,1,0,0,0,0
7,0,0,1,0,7,7,1,1,1,1,1
48,0,0,1,1,7,7,1,0,0,0,0
4,0,0,1,1,7,7,1,1,1,1,1
12,2,2,7,1,7,7,0,1,1,1,1
12,2,2,5,1,7,7,2,2,2,-1,-1
12,2,2,4,0,7,7,3,-1,-1,2,1
12,2,2,3,0,7,7,2,1,1,-1,-1
12,2,0,2,0,7,7,3,-1,-1,1,2
12,0,0,1,0,7,7,1,1,1,1,1
24,0,0,1,1,0,7,1,0,0,0,0
11,6,4,8,1,7,7,0,1,1,1,1
11,6,2,6,1,7,7,2,2,2,-1,-1
11,6,2,5,0,7,7,3,-1,-1,2,2
11,6,2,4,0,7,7,2,2,1,-1,-1
11,6,2,3,0,7,7,1,1,1,1,1
6,2,0,2,1,7,7,4,-1,-1,0,-1
6,2,0,2,1,7,0,2,1,1,-1,-1
2,0,0,1,0,7,7,3,-1,-1,2,1
20,3,3,5,1,7,7,2,2,1,-1,-1
20,3,3,4,0,7,7,3,-1,-1,1,1
20,3,3,3,0,7,7,2,1,1,-1,-1
20,3,0,2,0,7,7,3,-1,-1,1,1
20,0,0,1,0,7,7,1,0,0,0,0
1,1,1,8,1,0,7,0,2,1,2,1
1,1,1,6,1,7,7,0,1,1,1,1
1,1,1,4,1,7,7,0,1,1,1,1
1,1,0,2,1,7,7,0,1,1,1,1
4,2,1,4,1,0,7,0,1,1,2,2
1,1,0,2,0,7,7,3,-1,-1,1,2
1,0,0,1,0,7,7,2,2,2,-1,-1
12,0,0,1,1,7,7,1,1,1,1,1
8,8,4,4,1,7,7,2,2,2,-1,-1
8,8,4,3,0,7,7,3,-1,-1,2,0
8,8,0,2,0,7,7,4,0,-1,-1,-1
8,8,0,2,0,0,7,0,0,0,0,0
4,0,0,1,1,7,7,1,1,1,1,1
32,0,0,1,1,0,7,1,0,0,0,0
23,10,6,5,1,7,7,0,1,1,1,1
23,10,4,3,1,7,7,4,-1,-1,0,-1
23,10,4,3,1,7,0,2,1,1,-1,-1
23,10,0,2,0,7,0,1,0,0,0,0
10,0,0,1,1,7,7,1,1,0,1,1
6,4,3,8,1,0,7,0,1,1,1,1
6,3,2,6,1,7,7,0,1,1,1,1
6,2,2,4,1,7,7,0,1,1,1,1
6,2,0,2,1,7,7,0,1,1,0,2
2,2,1,6,1,7,7,0,1,1,1,1
1,1,1,4,1,7,7,0,1,1,1,1
1,1,0,2,1,7,7,0,1,1,1,1
12,2,2,3,1,7,7,1,1,1,1,1
2,2,0,2,1,7,7,0,1,1,1,1
8,1,1,5,1,7,7,0,1,1,1,1
8,1,1,3,1,7,7,2,2,2,-1,-1
8,1,0,2,0,7,7,1,1,1,1,1
1,0,0,1,1,7,7,2,2,2,-1,-1
64,0,0,1,1,7,7,1,0,0,0,0
19,13,0,2,1,7,7,1,0,0,0,0
13,0,0,1,1,7,7,1,0,0,0,0
24,0,0,1,1,0,7,1,0,0,0,0
12,12,0,2,1,7,7,0,0,0,0,0
9,7,0,2,1,7,7,0,0,0,0,0
31,8,4,7,1,7,7,2,2,2,-1,-1
31,8,4,6,0,7,7,3,-1,-1,2,2
31,8,4,5,0,7,7,2,2,2,-1,-1
31,8,4,4,0,7,7,3,-1,-1,2,2
31,8,4,3,0,7,7,1,0,0,0,0
8,4,0,2,1,7,7,4,0,-1,-1,-1
8,4,0,2,1,0,7,0,0,0,0,0
3,1,1,6,1,0,7,0,1,1,2,2
1,1,1,4,0,7,7,3,-1,-1,1,2
1,1,1,3,0,7,7,0,1,1,1,1
1,0,0,1,1,7,7,2,2,2,-1,-1
12,4,4,4,1,7,7,2,2,1,-1,-1
12,4,4,3,0,7,7,3,-1,-1,1,1
12,4,0,2,0,7,7,2,1,1,-1,-1
12,0,0,1,0,7,7,1,1,1,1,1
3,3,3,6,1,7,7,0,1,1,1,1
3,1,1,4,1,7,7,0,1,1,1,1
1,1,0,2,1,7,7,0,1,1,1,1
16,0,0,1,1,0,7,1,0,0,0,0
8,8,0,2,1,7,7,0,0,0,0,0
24,6,6,5,1,7,7,0,1,1,1,1
24,6,6,3,1,7,7,4,-1,-1,2,-1
24,6,6,3,1,7,0,2,1,1,-1,-1
24,6,0,2,0,7,0,3,-1,-1,1,0
24,0,0,1,1,7,7,1,0,0,0,0
24,0,0,1,1,7,7,1,0,0,0,0
24,0,0,1,1,7,7,1,0,0,0,0
2,1,1,3,1,7,7,0,1,1,1,1
1,0,0,1,1,7,7,2,2,2,-1,-1
5,1,1,4,1,7,7,2,2,2,-1,-1
5,1,1,3,0,7,7,3,-1,-1,2,2
5,1,0,2,0,7,7,2,2,2,-1,-1
5,0,0,1,0,7,7,1,1,1,1,1
4,0,0,1,1,7,7,1,1,1,1,1
16,4,4,5,1,7,7,0,1,1,1,1
16,4,4,3,1,7,7,1,0,0,0,0
4,4,0,2,1,7,7,0,1,1,1,1
8,2,2,5,1,7,7,0,1,1,1,1
8,2,2,3,1,7,7,2,2,2,-1,-1
8,2,0,2,0,7,7,1,1,1,1,1
2,0,0,1,1,7,7,2,2,2,-1,-1
25,5,2,3,1,0,7,1,0,0,0,0
5,2,0,2,0,7,7,3,-1,-1,2,2
5,0,0,1,1,7,7,1,1,1,1,1
14,7,4,6,1,7,7,2,2,2,-1,-1
14,7,4,5,0,7,7,3,-1,-1,2,2
14,7,4,4,0,7,7,2,2,1,-1,-1
14,7,3,3,0,7,7,3,-1,-1,1,1
14,7,0,2,0,7,7,1,0,0,0,0
7,0,0,1,1,7,7,1,1,1,1,1
64,0,0,1,1,7,7,1,0,0,0,0
6,5,5,3,1,7,7,1,1,1,1,1
5,5,0,2,1,7,7,0,1,1,1,1
17,7,0,2,1,7,7,1,0,0,0,0
7,0,0,1,0,7,7,1,1,1,1,1
6,6,6,4,1,7,7,0,1,1,1,1
6,6,0,2,1,7,7,4,-1,-1,0,-1
6,6,0,2,1,7,0,2,1,1,-1,-1
6,0,0,1,0,7,7,3,-1,-1,1,2
48,0,0,1,1,7,7,1,0,0,0,0
24,24,0,2,1,0,1,0,0,0,0,0
24,0,0,1,1,7,7,1,0,0,0,0
4,4,0,2,1,7,7,0,1,1,1,1
4,0,0,1,1,0,7,1,2,1,2,1
26,1,1,7,1,7,7,2,2,2,-1,-1
26,1,1,6,0,7,7,3,-1,-1,2,2
26,1,1,5,0,7,7,2,2,2,-1,-1
26,1,1,4,0,7,7,3,-1,-1,2,2
26,1,1,3,0,7,7,2,2,2,-1,-1
26,1,0,2,0,7,7,1,0,0,1,0
1,0,0,1,0,7,7,3,-1,-1,2,2
10,1,1,7,1,7,7,0,1,1,1,1
10,1,1,5,1,7,7,2,2,2,-1,-1
10,1,1,4,0,7,7,3,-1,-1,2,2
10,1,1,3,0,7,7,2,2,1,-1,-1
10,1,0,2,0,7,7,1,1,1,1,2
1,0,0,1,0,7,7,2,2,2,-1,-1
6,6,4,7,1,7,7,0,1,1,1,1
6,6,2,5,1,7,7,0,1,1,1,1
6,6,2,3,1,7,7,2,2,2,-1,-1
6,6,0,2,0,7,7,0,1,1,1,1
1,1,1,4,1,7,7,0,1,1,1,1
1,1,0,2,1,7,7,0,1,1,1,1
16,0,0,1,1,7,7,1,0,0,0,0
10,7,7,3,1,7,7,1,1,0,1,1
7,7,0,2,0,7,7,0,0,0,0,0
12,0,0,1,1,0,7,1,1,1,1,1
8,0,0,1,1,0,7,1,1,1,1,1
8,0,0,1,1,7,7,1,1,1,1,1
3,1,1,6,1,7,7,0,1,1,1,1
1,1,1,4,1,7,7,0,1,1,1,1
1,1,0,2,1,7,7,0,1,1,1,1
7,5,5,6,1,7,7,0,1,1,1,1
7,5,5,4,1,7,7,4,-1,-1,0,-1
7,5,5,4,1,7,0,2,1,1,-1,-1
7,5,5,3,0,7,0,3,-1,-1,1,2
7,5,0,2,0,7,7,4,2,-1,-1,-1
7,5,0,2,0,0,7,0,0,0,0,0
17,6,4,6,1,7,7,2,2,2,-1,-1
17,6,4,5,0,7,7,3,-1,-1,2,1
17,6,4,4,0,7,7,2,1,1,-1,-1
17,6,1,3,0,7,7,3,-1,-1,1,2
17,6,0,2,0,7,7,1,0,0,0,0
6,0,0,1,0,7,7,1,1,1,1,1
12,10,10,3,1,0,7,1,1,1,1,1
10,10,0,2,1,7,7,4,-1,-1,0,-1
10,10,0,2,1,7,0,2,0,0,-1,-1
10,0,0,1,0,7,7,3,-1,-1,0,2
4,2,2,5,1,0,7,0,1,1,2,2
2,2,2,3,0,7,7,3,-1,-1,1,2
2,2,0,2,0,7,7,0,1,1,1,1
2,2,0,2,1,7,7,0,1,1,1,1
8,0,0,1,1,0,7,1,1,1,1,1
5,1,1,4,1,7,7,2,2,2,-1,-1
5,1,1,3,0,7,7,3,-1,-1,2,2
5,1,0,2,0,7,7,2,2,2,-1,-1
5,0,0,1,0,7,7,1,1,1,1,1
18,2,2,8,1,7,7,0,1,1,1,1
18,2,2,6,1,7,7,2,2,2,-1,-1
18,2,2,5,0,7,7,3,-1,-1,2,2
18,2,2,4,0,7,7,2,2,1,-1,-1
18,2,2,3,0,7,7,3,-1,-1,1,2
18,2,0,2,0,7,7,1,0,0,0,0
2,0,0,1,0,7,7,2,2,2,-1,-1
24,0,0,1,1,0,7,1,0,0,0,0
8,8,8,4,1,7,7,0,0,0,0,1
8,8,0,2,1,7,7,4,-1,-1,2,-1
8,8,0,2,1,7,0,0,0,0,0,0
15,9,0,2,1,7,7,1,0,0,0,0
9,0,0,1,1,7,7,1,1,0,1,1
4,1,1,5,1,7,7,0,1,1,1,1
1,1,1,3,1,7,7,0,1,1,1,1
1,0,0,1,1,7,7,2,2,2,-1,-1
14,5,3,4,1,7,7,2,2,2,-1,-1
14,5,3,3,0,7,7,1,0,0,0,0
5,3,0,2,1,7,7,0,1,1,1,0
24,4,4,3,1,0,7,1,0,0,0,0
4,4,0,2,1,7,7,0,1,1,1,1
6,1,1,7,1,7,7,0,1,1,1,1
6,1,1,5,1,7,7,0,1,1,1,1
6,1,1,3,1,7,7,2,2,2,-1,-1
6,1,0,2,0,7,7,0,1,1,0,2
46,3,3,7,1,0,7,2,1,1,-1,-1
46,3,3,6,0,7,7,3,-1,-1,1,1
46,3,3,5,1,7,7,2,2,1,-1,-1
46,3,3,4,0,7,7,3,-1,-1,1,1
46,3,3,3,0,7,7,2,1,1,-1,-1
46,3,0,2,0,7,7,3,-1,-1,1,1
46,0,0,1,0,7,7,1,0,0,0,0
20,2,2,7,1,7,7,0,1,1,1,1
20,2,2,5,1,7,7,2,2,2,-1,-1
20,2,2,4,0,7,7,3,-1,-1,2,2
20,2,2,3,0,7,7,2,2,2,-1,-1
20,2,0,2,0,7,7,1,0,0,0,0
2,0,0,1,1,7,7,2,2,2,-1,-1
5,1,1,4,1,0,7,2,2,2,-1,-1
5,1,1,3,0,7,7,3,-1,-1,2,2
5,1,0,2,0,7,7,2,2,2,-1,-1
5,0,0,1,0,7,7,1,1,1,1,1
25,9,5,8,1,0,7,2,2,2,-1,-1
25,9,5,7,0,7,7,3,-1,-1,2,2
25,9,5,6,0,7,7,2,2,2,-1,-1
25,9,5,5,0,7,7,3,-1,-1,1,2
25,9,5,4,0,7,7,2,1,1,-1,-1
25,9,3,3,0,7,7,3,-1,-1,1,1
25,9,0,2,0,7,7,1,0,0,0,0
9,0,0,1,0,7,7,1,1,0,1,1
10,1,1,7,1,0,7,0,1,1,1,1
10,1,1,5,1,7,7,2,2,2,-1,-1
10,1,1,4,0,7,7,3,-1,-1,2,2
10,1,1,3,0,7,7,2,2,1,-1,-1
10,1,0,2,0,7,7,1,1,1,1,2
1,0,0,1,0,7,7,2,2,2,-1,-1
3,2,1,5,1,7,7,0,1,1,1,1
1,1,1,3,1,7,7,0,1,1,1,1
1,0,0,1,1,7,7,2,2,2,-1,-1
4,4,4,3,1,7,7,0,1,1,1,1
4,0,0,1,1,7,7,1,1,1,1,1
64,0,0,1,1,7,7,1,0,0,0,0
13,1,1,4,1,7,7,2,2,2,-1,-1
13,1,1,3,0,7,7,3,-1,-1,2,1
13,1,0,2,0,7,7,1,0,0,1,0
1,0,0,1,0,7,7,3,-1,-1,2,2
3,2,1,5,1,7,7,0,1,1,1,1
1,1,1,3,1,7,7,0,1,1,1,1
1,0,0,1,1,7,7,2,2,2,-1,-1
20,9,6,8,1,0,1,0,1,1,1,1
20,9,6,6,1,7,7,2,2,2,-1,-1
20,9,6,5,0,7,7,3,-1,-1,2,1
20,9,6,4,0,7,7,2,1,1,-1,-1
20,9,6,3,0,7,7,3,-1,-1,1,1
20,9,0,2,0,7,7,1,0,0,0,0
9,0,0,1,1,7,7,1,1,0,1,1
1,1,1,4,1,7,7,0,1,1,1,1
1,1,0,2,1,7,7,0,1,1,1,1
6,2,0,2,1,0,7,0,1,1,0,2
16,0,0,1,1,0,7,1,0,0,0,0
32,0,0,1,1,0,7,1,0,0,0,0
4,2,2,7,1,7,7,0,1,1,1,1
2,1,1,5,1,7,7,0,1,1,1,1
1,1,1,3,1,7,7,0,1,1,1,1
1,0,0,1,1,7,7,2,2,2,-1,-1
6,6,6,6,1,7,7,2,2,2,-1,-1
6,6,6,5,0,7,7,3,-1,-1,2,2
6,6,6,4,0,7,7,0,1,1,1,1
6,2,0,2,1,7,7,4,-1,-1,0,-1
6,2,0,2,1,7,0,2,1,1,-1,-1
2,0,0,1,0,7,7,3,-1,-1,2,1
35,8,3,4,1,0,1,2,2,1,-1,-1
35,8,2,3,0,7,1,3,-1,-1,1,2
35,8,0,2,0,7,7,1,0,0,0,0
8,0,0,1,1,7,7,1,1,1,1,1
32,0,0,1,1,0,7,1,0,0,0,0
6,2,0,2,1,0,7,0,1,1,0,2
8,4,4,5,1,7,7,0,1,1,1,1
8,4,4,3,1,7,7,0,1,1,1,1
8,0,0,1,1,7,7,1,1,1,1,1
24,22,6,5,1,7,7,0,1,1,1,1
24,22,6,3,1,7,7,4,-1,-1,0,-1
24,22,6,3,1,7,0,2,1,1,-1,-1
24,22,0,2,0,7,0,0,0,0,0,0
24,0,0,1,1,0,7,1,0,0,0,0
9,2,1,7,1,7,7,0,1,1,1,1
9,1,1,5,1,7,7,2,2,2,-1,-1
9,1,1,4,0,7,7,3,-1,-1,2,2
9,1,1,3,0,7,7,2,2,1,-1,-1
9,1,0,2,0,7,7,1,1,1,1,2
1,0,0,1,0,7,7,2,2,2,-1,-1
6,6,6,8,1,7,7,0,1,1,1,1
6,6,6,6,1,7,7,4,-1,-1,0,-1
6,6,6,6,1,7,0,2,1,1,-1,-1
6,6,6,5,0,7,7,3,-1,-1,1,1
6,6,6,4,1,7,7,4,-1,-1,0,-1
6,6,6,4,1,7,0,2,1,1,-1,-1
6,6,6,3,0,7,7,3,-1,-1,1,2
6,6,0,2,0,7,7,4,2,-1,-1,-1
6,6,0,2,0,0,7,0,1,1,1,1
6,1,1,3,1,7,7,0,1,1,1,2
1,0,0,1,0,7,7,3,-1,-1,1,2
30,12,7,8,1,7,7,2,2,2,-1,-1
30,12,7,7,0,7,7,3,-1,-1,2,1
30,12,7,6,0,7,7,2,1,1,-1,-1
30,12,7,5,0,7,7,3,-1,-1,1,1
30,12,7,4,0,7,7,2,1,1,-1,-1
30,12,7,3,0,7,7,3,-1,-1,0,0
30,12,0,2,0,7,7,4,0,-1,-1,-1
30,12,0,2,0,0,7,1,0,0,0,0
12,0,0,1,0,7,7,1,1,1,1,1
2,2,2,8,1,7,7,0,1,1,1,1
2,2,1,6,1,7,7,0,1,1,1,1
1,1,1,4,1,7,7,0,1,1,1,1
1,1,0,2,1,7,7,0,1,1,1,1
6,2,0,2,1,7,7,0,1,1,0,2
9,3,1,6,1,7,7,0,1,1,1,1
9,1,1,4,1,7,7,2,2,2,-1,-1
9,1,1,3,0,7,7,3,-1,-1,2,2
9,1,0,2,0,7,7,1,1,1,1,2
1,0,0,1,0,7,7,2,2,2,-1,-1
29,5,5,8,1,0,7,0,1,1,1,1
29,5,5,6,1,7,7,4,-1,-1,0,-1
29,5,5,6,1,7,0,2,1,1,-1,-1
29,5,5,5,0,7,0,3,-1,-1,1,1
29,5,5,4,1,7,7,4,-1,-1,0,-1
29,5,5,4,1,7,0,2,1,1,-1,-1
29,5,5,3,0,7,0,3,-1,-1,1,2
29,5,0,2,0,7,7,4,2,-1,-1,-1
29,5,0,2,0,0,7,1,0,0,0,0
5,0,0,1,0,7,7,1,1,1,1,1
50,2,2,8,1,7,7,2,2,2,-1,-1
50,2,2,7,0,7,7,3,-1,-1,2,2
50,2,2,6,0,7,7,2,2,2,-1,-1
50,2,2,5,0,7,7,3,-1,-1,2,2
50,2,2,4,0,7,7,2,2,2,-1,-1
50,2,2,3,0,7,7,3,-1,-1,2,2
50,2,0,2,0,7,7,1,0,0,0,0
2,0,0,1,0,7,7,2,2,2,-1,-1
16,0,0,1,1,7,7,1,0,0,0,0
11,5,0,2,1,7,7,1,1,1,1,1
5,0,0,1,1,7,7,1,1,1,1,1
4,2,1,8,1,7,7,0,1,1,1,1
1,1,1,6,1,7,7,0,1,1,1,1
1,1,1,4,1,7,7,0,1,1,1,1
1,1,0,2,1,7,7,0,1,1,1,1
6,2,1,6,1,7,7,0,1,1,1,1
6,1,1,4,1,7,7,2,2,2,-1,-1
6,1,1,3,0,7,7,3,-1,-1,2,2
6,1,0,2,0,7,7,2,2,2,-1,-1
6,0,0,1,0,7,7,1,1,1,1,1
19,6,3,6,1,7,7,2,2,2,-1,-1
19,6,3,5,0,7,7,3,-1,-1,2,1
19,6,3,4,0,7,7,2,1,1,-1,-1
19,6,1,3,0,7,7,3,-1,-1,1,2
19,6,0,2,0,7,7,1,0,0,0,0
6,0,0,1,1,7,7,1,1,1,1,1
1,1,1,8,1,7,7,0,1,1,1,1
1,1,1,6,1,7,7,0,1,1,1,1
1,1,1,4,1,7,7,0,1,1,1,1
1,1,0,2,1,7,7,0,1,1,1,1
32,0,0,1,1,0,7,1,0,0,0,0
5,3,2,5,1,7,7,0,1,1,1,1
5,1,1,3,1,7,7,2,2,2,-1,-1
5,1,0,2,0,7,7,0,1,1,0,2
2,2,0,2,1,7,7,0,1,1,1,1
1,1,1,4,1,7,7,0,1,1,1,1
1,1,0,2,1,7,7,0,1,1,1,1
5,2,1,7,1,7,7,0,1,1,1,1
5,1,1,5,1,7,7,0,1,1,1,1
5,1,1,3,1,7,7,2,2,2,-1,-1
5,1,0,2,0,7,7,0,1,1,0,2
13,4,2,8,1,0,7,0,1,1,1,1
13,1,1,6,1,7,7,0,1,1,1,1
13,1,1,4,1,7,7,2,2,2,-1,-1
13,1,1,3,0,7,7,3,-1,-1,2,2
13,1,0,2,0,7,7,1,0,0,1,0
1,0,0,1,0,7,7,3,-1,-1,2,2
31,19,14,3,1,7,7,1,0,0,0,0
19,14,0,2,1,7,7,4,0,-1,-1,-1
19,14,0,2,1,0,7,1,0,0,0,0
14,0,0,1,1,7,7,1,0,0,0,0
3,1,1,6,1,7,7,0,1,1,1,1
1,1,1,4,1,7,7,0,1,1,1,1
1,1,0,2,1,7,7,0,1,1,1,1
2,1,1,3,1,7,7,0,1,1,1,1
1,0,0,1,1,7,7,2,2,2,-1,-1
11,11,10,7,1,7,7,2,1,1,-1,-1
11,11,10,6,0,7,7,3,-1,-1,1,1
11,11,10,5,1,7,7,2,2,2,-1,-1
11,11,10,4,0,7,7,3,-1,-1,2,0
11,11,10,3,0,7,7,4,0,-1,-1,-1
11,11,10,3,0,0,7,1,1,1,2,1
11,10,0,2,1,7,7,4,-1,-1,2,-1
11,10,0,2,1,7,0,2,0,0,-1,-1
11,0,0,1,0,7,0,3,-1,-1,0,0
16,7,4,5,1,7,7,2,2,1,-1,-1
16,7,4,4,0,7,7,3,-1,-1,1,1
16,7,3,3,0,7,7,2,1,1,-1,-1
16,7,0,2,0,7,7,1,0,0,0,0
7,0,0,1,1,7,7,1,1,1,1,1
8,4,4,5,1,7,7,0,1,1,1,1
8,4,4,3,1,7,7,0,1,1,1,1
8,0,0,1,1,7,7,1,1,1,1,1
12,0,0,1,1,0,7,1,1,1,1,1
2,1,1,3,1,0,7,0,2,1,2,1
1,0,0,1,1,7,7,2,2,2,-1,-1
6,5,5,3,1,7,7,1,1,1,1,1
5,5,0,2,1,7,7,0,1,1,1,1
14,10,10,6,1,0,1,0,0,0,0,1
14,10,10,4,1,7,7,4,-1,-1,2,-1
14,10,10,4,1,7,0,1,0,0,0,1
10,10,10,3,1,7,7,4,-1,-1,2,-1
10,10,10,3,1,7,0,1,1,0,1,2
10,10,0,2,0,7,7,4,-1,-1,2,-1
10,10,0,2,0,7,0,0,0,0,0,0
6,1,1,7,1,0,7,0,1,1,1,1
6,1,1,5,1,7,7,0,1,1,1,1
6,1,1,3,1,7,7,2,2,2,-1,-1
6,1,0,2,0,7,7,0,1,1,0,2
16,0,0,1,1,7,7,1,0,0,0,0
4,4,4,3,1,7,7,0,1,1,1,1
4,0,0,1,1,7,7,1,1,1,1,1
11,5,0,2,1,7,7,1,1,1,1,1
5,0,0,1,1,7,7,1,1,1,1,1
22,21,21,3,1,0,7,1,0,0,0,0
21,21,0,2,1,7,7,4,2,-1,-1,-1
21,21,0,2,1,0,7,0,0,0,0,0
20,4,4,4,1,7,7,2,2,1,-1,-1
20,4,4,3,0,7,7,3,-1,-1,1,1
20,4,0,2,0,7,7,2,1,1,-1,-1
20,0,0,1,0,7,7,1,0,0,0,0
48,0,0,1,1,0,7,1,0,0,0,0
64,0,0,1,1,7,7,1,0,0,0,0
6,2,0,2,1,7,7,0,1,1,0,2
20,6,6,3,1,7,7,1,0,0,0,1
6,6,0,2,1,7,7,4,-1,-1,2,-1
6,6,0,2,1,7,0,0,1,1,1,1
16,0,0,1,1,7,7,1,0,0,0,0
5,3,2,8,1,7,7,0,1,1,1,1
5,2,1,6,1,7,7,0,1,1,1,1
5,1,1,4,1,7,7,0,1,1,1,1
5,1,0,2,1,7,7,0,1,1,0,2
1,1,1,4,1,7,7,0,1,1,1,1
1,1,0,2,1,7,7,0,1,1,1,1
22,10,7,5,1,7,7,0,1,1,1,2
22,10,7,3,0,7,7,4,-1,-1,0,-1
22,10,7,3,0,7,0,1,0,0,0,0
10,7,0,2,1,7,7,4,2,-1,-1,-1
10,7,0,2,1,0,7,0,0,0,0,0
6,1,1,7,1,7,7,0,1,1,1,1
6,1,1,5,1,7,7,0,1,1,1,1
6,1,1,3,1,7,7,2,2,2,-1,-1
6,1,0,2,0,7,7,0,1,1,0,2
14,6,4,3,1,0,7,1,0,0,0,1
6,4,0,2,1,7,7,4,-1,-1,2,-1
6,4,0,2,1,7,0,0,1,0,1,1
8,4,0,2,1,7,7,0,0,0,0,0
30,18,0,2,1,7,7,1,0,0,0,0
18,0,0,1,0,7,7,1,0,0,0,0
10,9,9,7,1,7,7,1,1,0,1,2
9,9,9,6,0,7,7,4,-1,-1,2,-1
9,9,9,6,0,7,0,1,1,0,1,2
9,9,9,5,0,7,7,4,-1,-1,2,-1
9,9,9,5,0,7,0,1,1,0,1,2
9,9,9,4,0,7,7,4,-1,-1,2,-1
9,9,9,4,0,7,0,1,1,0,1,2
9,9,9,3,0,7,7,4,-1,-1,2,-1
9,9,9,3,0,7,0,1,1,0,1,2
9,9,0,2,0,7,7,4,-1,-1,2,-1
9,9,0,2,0,7,0,0,0,0,0,0
16,10,7,6,1,7,7,2,1,2,-1,-1
16,10,7,5,0,7,7,3,-1,-1,1,1
16,10,7,4,0,7,7,4,0,-1,-1,-1
16,10,7,4,0,0,7,1,0,0,0,1
10,7,5,3,1,7,7,4,-1,-1,2,-1
10,7,5,3,1,7,0,1,1,0,1,2
7,5,0,2,0,7,7,4,-1,-1,2,-1
7,5,0,2,0,7,0,0,0,0,0,0
5,3,2,8,1,0,1,0,2,1,1,2
5,2,1,6,0,7,7,2,2,2,-1,-1
5,1,1,5,0,7,7,0,1,1,1,1
5,1,1,3,1,7,7,2,2,2,-1,-1
5,1,0,2,0,7,7,0,1,1,0,2
2,1,1,3,1,7,7,0,1,1,1,1
1,0,0,1,1,7,7,2,2,2,-1,-1
12,0,0,1,1,7,7,1,1,1,1,1
17,16,5,5,1,0,7,0,1,1,1,1
17,16,5,3,1,7,7,4,-1,-1,0,-1
17,16,5,3,1,7,0,2,1,1,-1,-1
17,16,0,2,0,7,0,0,0,0,0,0
6,6,6,6,1,7,7,2,2,2,-1,-1
6,6,6,5,0,7,7,3,-1,-1,2,2
6,6,6,4,0,7,7,0,1,1,1,1
6,2,0,2,1,7,7,4,-1,-1,0,-1
6,2,0,2,1,7,0,2,1,1,-1,-1
2,0,0,1,0,7,7,3,-1,-1,2,1
1,1,1,4,1,7,7,0,1,1,1,1
1,1,0,2,1,7,7,0,1,1,1,1
4,2,2,7,1,7,7,0,1,1,1,1
2,1,1,5,1,7,7,0,1,1,1,1
1,1,1,3,1,7,7,0,1,1,1,1
1,0,0,1,1,7,7,2,2,2,-1,-1
14,10,10,6,1,7,7,0,0,0,0,1
14,10,10,4,1,7,7,4,-1,-1,2,-1
14,10,10,4,1,7,0,1,0,0,0,1
10,10,10,3,1,7,7,4,-1,-1,2,-1
10,10,10,3,1,7,0,1,1,0,1,2
10,10,0,2,0,7,7,4,-1,-1,2,-1
10,10,0,2,0,7,0,0,0,0,0,0
4,2,1,8,1,7,7,0,1,1,1,1
1,1,1,6,1,7,7,0,1,1,1,1
1,1,1,4,1,7,7,0,1,1,1,1
1,1,0,2,1,7,7,0,1,1,1,1
16,4,4,3,1,7,7,1,0,0,0,0
4,4,0,2,1,7,7,0,1,1,1,1
5,2,2,6,1,0,7,0,1,1,1,1
5,1,1,4,1,7,7,2,2,2,-1,-1
5,1,1,3,0,7,7,3,-1,-1,2,2
5,1,0,2,0,7,7,2,2,2,-1,-1
5,0,0,1,0,7,7,1,1,1,1,1
10,9,9,7,1,0,7,1,1,0,1,2
9,9,9,6,0,7,7,4,-1,-1,2,-1
9,9,9,6,0,7,0,1,1,0,1,2
9,9,9,5,0,7,7,4,-1,-1,2,-1
9,9,9,5,0,7,0,1,1,0,1,2
9,9,9,4,0,7,7,4,-1,-1,2,-1
9,9,9,4,0,7,0,1,1,0,1,2
9,9,9,3,0,7,7,4,-1,-1,2,-1
9,9,9,3,0,7,0,1,1,0,1,2
9,9,0,2,0,7,7,4,-1,-1,2,-1
9,9,0,2,0,7,0,0,0,0,0,0
22,21,21,3,1,7,7,1,0,0,0,0
21,21,0,2,1,7,7,4,2,-1,-1,-1
21,21,0,2,1,0,7,0,0,0,0,0
7,3,2,7,1,7,7,0,1,1,1,1
7,1,1,5,1,7,7,0,1,1,1,1
7,1,1,3,1,7,7,2,2,2,-1,-1
7,1,0,2,0,7,7,1,1,1,1,1
1,0,0,1,1,7,7,2,2,2,-1,-1
24,0,0,1,1,7,7,1,0,0,0,0
4,4,4,7,1,7,7,0,1,1,1,1
4,1,1,5,1,7,7,0,1,1,1,1
1,1,1,3,1,7,7,0,1,1,1,1
1,0,0,1,1,7,7,2,2,2,-1,-1
5,2,1,7,1,7,7,0,1,1,1,1
5,1,1,5,1,7,7,0,1,1,1,1
5,1,1,3,1,7,7,2,2,2,-1,-1
5,1,0,2,0,7,7,0,1,1,0,2
1,1,1,4,1,7,7,0,1,1,1,1
1,1,0,2,1,7,7,0,1,1,1,1
4,0,0,1,1,7,7,1,1,1,1,1
10,1,1,7,1,0,7,0,1,1,1,1
10,1,1,5,1,7,7,2,2,2,-1,-1
10,1,1,4,0,7,7,3,-1,-1,2,2
10,1,1,3,0,7,7,2,2,1,-1,-1
10,1,0,2,0,7,7,1,1,1,1,2
1,0,0,1,0,7,7,2,2,2,-1,-1
12,0,0,1,1,7,7,1,1,1,1,1
9,3,0,2,1,0,7,0,0,0,0,0
43,7,7,4,1,0,7,1,0,0,0,0
7,7,7,3,1,7,7,4,0,-1,-1,-1
7,7,7,3,1,0,7,4,-1,-1,0,-1
7,7,7,3,1,0,0,1,1,1,1,0
7,7,0,2,0,7,7,2,0,0,-1,-1
7,0,0,1,0,7,7,3,-1,-1,0,0
8,6,6,5,1,0,7,0,1,1,1,1
8,6,6,3,1,7,7,4,-1,-1,2,-1
8,6,6,3,1,7,0,2,1,1,-1,-1
8,6,0,2,0,7,0,3,-1,-1,1,0
8,0,0,1,1,7,7,1,1,1,1,1
16,0,0,1,1,7,7,1,0,0,0,0
24,0,0,1,1,7,7,1,0,0,0,0
21,11,0,2,1,7,7,1,0,0,0,0
11,0,0,1,0,7,7,1,1,1,1,1
4,0,0,1,1,7,7,1,1,1,1,1
3,1,0,2,1,0,7,0,1,1,1,1
10,5,4,5,1,0,7,2,2,1,-1,-1
10,5,4,4,0,7,7,3,-1,-1,1,1
10,5,3,3,0,7,7,2,1,1,-1,-1
10,3,0,2,0,7,7,3,-1,-1,1,1
10,0,0,1,0,7,7,1,1,0,1,1
14,6,4,3,1,7,7,1,0,0,0,1
6,4,0,2,1,7,7,4,-1,-1,2,-1
6,4,0,2,1,7,0,0,1,0,1,1
33,18,13,3,1,7,7,1,0,0,0,0
18,13,0,2,0,7,7,4,0,-1,-1,-1
18,13,0,2,0,0,7,0,0,0,0,0
12,3,1,3,1,0,7,1,1,1,1,1
3,1,0,2,1,7,7,0,1,1,1,1
3,2,2,8,1,0,7,0,1,1,2,2
2,1,1,6,0,7,7,3,-1,-1,1,2
1,1,1,5,0,7,7,0,1,1,1,1
1,1,1,3,1,7,7,0,1,1,1,1
1,0,0,1,1,7,7,2,2,2,-1,-1
2,1,1,7,1,0,7,0,2,1,2,1
1,1,1,5,1,7,7,0,1,1,1,1
1,1,1,3,1,7,7,0,1,1,1,1
1,0,0,1,1,7,7,2,2,2,-1,-1
6,6,6,6,1,7,7,2,2,2,-1,-1
6,6,6,5,0,7,7,3,-1,-1,2,2
6,6,6,4,0,7,7,0,1,1,1,1
6,2,0,2,1,7,7,4,-1,-1,0,-1
6,2,0,2,1,7,0,2,1,1,-1,-1
2,0,0,1,0,7,7,3,-1,-1,2,1
11,11,10,7,1,7,7,2,1,1,-1,-1
11,11,10,6,0,7,7,3,-1,-1,1,1
11,11,10,5,1,7,7,2,2,2,-1,-1
11,11,10,4,0,7,7,3,-1,-1,2,0
11,11,10,3,0,7,7,4,0,-1,-1,-1
11,11,10,3,0,0,7,1,1,1,2,1
11,10,0,2,1,7,7,4,-1,-1,2,-1
11,10,0,2,1,7,0,2,0,0,-1,-1
11,0,0,1,0,7,0,3,-1,-1,0,0
10,6,4,8,1,0,1,0,1,1,1,1
10,6,3,6,1,7,7,2,2,2,-1,-1
10,6,3,5,0,7,7,3,-1,-1,2,2
10,6,3,4,0,7,7,2,2,1,-1,-1
10,6,3,3,0,7,7,1,1,0,1,1
6,3,0,2,0,7,7,0,1,1,1,0
3,3,3,8,1,7,7,0,1,1,1,1
3,3,3,6,1,7,7,0,1,1,1,1
3,3,3,4,1,7,7,0,1,1,1,1
3,3,0,2,1,7,7,0,1,1,1,1
3,3,1,4,1,7,7,0,1,1,1,1
1,1,0,2,1,7,7,0,1,1,1,1
1,1,1,4,1,7,7,0,1,1,1,1
1,1,0,2,1,7,7,0,1,1,1,1
8,0,0,1,1,7,7,1,1,1,1,1
4,0,0,1,1,0,7,1,2,1,2,1
32,0,0,1,1,0,7,1,0,0,0,0
29,9,4,6,1,7,7,2,2,1,-1,-1
29,9,4,5,0,7,7,3,-1,-1,1,1
29,9,3,4,0,7,7,2,1,2,-1,-1
29,9,1,3,0,7,7,3,-1,-1,2,2
29,9,0,2,0,7,7,1,0,0,0,0
9,0,0,1,0,7,7,1,1,0,1,1
30,3,3,7,1,7,7,0,1,1,1,1
30,3,3,5,1,7,7,2,2,1,-1,-1
30,3,3,4,0,7,7,3,-1,-1,1,1
30,3,3,3,0,7,7,2,1,1,-1,-1
30,3,0,2,0,7,7,3,-1,-1,1,1
30,0,0,1,0,7,7,1,0,0,0,0
7,3,2,7,1,7,7,0,1,1,1,1
7,1,1,5,1,7,7,0,1,1,1,1
7,1,1,3,1,7,7,2,2,2,-1,-1
7,1,0,2,0,7,7,1,1,1,1,1
1,0,0,1,1,7,7,2,2,2,-1,-1
4,1,1,5,1,7,7,0,1,1,1,1
1,1,1,3,1,7,7,0,1,1,1,1
1,0,0,1,1,7,7,2,2,2,-1,-1
12,7,5,3,1,0,7,1,1,1,1,1
7,5,0,2,1,7,7,4,-1,-1,2,-1
7,5,0,2,1,7,0,2,1,1,-1,-1
7,0,0,1,0,7,0,3,-1,-1,0,0
12,12,12,4,1,0,1,1,1,1,1,1
12,12,12,3,1,7,7,4,-1,-1,0,-1
12,12,12,3,1,7,0,2,0,0,-1,-1
12,12,0,2,0,7,7,3,-1,-1,0,2
12,0,0,1,0,7,7,1,1,1,1,1
8,4,4,5,1,7,7,0,1,1,1,1
8,4,4,3,1,7,7,0,1,1,1,1
8,0,0,1,1,7,7,1,1,1,1,1
4,2,2,5,1,7,7,0,1,1,1,1
2,2,2,3,1,7,7,0,1,1,1,1
2,0,0,1,1,7,7,2,2,2,-1,-1
64,0,0,1,1,7,7,1,0,0,0,0
3,1,0,2,1,0,7,0,1,1,1,1
8,0,0,1,1,7,7,1,1,1,1,1
6,2,2,6,1,7,7,0,1,1,1,1
6,2,2,4,1,7,7,2,2,2,-1,-1
6,2,2,3,0,7,7,3,-1,-1,2,2
6,2,0,2,0,7,7,2,2,2,-1,-1
6,0,0,1,0,7,7,1,1,1,1,1
5,1,1,8,1,7,7,0,1,1,1,1
5,1,1,6,1,7,7,0,1,1,1,1
5,1,1,4,1,7,7,0,1,1,1,1
5,1,0,2,1,7,7,0,1,1,0,2
6,2,2,6,1,7,7,0,1,1,1,1
6,2,2,4,1,7,7,2,2,2,-1,-1
6,2,2,3,0,7,7,3,-1,-1,2,2
6,2,0,2,0,7,7,2,2,2,-1,-1
6,0,0,1,0,7,7,1,1,1,1,1
48,0,0,1,1,7,7,1,0,0,0,0
8,0,0,1,1,7,7,1,1,1,1,1
6,6,2,4,1,7,7,0,1,1,1,1
6,6,0,2,1,7,7,0,1,1,1,1
2,2,1,6,1,7,7,0,1,1,1,1
1,1,1,4,1,7,7,0,1,1,1,1
1,1,0,2,1,7,7,0,1,1,1,1
6,2,1,6,1,0,7,0,1,1,1,1
6,1,1,4,1,7,7,2,2,2,-1,-1
6,1,1,3,0,7,7,3,-1,-1,2,2
6,1,0,2,0,7,7,2,2,2,-1,-1
6,0,0,1,0,7,7,1,1,1,1,1
12,0,0,1,1,7,7,1,1,1,1,1
4,0,0,1,1,7,7,1,1,1,1,1
34,30,0,2,1,7,7,0,0,0,0,0
2,1,1,7,1,7,7,0,1,1,1,1
1,1,1,5,1,7,7,0,1,1,1,1
1,1,1,3,1,7,7,0,1,1,1,1
1,0,0,1,1,7,7,2,2,2,-1,-1
16,0,0,1,1,7,7,1,0,0,0,0
8,8,8,6,1,7,7,0,0,0,0,1
8,8,8,4,1,7,7,4,-1,-1,2,-1
8,8,8,4,1,7,0,1,1,1,1,1
8,8,8,3,1,7,7,1,1,1,1,1
8,8,0,2,1,7,7,0,0,0,0,0
34,14,0,2,1,0,1,1,0,0,0,0
14,0,0,1,0,7,7,1,0,0,0,0
6,3,3,7,1,7,7,0,1,1,1,1
6,3,3,5,1,7,7,0,1,1,1,1
6,3,3,3,1,7,7,0,1,1,1,1
6,0,0,1,1,7,7,1,1,1,1,1
2,1,1,3,1,7,7,0,1,1,1,1
1,0,0,1,1,7,7,2,2,2,-1,-1
6,3,2,7,1,7,7,0,1,1,1,1
6,2,1,5,1,7,7,0,1,1,1,1
6,1,1,3,1,7,7,2,2,2,-1,-1
6,1,0,2,0,7,7,0,1,1,0,2
1,1,1,4,1,7,7,0,1,1,1,1
1,1,0,2,1,7,7,0,1,1,1,1
4,2,2,3,1,7,7,0,1,1,1,1
2,0,0,1,1,7,7,2,2,2,-1,-1
6,6,6,8,1,0,1,0,1,1,1,1
6,6,6,6,1,7,7,4,-1,-1,0,-1
6,6,6,6,1,7,0,2,1,1,-1,-1
6,6,6,5,0,7,7,3,-1,-1,1,1
6,6,6,4,1,7,7,4,-1,-1,0,-1
6,6,6,4,1,7,0,2,1,1,-1,-1
6,6,6,3,0,7,7,3,-1,-1,1,2
6,6,0,2,0,7,7,4,2,-1,-1,-1
6,6,0,2,0,0,7,0,1,1,1,1
12,0,0,1,1,7,7,1,1,1,1,1
13,3,0,2,1,0,1,1,0,0,1,1
3,0,0,1,0,7,7,3,-1,-1,1,1
49,3,3,6,1,0,7,2,1,1,-1,-1
49,3,3,5,0,7,7,3,-1,-1,1,0
49,3,3,4,0,7,7,2,1,1,-1,-1
49,3,3,3,0,7,7,3,-1,-1,1,1
49,3,0,2,0,7,7,1,0,0,0,0
3,0,0,1,0,7,7,2,1,1,-1,-1
16,12,12,5,1,7,7,1,0,0,0,1
12,12,12,4,1,7,7,4,-1,-1,2,-1
12,12,12,4,1,7,0,1,1,1,1,1
12,12,12,3,1,7,7,4,-1,-1,0,-1
12,12,12,3,1,7,0,2,0,0,-1,-1
12,12,0,2,0,7,7,3,-1,-1,0,2
12,0,0,1,0,7,7,1,1,1,1,1
6,2,1,6,1,0,7,0,1,1,1,1
6,1,1,4,1,7,7,2,2,2,-1,-1
6,1,1,3,0,7,7,3,-1,-1,2,2
6,1,0,2,0,7,7,2,2,2,-1,-1
6,0,0,1,0,7,7,1,1,1,1,1
32,0,0,1,1,0,7,1,0,0,0,0
18,2,2,4,1,7,7,2,2,2,-1,-1
18,2,2,3,0,7,7,3,-1,-1,2,1
18,2,0,2,0,7,7,1,0,0,0,0
2,0,0,1,0,7,7,2,2,2,-1,-1
2,2,2,8,1,0,1,0,2,1,2,1
2,2,2,6,1,7,7,0,1,1,1,1
2,2,2,4,1,7,7,0,1,1,1,1
2,2,0,2,1,7,7,0,1,1,1,1
16,7,4,5,1,7,7,2,2,1,-1,-1
16,7,4,4,0,7,7,3,-1,-1,1,1
16,7,3,3,0,7,7,2,1,1,-1,-1
16,7,0,2,0,7,7,1,0,0,0,0
7,0,0,1,1,7,7,1,1,1,1,1
17,7,0,2,1,7,7,1,0,0,0,0
7,0,0,1,0,7,7,1,1,1,1,1
20,5,3,7,1,7,7,0,1,1,1,1
20,5,1,5,1,7,7,2,2,2,-1,-1
20,5,1,4,0,7,7,3,-1,-1,2,2
20,5,1,3,0,7,7,1,0,0,0,1
5,1,0,2,1,7,7,4,-1,-1,2,-1
5,1,0,2,1,7,0,0,0,2,1,1
7,5,5,6,1,7,7,0,1,1,1,1
7,5,5,4,1,7,7,4,-1,-1,0,-1
7,5,5,4,1,7,0,2,1,1,-1,-1
7,5,5,3,0,7,0,3,-1,-1,1,2
7,5,0,2,0,7,7,4,2,-1,-1,-1
7,5,0,2,0,0,7,0,0,0,0,0
2,2,2,4,1,0,1,0,2,1,2,1
2,2,0,2,1,7,7,0,1,1,1,1
9,3,2,5,1,7,7,2,2,2,-1,-1
9,3,1,4,0,7,7,3,-1,-1,2,1
9,3,1,3,0,7,7,2,1,1,-1,-1
9,1,0,2,0,7,7,3,-1,-1,1,2
9,0,0,1,0,7,7,1,1,0,1,1
1,1,1,8,1,0,1,0,2,1,2,1
1,1,1,6,1,7,7,0,1,1,1,1
1,1,1,4,1,7,7,0,1,1,1,1
1,1,0,2,1,7,7,0,1,1,1,1
11,1,1,6,1,7,7,0,1,1,1,1
11,1,1,4,1,7,7,2,2,2,-1,-1
11,1,1,3,0,7,7,3,-1,-1,2,2
11,1,0,2,0,7,7,1,1,1,1,1
1,0,0,1,1,7,7,2,2,2,-1,-1
21,6,3,5,1,7,7,2,2,1,-1,-1
21,6,1,4,0,7,7,3,-1,-1,2,1
21,6,1,3,1,7,7,2,2,2,-1,-1
21,6,0,2,0,7,7,1,0,0,0,0
6,0,0,1,0,7,7,1,1,1,1,1
20,14,14,3,1,0,7,1,0,0,0,1
14,14,0,2,1,7,7,4,-1,-1,2,-1
14,14,0,2,1,7,0,0,0,0,0,0
11,11,11,6,1,7,7,0,1,0,1,1
11,11,11,4,0,7,7,4,-1,-1,2,-1
11,11,11,4,0,7,0,1,1,1,1,1
11,11,5,3,1,7,7,4,-1,-1,0,-1
11,11,5,3,1,7,0,2,1,1,-1,-1
11,11,0,2,0,7,0,0,0,0,0,0
32,0,0,1,1,7,7,1,0,0,0,0
1,1,1,4,1,7,7,0,1,1,1,1
1,1,0,2,1,7,7,0,1,1,1,1
8,1,1,5,1,7,7,0,1,1,1,1
8,1,1,3,1,7,7,2,2,2,-1,-1
8,1,0,2,0,7,7,1,1,1,1,1
1,0,0,1,1,7,7,2,2,2,-1,-1
32,16,16,3,1,7,7,1,0,0,0,0
16,16,0,2,1,7,7,4,0,-1,-1,-1
16,16,0,2,1,0,7,0,0,0,0,0
46,6,6,4,1,7,7,1,0,0,0,0
6,6,6,3,1,7,7,4,0,-1,-1,-1
6,6,6,3,1,0,7,4,-1,-1,0,-1
6,6,6,3,1,0,0,1,2,2,1,1
6,6,0,2,0,7,7,2,1,1,-1,-1
6,0,0,1,0,7,7,3,-1,-1,1,1
3,2,1,5,1,7,7,0,1,1,1,1
1,1,1,3,1,7,7,0,1,1,1,1
1,0,0,1,1,7,7,2,2,2,-1,-1
8,4,0,2,1,7,7,0,0,0,0,0
8,8,8,8,1,7,7,2,1,1,-1,-1
8,8,8,7,0,7,7,3,-1,-1,1,1
8,8,8,6,1,7,7,2,1,1,-1,-1
8,8,8,5,0,7,7,3,-1,-1,1,1
8,8,8,4,1,7,7,0,0,0,0,1
8,8,0,2,1,7,7,4,-1,-1,2,-1
8,8,0,2,1,7,0,0,0,0,0,0
4,2,2,6,1,7,7,0,1,1,1,1
2,2,1,4,1,7,7,0,1,1,1,1
1,1,0,2,1,7,7,0,1,1,1,1
5,1,1,8,1,7,7,0,1,1,1,1
5,1,1,6,1,7,7,0,1,1,1,1
5,1,1,4,1,7,7,0,1,1,1,1
5,1,0,2,1,7,7,0,1,1,0,2
32,0,0,1,1,0,7,1,0,0,0,0
16,0,0,1,1,0,7,1,0,0,0,0
14,10,10,6,1,7,7,0,0,0,0,1
14,10,10,4,1,7,7,4,-1,-1,2,-1
14,10,10,4,1,7,0,1,0,0,0,1
10,10,10,3,1,7,7,4,-1,-1,2,-1
10,10,10,3,1,7,0,1,1,0,1,2
10,10,0,2,0,7,7,4,-1,-1,2,-1
10,10,0,2,0,7,0,0,0,0,0,0
1,1,1,4,1,7,7,0,1,1,1,1
1,1,0,2,1,7,7,0,1,1,1,1
24,0,0,1,1,7,7,1,0,0,0,0
30,18,0,2,1,7,7,1,0,0,0,0
18,0,0,1,0,7,7,1,0,0,0,0
1,1,1,8,1,7,7,0,1,1,1,1
1,1,1,6,1,7,7,0,1,1,1,1
1,1,1,4,1,7,7,0,1,1,1,1
1,1,0,2,1,7,7,0,1,1,1,1
4,4,4,3,1,7,7,0,1,1,1,1
4,0,0,1,1,7,7,1,1,1,1,1
5,1,1,4,1,7,7,2,2,2,-1,-1
5,1,1,3,0,7,7,3,-1,-1,2,2
5,1,0,2,0,7,7,2,2,2,-1,-1
5,0,0,1,0,7,7,1,1,1,1,1
5,3,0,2,1,0,7,0,1,1,1,0
4,0,0,1,1,7,7,1,1,1,1,1
9,1,1,8,1,7,7,0,1,1,1,1
9,1,1,6,1,7,7,0,1,1,1,1
9,1,1,4,1,7,7,2,2,2,-1,-1
9,1,1,3,0,7,7,3,-1,-1,2,2
9,1,0,2,0,7,7,1,1,1,1,2
1,0,0,1,0,7,7,2,2,2,-1,-1
43,10,5,6,1,7,7,2,2,1,-1,-1
43,10,5,5,0,7,7,3,-1,-1,2,1
43,10,5,4,1,7,7,2,2,2,-1,-1
43,10,5,3,0,7,7,1,0,0,0,0
10,5,0,2,1,7,7,4,0,-1,-1,-1
10,5,0,2,1,0,7,0,0,0,0,0
8,4,4,5,1,0,7,0,1,1,1,1
8,4,4,3,1,7,7,0,1,1,1,1
8,0,0,1,1,7,7,1,1,1,1,1
6,6,2,4,1,7,7,0,1,1,1,1
6,6,0,2,1,7,7,0,1,1,1,1
14,4,2,7,1,7,7,0,1,1,1,1
14,1,1,5,1,7,7,2,2,2,-1,-1
14,1,1,4,0,7,7,3,-1,-1,2,2
14,1,1,3,0,7,7,2,2,1,-1,-1
14,1,0,2,0,7,7,1,0,0,1,0
1,0,0,1,0,7,7,3,-1,-1,2,2
8,8,4,4,1,7,7,2,2,2,-1,-1
8,8,4,3,0,7,7,3,-1,-1,2,0
8,8,0,2,0,7,7,4,0,-1,-1,-1
8,8,0,2,0,0,7,0,0,0,0,0
2,2,2,4,1,0,7,0,2,1,2,1
2,2,0,2,1,7,7,0,1,1,1,1
36,3,3,5,1,7,7,2,2,1,-1,-1
36,3,3,4,0,7,7,3,-1,-1,1,1
36,3,3,3,0,7,7,2,1,1,-1,-1
36,3,0,2,0,7,7,3,-1,-1,1,1
36,0,0,1,0,7,7,1,0,0,0,0
11,11,5,4,1,7,7,0,1,0,1,1
11,11,0,2,0,7,7,4,-1,-1,2,-1
11,11,0,2,0,7,0,0,0,0,0,0
43,3,3,8,1,7,7,2,1,1,-1,-1
43,3,3,7,0,7,7,3,-1,-1,1,1
43,3,3,6,1,7,7,2,1,1,-1,-1
43,3,3,5,0,7,7,3,-1,-1,1,1
43,3,3,4,1,7,7,2,2,1,-1,-1
43,3,3,3,0,7,7,3,-1,-1,1,1
43,3,0,2,0,7,7,2,1,1,-1,-1
43,0,0,1,0,7,7,1,0,0,0,0
24,0,0,1,1,7,7,1,0,0,0,0
46,18,0,2,1,7,7,1,0,0,0,0
18,0,0,1,0,7,7,1,0,0,0,0
8,4,0,2,1,7,7,0,0,0,0,0
16,0,0,1,1,7,7,1,0,0,0,0
48,0,0,1,1,7,7,1,0,0,0,0
8,0,0,1,1,7,7,1,1,1,1,1
6,6,2,4,1,0,7,0,1,1,1,1
6,6,0,2,1,7,7,0,1,1,1,1
6,2,1,6,1,7,7,0,1,1,1,1
6,1,1,4,1,7,7,2,2,2,-1,-1
6,1,1,3,0,7,7,3,-1,-1,2,2
6,1,0,2,0,7,7,2,2,2,-1,-1
6,0,0,1,0,7,7,1,1,1,1,1
18,11,8,5,1,7,7,0,1,0,1,1
18,11,8,3,0,7,7,4,-1,-1,2,-1
18,11,8,3,0,7,0,1,0,0,0,1
11,8,0,2,0,7,7,4,-1,-1,2,-1
11,8,0,2,0,7,0,1,1,1,1,1
8,0,0,1,1,7,7,1,1,1,1,1
9,3,1,6,1,7,7,0,1,1,1,1
9,1,1,4,1,7,7,2,2,2,-1,-1
9,1,1,3,0,7,7,3,-1,-1,2,2
9,1,0,2,0,7,7,1,1,1,1,2
1,0,0,1,0,7,7,2,2,2,-1,-1
30,6,6,4,1,0,7,1,0,0,0,0
6,6,6,3,1,7,7,4,0,-1,-1,-1
6,6,6,3,1,0,7,4,-1,-1,0,-1
6,6,6,3,1,0,0,1,2,2,1,1
6,6,0,2,0,7,7,2,1,1,-1,-1
6,0,0,1,0,7,7,3,-1,-1,1,1
24,0,0,1,1,7,7,1,0,0,0,0
12,0,0,1,1,7,7,1,1,1,1,1
4,1,1,5,1,7,7,0,1,1,1,1
1,1,1,3,1,7,7,0,1,1,1,1
1,0,0,1,1,7,7,2,2,2,-1,-1
4,4,2,6,1,7,7,0,1,1,1,1
2,2,2,4,1,7,7,0,1,1,1,1
2,2,0,2,1,7,7,0,1,1,1,1
24,8,8,4,1,7,7,1,0,1,0,1
8,8,8,3,1,7,7,4,0,-1,-1,-1
8,8,8,3,1,0,7,4,-1,-1,0,-1
8,8,8,3,1,0,0,1,1,1,1,0
8,8,0,2,0,7,7,2,0,0,-1,-1
8,0,0,1,0,7,7,3,-1,-1,0,0
17,9,6,8,1,7,7,0,1,1,1,1
17,9,6,6,1,7,7,2,2,1,-1,-1
17,9,6,5,0,7,7,3,-1,-1,1,1
17,9,6,4,0,7,7,2,1,1,-1,-1
17,9,3,3,0,7,7,3,-1,-1,1,0
17,9,0,2,0,7,7,4,0,-1,-1,-1
17,9,0,2,0,0,7,1,0,0,0,0
9,0,0,1,0,7,7,1,1,0,1,1
11,11,11,6,1,7,7,0,1,0,1,1
11,11,11,4,0,7,7,4,-1,-1,2,-1
11,11,11,4,0,7,0,1,1,1,1,1
11,11,5,3,1,7,7,4,-1,-1,0,-1
11,11,5,3,1,7,0,2,1,1,-1,-1
11,11,0,2,0,7,0,0,0,0,0,0
2,2,0,2,1,0,7,0,2,1,2,1
11,1,1,6,1,7,7,0,1,1,1,1
11,1,1,4,1,7,7,2,2,2,-1,-1
11,1,1,3,0,7,7,3,-1,-1,2,2
11,1,0,2,0,7,7,1,1,1,1,1
1,0,0,1,1,7,7,2,2,2,-1,-1
8,0,0,1,1,7,7,1,1,1,1,1
10,8,2,5,1,7,7,2,2,2,-1,-1
10,8,2,4,0,7,7,3,-1,-1,2,1
10,8,2,3,0,7,7,1,1,0,1,1
8,2,0,2,0,7,7,2,2,2,-1,-1
8,0,0,1,0,7,7,1,1,1,1,1
12,0,0,1,1,7,7,1,1,1,1,1
64,0,0,1,1,7,7,1,0,0,0,0
1,1,1,8,1,7,7,0,1,1,1,1
1,1,1,6,1,7,7,0,1,1,1,1
1,1,1,4,1,7,7,0,1,1,1,1
1,1,0,2,1,7,7,0,1,1,1,1
20,3,3,5,1,7,7,2,2,1,-1,-1
20,3,3,4,0,7,7,3,-1,-1,1,1
20,3,3,3,0,7,7,2,1,1,-1,-1
20,3,0,2,0,7,7,3,-1,-1,1,1
20,0,0,1,0,7,7,1,0,0,0,0
8,0,0,1,1,7,7,1,1,1,1,1
2,1,1,3,1,7,7,0,1,1,1,1
1,0,0,1,1,7,7,2,2,2,-1,-1
24,20,20,3,1,7,7,1,0,0,0,0
20,20,0,2,1,7,7,4,2,-1,-1,-1
20,20,0,2,1,0,7,0,0,0,0,0
46,9,9,3,1,0,7,1,0,0,0,0
9,9,0,2,0,7,7,4,0,-1,-1,-1
9,9,0,2,0,0,7,0,0,0,0,0
16,16,0,2,1,7,7,0,0,0,0,0
4,0,0,1,1,7,7,1,1,1,1,1
2,2,0,2,1,7,7,0,1,1,1,1
26,9,5,7,1,7,7,2,2,2,-1,-1
26,9,5,6,0,7,7,3,-1,-1,2,1
26,9,5,5,0,7,7,2,1,1,-1,-1
26,9,5,4,0,7,7,3,-1,-1,1,1
26,9,5,3,0,7,7,2,1,1,-1,-1
26,9,0,2,0,7,7,3,-1,-1,0,0
26,0,0,1,0,7,7,1,0,0,0,0
3,2,2,8,1,7,7,0,1,1,1,1
2,1,1,6,1,7,7,0,1,1,1,1
1,1,1,4,1,7,7,0,1,1,1,1
1,1,0,2,1,7,7,0,1,1,1,1
19,1,1,6,1,7,7,2,2,2,-1,-1
19,1,1,5,0,7,7,3,-1,-1,2,2
19,1,1,4,0,7,7,2,2,2,-1,-1
19,1,1,3,0,7,7,3,-1,-1,2,2
19,1,0,2,0,7,7,1,0,0,0,0
1,0,0,1,1,7,7,2,2,2,-1,-1
32,0,0,1,1,0,7,1,0,0,0,0
6,1,1,3,1,7,7,0,1,1,1,2
1,0,0,1,0,7,7,3,-1,-1,1,2
8,4,4,5,1,7,7,0,1,1,1,1
8,4,4,3,1,7,7,0,1,1,1,1
8,0,0,1,1,7,7,1,1,1,1,1
11,11,5,4,1,0,7,0,1,0,1,1
11,11,0,2,0,7,7,4,-1,-1,2,-1
11,11,0,2,0,7,0,0,0,0,0,0
40,15,9,3,1,7,7,1,0,0,0,0
15,9,0,2,1,7,7,4,0,-1,-1,-1
15,9,0,2,1,0,7,1,0,0,0,0
9,0,0,1,1,7,7,1,1,0,1,1
10,7,7,7,1,0,1,2,2,2,-1,-1
10,7,7,6,0,7,1,3,-1,-1,2,2
10,7,7,5,0,7,7,2,2,2,-1,-1
10,7,7,4,0,7,7,1,1,1,1,2
7,7,2,3,0,7,7,2,2,2,-1,-1
7,7,0,2,0,7,7,0,0,0,0,0
11,11,11,6,1,7,7,0,1,0,1,1
11,11,11,4,0,7,7,4,-1,-1,2,-1
11,11,11,4,0,7,0,1,1,1,1,1
11,11,5,3,1,7,7,4,-1,-1,0,-1
11,11,5,3,1,7,0,2,1,1,-1,-1
11,11,0,2,0,7,0,0,0,0,0,0
36,4,4,8,1,0,7,0,1,1,1,1
36,4,4,6,1,7,7,2,1,1,-1,-1
36,4,4,5,0,7,7,3,-1,-1,1,0
36,4,4,4,0,7,7,2,1,1,-1,-1
36,4,4,3,0,7,7,3,-1,-1,1,1
36,4,0,2,0,7,7,2,1,1,-1,-1
36,0,0,1,0,7,7,1,0,0,0,0
1,1,1,4,1,0,7,0,2,1,2,1
1,1,0,2,1,7,7,0,1,1,1,1
16,16,0,2,1,7,7,0,0,0,0,0
6,2,1,6,1,7,7,0,1,1,1,1
6,1,1,4,1,7,7,2,2,2,-1,-1
6,1,1,3,0,7,7,3,-1,-1,2,2
6,1,0,2,0,7,7,2,2,2,-1,-1
6,0,0,1,0,7,7,1,1,1,1,1
30,9,4,5,1,7,7,2,2,1,-1,-1
30,9,4,4,0,7,7,3,-1,-1,1,1
30,9,3,3,0,7,7,2,1,1,-1,-1
30,9,0,2,0,7,7,1,0,0,0,0
9,0,0,1,0,7,7,1,1,0,1,1
2,1,1,3,1,7,7,0,1,1,1,1
1,0,0,1,1,7,7,2,2,2,-1,-1
36,4,4,4,1,7,7,2,2,1,-1,-1
36,4,4,3,0,7,7,3,-1,-1,1,1
36,4,0,2,0,7,7,2,1,1,-1,-1
36,0,0,1,0,7,7,1,0,0,0,0
32,0,0,1,1,7,7,1,0,0,0,0
32,0,0,1,1,7,7,1,0,0,0,0
7,3,2,3,1,7,7,0,1,1,1,1
7,0,0,1,1,7,7,1,1,1,1,1
3,1,0,2,1,7,7,0,1,1,1,1
34,7,7,3,1,0,7,1,0,0,0,0
7,7,0,2,0,7,7,4,0,-1,-1,-1
7,7,0,2,0,0,7,0,0,0,0,0
22,10,0,2,1,7,7,1,0,0,0,0
10,0,0,1,1,7,7,1,1,0,1,1
36,7,7,5,1,7,7,1,0,0,0,0
7,7,7,4,1,7,7,4,0,-1,-1,-1
7,7,7,4,1,0,7,4,-1,-1,0,-1
7,7,7,4,1,0,0,1,1,1,1,0
7,7,7,3,0,7,7,2,0,0,-1,-1
7,7,0,2,0,7,7,3,-1,-1,0,0
7,0,0,1,0,7,7,1,1,1,1,1
6,1,1,3,1,7,7,0,1,1,1,2
1,0,0,1,0,7,7,3,-1,-1,1,2
9,3,1,6,1,7,7,0,1,1,1,1
9,1,1,4,1,7,7,2,2,2,-1,-1
9,1,1,3,0,7,7,3,-1,-1,2,2
9,1,0,2,0,7,7,1,1,1,1,2
1,0,0,1,0,7,7,2,2,2,-1,-1
17,7,0,2,1,7,7,1,0,0,0,0
7,0,0,1,0,7,7,1,1,1,1,1
12,10,10,3,1,0,7,1,1,1,1,1
10,10,0,2,1,7,7,4,-1,-1,0,-1
10,10,0,2,1,7,0,2,0,0,-1,-1
10,0,0,1,0,7,7,3,-1,-1,0,2
8,0,0,1,1,7,7,1,1,1,1,1
1,1,1,8,1,0,7,0,2,1,2,1
1,1,1,6,1,7,7,0,1,1,1,1
1,1,1,4,1,7,7,0,1,1,1,1
1,1,0,2,1,7,7,0,1,1,1,1
4,4,0,2,1,0,7,0,1,1,1,1
4,4,4,7,1,7,7,0,1,1,1,1
4,1,1,5,1,7,7,0,1,1,1,1
1,1,1,3,1,7,7,0,1,1,1,1
1,0,0,1,1,7,7,2,2,2,-1,-1
32,0,0,1,1,7,7,1,0,0,0,0
27,21,0,2,1,7,7,1,0,0,0,0
21,0,0,1,1,7,7,1,0,0,0,0
2,1,1,3,1,7,7,0,1,1,1,1
1,0,0,1,1,7,7,2,2,2,-1,-1
14,2,2,6,1,7,7,0,1,1,1,1
14,2,2,4,1,7,7,2,2,2,-1,-1
14,2,2,3,0,7,7,3,-1,-1,2,2
14,2,0,2,0,7,7,1,0,0,1,0
2,0,0,1,0,7,7,3,-1,-1,2,2
8,8,8,3,1,7,7,1,1,1,1,1
8,8,0,2,1,7,7,0,0,0,0,0
5,2,1,7,1,0,1,0,2,1,2,1
5,1,1,5,1,7,7,0,1,1,1,1
5,1,1,3,1,7,7,2,2,2,-1,-1
5,1,0,2,0,7,7,0,1,1,0,2
6,2,1,6,1,7,7,0,1,1,1,1
6,1,1,4,1,7,7,2,2,2,-1,-1
6,1,1,3,0,7,7,3,-1,-1,2,2
6,1,0,2,0,7,7,2,2,2,-1,-1
6,0,0,1,0,7,7,1,1,1,1,1
19,13,0,2,1,0,7,1,0,0,0,0
13,0,0,1,1,7,7,1,0,0,0,0
64,0,0,1,1,0,7,1,0,0,0,0
48,0,0,1,1,0,7,1,0,0,0,0
12,9,9,5,1,7,7,1,1,0,1,1
9,9,9,4,0,7,7,4,-1,-1,2,-1
9,9,9,4,0,7,0,1,1,0,1,2
9,9,9,3,0,7,7,4,-1,-1,2,-1
9,9,9,3,0,7,0,1,1,0,1,2
9,9,0,2,0,7,7,4,-1,-1,2,-1
9,9,0,2,0,7,0,0,0,0,0,0
5,4,1,5,1,7,7,0,1,1,1,1
5,1,1,3,1,7,7,2,2,2,-1,-1
5,1,0,2,0,7,7,0,1,1,0,2
17,3,3,6,1,7,7,0,1,1,1,1
17,3,3,4,1,7,7,2,2,1,-1,-1
17,3,3,3,0,7,7,3,-1,-1,1,1
17,3,0,2,0,7,7,1,0,0,0,0
3,0,0,1,0,7,7,2,1,1,-1,-1
64,0,0,1,1,7,7,1,0,0,0,0
34,14,0,2,1,0,7,1,0,0,0,0
14,0,0,1,0,7,7,1,0,0,0,0
1,1,1,4,1,7,7,0,1,1,1,1
1,1,0,2,1,7,7,0,1,1,1,1
24,24,0,2,1,7,7,0,0,0,0,0
4,4,2,6,1,7,7,0,1,1,1,1
2,2,2,4,1,7,7,0,1,1,1,1
2,2,0,2,1,7,7,0,1,1,1,1
24,0,0,1,1,0,7,1,0,0,0,0
8,0,0,1,1,0,7,1,1,1,1,1
10,8,2,5,1,7,7,2,2,2,-1,-1
10,8,2,4,0,7,7,3,-1,-1,2,1
10,8,2,3,0,7,7,1,1,0,1,1
8,2,0,2,0,7,7,2,2,2,-1,-1
8,0,0,1,0,7,7,1,1,1,1,1
27,11,6,4,1,7,7,0,1,1,1,2
27,11,0,2,0,7,7,4,-1,-1,0,-1
27,11,0,2,0,7,0,1,0,0,0,0
11,0,0,1,1,7,7,1,1,1,1,1
5,1,1,4,1,0,7,2,2,2,-1,-1
5,1,1,3,0,7,7,3,-1,-1,2,2
5,1,0,2,0,7,7,2,2,2,-1,-1
5,0,0,1,0,7,7,1,1,1,1,1
5,3,0,2,1,7,7,0,1,1,1,0
6,6,2,4,1,7,7,0,1,1,1,1
6,6,0,2,1,7,7,0,1,1,1,1
6,3,2,4,1,7,7,2,2,1,-1,-1
6,3,1,3,0,7,7,3,-1,-1,1,1
6,1,0,2,0,7,7,2,1,1,-1,-1
1,0,0,1,0,7,7,3,-1,-1,1,2
1,1,1,8,1,0,7,0,2,1,2,1
1,1,1,6,1,7,7,0,1,1,1,1
1,1,1,4,1,7,7,0,1,1,1,1
1,1,0,2,1,7,7,0,1,1,1,1
5,1,1,8,1,0,7,0,1,1,1,1
5,1,1,6,1,7,7,0,1,1,1,1
5,1,1,4,1,7,7,0,1,1,1,1
5,1,0,2,1,7,7,0,1,1,0,2
3,3,3,8,1,7,7,0,1,1,1,1
3,3,1,6,1,7,7,0,1,1,1,1
1,1,1,4,1,7,7,0,1,1,1,1
1,1,0,2,1,7,7,0,1,1,1,1
5,1,1,4,1,7,7,2,2,2,-1,-1
5,1,1,3,0,7,7,3,-1,-1,2,2
5,1,0,2,0,7,7,2,2,2,-1,-1
5,0,0,1,0,7,7,1,1,1,1,1
8,2,2,3,1,7,7,0,1,1,1,1
8,0,0,1,1,7,7,1,1,1,1,1
8,8,4,4,1,7,7,2,2,2,-1,-1
8,8,4,3,0,7,7,3,-1,-1,2,0
8,8,0,2,0,7,7,4,0,-1,-1,-1
8,8,0,2,0,0,7,0,0,0,0,0
43,21,0,2,1,7,7,1,0,0,0,0
21,0,0,1,1,7,7,1,0,0,0,0
8,0,0,1,1,7,7,1,1,1,1,1
32,0,0,1,1,7,7,1,0,0,0,0
8,8,8,3,1,7,7,1,1,1,1,1
8,8,0,2,1,7,7,0,0,0,0,0
4,0,0,1,1,7,7,1,1,1,1,1
5,1,1,4,1,7,7,2,2,2,-1,-1
5,1,1,3,0,7,7,3,-1,-1,2,2
5,1,0,2,0,7,7,2,2,2,-1,-1
5,0,0,1,0,7,7,1,1,1,1,1
4,0,0,1,1,7,7,1,1,1,1,1
48,11,5,3,1,7,7,1,0,0,0,0
11,5,0,2,1,7,7,4,0,-1,-1,-1
11,5,0,2,1,0,7,1,1,1,1,1
5,0,0,1,1,7,7,1,1,1,1,1
8,4,2,4,1,7,7,0,1,1,1,1
8,2,0,2,1,7,7,1,1,1,1,1
2,0,0,1,1,7,7,2,2,2,-1,-1
34,7,7,3,1,7,7,1,0,0,0,0
7,7,0,2,0,7,7,4,0,-1,-1,-1
7,7,0,2,0,0,7,0,0,0,0,0
26,3,3,3,1,0,1,1,0,0,0,0
3,3,0,2,1,7,7,0,1,1,1,1
12,7,5,5,1,0,1,0,1,1,1,1
12,7,4,3,0,7,7,3,-1,-1,1,1
12,7,0,2,0,7,7,4,0,-1,-1,-1
12,7,0,2,0,0,7,1,1,1,1,1
7,0,0,1,1,7,7,1,1,1,1,1
4,0,0,1,1,7,7,1,1,1,1,1
4,2,2,5,1,0,1,0,2,1,2,1
4,2,2,3,1,7,7,0,1,1,1,1
2,0,0,1,1,7,7,2,2,2,-1,-1
14,2,2,6,1,7,7,0,1,1,1,1
14,2,2,4,1,7,7,2,2,2,-1,-1
14,2,2,3,0,7,7,3,-1,-1,2,2
14,2,0,2,0,7,7,1,0,0,1,0
2,0,0,1,0,7,7,3,-1,-1,2,2
8,4,0,2,1,7,7,0,0,0,0,0
32,0,0,1,1,7,7,1,0,0,0,0
18,1,1,7,1,7,7,0,1,1,1,1
18,1,1,5,1,7,7,2,2,2,-1,-1
18,1,1,4,0,7,7,3,-1,-1,2,2
18,1,1,3,0,7,7,2,2,2,-1,-1
18,1,0,2,0,7,7,1,0,0,0,0
1,0,0,1,0,7,7,2,2,2,-1,-1
8,4,0,2,1,7,7,0,0,0,0,0
16,4,1,6,1,7,7,0,1,1,1,1
16,1,1,4,1,7,7,2,2,2,-1,-1
16,1,1,3,0,7,7,3,-1,-1,2,2
16,1,0,2,0,7,7,1,0,0,0,0
1,0,0,1,1,7,7,2,2,2,-1,-1
41,15,8,3,1,7,7,1,0,0,0,0
15,8,0,2,0,7,7,4,-1,-1,0,-1
15,8,0,2,0,7,0,1,0,0,0,0
8,0,0,1,1,7,7,1,1,1,1,1
2,1,1,3,1,7,7,0,1,1,1,1
1,0,0,1,1,7,7,2,2,2,-1,-1
1,1,1,8,1,0,7,0,2,1,2,1
1,1,1,6,1,7,7,0,1,1,1,1
1,1,1,4,1,7,7,0,1,1,1,1
1,1,0,2,1,7,7,0,1,1,1,1
24,0,0,1,1,0,7,1,0,0,0,0
3,2,1,5,1,7,7,0,1,1,1,1
1,1,1,3,1,7,7,0,1,1,1,1
1,0,0,1,1,7,7,2,2,2,-1,-1
17,7,0,2,1,7,7,1,0,0,0,0
7,0,0,1,0,7,7,1,1,1,1,1
20,6,6,3,1,0,7,1,0,0,0,1
6,6,0,2,1,7,7,4,-1,-1,2,-1
6,6,0,2,1,7,0,0,1,1,1,1
11,11,11,6,1,7,7,0,1,0,1,1
11,11,11,4,0,7,7,4,-1,-1,2,-1
11,11,11,4,0,7,0,1,1,1,1,1
11,11,5,3,1,7,7,4,-1,-1,0,-1
11,11,5,3,1,7,0,2,1,1,-1,-1
11,11,0,2,0,7,0,0,0,0,0,0
24,0,0,1,1,0,7,1,0,0,0,0
8,8,8,3,1,7,7,1,1,1,1,1
8,8,0,2,1,7,7,0,0,0,0,0
26,9,5,8,1,7,7,2,2,2,-1,-1
26,9,5,7,0,7,7,3,-1,-1,2,2
26,9,5,6,0,7,7,2,2,2,-1,-1
26,9,5,5,0,7,7,3,-1,-1,1,2
26,9,5,4,0,7,7,2,1,1,-1,-1
26,9,3,3,0,7,7,3,-1,-1,1,1
26,9,0,2,0,7,7,1,0,0,0,0
9,0,0,1,1,7,7,1,1,0,1,1
11,11,11,8,1,7,7,2,1,1,-1,-1
11,11,11,7,0,7,7,3,-1,-1,1,1
11,11,11,6,1,7,7,4,-1,-1,0,-1
11,11,11,6,1,7,0,2,1,1,-1,-1
11,11,11,5,0,7,0,3,-1,-1,1,0
11,11,11,4,0,7,7,4,2,-1,-1,-1
11,11,11,4,0,0,7,1,1,1,1,1
11,11,11,3,1,7,7,4,-1,-1,0,-1
11,11,11,3,1,7,0,2,0,0,-1,-1
11,11,0,2,0,7,7,3,-1,-1,0,2
11,0,0,1,0,7,7,1,1,1,1,1
64,0,0,1,1,7,7,1,0,0,0,0
4,2,2,5,1,7,7,0,1,1,1,1
2,2,2,3,1,7,7,0,1,1,1,1
2,0,0,1,1,7,7,2,2,2,-1,-1
7,4,3,4,1,7,7,0,1,1,1,1
7,2,0,2,1,7,7,1,1,1,1,1
2,0,0,1,1,7,7,2,2,2,-1,-1
9,2,1,3,1,0,7,1,1,1,1,2
2,1,0,2,0,7,7,2,2,2,-1,-1
1,0,0,1,0,7,7,3,-1,-1,2,2
1,1,1,4,1,0,7,0,2,1,2,1
1,1,0,2,1,7,7,0,1,1,1,1
2,2,2,8,1,7,7,0,1,1,1,1
2,2,2,6,1,7,7,0,1,1,1,1
2,2,2,4,1,7,7,0,1,1,1,1
2,2,0,2,1,7,7,0,1,1,1,1
13,2,1,3,1,0,1,0,2,1,2,1
13,0,0,1,1,7,7,1,0,0,0,0
16,0,0,1,1,7,7,1,0,0,0,0
2,1,1,3,1,7,7,0,1,1,1,1
1,0,0,1,1,7,7,2,2,2,-1,-1
47,9,4,6,1,7,7,2,2,1,-1,-1
47,9,2,5,0,7,7,3,-1,-1,2,1
47,9,1,4,1,7,7,2,2,2,-1,-1
47,9,1,3,0,7,7,3,-1,-1,2,2
47,9,0,2,0,7,7,1,0,0,0,0
9,0,0,1,1,7,7,1,1,0,1,1
16,0,0,1,1,7,7,1,0,0,0,0
8,0,0,1,1,7,7,1,1,1,1,1
6,2,0,2,1,7,7,0,1,1,0,2
1,1,1,8,1,7,7,0,1,1,1,1
1,1,1,6,1,7,7,0,1,1,1,1
1,1,1,4,1,7,7,0,1,1,1,1
1,1,0,2,1,7,7,0,1,1,1,1
12,0,0,1,1,7,7,1,1,1,1,1
8,3,2,5,1,0,7,0,1,1,1,1
8,2,1,3,1,7,7,2,2,2,-1,-1
8,1,0,2,0,7,7,1,1,1,1,1
1,0,0,1,1,7,7,2,2,2,-1,-1
30,17,17,3,1,7,7,1,0,0,0,0
17,17,0,2,0,7,7,4,0,-1,-1,-1
17,17,0,2,0,0,7,0,0,0,0,0
13,7,4,3,1,7,7,1,0,1,0,1
7,4,0,2,0,7,7,4,-1,-1,0,-1
7,4,0,2,0,7,0,2,1,1,-1,-1
7,0,0,1,0,7,0,1,1,1,1,1
1,1,1,8,1,7,7,0,1,1,1,1
1,1,1,6,1,7,7,0,1,1,1,1
1,1,1,4,1,7,7,0,1,1,1,1
1,1,0,2,1,7,7,0,1,1,1,1
6,6,6,4,1,0,7,0,1,1,1,1
6,6,0,2,1,7,7,4,-1,-1,2,-1
6,6,0,2,1,7,0,2,1,1,-1,-1
6,0,0,1,0,7,7,3,-1,-1,1,0
11,5,3,5,1,7,7,2,2,1,-1,-1
11,5,3,4,0,7,7,3,-1,-1,1,1
11,5,3,3,0,7,7,2,1,1,-1,-1
11,3,0,2,0,7,7,3,-1,-1,1,1
11,0,0,1,0,7,7,1,1,1,1,1
4,2,2,3,1,7,7,0,1,1,1,1
2,0,0,1,1,7,7,2,2,2,-1,-1
64,0,0,1,1,7,7,1,0,0,0,0
5,4,1,5,1,7,7,0,1,1,1,1
5,1,1,3,1,7,7,2,2,2,-1,-1
5,1,0,2,0,7,7,0,1,1,0,2
7,2,1,5,1,7,7,0,1,1,1,1
7,1,1,3,1,7,7,2,2,2,-1,-1
7,1,0,2,0,7,7,1,1,1,1,1
1,0,0,1,1,7,7,2,2,2,-1,-1
46,3,3,7,1,7,7,2,1,1,-1,-1
46,3,3,6,0,7,7,3,-1,-1,1,1
46,3,3,5,1,7,7,2,2,1,-1,-1
46,3,3,4,0,7,7,3,-1,-1,1,1
46,3,3,3,0,7,7,2,1,1,-1,-1
46,3,0,2,0,7,7,3,-1,-1,1,1
46,0,0,1,0,7,7,1,0,0,0,0
3,3,3,4,1,0,1,0,1,1,1,1
3,3,0,2,1,7,7,0,1,1,1,1
23,9,0,2,1,7,7,1,0,0,0,0
9,0,0,1,1,7,7,1,1,0,1,1
4,0,0,1,1,7,7,1,1,1,1,1
21,11,8,8,1,7,7,2,1,1,-1,-1
21,11,8,7,0,7,7,3,-1,-1,1,1
21,11,8,6,0,7,7,2,1,1,-1,-1
21,11,8,5,0,7,7,3,-1,-1,1,1
21,11,8,4,0,7,7,2,1,1,-1,-1
21,11,8,3,0,7,7,4,-1,-1,0,-1
21,11,8,3,0,7,0,1,0,0,0,0
11,8,0,2,0,7,7,4,-1,-1,0,-1
11,8,0,2,0,7,0,1,1,1,1,1
8,0,0,1,1,7,7,1,1,1,1,1
2,1,1,7,1,0,7,0,2,1,2,1
1,1,1,5,1,7,7,0,1,1,1,1
1,1,1,3,1,7,7,0,1,1,1,1
1,0,0,1,1,7,7,2,2,2,-1,-1
8,0,0,1,1,7,7,1,1,1,1,1
11,11,10,7,1,7,7,2,1,1,-1,-1
11,11,10,6,0,7,7,3,-1,-1,1,1
11,11,10,5,1,7,7,2,2,2,-1,-1
11,11,10,4,0,7,7,3,-1,-1,2,0
11,11,10,3,0,7,7,4,0,-1,-1,-1
11,11,10,3,0,0,7,1,1,1,2,1
11,10,0,2,1,7,7,4,-1,-1,2,-1
11,10,0,2,1,7,0,2,0,0,-1,-1
11,0,0,1,0,7,0,3,-1,-1,0,0
18,2,2,4,1,0,7,2,2,2,-1,-1
18,2,2,3,0,7,7,3,-1,-1,2,1
18,2,0,2,0,7,7,1,0,0,0,0
2,0,0,1,0,7,7,2,2,2,-1,-1
24,0,0,1,1,7,7,1,0,0,0,0
19,1,1,6,1,7,7,2,2,2,-1,-1
19,1,1,5,0,7,7,3,-1,-1,2,2
19,1,1,4,0,7,7,2,2,2,-1,-1
19,1,1,3,0,7,7,3,-1,-1,2,2
19,1,0,2,0,7,7,1,0,0,0,0
1,0,0,1,1,7,7,2,2,2,-1,-1
10,2,0,2,1,7,7,1,1,1,1,2
2,0,0,1,0,7,7,2,2,2,-1,-1
48,0,0,1,1,0,7,1,0,0,0,0
16,16,0,2,1,7,7,0,0,0,0,0
8,8,0,2,1,0,7,0,0,0,0,0
2,2,2,8,1,7,7,0,1,1,1,1
2,2,2,6,1,7,7,0,1,1,1,1
2,2,2,4,1,7,7,0,1,1,1,1
2,2,0,2,1,7,7,0,1,1,1,1
52,3,3,5,1,7,7,2,2,1,-1,-1
52,3,3,4,0,7,7,3,-1,-1,1,1
52,3,3,3,0,7,7,2,1,1,-1,-1
52,3,0,2,0,7,7,3,-1,-1,1,1
52,0,0,1,0,7,7,1,0,0,0,0
9,2,1,3,1,0,7,1,1,1,1,2
2,1,0,2,0,7,7,2,2,2,-1,-1
1,0,0,1,0,7,7,3,-1,-1,2,2
13,4,2,8,1,0,7,0,1,1,1,1
13,1,1,6,1,7,7,0,1,1,1,1
13,1,1,4,1,7,7,2,2,2,-1,-1
13,1,1,3,0,7,7,3,-1,-1,2,2
13,1,0,2,0,7,7,1,0,0,1,0
1,0,0,1,0,7,7,3,-1,-1,2,2
15,4,2,6,1,7,7,0,1,1,1,1
15,1,1,4,1,7,7,2,2,2,-1,-1
15,1,1,3,0,7,7,3,-1,-1,2,2
15,1,0,2,0,7,7,1,0,0,0,0
1,0,0,1,1,7,7,2,2,2,-1,-1
36,7,2,6,1,7,7,2,2,2,-1,-1
36,7,1,5,0,7,7,3,-1,-1,2,2
36,7,1,4,0,7,7,2,2,2,-1,-1
36,7,1,3,0,7,7,1,0,0,0,0
7,1,0,2,1,7,7,4,0,-1,-1,-1
7,1,0,2,1,0,7,1,1,1,1,1
1,0,0,1,1,7,7,2,2,2,-1,-1
2,2,2,8,1,7,7,0,1,1,1,1
2,2,2,6,1,7,7,0,1,1,1,1
2,2,2,4,1,7,7,0,1,1,1,1
2,2,0,2,1,7,7,0,1,1,1,1
8,8,8,8,1,7,7,2,1,1,-1,-1
8,8,8,7,0,7,7,3,-1,-1,1,1
8,8,8,6,1,7,7,2,1,1,-1,-1
8,8,8,5,0,7,7,3,-1,-1,1,1
8,8,8,4,1,7,7,0,0,0,0,1
8,8,0,2,1,7,7,4,-1,-1,2,-1
8,8,0,2,1,7,0,0,0,0,0,0
25,9,5,8,1,0,7,2,2,2,-1,-1
25,9,5,7,0,7,7,3,-1,-1,2,2
25,9,5,6,0,7,7,2,2,2,-1,-1
25,9,5,5,0,7,7,3,-1,-1,1,2
25,9,5,4,0,7,7,2,1,1,-1,-1
25,9,3,3,0,7,7,3,-1,-1,1,1
25,9,0,2,0,7,7,1,0,0,0,0
9,0,0,1,0,7,7,1,1,0,1,1
24,0,0,1,1,7,7,1,0,0,0,0
8,1,1,5,1,7,7,0,1,1,1,1
8,1,1,3,1,7,7,2,2,2,-1,-1
8,1,0,2,0,7,7,1,1,1,1,1
1,0,0,1,1,7,7,2,2,2,-1,-1
48,0,0,1,1,7,7,1,0,0,0,0
17,1,1,8,1,7,7,0,1,1,1,1
17,1,1,6,1,7,7,2,2,2,-1,-1
17,1,1,5,0,7,7,3,-1,-1,2,2
17,1,1,4,0,7,7,2,2,1,-1,-1
17,1,1,3,0,7,7,3,-1,-1,1,2
17,1,0,2,0,7,7,1,0,0,0,0
1,0,0,1,0,7,7,2,2,2,-1,-1
2,1,1,7,1,7,7,0,1,1,1,1
1,1,1,5,1,7,7,0,1,1,1,1
1,1,1,3,1,7,7,0,1,1,1,1
1,0,0,1,1,7,7,2,2,2,-1,-1
16,16,16,4,1,0,7,1,0,0,0,1
16,16,16,3,1,7,7,4,-1,-1,2,-1
16,16,16,3,1,7,0,1,0,0,0,1
16,16,0,2,1,7,7,4,-1,-1,2,-1
16,16,0,2,1,7,0,0,0,0,0,0
2,2,1,6,1,7,7,0,1,1,1,1
1,1,1,4,1,7,7,0,1,1,1,1
1,1,0,2,1,7,7,0,1,1,1,1
6,2,0,2,1,7,7,0,1,1,0,2
4,2,2,5,1,7,7,0,1,1,1,1
2,2,2,3,1,7,7,0,1,1,1,1
2,0,0,1,1,7,7,2,2,2,-1,-1
8,8,4,4,1,0,7,2,1,1,-1,-1
8,8,4,3,0,7,7,3,-1,-1,1,2
8,8,0,2,0,7,7,0,0,0,0,0
48,0,0,1,1,7,7,1,0,0,0,0
32,0,0,1,1,7,7,1,0,0,0,0
15,4,2,6,1,7,7,0,1,1,1,1
15,1,1,4,1,7,7,2,2,2,-1,-1
15,1,1,3,0,7,7,3,-1,-1,2,2
15,1,0,2,0,7,7,1,0,0,0,0
1,0,0,1,1,7,7,2,2,2,-1,-1
29,12,7,8,1,7,7,2,2,2,-1,-1
29,12,7,7,0,7,7,3,-1,-1,2,1
29,12,7,6,0,7,7,2,1,1,-1,-1
29,12,7,5,0,7,7,3,-1,-1,1,1
29,12,7,4,0,7,7,2,1,1,-1,-1
29,12,7,3,0,7,7,3,-1,-1,0,0
29,12,0,2,0,7,7,4,0,-1,-1,-1
29,12,0,2,0,0,7,1,0,0,0,0
12,0,0,1,0,7,7,1,1,1,1,1
2,1,1,3,1,0,7,0,2,1,2,1
1,0,0,1,1,7,7,2,2,2,-1,-1
28,5,5,5,1,7,7,0,1,1,1,1
28,5,5,3,1,7,7,4,-1,-1,2,-1
28,5,5,3,1,7,0,2,1,1,-1,-1
28,5,0,2,0,7,0,3,-1,-1,1,0
28,0,0,1,1,7,7,1,0,0,0,0
15,15,14,7,1,0,7,0,1,1,1,1
15,15,14,5,1,7,7,4,-1,-1,0,-1
15,15,14,5,1,7,0,2,1,1,-1,-1
15,15,14,4,0,7,0,3,-1,-1,1,2
15,15,14,3,0,7,7,4,2,-1,-1,-1
15,15,14,3,0,0,7,1,0,0,0,1
15,14,0,2,1,7,7,4,-1,-1,2,-1
15,14,0,2,1,7,0,0,0,0,0,0
8,8,8,4,1,7,7,0,0,0,0,1
8,8,0,2,1,7,7,4,-1,-1,2,-1
8,8,0,2,1,7,0,0,0,0,0,0
4,0,0,1,1,7,7,1,1,1,1,1
6,2,0,2,1,7,7,0,1,1,0,2
4,3,2,5,1,7,7,0,1,1,1,1
2,2,1,3,1,7,7,0,1,1,1,1
1,0,0,1,1,7,7,2,2,2,-1,-1
25,5,2,3,1,7,7,1,0,0,0,0
5,2,0,2,0,7,7,3,-1,-1,2,2
5,0,0,1,1,7,7,1,1,1,1,1
3,3,3,6,1,0,7,0,1,1,2,2
3,3,1,4,0,7,7,3,-1,-1,1,2
3,3,1,3,0,7,7,0,1,1,1,1
1,0,0,1,1,7,7,2,2,2,-1,-1
22,10,0,2,1,0,7,1,0,0,0,0
10,0,0,1,1,7,7,1,1,0,1,1
64,0,0,1,1,7,7,1,0,0,0,0
4,2,2,7,1,7,7,0,1,1,1,1
2,2,2,5,1,7,7,0,1,1,1,1
2,2,2,3,1,7,7,0,1,1,1,1
2,0,0,1,1,7,7,2,2,2,-1,-1
10,8,2,5,1,7,7,2,2,2,-1,-1
10,8,2,4,0,7,7,3,-1,-1,2,1
10,8,2,3,0,7,7,1,1,0,1,1
8,2,0,2,0,7,7,2,2,2,-1,-1
8,0,0,1,0,7,7,1,1,1,1,1
46,9,9,3,1,7,7,1,0,0,0,0
9,9,0,2,0,7,7,4,0,-1,-1,-1
9,9,0,2,0,0,7,0,0,0,0,0
3,1,0,2,1,7,7,0,1,1,1,1
12,2,2,3,1,7,7,1,1,1,1,1
2,2,0,2,1,7,7,0,1,1,1,1
7,1,0,2,1,7,7,1,1,1,1,1
1,0,0,1,1,7,7,2,2,2,-1,-1
64,0,0,1,1,7,7,1,0,0,0,0
64,0,0,1,1,7,7,1,0,0,0,0
16,0,0,1,1,7,7,1,0,0,0,0
20,8,4,3,1,7,7,1,0,0,0,1
8,4,0,2,1,7,7,4,-1,-1,2,-1
8,4,0,2,1,7,0,0,0,0,0,0
4,0,0,1,1,0,7,1,2,1,2,1
24,0,0,1,1,0,7,1,0,0,0,0
2,2,2,4,1,0,1,0,2,1,2,1
2,2,0,2,1,7,7,0,1,1,1,1
8,0,0,1,1,7,7,1,1,1,1,1
64,0,0,1,1,7,7,1,0,0,0,0
8,0,0,1,1,7,7,1,1,1,1,1
6,1,1,3,1,7,7,0,1,1,1,2
1,0,0,1,0,7,7,3,-1,-1,1,2
2,1,1,3,1,7,7,0,1,1,1,1
1,0,0,1,1,7,7,2,2,2,-1,-1
5,3,0,2,1,7,7,0,1,1,1,0
8,0,0,1,1,0,7,1,1,1,1,1
32,32,0,2,1,7,7,0,0,0,0,0
12,12,0,2,1,0,7,0,0,0,0,0
6,3,3,3,1,0,7,0,1,1,1,1
6,0,0,1,1,7,7,1,1,1,1,1
7,1,1,6,1,0,1,0,2,1,2,1
7,1,1,4,1,7,7,2,2,2,-1,-1
7,1,1,3,0,7,7,3,-1,-1,2,2
7,1,0,2,0,7,7,2,2,2,-1,-1
7,0,0,1,0,7,7,1,1,1,1,1
6,6,0,2,1,0,7,0,1,1,1,1
5,2,2,6,1,0,7,0,1,1,1,1
5,1,1,4,1,7,7,2,2,2,-1,-1
5,1,1,3,0,7,7,3,-1,-1,2,2
5,1,0,2,0,7,7,2,2,2,-1,-1
5,0,0,1,0,7,7,1,1,1,1,1
32,0,0,1,1,7,7,1,0,0,0,0
8,4,0,2,1,7,7,0,0,0,0,0
24,0,0,1,1,7,7,1,0,0,0,0
32,0,0,1,1,7,7,1,0,0,0,0
8,1,1,5,1,7,7,0,1,1,1,1
8,1,1,3,1,7,7,2,2,2,-1,-1
8,1,0,2,0,7,7,1,1,1,1,1
1,0,0,1,1,7,7,2,2,2,-1,-1
23,6,3,3,1,7,7,1,0,0,0,0
6,3,0,2,1,7,7,4,2,-1,-1,-1
6,3,0,2,1,0,7,0,1,1,1,0
64,0,0,1,1,7,7,1,0,0,0,0
2,2,0,2,1,7,7,0,1,1,1,1
6,5,5,3,1,7,7,1,1,1,1,1
5,5,0,2,1,7,7,0,1,1,1,1
30,8,4,8,1,0,7,0,1,1,1,1
30,8,1,6,1,7,7,2,2,2,-1,-1
30,8,1,5,0,7,7,3,-1,-1,2,2
30,8,1,4,0,7,7,2,2,2,-1,-1
30,8,1,3,0,7,7,1,0,0,0,0
8,1,0,2,0,7,7,2,2,2,-1,-1
8,0,0,1,1,7,7,1,1,1,1,1
18,4,2,3,1,7,7,1,0,0,0,0
4,2,0,2,0,7,7,2,1,1,-1,-1
2,0,0,1,0,7,7,3,-1,-1,1,2
16,0,0,1,1,7,7,1,0,0,0,0
12,12,12,4,1,0,1,1,1,1,1,1
12,12,12,3,1,7,7,4,-1,-1,0,-1
12,12,12,3,1,7,0,2,0,0,-1,-1
12,12,0,2,0,7,7,3,-1,-1,0,2
12,0,0,1,0,7,7,1,1,1,1,1
8,8,8,8,1,0,7,2,1,1,-1,-1
8,8,8,7,0,7,7,3,-1,-1,1,1
8,8,8,6,1,7,7,2,1,1,-1,-1
8,8,8,5,0,7,7,3,-1,-1,1,1
8,8,8,4,1,7,7,0,0,0,0,1
8,8,0,2,1,7,7,4,-1,-1,2,-1
8,8,0,2,1,7,0,0,0,0,0,0
48,0,0,1,1,0,7,1,0,0,0,0
17,7,0,2,1,7,7,1,0,0,0,0
7,0,0,1,0,7,7,1,1,1,1,1
64,0,0,1,1,7,7,1,0,0,0,0
32,0,0,1,1,7,7,1,0,0,0,0
10,8,2,5,1,7,7,2,2,2,-1,-1
10,8,2,4,0,7,7,3,-1,-1,2,1
10,8,2,3,0,7,7,1,1,0,1,1
8,2,0,2,0,7,7,2,2,2,-1,-1
8,0,0,1,0,7,7,1,1,1,1,1
52,12,0,2,1,0,7,1,0,0,0,0
12,0,0,1,1,7,7,1,1,1,1,1
19,7,4,4,1,7,7,2,2,1,-1,-1
19,7,2,3,0,7,7,3,-1,-1,1,2
19,7,0,2,0,7,7,1,0,0,0,0
7,0,0,1,1,7,7,1,1,1,1,1
2,2,2,8,1,7,7,0,1,1,1,1
2,2,1,6,1,7,7,0,1,1,1,1
1,1,1,4,1,7,7,0,1,1,1,1
1,1,0,2,1,7,7,0,1,1,1,1
29,12,8,7,1,7,7,2,2,1,-1,-1
29,12,8,6,0,7,7,3,-1,-1,1,2
29,12,8,5,0,7,7,2,1,1,-1,-1
29,12,8,4,0,7,7,4,-1,-1,0,-1
29,12,8,4,0,7,0,1,0,0,0,1
12,8,5,3,0,7,7,4,0,-1,-1,-1
12,8,5,3,0,0,7,4,-1,-1,0,-1
12,8,5,3,0,0,0,1,1,1,1,1
8,5,0,2,1,7,7,4,-1,-1,2,-1
8,5,0,2,1,7,0,2,1,1,-1,-1
8,0,0,1,0,7,0,3,-1,-1,0,0
24,22,6,5,1,7,7,0,1,1,1,1
24,22,6,3,1,7,7,4,-1,-1,0,-1
24,22,6,3,1,7,0,2,1,1,-1,-1
24,22,0,2,0,7,0,0,0,0,0,0
19,1,1,6,1,7,7,2,2,2,-1,-1
19,1,1,5,0,7,7,3,-1,-1,2,2
19,1,1,4,0,7,7,2,2,2,-1,-1
19,1,1,3,0,7,7,3,-1,-1,2,2
19,1,0,2,0,7,7,1,0,0,0,0
1,0,0,1,1,7,7,2,2,2,-1,-1
4,0,0,1,1,7,7,1,1,1,1,1
8,3,1,7,1,7,7,0,1,1,1,1
8,1,1,5,1,7,7,0,1,1,1,1
8,1,1,3,1,7,7,2,2,2,-1,-1
8,1,0,2,0,7,7,1,1,1,1,1
1,0,0,1,1,7,7,2,2,2,-1,-1
16,0,0,1,1,7,7,1,0,0,0,0
6,4,2,5,1,7,7,0,1,1,1,1
6,2,2,3,1,7,7,2,2,2,-1,-1
6,2,0,2,0,7,7,0,1,1,0,2
10,3,2,4,1,7,7,2,2,1,-1,-1
10,2,1,3,0,7,7,3,-1,-1,1,2
10,1,0,2,0,7,7,1,1,1,1,2
1,0,0,1,0,7,7,2,2,2,-1,-1
11,11,11,6,1,7,7,0,1,0,1,1
11,11,11,4,0,7,7,4,-1,-1,2,-1
11,11,11,4,0,7,0,1,1,1,1,1
11,11,5,3,1,7,7,4,-1,-1,0,-1
11,11,5,3,1,7,0,2,1,1,-1,-1
11,11,0,2,0,7,0,0,0,0,0,0
12,0,0,1,1,7,7,1,1,1,1,1
4,0,0,1,1,0,7,1,2,1,2,1
34,14,0,2,1,7,7,1,0,0,0,0
14,0,0,1,0,7,7,1,0,0,0,0
64,0,0,1,1,7,7,1,0,0,0,0
8,0,0,1,1,7,7,1,1,1,1,1
2,2,1,7,1,7,7,0,1,1,1,1
1,1,1,5,1,7,7,0,1,1,1,1
1,1,1,3,1,7,7,0,1,1,1,1
1,0,0,1,1,7,7,2,2,2,-1,-1
14,6,6,4,1,7,7,1,0,0,0,1
6,6,6,3,1,7,7,4,-1,-1,2,-1
6,6,6,3,1,7,0,1,1,1,1,1
6,6,0,2,1,7,7,0,1,1,1,1
6,6,6,8,1,0,7,2,2,2,-1,-1
6,6,6,7,0,7,7,3,-1,-1,2,2
6,6,6,6,0,7,7,2,2,2,-1,-1
6,6,6,5,0,7,7,3,-1,-1,2,2
6,6,6,4,0,7,7,0,1,1,1,1
6,6,0,2,1,7,7,4,-1,-1,0,-1
6,6,0,2,1,7,0,2,1,1,-1,-1
6,0,0,1,0,7,7,3,-1,-1,1,2
4,0,0,1,1,0,7,1,2,1,2,1
32,0,0,1,1,7,7,1,0,0,0,0
16,16,0,2,1,7,7,0,0,0,0,0
2,1,1,3,1,7,7,0,1,1,1,1
1,0,0,1,1,7,7,2,2,2,-1,-1
16,16,16,4,1,7,7,1,0,0,0,1
16,16,16,3,1,7,7,4,-1,-1,2,-1
16,16,16,3,1,7,0,1,0,0,0,1
16,16,0,2,1,7,7,4,-1,-1,2,-1
16,16,0,2,1,7,0,0,0,0,0,0
22,10,6,6,1,0,1,0,1,1,1,0
22,10,3,4,0,7,7,4,0,-1,-1,-1
22,10,3,4,0,0,7,3,-1,-1,1,1
22,10,3,3,0,0,7,2,1,1,-1,-1
22,10,0,2,0,7,7,1,0,0,0,0
10,0,0,1,1,7,7,1,1,0,1,1
16,0,0,1,1,7,7,1,0,0,0,0
12,2,2,3,1,0,1,0,2,1,2,1
12,0,0,1,1,7,7,1,1,1,1,1
8,8,0,2,1,7,7,0,0,0,0,0
1,1,1,4,1,0,7,0,2,1,2,1
1,1,0,2,1,7,7,0,1,1,1,1
20,4,0,2,1,7,7,1,0,0,0,0
4,0,0,1,1,7,7,1,1,1,1,1
10,7,7,3,1,0,7,1,1,0,1,2
7,7,0,2,0,7,7,4,-1,-1,2,-1
7,7,0,2,0,7,0,0,0,0,0,0
32,16,0,2,1,7,7,1,0,0,0,0
16,0,0,1,1,7,7,1,0,0,0,0
2,1,1,7,1,7,7,0,1,1,1,1
1,1,1,5,1,7,7,0,1,1,1,1
1,1,1,3,1,7,7,0,1,1,1,1
1,0,0,1,1,7,7,2,2,2,-1,-1
12,11,3,5,1,7,7,2,2,1,-1,-1
12,11,3,4,0,7,7,3,-1,-1,1,2
12,11,3,3,0,7,7,2,1,1,-1,-1
12,11,0,2,0,7,7,0,0,0,0,0
13,4,2,8,1,7,7,0,1,1,1,1
13,1,1,6,1,7,7,0,1,1,1,1
13,1,1,4,1,7,7,2,2,2,-1,-1
13,1,1,3,0,7,7,3,-1,-1,2,2
13,1,0,2,0,7,7,1,0,0,1,0
1,0,0,1,0,7,7,3,-1,-1,2,2
22,5,5,3,1,0,7,1,0,0,0,0
5,5,0,2,1,7,7,4,2,-1,-1,-1
5,5,0,2,1,0,7,0,1,1,1,1
6,6,6,6,1,0,7,2,2,2,-1,-1
6,6,6,5,0,7,7,3,-1,-1,2,2
6,6,6,4,0,7,7,0,1,1,1,1
6,2,0,2,1,7,7,4,-1,-1,0,-1
6,2,0,2,1,7,0,2,1,1,-1,-1
2,0,0,1,0,7,7,3,-1,-1,2,1
7,2,1,5,1,7,7,0,1,1,1,1
7,1,1,3,1,7,7,2,2,2,-1,-1
7,1,0,2,0,7,7,1,1,1,1,1
1,0,0,1,1,7,7,2,2,2,-1,-1
8,8,8,3,1,7,7,1,1,1,1,1
8,8,0,2,1,7,7,0,0,0,0,0
6,3,3,7,1,0,1,0,1,1,1,1
6,3,3,5,1,7,7,0,1,1,1,1
6,3,3,3,1,7,7,0,1,1,1,1
6,0,0,1,1,7,7,1,1,1,1,1
20,6,3,5,1,7,7,2,2,1,-1,-1
20,6,2,4,0,7,7,3,-1,-1,2,1
20,6,1,3,1,7,7,2,2,2,-1,-1
20,6,0,2,0,7,7,1,0,0,0,0
6,0,0,1,1,7,7,1,1,1,1,1
25,1,1,8,1,0,7,0,1,1,1,1
25,1,1,6,1,7,7,2,2,2,-1,-1
25,1,1,5,0,7,7,3,-1,-1,2,2
25,1,1,4,0,7,7,2,2,2,-1,-1
25,1,1,3,0,7,7,3,-1,-1,2,2
25,1,0,2,0,7,7,1,0,0,0,0
1,0,0,1,0,7,7,3,-1,-1,2,2
34,7,7,3,1,7,7,1,0,0,0,0
7,7,0,2,0,7,7,4,0,-1,-1,-1
7,7,0,2,0,0,7,0,0,0,0,0
32,0,0,1,1,7,7,1,0,0,0,0
7,1,1,6,1,7,7,0,1,1,1,1
7,1,1,4,1,7,7,2,2,2,-1,-1
7,1,1,3,0,7,7,3,-1,-1,2,2
7,1,0,2,0,7,7,2,2,2,-1,-1
7,0,0,1,0,7,7,1,1,1,1,1
5,2,2,6,1,0,7,0,1,1,1,1
5,1,1,4,1,7,7,2,2,2,-1,-1
5,1,1,3,0,7,7,3,-1,-1,2,2
5,1,0,2,0,7,7,2,2,2,-1,-1
5,0,0,1,0,7,7,1,1,1,1,1
6,1,1,3,1,7,7,0,1,1,1,2
1,0,0,1,0,7,7,3,-1,-1,1,2
6,6,6,8,1,7,7,2,2,2,-1,-1
6,6,6,7,0,7,7,3,-1,-1,2,2
6,6,6,6,0,7,7,2,2,2,-1,-1
6,6,6,5,0,7,7,3,-1,-1,2,2
6,6,6,4,0,7,7,0,1,1,1,1
6,6,0,2,1,7,7,4,-1,-1,0,-1
6,6,0,2,1,7,0,2,1,1,-1,-1
6,0,0,1,0,7,7,3,-1,-1,1,2
4,4,0,2,1,7,7,0,1,1,1,1
34,10,10,4,1,7,7,1,0,0,0,0
10,10,10,3,1,7,7,4,0,-1,-1,-1
10,10,10,3,1,0,7,4,-1,-1,0,-1
10,10,10,3,1,0,0,1,1,0,1,2
10,10,0,2,0,7,7,4,-1,-1,2,-1
10,10,0,2,0,7,0,0,0,0,0,0
5,4,1,5,1,7,7,0,1,1,1,1
5,1,1,3,1,7,7,2,2,2,-1,-1
5,1,0,2,0,7,7,0,1,1,0,2
24,8,0,2,1,7,7,1,0,0,0,0
8,0,0,1,1,7,7,1,1,1,1,1
8,8,8,8,1,7,7,0,0,0,0,1
8,8,8,6,1,7,7,4,-1,-1,2,-1
8,8,8,6,1,7,0,1,1,1,1,1
8,8,8,5,1,7,7,0,0,0,0,1
8,8,8,3,1,7,7,4,-1,-1,2,-1
8,8,8,3,1,7,0,1,1,1,1,1
8,8,0,2,1,7,7,0,0,0,0,0
21,6,3,4,1,7,7,2,2,2,-1,-1
21,6,3,3,0,7,7,1,0,0,0,0
6,3,0,2,0,7,7,0,1,1,1,0
24,2,2,5,1,7,7,2,2,2,-1,-1
24,2,2,4,0,7,7,3,-1,-1,2,2
24,2,2,3,0,7,7,2,2,2,-1,-1
24,2,0,2,0,7,7,1,0,0,0,0
2,0,0,1,1,7,7,2,2,2,-1,-1
28,10,10,3,1,0,7,1,0,0,0,0
10,10,0,2,1,7,7,4,2,-1,-1,-1
10,10,0,2,1,0,7,0,0,0,0,0
6,6,2,4,1,0,7,0,1,1,1,1
6,6,0,2,1,7,7,0,1,1,1,1
12,0,0,1,1,0,7,1,1,1,1,1
16,12,12,5,1,0,1,1,0,0,0,1
12,12,12,4,1,7,7,4,-1,-1,2,-1
12,12,12,4,1,7,0,1,1,1,1,1
12,12,12,3,1,7,7,4,-1,-1,0,-1
12,12,12,3,1,7,0,2,0,0,-1,-1
12,12,0,2,0,7,7,3,-1,-1,0,2
12,0,0,1,0,7,7,1,1,1,1,1
23,9,0,2,1,0,7,1,0,0,0,0
9,0,0,1,1,7,7,1,1,0,1,1
1,1,1,4,1,7,7,0,1,1,1,1
1,1,0,2,1,7,7,0,1,1,1,1
24,4,4,7,1,7,7,0,1,1,1,1
24,4,4,5,1,7,7,2,2,1,-1,-1
24,4,4,4,0,7,7,3,-1,-1,1,1
24,4,4,3,0,7,7,2,1,1,-1,-1
24,4,0,2,0,7,7,3,-1,-1,1,1
24,0,0,1,0,7,7,1,0,0,0,0
20,2,2,7,1,7,7,0,1,1,1,1
20,2,2,5,1,7,7,2,2,2,-1,-1
20,2,2,4,0,7,7,3,-1,-1,2,2
20,2,2,3,0,7,7,2,2,2,-1,-1
20,2,0,2,0,7,7,1,0,0,0,0
2,0,0,1,1,7,7,2,2,2,-1,-1
2,1,1,7,1,7,7,0,1,1,1,1
1,1,1,5,1,7,7,0,1,1,1,1
1,1,1,3,1,7,7,0,1,1,1,1
1,0,0,1,1,7,7,2,2,2,-1,-1
6,2,0,2,1,7,7,0,1,1,0,2
3,1,0,2,1,7,7,0,1,1,1,1
1,1,1,4,1,7,7,0,1,1,1,1
1,1,0,2,1,7,7,0,1,1,1,1
6,3,2,7,1,7,7,0,1,1,1,1
6,2,1,5,1,7,7,0,1,1,1,1
6,1,1,3,1,7,7,2,2,2,-1,-1
6,1,0,2,0,7,7,0,1,1,0,2
2,2,1,6,1,7,7,0,1,1,1,1
1,1,1,4,1,7,7,0,1,1,1,1
1,1,0,2,1,7,7,0,1,1,1,1
2,2,1,7,1,0,7,0,2,1,2,1
1,1,1,5,1,7,7,0,1,1,1,1
1,1,1,3,1,7,7,0,1,1,1,1
1,0,0,1,1,7,7,2,2,2,-1,-1
16,0,0,1,1,7,7,1,0,0,0,0
33,31,0,2,1,7,7,0,0,0,0,0
23,5,2,5,1,7,7,2,2,2,-1,-1
23,5,1,4,0,7,7,3,-1,-1,2,2
23,5,1,3,0,7,7,2,2,2,-1,-1
23,5,0,2,0,7,7,1,0,0,0,0
5,0,0,1,1,7,7,1,1,1,1,1
24,22,6,5,1,0,1,0,1,1,1,1
24,22,6,3,1,7,7,4,-1,-1,0,-1
24,22,6,3,1,7,0,2,1,1,-1,-1
24,22,0,2,0,7,0,0,0,0,0,0
16,12,12,5,1,7,7,1,0,0,0,1
12,12,12,4,1,7,7,4,-1,-1,2,-1
12,12,12,4,1,7,0,1,1,1,1,1
12,12,12,3,1,7,7,4,-1,-1,0,-1
12,12,12,3,1,7,0,2,0,0,-1,-1
12,12,0,2,0,7,7,3,-1,-1,0,2
12,0,0,1,0,7,7,1,1,1,1,1
19,13,0,2,1,7,7,1,0,0,0,0
13,0,0,1,1,7,7,1,0,0,0,0
6,2,1,6,1,7,7,0,1,1,1,1
6,1,1,4,1,7,7,2,2,2,-1,-1
6,1,1,3,0,7,7,3,-1,-1,2,2
6,1,0,2,0,7,7,2,2,2,-1,-1
6,0,0,1,0,7,7,1,1,1,1,1
12,12,12,4,1,0,7,1,1,1,1,1
12,12,12,3,1,7,7,4,-1,-1,0,-1
12,12,12,3,1,7,0,2,0,0,-1,-1
12,12,0,2,0,7,7,3,-1,-1,0,2
12,0,0,1,0,7,7,1,1,1,1,1
20,12,9,7,1,7,7,0,0,1,1,0
20,12,9,5,0,7,7,4,0,-1,-1,-1
20,12,9,5,0,0,7,3,-1,-1,1,2
20,12,9,4,0,0,7,2,1,1,-1,-1
20,12,9,3,0,7,7,4,-1,-1,0,-1
20,12,9,3,0,7,0,1,0,0,0,1
12,9,0,2,1,7,7,4,-1,-1,2,-1
12,9,0,2,1,7,0,0,0,0,0,0
32,0,0,1,1,0,7,1,0,0,0,0
1,1,1,4,1,7,7,0,1,1,1,1
1,1,0,2,1,7,7,0,1,1,1,1
25,5,2,3,1,0,1,1,0,0,0,0
5,2,0,2,0,7,7,3,-1,-1,2,2
5,0,0,1,1,7,7,1,1,1,1,1
9,7,7,6,1,7,7,2,1,1,-1,-1
9,7,7,5,0,7,7,3,-1,-1,1,1
9,7,7,4,1,7,7,1,1,0,1,1
7,7,3,3,0,7,7,4,-1,-1,0,-1
7,7,3,3,0,7,0,2,1,1,-1,-1
7,7,0,2,0,7,0,0,0,0,0,0
35,7,3,5,1,7,7,2,2,1,-1,-1
35,7,2,4,0,7,7,3,-1,-1,2,1
35,7,1,3,1,7,7,2,2,2,-1,-1
35,7,0,2,0,7,7,1,0,0,0,0
7,0,0,1,1,7,7,1,1,1,1,1
4,2,2,5,1,7,7,0,1,1,1,1
2,2,2,3,1,7,7,0,1,1,1,1
2,0,0,1,1,7,7,2,2,2,-1,-1
24,6,6,5,1,0,7,0,1,1,1,1
24,6,6,3,1,7,7,4,-1,-1,2,-1
24,6,6,3,1,7,0,2,1,1,-1,-1
24,6,0,2,0,7,0,3,-1,-1,1,0
24,0,0,1,1,7,7,1,0,0,0,0
4,0,0,1,1,7,7,1,1,1,1,1
43,21,0,2,1,7,7,1,0,0,0,0
21,0,0,1,1,7,7,1,0,0,0,0
11,3,2,3,1,7,7,1,1,1,1,1
3,2,0,2,1,7,7,0,1,1,1,1
1,1,1,8,1,7,7,0,1,1,1,1
1,1,1,6,1,7,7,0,1,1,1,1
1,1,1,4,1,7,7,0,1,1,1,1
1,1,0,2,1,7,7,0,1,1,1,1
8,8,8,6,1,7,7,0,0,0,0,1
8,8,8,4,1,7,7,4,-1,-1,2,-1
8,8,8,4,1,7,0,1,1,1,1,1
8,8,8,3,1,7,7,1,1,1,1,1
8,8,0,2,1,7,7,0,0,0,0,0
9,5,4,8,1,7,7,0,1,1,1,1
9,5,3,6,1,7,7,2,2,2,-1,-1
9,5,3,5,0,7,7,3,-1,-1,2,2
9,5,3,4,0,7,7,2,2,1,-1,-1
9,5,3,3,0,7,7,3,-1,-1,1,1
9,3,0,2,0,7,7,2,1,1,-1,-1
9,0,0,1,0,7,7,1,1,0,1,1
27,3,3,8,1,7,7,0,1,1,1,1
27,3,3,6,1,7,7,2,1,1,-1,-1
27,3,3,5,0,7,7,3,-1,-1,1,0
27,3,3,4,0,7,7,2,1,1,-1,-1
27,3,3,3,0,7,7,3,-1,-1,1,1
27,3,0,2,0,7,7,2,1,1,-1,-1
27,0,0,1,0,7,7,1,0,0,0,0
36,8,4,3,1,7,7,1,0,0,0,0
8,4,0,2,1,7,7,4,0,-1,-1,-1
8,4,0,2,1,0,7,0,0,0,0,0
12,2,2,3,1,0,1,0,2,1,2,1
12,0,0,1,1,7,7,1,1,1,1,1
24,8,0,2,1,7,7,1,0,0,0,0
8,0,0,1,1,7,7,1,1,1,1,1
1,1,1,8,1,7,7,0,1,1,1,1
1,1,1,6,1,7,7,0,1,1,1,1
1,1,1,4,1,7,7,0,1,1,1,1
1,1,0,2,1,7,7,0,1,1,1,1
6,2,2,6,1,0,1,0,2,1,2,1
6,2,2,4,1,7,7,2,2,2,-1,-1
6,2,2,3,0,7,7,3,-1,-1,2,2
6,2,0,2,0,7,7,2,2,2,-1,-1
6,0,0,1,0,7,7,1,1,1,1,1
5,2,2,6,1,0,1,0,2,1,2,1
5,1,1,4,1,7,7,2,2,2,-1,-1
5,1,1,3,0,7,7,3,-1,-1,2,2
5,1,0,2,0,7,7,2,2,2,-1,-1
5,0,0,1,0,7,7,1,1,1,1,1
16,16,0,2,1,7,7,0,0,0,0,0
24,4,4,7,1,0,7,0,1,1,1,1
24,4,4,5,1,7,7,2,2,1,-1,-1
24,4,4,4,0,7,7,3,-1,-1,1,1
24,4,4,3,0,7,7,2,1,1,-1,-1
24,4,0,2,0,7,7,3,-1,-1,1,1
24,0,0,1,0,7,7,1,0,0,0,0
1,1,1,8,1,7,7,0,1,1,1,1
1,1,1,6,1,7,7,0,1,1,1,1
1,1,1,4,1,7,7,0,1,1,1,1
1,1,0,2,1,7,7,0,1,1,1,1
6,3,2,7,1,7,7,0,1,1,1,1
6,2,1,5,1,7,7,0,1,1,1,1
6,1,1,3,1,7,7,2,2,2,-1,-1
6,1,0,2,0,7,7,0,1,1,0,2
3,3,1,4,1,7,7,0,1,1,1,1
1,1,0,2,1,7,7,0,1,1,1,1
10,3,1,5,1,7,7,2,2,2,-1,-1
10,3,1,4,0,7,7,3,-1,-1,2,1
10,3,1,3,0,7,7,2,1,1,-1,-1
10,1,0,2,0,7,7,3,-1,-1,1,2
10,0,0,1,0,7,7,1,1,0,1,1
20,9,6,8,1,7,7,0,1,1,1,1
20,9,6,6,1,7,7,2,2,2,-1,-1
20,9,6,5,0,7,7,3,-1,-1,2,1
20,9,6,4,0,7,7,2,1,1,-1,-1
20,9,6,3,0,7,7,3,-1,-1,1,1
20,9,0,2,0,7,7,1,0,0,0,0
9,0,0,1,1,7,7,1,1,0,1,1
20,3,3,5,1,7,7,2,2,1,-1,-1
20,3,3,4,0,7,7,3,-1,-1,1,1
20,3,3,3,0,7,7,2,1,1,-1,-1
20,3,0,2,0,7,7,3,-1,-1,1,1
20,0,0,1,0,7,7,1,0,0,0,0
40,8,8,4,1,7,7,1,0,0,0,0
8,8,8,3,1,7,7,4,0,-1,-1,-1
8,8,8,3,1,0,7,4,-1,-1,0,-1
8,8,8,3,1,0,0,1,1,1,1,0
8,8,0,2,0,7,7,2,0,0,-1,-1
8,0,0,1,0,7,7,3,-1,-1,0,0
3,3,3,6,1,0,1,0,1,1,2,2
3,3,1,4,0,7,7,3,-1,-1,1,2
3,3,1,3,0,7,7,0,1,1,1,1
1,0,0,1,1,7,7,2,2,2,-1,-1
24,0,0,1,1,7,7,1,0,0,0,0
11,5,0,2,1,0,7,1,1,1,1,1
5,0,0,1,1,7,7,1,1,1,1,1
1,1,1,4,1,0,7,0,2,1,2,1
1,1,0,2,1,7,7,0,1,1,1,1
47,10,4,5,1,7,7,2,2,1,-1,-1
47,10,2,4,0,7,7,3,-1,-1,2,1
47,10,1,3,1,7,7,2,2,2,-1,-1
47,10,0,2,0,7,7,1,0,0,0,0
10,0,0,1,1,7,7,1,1,0,1,1
12,12,0,2,1,7,7,0,0,0,0,0
6,4,2,5,1,7,7,0,1,1,1,1
6,2,2,3,1,7,7,2,2,2,-1,-1
6,2,0,2,0,7,7,0,1,1,0,2
11,11,11,6,1,7,7,0,1,0,1,1
11,11,11,4,0,7,7,4,-1,-1,2,-1
11,11,11,4,0,7,0,1,1,1,1,1
11,11,5,3,1,7,7,4,-1,-1,0,-1
11,11,5,3,1,7,0,2,1,1,-1,-1
11,11,0,2,0,7,0,0,0,0,0,0
15,15,14,7,1,7,7,0,1,1,1,1
15,15,14,5,1,7,7,4,-1,-1,0,-1
15,15,14,5,1,7,0,2,1,1,-1,-1
15,15,14,4,0,7,0,3,-1,-1,1,2
15,15,14,3,0,7,7,4,2,-1,-1,-1
15,15,14,3,0,0,7,1,0,0,0,1
15,14,0,2,1,7,7,4,-1,-1,2,-1
15,14,0,2,1,7,0,0,0,0,0,0
12,0,0,1,1,0,7,1,1,1,1,1
3,1,0,2,1,7,7,0,1,1,1,1
8,8,8,8,1,0,1,2,1,1,-1,-1
8,8,8,7,0,7,1,3,-1,-1,1,1
8,8,8,6,1,7,7,2,1,1,-1,-1
8,8,8,5,0,7,7,3,-1,-1,1,1
8,8,8,4,1,7,7,0,0,0,0,1
8,8,0,2,1,7,7,4,-1,-1,2,-1
8,8,0,2,1,7,0,0,0,0,0,0
10,8,2,5,1,7,7,2,2,2,-1,-1
10,8,2,4,0,7,7,3,-1,-1,2,1
10,8,2,3,0,7,7,1,1,0,1,1
8,2,0,2,0,7,7,2,2,2,-1,-1
8,0,0,1,0,7,7,1,1,1,1,1
18,2,2,4,1,7,7,2,2,2,-1,-1
18,2,2,3,0,7,7,3,-1,-1,2,1
18,2,0,2,0,7,7,1,0,0,0,0
2,0,0,1,0,7,7,2,2,2,-1,-1
12,0,0,1,1,7,7,1,1,1,1,1
24,0,0,1,1,7,7,1,0,0,0,0
1,1,1,8,1,7,7,0,1,1,1,1
1,1,1,6,1,7,7,0,1,1,1,1
1,1,1,4,1,7,7,0,1,1,1,1
1,1,0,2,1,7,7,0,1,1,1,1
9,7,0,2,1,0,7,0,0,0,0,0
8,8,8,6,1,7,7,0,0,0,0,1
8,8,8,4,1,7,7,4,-1,-1,2,-1
8,8,8,4,1,7,0,1,1,1,1,1
8,8,8,3,1,7,7,1,1,1,1,1
8,8,0,2,1,7,7,0,0,0,0,0
43,3,3,8,1,7,7,2,1,1,-1,-1
43,3,3,7,0,7,7,3,-1,-1,1,1
43,3,3,6,1,7,7,2,1,1,-1,-1
43,3,3,5,0,7,7,3,-1,-1,1,1
43,3,3,4,1,7,7,2,2,1,-1,-1
43,3,3,3,0,7,7,3,-1,-1,1,1
43,3,0,2,0,7,7,2,1,1,-1,-1
43,0,0,1,0,7,7,1,0,0,0,0
38,12,6,6,1,7,7,2,2,1,-1,-1
38,12,6,5,0,7,7,3,-1,-1,2,1
38,12,6,4,1,7,7,2,2,2,-1,-1
38,12,6,3,0,7,7,1,0,0,0,0
12,6,0,2,1,7,7,1,1,1,1,1
6,0,0,1,1,7,7,1,1,1,1,1
20,4,0,2,1,7,7,1,0,0,0,0
4,0,0,1,1,7,7,1,1,1,1,1
8,0,0,1,1,7,7,1,1,1,1,1
16,16,0,2,1,7,7,0,0,0,0,0
45,10,4,7,1,7,7,2,1,1,-1,-1
45,10,2,6,0,7,7,3,-1,-1,1,1
45,10,2,5,1,7,7,2,2,2,-1,-1
45,10,2,4,0,7,7,3,-1,-1,2,2
45,10,1,3,0,7,7,2,2,2,-1,-1
45,10,0,2,0,7,7,1,0,0,0,0
10,0,0,1,0,7,7,1,1,0,1,1
4,0,0,1,1,7,7,1,1,1,1,1
16,0,0,1,1,7,7,1,0,0,0,0
5,3,0,2,1,0,1,0,1,1,1,0
32,0,0,1,1,7,7,1,0,0,0,0
22,5,5,3,1,7,7,1,0,0,0,0
5,5,0,2,1,7,7,4,2,-1,-1,-1
5,5,0,2,1,0,7,0,1,1,1,1
12,6,4,8,1,0,7,0,1,1,1,1
12,6,2,6,1,7,7,2,2,2,-1,-1
12,6,2,5,0,7,7,3,-1,-1,2,2
12,6,2,4,0,7,7,2,2,1,-1,-1
12,6,1,3,0,7,7,1,1,1,1,1
6,1,0,2,1,7,7,4,-1,-1,0,-1
6,1,0,2,1,7,0,2,1,1,-1,-1
1,0,0,1,0,7,7,3,-1,-1,2,1
2,1,1,3,1,7,7,0,1,1,1,1
1,0,0,1,1,7,7,2,2,2,-1,-1
64,0,0,1,1,0,7,1,0,0,0,0
10,9,9,7,1,0,1,1,1,0,1,2
9,9,9,6,0,7,7,4,-1,-1,2,-1
9,9,9,6,0,7,0,1,1,0,1,2
9,9,9,5,0,7,7,4,-1,-1,2,-1
9,9,9,5,0,7,0,1,1,0,1,2
9,9,9,4,0,7,7,4,-1,-1,2,-1
9,9,9,4,0,7,0,1,1,0,1,2
9,9,9,3,0,7,7,4,-1,-1,2,-1
9,9,9,3,0,7,0,1,1,0,1,2
9,9,0,2,0,7,7,4,-1,-1,2,-1
9,9,0,2,0,7,0,0,0,0,0,0
10,9,9,7,1,7,7,1,1,0,1,2
9,9,9,6,0,7,7,4,-1,-1,2,-1
9,9,9,6,0,7,0,1,1,0,1,2
9,9,9,5,0,7,7,4,-1,-1,2,-1
9,9,9,5,0,7,0,1,1,0,1,2
9,9,9,4,0,7,7,4,-1,-1,2,-1
9,9,9,4,0,7,0,1,1,0,1,2
9,9,9,3,0,7,7,4,-1,-1,2,-1
9,9,9,3,0,7,0,1,1,0,1,2
9,9,0,2,0,7,7,4,-1,-1,2,-1
9,9,0,2,0,7,0,0,0,0,0,0
8,5,4,6,1,7,7,0,1,1,1,1
8,5,2,4,1,7,7,2,2,2,-1,-1
8,5,2,3,0,7,7,1,1,1,1,1
5,2,0,2,1,7,7,0,1,1,0,2
11,5,0,2,1,7,7,1,1,1,1,1
5,0,0,1,1,7,7,1,1,1,1,1
17,3,1,6,1,7,7,2,2,2,-1,-1
17,3,1,5,0,7,7,3,-1,-1,2,2
17,3,1,4,0,7,7,2,2,1,-1,-1
17,3,1,3,0,7,7,3,-1,-1,1,1
17,1,0,2,0,7,7,1,0,0,0,0
1,0,0,1,0,7,7,2,2,2,-1,-1
2,1,1,3,1,7,7,0,1,1,1,1
1,0,0,1,1,7,7,2,2,2,-1,-1
4,2,2,5,1,0,7,0,1,1,2,2
2,2,2,3,0,7,7,3,-1,-1,1,2
2,2,0,2,0,7,7,0,1,1,1,1
10,1,1,7,1,7,7,0,1,1,1,1
10,1,1,5,1,7,7,2,2,2,-1,-1
10,1,1,4,0,7,7,3,-1,-1,2,2
10,1,1,3,0,7,7,2,2,1,-1,-1
10,1,0,2,0,7,7,1,1,1,1,2
1,0,0,1,0,7,7,2,2,2,-1,-1
4,4,4,4,1,7,7,0,1,1,1,1
4,4,0,2,1,7,7,0,1,1,1,1
4,2,2,5,1,0,7,0,1,1,2,2
2,2,2,3,0,7,7,3,-1,-1,1,2
2,2,0,2,0,7,7,0,1,1,1,1
10,9,9,7,1,7,7,1,1,0,1,2
9,9,9,6,0,7,7,4,-1,-1,2,-1
9,9,9,6,0,7,0,1,1,0,1,2
9,9,9,5,0,7,7,4,-1,-1,2,-1
9,9,9,5,0,7,0,1,1,0,1,2
9,9,9,4,0,7,7,4,-1,-1,2,-1
9,9,9,4,0,7,0,1,1,0,1,2
9,9,9,3,0,7,7,4,-1,-1,2,-1
9,9,9,3,0,7,0,1,1,0,1,2
9,9,0,2,0,7,7,4,-1,-1,2,-1
9,9,0,2,0,7,0,0,0,0,0,0
52,3,3,5,1,7,7,2,2,1,-1,-1
52,3,3,4,0,7,7,3,-1,-1,1,1
52,3,3,3,0,7,7,2,1,1,-1,-1
52,3,0,2,0,7,7,3,-1,-1,1,1
52,0,0,1,0,7,7,1,0,0,0,0
4,0,0,1,1,7,7,1,1,1,1,1
9,3,0,2,1,0,7,0,0,0,0,0
1,1,1,4,1,7,7,0,1,1,1,1
1,1,0,2,1,7,7,0,1,1,1,1
8,1,1,5,1,7,7,0,1,1,1,1
8,1,1,3,1,7,7,2,2,2,-1,-1
8,1,0,2,0,7,7,1,1,1,1,1
1,0,0,1,1,7,7,2,2,2,-1,-1
26,22,0,2,1,7,7,0,0,0,0,0
16,9,7,7,1,7,7,2,1,1,-1,-1
16,9,7,6,0,7,7,3,-1,-1,1,1
16,9,7,5,1,7,7,0,1,1,1,2
16,9,7,3,0,7,7,4,-1,-1,0,-1
16,9,7,3,0,7,0,1,0,0,0,1
9,7,0,2,1,7,7,4,-1,-1,2,-1
9,7,0,2,1,7,0,0,0,0,0,0
1,1,1,4,1,0,1,0,2,1,2,1
1,1,0,2,1,7,7,0,1,1,1,1
6,3,2,4,1,0,1,0,2,1,1,2
6,1,0,2,0,7,7,2,2,2,-1,-1
6,0,0,1,0,7,7,1,1,1,1,1
1,1,1,8,1,7,7,0,1,1,1,1
1,1,1,6,1,7,7,0,1,1,1,1
1,1,1,4,1,7,7,0,1,1,1,1
1,1,0,2,1,7,7,0,1,1,1,1
13,3,0,2,1,0,7,1,0,0,1,1
3,0,0,1,0,7,7,3,-1,-1,1,1
64,0,0,1,1,7,7,1,0,0,0,0
15,15,14,7,1,7,7,0,1,1,1,1
15,15,14,5,1,7,7,4,-1,-1,0,-1
15,15,14,5,1,7,0,2,1,1,-1,-1
15,15,14,4,0,7,0,3,-1,-1,1,2
15,15,14,3,0,7,7,4,2,-1,-1,-1
15,15,14,3,0,0,7,1,0,0,0,1
15,14,0,2,1,7,7,4,-1,-1,2,-1
15,14,0,2,1,7,0,0,0,0,0,0
25,5,2,3,1,7,7,1,0,0,0,0
5,2,0,2,0,7,7,3,-1,-1,2,2
5,0,0,1,1,7,7,1,1,1,1,1
4,0,0,1,1,7,7,1,1,1,1,1
6,6,4,7,1,7,7,0,1,1,1,1
6,6,2,5,1,7,7,0,1,1,1,1
6,6,2,3,1,7,7,2,2,2,-1,-1
6,6,0,2,0,7,7,0,1,1,1,1
18,6,0,2,1,0,7,1,0,0,0,0
6,0,0,1,0,7,7,1,1,1,1,1
28,9,9,5,1,7,7,0,0,0,0,1
28,9,9,3,1,7,7,4,-1,-1,2,-1
28,9,9,3,1,7,0,1,0,0,0,0
9,9,0,2,1,7,7,4,2,-1,-1,-1
9,9,0,2,1,0,7,0,0,0,0,0
11,3,2,3,1,0,1,1,1,1,1,1
3,2,0,2,1,7,7,0,1,1,1,1
3,1,0,2,1,0,7,0,1,1,1,1
15,4,2,6,1,0,7,0,1,1,1,1
15,1,1,4,1,7,7,2,2,2,-1,-1
15,1,1,3,0,7,7,3,-1,-1,2,2
15,1,0,2,0,7,7,1,0,0,0,0
1,0,0,1,1,7,7,2,2,2,-1,-1
16,0,0,1,1,0,7,1,0,0,0,0
16,0,0,1,1,7,7,1,0,0,0,0
9,2,1,3,1,7,7,1,1,1,1,2
2,1,0,2,0,7,7,2,2,2,-1,-1
1,0,0,1,0,7,7,3,-1,-1,2,2
12,12,0,2,1,0,1,0,0,0,0,0
12,4,4,4,1,7,7,2,2,1,-1,-1
12,4,4,3,0,7,7,3,-1,-1,1,1
12,4,0,2,0,7,7,2,1,1,-1,-1
12,0,0,1,0,7,7,1,1,1,1,1
15,4,2,6,1,0,7,0,1,1,1,1
15,1,1,4,1,7,7,2,2,2,-1,-1
15,1,1,3,0,7,7,3,-1,-1,2,2
15,1,0,2,0,7,7,1,0,0,0,0
1,0,0,1,1,7,7,2,2,2,-1,-1
3,2,1,5,1,7,7,0,1,1,1,1
1,1,1,3,1,7,7,0,1,1,1,1
1,0,0,1,1,7,7,2,2,2,-1,-1
32,8,3,7,1,7,7,2,2,2,-1,-1
32,8,3,6,0,7,7,3,-1,-1,2,2
32,8,3,5,0,7,7,2,2,2,-1,-1
32,8,3,4,0,7,7,3,-1,-1,2,2
32,8,3,3,0,7,7,1,0,0,0,0
8,3,0,2,1,7,7,4,0,-1,-1,-1
8,3,0,2,1,0,7,0,0,0,0,0
10,9,9,7,1,7,7,1,1,0,1,2
9,9,9,6,0,7,7,4,-1,-1,2,-1
9,9,9,6,0,7,0,1,1,0,1,2
9,9,9,5,0,7,7,4,-1,-1,2,-1
9,9,9,5,0,7,0,1,1,0,1,2
9,9,9,4,0,7,7,4,-1,-1,2,-1
9,9,9,4,0,7,0,1,1,0,1,2
9,9,9,3,0,7,7,4,-1,-1,2,-1
9,9,9,3,0,7,0,1,1,0,1,2
9,9,0,2,0,7,7,4,-1,-1,2,-1
9,9,0,2,0,7,0,0,0,0,0,0
4,0,0,1,1,7,7,1,1,1,1,1
7,2,1,5,1,0,7,0,1,1,1,1
7,1,1,3,1,7,7,2,2,2,-1,-1
7,1,0,2,0,7,7,1,1,1,1,1
1,0,0,1,1,7,7,2,2,2,-1,-1
1,1,1,8,1,0,1,0,2,1,2,1
1,1,1,6,1,7,7,0,1,1,1,1
1,1,1,4,1,7,7,0,1,1,1,1
1,1,0,2,1,7,7,0,1,1,1,1
6,6,2,4,1,7,7,0,1,1,1,1
6,6,0,2,1,7,7,0,1,1,1,1
13,1,1,4,1,7,7,2,2,2,-1,-1
13,1,1,3,0,7,7,3,-1,-1,2,1
13,1,0,2,0,7,7,1,0,0,1,0
1,0,0,1,0,7,7,3,-1,-1,2,2
24,14,10,3,1,0,7,1,0,0,0,0
14,10,0,2,1,7,7,4,2,-1,-1,-1
14,10,0,2,1,0,7,0,0,0,0,0
34,14,0,2,1,0,7,1,0,0,0,0
14,0,0,1,0,7,7,1,0,0,0,0
5,4,3,3,1,7,7,0,1,1,1,1
5,0,0,1,1,7,7,1,1,1,1,1
34,10,10,4,1,7,7,1,0,0,0,0
10,10,10,3,1,7,7,4,0,-1,-1,-1
10,10,10,3,1,0,7,4,-1,-1,0,-1
10,10,10,3,1,0,0,1,1,0,1,2
10,10,0,2,0,7,7,4,-1,-1,2,-1
10,10,0,2,0,7,0,0,0,0,0,0
4,0,0,1,1,7,7,1,1,1,1,1
48,0,0,1,1,7,7,1,0,0,0,0
32,0,0,1,1,7,7,1,0,0,0,0
36,6,6,3,1,0,1,1,0,0,0,0
6,6,0,2,1,7,7,4,0,-1,-1,-1
6,6,0,2,1,0,7,0,1,1,1,1
36,4,4,8,1,0,1,0,1,1,1,1
36,4,4,6,1,7,7,2,1,1,-1,-1
36,4,4,5,0,7,7,3,-1,-1,1,0
36,4,4,4,0,7,7,2,1,1,-1,-1
36,4,4,3,0,7,7,3,-1,-1,1,1
36,4,0,2,0,7,7,2,1,1,-1,-1
36,0,0,1,0,7,7,1,0,0,0,0
2,2,2,8,1,7,7,0,1,1,1,1
2,2,2,6,1,7,7,0,1,1,1,1
2,2,2,4,1,7,7,0,1,1,1,1
2,2,0,2,1,7,7,0,1,1,1,1
2,1,1,3,1,0,7,0,2,1,2,1
1,0,0,1,1,7,7,2,2,2,-1,-1
16,0,0,1,1,7,7,1,0,0,0,0
48,0,0,1,1,7,7,1,0,0,0,0
8,0,0,1,1,7,7,1,1,1,1,1
29,12,7,8,1,7,7,2,2,2,-1,-1
29,12,7,7,0,7,7,3,-1,-1,2,1
29,12,7,6,0,7,7,2,1,1,-1,-1
29,12,7,5,0,7,7,3,-1,-1,1,1
29,12,7,4,0,7,7,2,1,1,-1,-1
29,12,7,3,0,7,7,3,-1,-1,0,0
29,12,0,2,0,7,7,4,0,-1,-1,-1
29,12,0,2,0,0,7,1,0,0,0,0
12,0,0,1,0,7,7,1,1,1,1,1
2,2,1,7,1,7,7,0,1,1,1,1
1,1,1,5,1,7,7,0,1,1,1,1
1,1,1,3,1,7,7,0,1,1,1,1
1,0,0,1,1,7,7,2,2,2,-1,-1
4,2,2,5,1,7,7,0,1,1,1,1
2,2,2,3,1,7,7,0,1,1,1,1
2,0,0,1,1,7,7,2,2,2,-1,-1
40,15,9,3,1,7,7,1,0,0,0,0
15,9,0,2,1,7,7,4,0,-1,-1,-1
15,9,0,2,1,0,7,1,0,0,0,0
9,0,0,1,1,7,7,1,1,0,1,1
6,6,6,8,1,0,7,2,2,2,-1,-1
6,6,6,7,0,7,7,3,-1,-1,2,2
6,6,6,6,0,7,7,2,2,2,-1,-1
6,6,6,5,0,7,7,3,-1,-1,2,2
6,6,6,4,0,7,7,0,1,1,1,1
6,6,0,2,1,7,7,4,-1,-1,0,-1
6,6,0,2,1,7,0,2,1,1,-1,-1
6,0,0,1,0,7,7,3,-1,-1,1,2
4,0,0,1,1,7,7,1,1,1,1,1
32,0,0,1,1,0,7,1,0,0,0,0
8,1,1,5,1,7,7,0,1,1,1,1
8,1,1,3,1,7,7,2,2,2,-1,-1
8,1,0,2,0,7,7,1,1,1,1,1
1,0,0,1,1,7,7,2,2,2,-1,-1
2,1,1,3,1,7,7,0,1,1,1,1
1,0,0,1,1,7,7,2,2,2,-1,-1
2,1,1,3,1,7,7,0,1,1,1,1
1,0,0,1,1,7,7,2,2,2,-1,-1
46,10,4,6,1,7,7,2,2,1,-1,-1
46,10,2,5,0,7,7,3,-1,-1,2,1
46,10,1,4,1,7,7,2,2,2,-1,-1
46,10,1,3,0,7,7,3,-1,-1,2,2
46,10,0,2,0,7,7,1,0,0,0,0
10,0,0,1,0,7,7,1,1,0,1,1
28,5,5,5,1,7,7,0,1,1,1,1
28,5,5,3,1,7,7,4,-1,-1,2,-1
28,5,5,3,1,7,0,2,1,1,-1,-1
28,5,0,2,0,7,0,3,-1,-1,1,0
28,0,0,1,1,7,7,1,0,0,0,0
22,12,8,8,1,7,7,2,1,1,-1,-1
22,12,8,7,0,7,7,3,-1,-1,1,1
22,12,8,6,1,7,7,2,1,1,-1,-1
22,12,8,5,0,7,7,3,-1,-1,1,1
22,12,8,4,0,7,7,2,1,1,-1,-1
22,12,8,3,0,7,7,3,-1,-1,0,0
22,12,0,2,0,7,7,1,0,0,0,0
12,0,0,1,1,7,7,1,1,1,1,1
17,16,5,5,1,0,7,0,1,1,1,1
17,16,5,3,1,7,7,4,-1,-1,0,-1
17,16,5,3,1,7,0,2,1,1,-1,-1
17,16,0,2,0,7,0,0,0,0,0,0
13,8,6,4,1,7,7,1,0,0,0,1
8,6,5,3,1,7,7,4,-1,-1,2,-1
8,6,5,3,1,7,0,1,1,1,1,1
6,5,0,2,1,7,7,0,1,1,1,1
3,1,0,2,1,7,7,0,1,1,1,1
8,8,8,8,1,0,7,2,1,1,-1,-1
8,8,8,7,0,7,7,3,-1,-1,1,1
8,8,8,6,1,7,7,2,1,1,-1,-1
8,8,8,5,0,7,7,3,-1,-1,1,1
8,8,8,4,1,7,7,0,0,0,0,1
8,8,0,2,1,7,7,4,-1,-1,2,-1
8,8,0,2,1,7,0,0,0,0,0,0
2,1,1,3,1,7,7,0,1,1,1,1
1,0,0,1,1,7,7,2,2,2,-1,-1
48,0,0,1,1,0,7,1,0,0,0,0
6,1,1,3,1,7,7,0,1,1,1,2
1,0,0,1,0,7,7,3,-1,-1,1,2
32,0,0,1,1,0,7,1,0,0,0,0
3,1,1,6,1,7,7,0,1,1,1,1
1,1,1,4,1,7,7,0,1,1,1,1
1,1,0,2,1,7,7,0,1,1,1,1
12,2,2,3,1,7,7,1,1,1,1,1
2,2,0,2,1,7,7,0,1,1,1,1
32,0,0,1,1,7,7,1,0,0,0,0
6,5,5,3,1,7,7,1,1,1,1,1
5,5,0,2,1,7,7,0,1,1,1,1
10,8,2,5,1,7,7,2,2,2,-1,-1
10,8,2,4,0,7,7,3,-1,-1,2,1
10,8,2,3,0,7,7,1,1,0,1,1
8,2,0,2,0,7,7,2,2,2,-1,-1
8,0,0,1,0,7,7,1,1,1,1,1
22,10,0,2,1,0,7,1,0,0,0,0
10,0,0,1,1,7,7,1,1,0,1,1
16,0,0,1,1,0,7,1,0,0,0,0
32,0,0,1,1,0,7,1,0,0,0,0
16,16,0,2,1,0,7,0,0,0,0,0
30,18,0,2,1,7,7,1,0,0,0,0
18,0,0,1,0,7,7,1,0,0,0,0
16,12,12,5,1,7,7,1,0,0,0,1
12,12,12,4,1,7,7,4,-1,-1,2,-1
12,12,12,4,1,7,0,1,1,1,1,1
12,12,12,3,1,7,7,4,-1,-1,0,-1
12,12,12,3,1,7,0,2,0,0,-1,-1
12,12,0,2,0,7,7,3,-1,-1,0,2
12,0,0,1,0,7,7,1,1,1,1,1
64,0,0,1,1,0,7,1,0,0,0,0
6,5,5,3,1,7,7,1,1,1,1,1
5,5,0,2,1,7,7,0,1,1,1,1
10,9,9,7,1,7,7,1,1,0,1,2
9,9,9,6,0,7,7,4,-1,-1,2,-1
9,9,9,6,0,7,0,1,1,0,1,2
9,9,9,5,0,7,7,4,-1,-1,2,-1
9,9,9,5,0,7,0,1,1,0,1,2
9,9,9,4,0,7,7,4,-1,-1,2,-1
9,9,9,4,0,7,0,1,1,0,1,2
9,9,9,3,0,7,7,4,-1,-1,2,-1
9,9,9,3,0,7,0,1,1,0,1,2
9,9,0,2,0,7,7,4,-1,-1,2,-1
9,9,0,2,0,7,0,0,0,0,0,0
4,2,2,5,1,7,7,0,1,1,1,1
2,2,2,3,1,7,7,0,1,1,1,1
2,0,0,1,1,7,7,2,2,2,-1,-1
32,0,0,1,1,7,7,1,0,0,0,0
4,4,0,2,1,0,7,0,1,1,1,1
14,2,2,6,1,0,7,0,1,1,1,1
14,2,2,4,1,7,7,2,2,2,-1,-1
14,2,2,3,0,7,7,3,-1,-1,2,2
14,2,0,2,0,7,7,1,0,0,1,0
2,0,0,1,0,7,7,3,-1,-1,2,2
13,11,0,2,1,7,7,0,0,0,0,0
7,3,2,7,1,7,7,0,1,1,1,1
7,1,1,5,1,7,7,0,1,1,1,1
7,1,1,3,1,7,7,2,2,2,-1,-1
7,1,0,2,0,7,7,1,1,1,1,1
1,0,0,1,1,7,7,2,2,2,-1,-1
5,1,1,8,1,7,7,0,1,1,1,1
5,1,1,6,1,7,7,0,1,1,1,1
5,1,1,4,1,7,7,0,1,1,1,1
5,1,0,2,1,7,7,0,1,1,0,2
24,10,10,5,1,0,1,0,0,0,0,1
24,10,10,3,1,7,7,4,-1,-1,2,-1
24,10,10,3,1,7,0,1,0,0,0,0
10,10,0,2,1,7,7,4,2,-1,-1,-1
10,10,0,2,1,0,7,0,0,0,0,0
3,3,3,4,1,7,7,0,1,1,1,1
3,3,0,2,1,7,7,0,1,1,1,1
48,0,0,1,1,7,7,1,0,0,0,0
40,8,0,2,1,7,7,1,0,0,0,0
8,0,0,1,1,7,7,1,1,1,1,1
6,2,2,6,1,0,7,0,1,1,1,1
6,2,2,4,1,7,7,2,2,2,-1,-1
6,2,2,3,0,7,7,3,-1,-1,2,2
6,2,0,2,0,7,7,2,2,2,-1,-1
6,0,0,1,0,7,7,1,1,1,1,1
11,11,10,7,1,7,7,2,1,1,-1,-1
11,11,10,6,0,7,7,3,-1,-1,1,1
11,11,10,5,1,7,7,2,2,2,-1,-1
11,11,10,4,0,7,7,3,-1,-1,2,0
11,11,10,3,0,7,7,4,0,-1,-1,-1
11,11,10,3,0,0,7,1,1,1,2,1
11,10,0,2,1,7,7,4,-1,-1,2,-1
11,10,0,2,1,7,0,2,0,0,-1,-1
11,0,0,1,0,7,0,3,-1,-1,0,0
32,0,0,1,1,7,7,1,0,0,0,0
17,6,3,8,1,7,7,0,1,1,1,1
17,6,1,6,1,7,7,2,2,2,-1,-1
17,6,1,5,0,7,7,3,-1,-1,2,2
17,6,1,4,0,7,7,2,2,2,-1,-1
17,6,1,3,0,7,7,1,0,0,0,0
6,1,0,2,0,7,7,2,2,2,-1,-1
6,0,0,1,1,7,7,1,1,1,1,1
16,0,0,1,1,7,7,1,0,0,0,0
18,4,1,4,1,7,7,2,2,1,-1,-1
18,1,1,3,0,7,7,3,-1,-1,1,2
18,1,0,2,0,7,7,1,0,0,0,0
1,0,0,1,0,7,7,2,2,2,-1,-1
4,4,2,6,1,7,7,0,1,1,1,1
2,2,2,4,1,7,7,0,1,1,1,1
2,2,0,2,1,7,7,0,1,1,1,1
48,0,0,1,1,0,7,1,0,0,0,0
3,3,3,8,1,7,7,0,1,1,1,1
3,3,3,6,1,7,7,0,1,1,1,1
3,3,3,4,1,7,7,0,1,1,1,1
3,3,0,2,1,7,7,0,1,1,1,1
11,6,4,4,1,7,7,0,1,1,1,0
11,3,0,2,0,7,7,4,0,-1,-1,-1
11,3,0,2,0,0,7,3,-1,-1,1,1
11,0,0,1,0,0,7,1,1,1,1,1
11,11,10,7,1,7,7,2,1,1,-1,-1
11,11,10,6,0,7,7,3,-1,-1,1,1
11,11,10,5,1,7,7,2,2,2,-1,-1
11,11,10,4,0,7,7,3,-1,-1,2,0
11,11,10,3,0,7,7,4,0,-1,-1,-1
11,11,10,3,0,0,7,1,1,1,2,1
11,10,0,2,1,7,7,4,-1,-1,2,-1
11,10,0,2,1,7,0,2,0,0,-1,-1
11,0,0,1,0,7,0,3,-1,-1,0,0
39,11,5,8,1,7,7,2,2,2,-1,-1
39,11,5,7,0,7,7,3,-1,-1,2,2
39,11,5,6,0,7,7,2,2,2,-1,-1
39,11,5,5,0,7,7,3,-1,-1,1,2
39,11,5,4,0,7,7,2,1,1,-1,-1
39,11,3,3,0,7,7,3,-1,-1,1,1
39,11,0,2,0,7,7,1,0,0,0,0
11,0,0,1,1,7,7,1,1,1,1,1
16,0,0,1,1,7,7,1,0,0,0,0
24,0,0,1,1,7,7,1,0,0,0,0
3,1,0,2,1,7,7,0,1,1,1,1
3,2,2,8,1,7,7,0,1,1,1,1
2,1,1,6,1,7,7,0,1,1,1,1
1,1,1,4,1,7,7,0,1,1,1,1
1,1,0,2,1,7,7,0,1,1,1,1
32,0,0,1,1,0,7,1,0,0,0,0
4,0,0,1,1,7,7,1,1,1,1,1
2,1,1,3,1,7,7,0,1,1,1,1
1,0,0,1,1,7,7,2,2,2,-1,-1
13,3,0,2,1,7,7,1,0,0,1,1
3,0,0,1,0,7,7,3,-1,-1,1,1
20,6,3,5,1,7,7,2,2,1,-1,-1
20,6,2,4,0,7,7,3,-1,-1,2,1
20,6,1,3,1,7,7,2,2,2,-1,-1
20,6,0,2,0,7,7,1,0,0,0,0
6,0,0,1,1,7,7,1,1,1,1,1
8,0,0,1,1,0,7,1,1,1,1,1
17,7,0,2,1,7,7,1,0,0,0,0
7,0,0,1,0,7,7,1,1,1,1,1
3,2,1,5,1,7,7,0,1,1,1,1
1,1,1,3,1,7,7,0,1,1,1,1
1,0,0,1,1,7,7,2,2,2,-1,-1
1,1,1,8,1,7,7,0,1,1,1,1
1,1,1,6,1,7,7,0,1,1,1,1
1,1,1,4,1,7,7,0,1,1,1,1
1,1,0,2,1,7,7,0,1,1,1,1
10,7,7,7,1,0,1,2,2,2,-1,-1
10,7,7,6,0,7,1,3,-1,-1,2,2
10,7,7,5,0,7,7,2,2,2,-1,-1
10,7,7,4,0,7,7,1,1,1,1,2
7,7,2,3,0,7,7,2,2,2,-1,-1
7,7,0,2,0,7,7,0,0,0,0,0
33,8,3,6,1,7,7,2,2,1,-1,-1
33,8,2,5,0,7,7,3,-1,-1,2,1
33,8,1,4,1,7,7,2,2,2,-1,-1
33,8,1,3,0,7,7,3,-1,-1,2,2
33,8,0,2,0,7,7,1,0,0,0,0
8,0,0,1,0,7,7,1,1,1,1,1
35,8,3,4,1,0,1,2,2,1,-1,-1
35,8,2,3,0,7,1,3,-1,-1,1,2
35,8,0,2,0,7,7,1,0,0,0,0
8,0,0,1,1,7,7,1,1,1,1,1
12,4,4,6,1,7,7,0,1,1,1,1
12,4,4,4,1,7,7,2,2,1,-1,-1
12,4,4,3,0,7,7,3,-1,-1,1,1
12,4,0,2,0,7,7,2,1,1,-1,-1
12,0,0,1,0,7,7,1,1,1,1,1
18,4,2,3,1,7,7,1,0,0,0,0
4,2,0,2,0,7,7,2,1,1,-1,-1
2,0,0,1,0,7,7,3,-1,-1,1,2
9,2,1,3,1,7,7,1,1,1,1,2
2,1,0,2,0,7,7,2,2,2,-1,-1
1,0,0,1,0,7,7,3,-1,-1,2,2
2,1,1,7,1,0,7,0,2,1,2,1
1,1,1,5,1,7,7,0,1,1,1,1
1,1,1,3,1,7,7,0,1,1,1,1
1,0,0,1,1,7,7,2,2,2,-1,-1
7,3,2,7,1,7,7,0,1,1,1,1
7,1,1,5,1,7,7,0,1,1,1,1
7,1,1,3,1,7,7,2,2,2,-1,-1
7,1,0,2,0,7,7,1,1,1,1,1
1,0,0,1,1,7,7,2,2,2,-1,-1
21,6,3,4,1,7,7,2,2,2,-1,-1
21,6,3,3,0,7,7,1,0,0,0,0
6,3,0,2,0,7,7,0,1,1,1,0
9,7,0,2,1,0,7,0,0,0,0,0
1,1,1,8,1,7,7,0,1,1,1,1
1,1,1,6,1,7,7,0,1,1,1,1
1,1,1,4,1,7,7,0,1,1,1,1
1,1,0,2,1,7,7,0,1,1,1,1
10,4,3,8,1,7,7,0,1,1,1,1
10,2,2,6,1,7,7,0,1,1,1,1
10,1,1,4,1,7,7,2,2,2,-1,-1
10,1,1,3,0,7,7,3,-1,-1,2,2
10,1,0,2,0,7,7,1,1,1,1,2
1,0,0,1,0,7,7,2,2,2,-1,-1
9,2,1,3,1,7,7,1,1,1,1,2
2,1,0,2,0,7,7,2,2,2,-1,-1
1,0,0,1,0,7,7,3,-1,-1,2,2
38,10,0,2,1,0,7,1,0,0,0,0
10,0,0,1,1,7,7,1,1,0,1,1
7,1,1,6,1,7,7,0,1,1,1,1
7,1,1,4,1,7,7,2,2,2,-1,-1
7,1,1,3,0,7,7,3,-1,-1,2,2
7,1,0,2,0,7,7,2,2,2,-1,-1
7,0,0,1,0,7,7,1,1,1,1,1
13,3,0,2,1,7,7,1,0,0,1,1
3,0,0,1,0,7,7,3,-1,-1,1,1
16,12,12,5,1,0,7,1,0,0,0,1
12,12,12,4,1,7,7,4,-1,-1,2,-1
12,12,12,4,1,7,0,1,1,1,1,1
12,12,12,3,1,7,7,4,-1,-1,0,-1
12,12,12,3,1,7,0,2,0,0,-1,-1
12,12,0,2,0,7,7,3,-1,-1,0,2
12,0,0,1,0,7,7,1,1,1,1,1
16,12,12,5,1,0,7,1,0,0,0,1
12,12,12,4,1,7,7,4,-1,-1,2,-1
12,12,12,4,1,7,0,1,1,1,1,1
12,12,12,3,1,7,7,4,-1,-1,0,-1
12,12,12,3,1,7,0,2,0,0,-1,-1
12,12,0,2,0,7,7,3,-1,-1,0,2
12,0,0,1,0,7,7,1,1,1,1,1
34,15,15,3,1,0,7,1,0,0,0,0
15,15,0,2,0,7,7,4,0,-1,-1,-1
15,15,0,2,0,0,7,0,0,0,0,0
29,9,4,6,1,7,7,2,2,1,-1,-1
29,9,4,5,0,7,7,3,-1,-1,1,1
29,9,3,4,0,7,7,2,1,2,-1,-1
29,9,1,3,0,7,7,3,-1,-1,2,2
29,9,0,2,0,7,7,1,0,0,0,0
9,0,0,1,0,7,7,1,1,0,1,1
5,1,1,4,1,7,7,2,2,2,-1,-1
5,1,1,3,0,7,7,3,-1,-1,2,2
5,1,0,2,0,7,7,2,2,2,-1,-1
5,0,0,1,0,7,7,1,1,1,1,1
8,0,0,1,1,7,7,1,1,1,1,1
4,2,2,5,1,7,7,0,1,1,1,1
2,2,2,3,1,7,7,0,1,1,1,1
2,0,0,1,1,7,7,2,2,2,-1,-1
1,1,1,8,1,0,7,0,2,1,2,1
1,1,1,6,1,7,7,0,1,1,1,1
1,1,1,4,1,7,7,0,1,1,1,1
1,1,0,2,1,7,7,0,1,1,1,1
3,2,1,5,1,7,7,0,1,1,1,1
1,1,1,3,1,7,7,0,1,1,1,1
1,0,0,1,1,7,7,2,2,2,-1,-1
12,10,10,3,1,7,7,1,1,0,1,1
10,10,0,2,0,7,7,4,-1,-1,2,-1
10,10,0,2,0,7,0,0,0,0,0,0
4,1,1,5,1,0,7,0,1,1,2,2
1,1,1,3,0,7,7,3,-1,-1,1,2
1,1,0,2,0,7,7,0,1,1,1,1
2,2,1,6,1,7,7,0,1,1,1,1
1,1,1,4,1,7,7,0,1,1,1,1
1,1,0,2,1,7,7,0,1,1,1,1
15,15,14,7,1,7,7,0,1,1,1,1
15,15,14,5,1,7,7,4,-1,-1,0,-1
15,15,14,5,1,7,0,2,1,1,-1,-1
15,15,14,4,0,7,0,3,-1,-1,1,2
15,15,14,3,0,7,7,4,2,-1,-1,-1
15,15,14,3,0,0,7,1,0,0,0,1
15,14,0,2,1,7,7,4,-1,-1,2,-1
15,14,0,2,1,7,0,0,0,0,0,0
4,2,1,4,1,7,7,0,1,1,1,1
1,1,0,2,1,7,7,0,1,1,1,1
1,1,1,4,1,7,7,0,1,1,1,1
1,1,0,2,1,7,7,0,1,1,1,1
3,2,1,5,1,7,7,0,1,1,1,1
1,1,1,3,1,7,7,0,1,1,1,1
1,0,0,1,1,7,7,2,2,2,-1,-1
26,6,0,2,1,7,7,1,0,0,0,0
6,0,0,1,1,7,7,1,1,1,1,1
3,3,3,8,1,0,7,0,1,1,2,2
3,3,3,6,0,7,7,3,-1,-1,1,2
3,3,3,5,0,7,7,0,1,1,1,1
3,1,1,3,1,7,7,0,1,1,1,1
1,0,0,1,1,7,7,2,2,2,-1,-1
36,14,14,3,1,7,7,1,0,0,0,0
14,14,0,2,1,7,7,4,0,-1,-1,-1
14,14,0,2,1,0,7,0,0,0,0,0
2,1,1,3,1,7,7,0,1,1,1,1
1,0,0,1,1,7,7,2,2,2,-1,-1
16,4,4,3,1,7,7,1,0,0,0,0
4,4,0,2,1,7,7,0,1,1,1,1
4,0,0,1,1,7,7,1,1,1,1,1
16,11,8,5,1,7,7,0,0,0,0,1
16,11,6,3,1,7,7,4,-1,-1,2,-1
16,11,6,3,1,7,0,1,0,0,0,1
11,6,0,2,1,7,7,4,-1,-1,2,-1
11,6,0,2,1,7,0,1,1,1,1,1
6,0,0,1,1,7,7,1,1,1,1,1
1,1,1,4,1,7,7,0,1,1,1,1
1,1,0,2,1,7,7,0,1,1,1,1
4,0,0,1,1,0,7,1,2,1,2,1
16,0,0,1,1,0,7,1,0,0,0,0
21,9,9,4,1,0,7,1,0,1,0,0
9,9,9,3,0,7,7,4,0,-1,-1,-1
9,9,9,3,0,0,7,4,-1,-1,0,-1
9,9,9,3,0,0,0,1,1,0,1,2
9,9,0,2,0,7,7,4,-1,-1,2,-1
9,9,0,2,0,7,0,0,0,0,0,0
4,4,2,4,1,7,7,0,1,1,1,1
2,2,0,2,1,7,7,0,1,1,1,1
32,0,0,1,1,0,7,1,0,0,0,0
32,0,0,1,1,7,7,1,0,0,0,0
9,2,1,3,1,7,7,1,1,1,1,2
2,1,0,2,0,7,7,2,2,2,-1,-1
1,0,0,1,0,7,7,3,-1,-1,2,2
16,0,0,1,1,7,7,1,0,0,0,0
22,22,10,4,1,7,7,0,0,0,0,1
22,22,0,2,1,7,7,4,-1,-1,2,-1
22,22,0,2,1,7,0,0,0,0,0,0
4,4,2,6,1,0,7,0,1,1,2,2
4,2,2,4,0,7,7,3,-1,-1,1,2
4,2,2,3,0,7,7,0,1,1,1,1
2,0,0,1,1,7,7,2,2,2,-1,-1
6,1,1,7,1,0,7,0,1,1,1,1
6,1,1,5,1,7,7,0,1,1,1,1
6,1,1,3,1,7,7,2,2,2,-1,-1
6,1,0,2,0,7,7,0,1,1,0,2
1,1,1,4,1,7,7,0,1,1,1,1
1,1,0,2,1,7,7,0,1,1,1,1
25,7,0,2,1,7,7,1,0,0,0,0
7,0,0,1,0,7,7,1,1,1,1,1
17,7,0,2,1,7,7,1,0,0,0,0
7,0,0,1,0,7,7,1,1,1,1,1
7,3,2,7,1,7,7,0,1,1,1,1
7,1,1,5,1,7,7,0,1,1,1,1
7,1,1,3,1,7,7,2,2,2,-1,-1
7,1,0,2,0,7,7,1,1,1,1,1
1,0,0,1,1,7,7,2,2,2,-1,-1
12,0,0,1,1,7,7,1,1,1,1,1
4,0,0,1,1,7,7,1,1,1,1,1
11,2,1,5,1,7,7,2,2,2,-1,-1
11,1,1,4,0,7,7,3,-1,-1,2,2
11,1,1,3,0,7,7,2,2,2,-1,-1
11,1,0,2,0,7,7,1,1,1,1,1
1,0,0,1,1,7,7,2,2,2,-1,-1
23,5,2,5,1,7,7,2,2,2,-1,-1
23,5,1,4,0,7,7,3,-1,-1,2,2
23,5,1,3,0,7,7,2,2,2,-1,-1
23,5,0,2,0,7,7,1,0,0,0,0
5,0,0,1,1,7,7,1,1,1,1,1
17,15,0,2,1,0,7,0,0,0,0,0
8,1,1,5,1,0,7,0,1,1,1,1
8,1,1,3,1,7,7,2,2,2,-1,-1
8,1,0,2,0,7,7,1,1,1,1,1
1,0,0,1,1,7,7,2,2,2,-1,-1
16,16,0,2,1,7,7,0,0,0,0,0
9,4,2,4,1,7,7,2,2,1,-1,-1
9,2,1,3,0,7,7,3,-1,-1,1,2
9,1,0,2,0,7,7,1,1,1,1,2
1,0,0,1,0,7,7,2,2,2,-1,-1
2,2,0,2,1,7,7,0,1,1,1,1
6,3,3,3,1,0,7,0,1,1,1,1
6,0,0,1,1,7,7,1,1,1,1,1
8,3,2,5,1,7,7,0,1,1,1,1
8,2,1,3,1,7,7,2,2,2,-1,-1
8,1,0,2,0,7,7,1,1,1,1,1
1,0,0,1,1,7,7,2,2,2,-1,-1
6,6,6,6,1,0,7,2,2,2,-1,-1
6,6,6,5,0,7,7,3,-1,-1,2,2
6,6,6,4,0,7,7,0,1,1,1,1
6,2,0,2,1,7,7,4,-1,-1,0,-1
6,2,0,2,1,7,0,2,1,1,-1,-1
2,0,0,1,0,7,7,3,-1,-1,2,1
4,4,4,7,1,7,7,0,1,1,1,1
4,1,1,5,1,7,7,0,1,1,1,1
1,1,1,3,1,7,7,0,1,1,1,1
1,0,0,1,1,7,7,2,2,2,-1,-1
2,2,2,6,1,7,7,0,1,1,1,1
2,2,2,4,1,7,7,0,1,1,1,1
2,2,0,2,1,7,7,0,1,1,1,1
4,0,0,1,1,7,7,1,1,1,1,1
9,3,0,2,1,7,7,0,0,0,0,0
48,0,0,1,1,0,7,1,0,0,0,0
7,2,1,5,1,0,7,0,1,1,1,1
7,1,1,3,1,7,7,2,2,2,-1,-1
7,1,0,2,0,7,7,1,1,1,1,1
1,0,0,1,1,7,7,2,2,2,-1,-1
24,24,0,2,1,7,7,0,0,0,0,0
8,0,0,1,1,7,7,1,1,1,1,1
7,5,0,2,1,7,7,0,0,0,0,0
4,2,2,3,1,0,7,0,1,1,2,2
2,0,0,1,0,7,7,3,-1,-1,1,2
3,3,3,4,1,7,7,0,1,1,1,1
3,3,0,2,1,7,7,0,1,1,1,1
8,0,0,1,1,7,7,1,1,1,1,1
13,2,1,3,1,7,7,1,0,0,1,0
2,1,0,2,0,7,7,3,-1,-1,2,2
1,0,0,1,0,7,7,2,2,2,-1,-1
17,4,1,5,1,7,7,2,2,1,-1,-1
17,4,1,4,0,7,7,3,-1,-1,1,1
17,1,1,3,0,7,7,2,1,2,-1,-1
17,1,0,2,0,7,7,1,0,0,0,0
1,0,0,1,0,7,7,2,2,2,-1,-1
2,1,1,3,1,0,1,0,2,1,2,1
1,0,0,1,1,7,7,2,2,2,-1,-1
50,2,2,8,1,7,7,2,2,2,-1,-1
50,2,2,7,0,7,7,3,-1,-1,2,2
50,2,2,6,0,7,7,2,2,2,-1,-1
50,2,2,5,0,7,7,3,-1,-1,2,2
50,2,2,4,0,7,7,2,2,2,-1,-1
50,2,2,3,0,7,7,3,-1,-1,2,2
50,2,0,2,0,7,7,1,0,0,0,0
2,0,0,1,0,7,7,2,2,2,-1,-1
2,2,1,6,1,7,7,0,1,1,1,1
1,1,1,4,1,7,7,0,1,1,1,1
1,1,0,2,1,7,7,0,1,1,1,1
6,1,1,7,1,7,7,0,1,1,1,1
6,1,1,5,1,7,7,0,1,1,1,1
6,1,1,3,1,7,7,2,2,2,-1,-1
6,1,0,2,0,7,7,0,1,1,0,2
35,8,3,4,1,0,7,2,2,1,-1,-1
35,8,2,3,0,7,7,3,-1,-1,1,2
35,8,0,2,0,7,7,1,0,0,0,0
8,0,0,1,1,7,7,1,1,1,1,1
13,1,1,4,1,7,7,2,2,2,-1,-1
13,1,1,3,0,7,7,3,-1,-1,2,1
13,1,0,2,0,7,7,1,0,0,1,0
1,0,0,1,0,7,7,3,-1,-1,2,2
2,1,1,3,1,7,7,0,1,1,1,1
1,0,0,1,1,7,7,2,2,2,-1,-1
11,5,0,2,1,7,7,1,1,1,1,1
5,0,0,1,1,7,7,1,1,1,1,1
28,6,6,7,1,0,7,0,1,1,1,1
28,6,6,5,1,7,7,4,-1,-1,0,-1
28,6,6,5,1,7,0,2,1,1,-1,-1
28,6,6,4,0,7,0,3,-1,-1,1,2
28,6,6,3,0,7,7,4,2,-1,-1,-1
28,6,6,3,0,0,7,1,0,0,0,0
6,6,0,2,1,7,7,4,2,-1,-1,-1
6,6,0,2,1,0,7,0,1,1,1,1
6,3,2,4,1,7,7,2,2,1,-1,-1
6,3,1,3,0,7,7,3,-1,-1,1,1
6,1,0,2,0,7,7,2,1,1,-1,-1
1,0,0,1,0,7,7,3,-1,-1,1,2
25,23,0,2,1,0,1,0,0,0,0,0
40,4,4,7,1,7,7,2,1,1,-1,-1
40,4,4,6,0,7,7,3,-1,-1,1,1
40,4,4,5,1,7,7,2,2,1,-1,-1
40,4,4,4,0,7,7,3,-1,-1,1,1
40,4,4,3,0,7,7,2,1,1,-1,-1
40,4,0,2,0,7,7,3,-1,-1,1,1
40,0,0,1,0,7,7,1,0,0,0,0
6,2,0,2,1,7,7,0,1,1,0,2
27,14,10,5,1,7,7,0,0,0,0,1
27,14,10,3,0,7,7,4,-1,-1,2,-1
27,14,10,3,0,7,0,1,0,0,0,0
14,10,0,2,1,7,7,4,2,-1,-1,-1
14,10,0,2,1,0,7,0,0,0,0,0
4,0,0,1,1,7,7,1,1,1,1,1
27,5,0,2,1,0,7,1,0,0,0,0
5,0,0,1,1,7,7,1,1,1,1,1
31,15,10,4,1,0,7,1,0,0,0,0
15,10,8,3,1,7,7,4,0,-1,-1,-1
15,10,8,3,1,0,7,4,-1,-1,0,-1
15,10,8,3,1,0,0,1,0,0,0,1
10,8,0,2,1,7,7,4,-1,-1,2,-1
10,8,0,2,1,7,0,0,0,0,0,0
5,2,1,7,1,0,7,0,1,1,1,1
5,1,1,5,1,7,7,0,1,1,1,1
5,1,1,3,1,7,7,2,2,2,-1,-1
5,1,0,2,0,7,7,0,1,1,0,2
6,6,6,4,1,0,7,0,1,1,1,1
6,6,0,2,1,7,7,4,-1,-1,2,-1
6,6,0,2,1,7,0,2,1,1,-1,-1
6,0,0,1,0,7,7,3,-1,-1,1,0
8,0,0,1,1,7,7,1,1,1,1,1
10,8,2,5,1,7,7,2,2,2,-1,-1
10,8,2,4,0,7,7,3,-1,-1,2,1
10,8,2,3,0,7,7,1,1,0,1,1
8,2,0,2,0,7,7,2,2,2,-1,-1
8,0,0,1,0,7,7,1,1,1,1,1
23,5,5,6,1,7,7,0,1,1,1,1
23,5,5,4,1,7,7,4,-1,-1,0,-1
23,5,5,4,1,7,0,2,1,1,-1,-1
23,5,5,3,0,7,0,3,-1,-1,1,2
23,5,0,2,0,7,7,4,2,-1,-1,-1
23,5,0,2,0,0,7,1,0,0,0,0
5,0,0,1,1,7,7,1,1,1,1,1
2,1,1,3,1,7,7,0,1,1,1,1
1,0,0,1,1,7,7,2,2,2,-1,-1
3,1,0,2,1,7,7,0,1,1,1,1
20,2,2,7,1,7,7,0,1,1,1,1
20,2,2,5,1,7,7,2,2,2,-1,-1
20,2,2,4,0,7,7,3,-1,-1,2,2
20,2,2,3,0,7,7,2,2,2,-1,-1
20,2,0,2,0,7,7,1,0,0,0,0
2,0,0,1,1,7,7,2,2,2,-1,-1
11,6,4,4,1,7,7,0,1,1,1,0
11,3,0,2,0,7,7,4,0,-1,-1,-1
11,3,0,2,0,0,7,3,-1,-1,1,1
11,0,0,1,0,0,7,1,1,1,1,1
8,5,4,6,1,7,7,0,1,1,1,1
8,5,2,4,1,7,7,2,2,2,-1,-1
8,5,2,3,0,7,7,1,1,1,1,1
5,2,0,2,1,7,7,0,1,1,0,2
48,0,0,1,1,7,7,1,0,0,0,0
8,0,0,1,1,7,7,1,1,1,1,1
4,1,1,5,1,7,7,0,1,1,1,1
1,1,1,3,1,7,7,0,1,1,1,1
1,0,0,1,1,7,7,2,2,2,-1,-1
32,0,0,1,1,7,7,1,0,0,0,0
24,0,0,1,1,0,7,1,0,0,0,0
12,9,9,5,1,7,7,1,1,0,1,1
9,9,9,4,0,7,7,4,-1,-1,2,-1
9,9,9,4,0,7,0,1,1,0,1,2
9,9,9,3,0,7,7,4,-1,-1,2,-1
9,9,9,3,0,7,0,1,1,0,1,2
9,9,0,2,0,7,7,4,-1,-1,2,-1
9,9,0,2,0,7,0,0,0,0,0,0
25,10,6,5,1,7,7,2,2,0,-1,-1
25,10,6,4,0,7,7,3,-1,-1,1,2
25,10,6,3,1,7,7,4,-1,-1,2,-1
25,10,6,3,1,7,0,2,1,1,-1,-1
25,10,0,2,0,7,0,3,-1,-1,0,0
25,0,0,1,0,7,7,1,0,0,0,0
9,4,3,3,1,0,7,1,1,0,1,1
4,3,0,2,0,7,7,0,1,1,1,1
16,5,3,3,1,7,7,1,0,0,0,1
5,3,0,2,1,7,7,4,-1,-1,2,-1
5,3,0,2,1,7,0,0,1,0,1,1
8,4,4,5,1,7,7,0,1,1,1,1
8,4,4,3,1,7,7,0,1,1,1,1
8,0,0,1,1,7,7,1,1,1,1,1
11,11,11,6,1,7,7,0,1,0,1,1
11,11,11,4,0,7,7,4,-1,-1,2,-1
11,11,11,4,0,7,0,1,1,1,1,1
11,11,5,3,1,7,7,4,-1,-1,0,-1
11,11,5,3,1,7,0,2,1,1,-1,-1
11,11,0,2,0,7,0,0,0,0,0,0
16,16,16,3,1,7,7,1,0,0,0,1
16,16,0,2,1,7,7,4,-1,-1,2,-1
16,16,0,2,1,7,0,0,0,0,0,0
4,2,2,3,1,0,1,0,1,1,2,2
2,0,0,1,0,7,7,3,-1,-1,1,2
3,2,1,5,1,7,7,0,1,1,1,1
1,1,1,3,1,7,7,0,1,1,1,1
1,0,0,1,1,7,7,2,2,2,-1,-1
64,0,0,1,1,0,7,1,0,0,0,0
1,1,1,4,1,7,7,0,1,1,1,1
1,1,0,2,1,7,7,0,1,1,1,1
16,16,0,2,1,7,7,0,0,0,0,0
4,4,4,4,1,7,7,0,1,1,1,1
4,4,0,2,1,7,7,0,1,1,1,1
21,6,3,4,1,7,7,2,2,2,-1,-1
21,6,3,3,0,7,7,1,0,0,0,0
6,3,0,2,0,7,7,0,1,1,1,0
48,0,0,1,1,0,7,1,0,0,0,0
15,6,4,8,1,0,7,0,1,1,1,1
15,6,2,6,1,7,7,2,2,2,-1,-1
15,6,1,5,0,7,7,3,-1,-1,2,2
15,6,1,4,0,7,7,2,2,1,-1,-1
15,6,1,3,0,7,7,1,0,0,0,1
6,1,0,2,1,7,7,4,-1,-1,2,-1
6,1,0,2,1,7,0,0,0,2,1,1
22,21,21,3,1,7,7,1,0,0,0,0
21,21,0,2,1,7,7,4,2,-1,-1,-1
21,21,0,2,1,0,7,0,0,0,0,0
6,4,3,4,1,7,7,0,1,1,1,1
6,3,0,2,1,7,7,0,1,1,1,0
32,8,3,7,1,7,7,2,2,2,-1,-1
32,8,3,6,0,7,7,3,-1,-1,2,2
32,8,3,5,0,7,7,2,2,2,-1,-1
32,8,3,4,0,7,7,3,-1,-1,2,2
32,8,3,3,0,7,7,1,0,0,0,0
8,3,0,2,1,7,7,4,0,-1,-1,-1
8,3,0,2,1,0,7,0,0,0,0,0
16,0,0,1,1,7,7,1,0,0,0,0
39,3,3,4,1,7,7,2,2,1,-1,-1
39,3,3,3,0,7,7,3,-1,-1,1,1
39,3,0,2,0,7,7,2,1,1,-1,-1
39,0,0,1,0,7,7,1,0,0,0,0
6,1,1,7,1,7,7,0,1,1,1,1
6,1,1,5,1,7,7,0,1,1,1,1
6,1,1,3,1,7,7,2,2,2,-1,-1
6,1,0,2,0,7,7,0,1,1,0,2
16,0,0,1,1,7,7,1,0,0,0,0
17,7,0,2,1,0,7,1,0,0,0,0
7,0,0,1,0,7,7,1,1,1,1,1
6,3,2,7,1,0,7,0,1,1,1,1
6,2,1,5,1,7,7,0,1,1,1,1
6,1,1,3,1,7,7,2,2,2,-1,-1
6,1,0,2,0,7,7,0,1,1,0,2
34,8,4,4,1,7,7,2,2,2,-1,-1
34,8,4,3,0,7,7,1,0,0,0,0
8,4,0,2,0,7,7,2,1,1,-1,-1
8,0,0,1,0,7,7,1,1,1,1,1
8,2,2,3,1,7,7,0,1,1,1,1
8,0,0,1,1,7,7,1,1,1,1,1
11,11,5,4,1,7,7,0,1,0,1,1
11,11,0,2,0,7,7,4,-1,-1,2,-1
11,11,0,2,0,7,0,0,0,0,0,0
2,2,2,8,1,7,7,0,1,1,1,1
2,2,1,6,1,7,7,0,1,1,1,1
1,1,1,4,1,7,7,0,1,1,1,1
1,1,0,2,1,7,7,0,1,1,1,1
11,5,3,7,1,7,7,0,1,1,1,1
11,5,1,5,1,7,7,2,2,2,-1,-1
11,5,1,4,0,7,7,3,-1,-1,2,2
11,5,1,3,0,7,7,2,2,2,-1,-1
11,5,0,2,0,7,7,1,1,1,1,1
5,0,0,1,1,7,7,1,1,1,1,1
7,4,3,4,1,0,7,0,1,1,1,1
7,2,0,2,1,7,7,1,1,1,1,1
2,0,0,1,1,7,7,2,2,2,-1,-1
12,9,9,5,1,0,7,1,1,1,1,1
9,9,9,4,1,7,7,4,-1,-1,0,-1
9,9,9,4,1,7,0,2,0,0,-1,-1
9,9,9,3,0,7,7,3,-1,-1,0,2
9,9,0,2,0,7,7,0,0,0,0,0
5,2,1,3,1,7,7,0,1,1,1,2
1,0,0,1,0,7,7,3,-1,-1,1,2
24,0,0,1,1,7,7,1,0,0,0,0
16,0,0,1,1,0,7,1,0,0,0,0
4,0,0,1,1,7,7,1,1,1,1,1
20,4,0,2,1,7,7,1,0,0,0,0
4,0,0,1,1,7,7,1,1,1,1,1
34,7,3,7,1,7,7,2,1,1,-1,-1
34,7,1,6,0,7,7,3,-1,-1,1,1
34,7,1,5,1,7,7,2,2,2,-1,-1
34,7,1,4,0,7,7,3,-1,-1,2,2
34,7,1,3,0,7,7,2,2,2,-1,-1
34,7,0,2,0,7,7,1,0,0,0,0
7,0,0,1,0,7,7,1,1,1,1,1
28,18,18,3,1,0,7,1,0,0,0,0
18,18,0,2,1,7,7,4,2,-1,-1,-1
18,18,0,2,1,0,7,0,0,0,0,0
19,6,3,5,1,0,1,2,2,1,-1,-1
19,6,2,4,0,7,1,3,-1,-1,2,1
19,6,2,3,1,7,7,2,2,2,-1,-1
19,6,0,2,0,7,7,1,0,0,0,0
6,0,0,1,1,7,7,1,1,1,1,1
41,12,6,5,1,7,7,2,2,1,-1,-1
41,12,6,4,0,7,7,3,-1,-1,1,1
41,12,6,3,0,7,7,2,1,1,-1,-1
41,12,0,2,0,7,7,1,0,0,0,0
12,0,0,1,0,7,7,1,1,1,1,1
12,12,12,4,1,7,7,1,1,0,1,1
12,12,12,3,0,7,7,4,-1,-1,2,-1
12,12,12,3,0,7,0,1,1,1,1,1
12,12,0,2,1,7,7,4,-1,-1,0,-1
12,12,0,2,1,7,0,2,0,0,-1,-1
12,0,0,1,0,7,7,3,-1,-1,0,2
10,3,2,4,1,7,7,2,2,1,-1,-1
10,2,1,3,0,7,7,3,-1,-1,1,2
10,1,0,2,0,7,7,1,1,1,1,2
1,0,0,1,0,7,7,2,2,2,-1,-1
64,0,0,1,1,0,7,1,0,0,0,0
37,11,0,2,1,7,7,1,0,0,0,0
11,0,0,1,0,7,7,1,1,1,1,1
24,8,0,2,1,0,7,1,0,0,0,0
8,0,0,1,1,7,7,1,1,1,1,1
48,0,0,1,1,7,7,1,0,0,0,0
25,5,2,3,1,7,7,1,0,0,0,0
5,2,0,2,0,7,7,3,-1,-1,2,2
5,0,0,1,1,7,7,1,1,1,1,1
24,8,8,6,1,7,7,0,0,0,0,1
24,8,8,4,1,7,7,4,-1,-1,2,-1
24,8,8,4,1,7,0,1,0,1,0,1
8,8,8,3,1,7,7,4,0,-1,-1,-1
8,8,8,3,1,0,7,4,-1,-1,0,-1
8,8,8,3,1,0,0,1,1,1,1,0
8,8,0,2,0,7,7,2,0,0,-1,-1
8,0,0,1,0,7,7,3,-1,-1,0,0
12,6,6,7,1,7,7,0,1,1,1,1
12,6,6,5,1,7,7,4,-1,-1,0,-1
12,6,6,5,1,7,0,2,1,1,-1,-1
12,6,6,4,0,7,0,3,-1,-1,1,2
12,6,6,3,0,7,7,4,2,-1,-1,-1
12,6,6,3,0,0,7,1,1,1,1,1
6,6,0,2,1,7,7,4,-1,-1,2,-1
6,6,0,2,1,7,0,2,1,1,-1,-1
6,0,0,1,0,7,7,3,-1,-1,1,0
3,3,3,4,1,7,7,0,1,1,1,1
3,3,0,2,1,7,7,0,1,1,1,1
2,1,1,3,1,7,7,0,1,1,1,1
1,0,0,1,1,7,7,2,2,2,-1,-1
2,2,0,2,1,7,7,0,1,1,1,1
32,32,0,2,1,7,7,0,0,0,0,0
16,16,16,4,1,7,7,1,0,0,0,1
16,16,16,3,1,7,7,4,-1,-1,2,-1
16,16,16,3,1,7,0,1,0,0,0,1
16,16,0,2,1,7,7,4,-1,-1,2,-1
16,16,0,2,1,7,0,0,0,0,0,0
27,1,1,6,1,7,7,2,2,2,-1,-1
27,1,1,5,0,7,7,3,-1,-1,2,2
27,1,1,4,0,7,7,2,2,2,-1,-1
27,1,1,3,0,7,7,3,-1,-1,2,2
27,1,0,2,0,7,7,1,0,0,0,0
1,0,0,1,1,7,7,2,2,2,-1,-1
12,0,0,1,1,7,7,1,1,1,1,1
11,1,1,6,1,7,7,0,1,1,1,1
11,1,1,4,1,7,7,2,2,2,-1,-1
11,1,1,3,0,7,7,3,-1,-1,2,2
11,1,0,2,0,7,7,1,1,1,1,1
1,0,0,1,1,7,7,2,2,2,-1,-1
16,16,0,2,1,7,7,0,0,0,0,0
64,0,0,1,1,7,7,1,0,0,0,0
52,9,3,3,1,0,1,1,0,0,0,0
9,3,0,2,1,7,7,4,0,-1,-1,-1
9,3,0,2,1,0,7,4,-1,-1,0,-1
9,3,0,2,1,0,0,1,1,1,1,1
3,0,0,1,0,7,7,2,1,1,-1,-1
8,2,1,4,1,7,7,2,2,2,-1,-1
8,1,1,3,0,7,7,3,-1,-1,2,2
8,1,0,2,0,7,7,2,2,2,-1,-1
8,0,0,1,0,7,7,1,1,1,1,1
3,3,2,7,1,0,7,0,1,1,2,2
3,1,1,5,0,7,7,3,-1,-1,1,2
3,1,1,4,0,7,7,0,1,1,1,1
1,1,0,2,1,7,7,0,1,1,1,1
3,2,1,5,1,0,7,0,1,1,2,2
1,1,1,3,0,7,7,3,-1,-1,1,2
1,1,0,2,0,7,7,0,1,1,1,1
47,10,4,5,1,7,7,2,2,1,-1,-1
47,10,2,4,0,7,7,3,-1,-1,2,1
47,10,1,3,1,7,7,2,2,2,-1,-1
47,10,0,2,0,7,7,1,0,0,0,0
10,0,0,1,1,7,7,1,1,0,1,1
38,10,0,2,1,7,7,1,0,0,0,0
10,0,0,1,1,7,7,1,1,0,1,1
1,1,1,8,1,7,7,0,1,1,1,1
1,1,1,6,1,7,7,0,1,1,1,1
1,1,1,4,1,7,7,0,1,1,1,1
1,1,0,2,1,7,7,0,1,1,1,1
6,2,0,2,1,7,7,0,1,1,0,2
16,0,0,1,1,7,7,1,0,0,0,0
5,3,0,2,1,0,7,0,1,1,1,0
16,0,0,1,1,0,7,1,0,0,0,0
32,0,0,1,1,7,7,1,0,0,0,0
5,1,1,8,1,7,7,0,1,1,1,1
5,1,1,6,1,7,7,0,1,1,1,1
5,1,1,4,1,7,7,0,1,1,1,1
5,1,0,2,1,7,7,0,1,1,0,2
2,2,0,2,1,7,7,0,1,1,1,1
30,18,0,2,1,0,7,1,0,0,0,0
18,0,0,1,0,7,7,1,0,0,0,0
24,0,0,1,1,7,7,1,0,0,0,0
12,12,12,4,1,7,7,1,1,0,1,1
12,12,12,3,0,7,7,4,-1,-1,2,-1
12,12,12,3,0,7,0,1,1,1,1,1
12,12,0,2,1,7,7,4,-1,-1,0,-1
12,12,0,2,1,7,0,2,0,0,-1,-1
12,0,0,1,0,7,7,3,-1,-1,0,2
64,0,0,1,1,7,7,1,0,0,0,0
12,12,0,2,1,0,1,0,0,0,0,0
9,2,1,3,1,7,7,1,1,1,1,2
2,1,0,2,0,7,7,2,2,2,-1,-1
1,0,0,1,0,7,7,3,-1,-1,2,2
25,5,2,3,1,7,7,1,0,0,0,0
5,2,0,2,0,7,7,3,-1,-1,2,2
5,0,0,1,1,7,7,1,1,1,1,1
22,10,0,2,1,7,7,1,0,0,0,0
10,0,0,1,1,7,7,1,1,0,1,1
64,0,0,1,1,7,7,1,0,0,0,0
16,2,2,5,1,7,7,2,2,2,-1,-1
16,2,2,4,0,7,7,3,-1,-1,2,2
16,2,2,3,0,7,7,2,2,2,-1,-1
16,2,0,2,0,7,7,1,0,0,0,0
2,0,0,1,1,7,7,2,2,2,-1,-1
5,1,1,4,1,7,7,2,2,2,-1,-1
5,1,1,3,0,7,7,3,-1,-1,2,2
5,1,0,2,0,7,7,2,2,2,-1,-1
5,0,0,1,0,7,7,1,1,1,1,1
3,1,0,2,1,7,7,0,1,1,1,1
22,10,0,2,1,7,7,1,0,0,0,0
10,0,0,1,1,7,7,1,1,0,1,1
6,2,0,2,1,7,7,0,1,1,0,2
6,3,3,7,1,7,7,0,1,1,1,1
6,3,3,5,1,7,7,0,1,1,1,1
6,3,3,3,1,7,7,0,1,1,1,1
6,0,0,1,1,7,7,1,1,1,1,1
11,11,5,4,1,0,7,0,1,0,1,1
11,11,0,2,0,7,7,4,-1,-1,2,-1
11,11,0,2,0,7,0,0,0,0,0,0
4,0,0,1,1,7,7,1,1,1,1,1
4,2,2,3,1,7,7,0,1,1,1,1
2,0,0,1,1,7,7,2,2,2,-1,-1
8,8,8,8,1,0,7,2,1,1,-1,-1
8,8,8,7,0,7,7,3,-1,-1,1,1
8,8,8,6,1,7,7,2,1,1,-1,-1
8,8,8,5,0,7,7,3,-1,-1,1,1
8,8,8,4,1,7,7,0,0,0,0,1
8,8,0,2,1,7,7,4,-1,-1,2,-1
8,8,0,2,1,7,0,0,0,0,0,0
5,1,1,8,1,7,7,0,1,1,1,1
5,1,1,6,1,7,7,0,1,1,1,1
5,1,1,4,1,7,7,0,1,1,1,1
5,1,0,2,1,7,7,0,1,1,0,2
17,1,1,8,1,0,7,0,1,1,1,1
17,1,1,6,1,7,7,2,2,2,-1,-1
17,1,1,5,0,7,7,3,-1,-1,2,2
17,1,1,4,0,7,7,2,2,1,-1,-1
17,1,1,3,0,7,7,3,-1,-1,1,2
17,1,0,2,0,7,7,1,0,0,0,0
1,0,0,1,0,7,7,2,2,2,-1,-1
3,3,1,4,1,7,7,0,1,1,1,1
1,1,0,2,1,7,7,0,1,1,1,1
36,4,4,8,1,7,7,0,1,1,1,1
36,4,4,6,1,7,7,2,1,1,-1,-1
36,4,4,5,0,7,7,3,-1,-1,1,0
36,4,4,4,0,7,7,2,1,1,-1,-1
36,4,4,3,0,7,7,3,-1,-1,1,1
36,4,0,2,0,7,7,2,1,1,-1,-1
36,0,0,1,0,7,7,1,0,0,0,0
6,4,3,8,1,7,7,0,1,1,1,1
6,3,2,6,1,7,7,0,1,1,1,1
6,2,2,4,1,7,7,0,1,1,1,1
6,2,0,2,1,7,7,0,1,1,0,2
10,2,0,2,1,7,7,1,1,1,1,2
2,0,0,1,0,7,7,2,2,2,-1,-1
8,1,1,5,1,7,7,0,1,1,1,1
8,1,1,3,1,7,7,2,2,2,-1,-1
8,1,0,2,0,7,7,1,1,1,1,1
1,0,0,1,1,7,7,2,2,2,-1,-1
16,0,0,1,1,0,7,1,0,0,0,0
16,12,12,5,1,7,7,1,0,0,0,1
12,12,12,4,1,7,7,4,-1,-1,2,-1
12,12,12,4,1,7,0,1,1,1,1,1
12,12,12,3,1,7,7,4,-1,-1,0,-1
12,12,12,3,1,7,0,2,0,0,-1,-1
12,12,0,2,0,7,7,3,-1,-1,0,2
12,0,0,1,0,7,7,1,1,1,1,1
37,7,3,4,1,7,7,2,2,2,-1,-1
37,7,3,3,0,7,7,1,0,0,0,0
7,3,0,2,0,7,7,3,-1,-1,1,1
7,0,0,1,0,7,7,1,1,1,1,1
1,1,1,8,1,7,7,0,1,1,1,1
1,1,1,6,1,7,7,0,1,1,1,1
1,1,1,4,1,7,7,0,1,1,1,1
1,1,0,2,1,7,7,0,1,1,1,1
4,4,4,6,1,7,7,0,1,1,1,1
4,4,4,4,1,7,7,0,1,1,1,1
4,4,0,2,1,7,7,0,1,1,1,1
18,14,0,2,1,7,7,0,0,0,0,0
1,1,1,4,1,0,7,0,2,1,2,1
1,1,0,2,1,7,7,0,1,1,1,1
64,0,0,1,1,0,7,1,0,0,0,0
17,16,5,5,1,7,7,0,1,1,1,1
17,16,5,3,1,7,7,4,-1,-1,0,-1
17,16,5,3,1,7,0,2,1,1,-1,-1
17,16,0,2,0,7,0,0,0,0,0,0
12,0,0,1,1,0,7,1,1,1,1,1
14,10,0,2,1,0,7,0,0,0,0,0
8,3,2,5,1,7,7,0,1,1,1,1
8,2,1,3,1,7,7,2,2,2,-1,-1
8,1,0,2,0,7,7,1,1,1,1,1
1,0,0,1,1,7,7,2,2,2,-1,-1
44,10,10,3,1,7,7,1,0,0,0,0
10,10,0,2,1,7,7,4,0,-1,-1,-1
10,10,0,2,1,0,7,0,0,0,0,0
22,21,21,3,1,7,7,1,0,0,0,0
21,21,0,2,1,7,7,4,2,-1,-1,-1
21,21,0,2,1,0,7,0,0,0,0,0
27,7,7,4,1,7,7,1,0,1,0,1
7,7,7,3,1,7,7,4,0,-1,-1,-1
7,7,7,3,1,0,7,4,-1,-1,0,-1
7,7,7,3,1,0,0,1,1,1,1,0
7,7,0,2,0,7,7,2,0,0,-1,-1
7,0,0,1,0,7,7,3,-1,-1,0,0
2,1,1,7,1,7,7,0,1,1,1,1
1,1,1,5,1,7,7,0,1,1,1,1
1,1,1,3,1,7,7,0,1,1,1,1
1,0,0,1,1,7,7,2,2,2,-1,-1
19,5,0,2,1,7,7,1,0,0,0,0
5,0,0,1,1,7,7,1,1,1,1,1
4,0,0,1,1,0,7,1,2,1,2,1
17,17,7,4,1,7,7,0,0,0,0,1
17,17,0,2,1,7,7,4,-1,-1,2,-1
17,17,0,2,1,7,0,0,0,0,0,0
11,11,5,4,1,7,7,0,1,0,1,1
11,11,0,2,0,7,7,4,-1,-1,2,-1
11,11,0,2,0,7,0,0,0,0,0,0
2,1,1,3,1,7,7,0,1,1,1,1
1,0,0,1,1,7,7,2,2,2,-1,-1
45,19,0,2,1,7,7,1,0,0,0,0
19,0,0,1,0,7,7,1,0,0,0,0
32,0,0,1,1,0,7,1,0,0,0,0
12,12,0,2,1,0,1,0,0,0,0,0
52,12,0,2,1,7,7,1,0,0,0,0
12,0,0,1,1,7,7,1,1,1,1,1
4,2,2,3,1,0,7,0,1,1,2,2
2,0,0,1,0,7,7,3,-1,-1,1,2
8,0,0,1,1,7,7,1,1,1,1,1
34,2,2,8,1,0,7,2,2,2,-1,-1
34,2,2,7,0,7,7,3,-1,-1,2,2
34,2,2,6,0,7,7,2,2,2,-1,-1
34,2,2,5,0,7,7,3,-1,-1,2,2
34,2,2,4,0,7,7,2,2,2,-1,-1
34,2,2,3,0,7,7,3,-1,-1,2,2
34,2,0,2,0,7,7,1,0,0,0,0
2,0,0,1,0,7,7,2,2,2,-1,-1
7,5,5,6,1,0,1,0,1,1,1,1
7,5,5,4,1,7,7,4,-1,-1,0,-1
7,5,5,4,1,7,0,2,1,1,-1,-1
7,5,5,3,0,7,0,3,-1,-1,1,2
7,5,0,2,0,7,7,4,2,-1,-1,-1
7,5,0,2,0,0,7,0,0,0,0,0
3,1,1,6,1,7,7,0,1,1,1,1
1,1,1,4,1,7,7,0,1,1,1,1
1,1,0,2,1,7,7,0,1,1,1,1
24,2,2,5,1,0,7,2,2,2,-1,-1
24,2,2,4,0,7,7,3,-1,-1,2,2
24,2,2,3,0,7,7,2,2,2,-1,-1
24,2,0,2,0,7,7,1,0,0,0,0
2,0,0,1,1,7,7,2,2,2,-1,-1
17,17,7,4,1,7,7,0,0,0,0,1
17,17,0,2,1,7,7,4,-1,-1,2,-1
17,17,0,2,1,7,0,0,0,0,0,0
8,8,8,3,1,0,7,1,1,1,1,1
8,8,0,2,1,7,7,0,0,0,0,0
12,2,2,3,1,7,7,1,1,1,1,1
2,2,0,2,1,7,7,0,1,1,1,1
4,0,0,1,1,7,7,1,1,1,1,1
2,1,1,3,1,7,7,0,1,1,1,1
1,0,0,1,1,7,7,2,2,2,-1,-1
38,2,2,6,1,7,7,2,2,2,-1,-1
38,2,2,5,0,7,7,3,-1,-1,2,2
38,2,2,4,0,7,7,2,2,2,-1,-1
38,2,2,3,0,7,7,3,-1,-1,2,2
38,2,0,2,0,7,7,1,0,0,1,0
2,0,0,1,0,7,7,2,2,2,-1,-1
24,0,0,1,1,0,7,1,0,0,0,0
3,1,0,2,1,0,1,0,1,1,1,1
4,0,0,1,1,7,7,1,1,1,1,1
64,0,0,1,1,7,7,1,0,0,0,0
3,3,1,4,1,0,7,0,1,1,2,2
3,1,0,2,0,7,7,3,-1,-1,1,1
1,0,0,1,0,7,7,2,1,2,-1,-1
4,2,2,7,1,0,7,0,1,1,2,2
2,2,2,5,0,7,7,3,-1,-1,1,2
2,2,2,4,0,7,7,0,1,1,1,1
2,2,0,2,1,7,7,0,1,1,1,1
28,10,6,4,1,0,7,0,1,1,1,2
28,10,0,2,0,7,7,4,-1,-1,0,-1
28,10,0,2,0,7,0,1,0,0,0,0
10,0,0,1,1,7,7,1,1,0,1,1
38,11,6,8,1,7,7,2,2,2,-1,-1
38,11,6,7,0,7,7,3,-1,-1,2,2
38,11,6,6,0,7,7,2,2,2,-1,-1
38,11,6,5,0,7,7,3,-1,-1,1,2
38,11,6,4,0,7,7,2,1,1,-1,-1
38,11,3,3,0,7,7,3,-1,-1,1,1
38,11,0,2,0,7,7,1,0,0,0,0
11,0,0,1,1,7,7,1,1,1,1,1
6,1,1,7,1,7,7,0,1,1,1,1
6,1,1,5,1,7,7,0,1,1,1,1
6,1,1,3,1,7,7,2,2,2,-1,-1
6,1,0,2,0,7,7,0,1,1,0,2
34,30,0,2,1,7,7,0,0,0,0,0
22,5,5,3,1,0,7,1,0,0,0,0
5,5,0,2,1,7,7,4,2,-1,-1,-1
5,5,0,2,1,0,7,0,1,1,1,1
32,0,0,1,1,0,7,1,0,0,0,0
32,0,0,1,1,7,7,1,0,0,0,0
2,1,1,7,1,7,7,0,1,1,1,1
1,1,1,5,1,7,7,0,1,1,1,1
1,1,1,3,1,7,7,0,1,1,1,1
1,0,0,1,1,7,7,2,2,2,-1,-1
3,3,1,4,1,7,7,0,1,1,1,1
1,1,0,2,1,7,7,0,1,1,1,1
2,2,2,8,1,7,7,0,1,1,1,1
2,2,2,6,1,7,7,0,1,1,1,1
2,2,2,4,1,7,7,0,1,1,1,1
2,2,0,2,1,7,7,0,1,1,1,1
3,2,1,5,1,7,7,0,1,1,1,1
1,1,1,3,1,7,7,0,1,1,1,1
1,0,0,1,1,7,7,2,2,2,-1,-1
6,4,2,5,1,7,7,0,1,1,1,1
6,2,2,3,1,7,7,2,2,2,-1,-1
6,2,0,2,0,7,7,0,1,1,0,2
12,0,0,1,1,7,7,1,1,1,1,1
12,5,2,7,1,0,7,0,1,1,1,1
12,5,1,5,1,7,7,2,2,2,-1,-1
12,5,1,4,0,7,7,3,-1,-1,2,2
12,5,1,3,0,7,7,2,2,2,-1,-1
12,5,0,2,0,7,7,1,1,1,1,1
5,0,0,1,1,7,7,1,1,1,1,1
32,0,0,1,1,7,7,1,0,0,0,0
26,13,9,3,1,7,7,1,0,0,0,0
13,9,0,2,1,7,7,4,2,-1,-1,-1
13,9,0,2,1,0,7,0,0,0,0,0
3,1,0,2,1,7,7,0,1,1,1,1
24,0,0,1,1,7,7,1,0,0,0,0
2,1,1,3,1,0,7,0,2,1,2,1
1,0,0,1,1,7,7,2,2,2,-1,-1
11,11,11,8,1,7,7,2,1,1,-1,-1
11,11,11,7,0,7,7,3,-1,-1,1,1
11,11,11,6,1,7,7,4,-1,-1,0,-1
11,11,11,6,1,7,0,2,1,1,-1,-1
11,11,11,5,0,7,0,3,-1,-1,1,0
11,11,11,4,0,7,7,4,2,-1,-1,-1
11,11,11,4,0,0,7,1,1,1,1,1
11,11,11,3,1,7,7,4,-1,-1,0,-1
11,11,11,3,1,7,0,2,0,0,-1,-1
11,11,0,2,0,7,7,3,-1,-1,0,2
11,0,0,1,0,7,7,1,1,1,1,1
64,0,0,1,1,7,7,1,0,0,0,0
10,9,9,7,1,7,7,1,1,0,1,2
9,9,9,6,0,7,7,4,-1,-1,2,-1
9,9,9,6,0,7,0,1,1,0,1,2
9,9,9,5,0,7,7,4,-1,-1,2,-1
9,9,9,5,0,7,0,1,1,0,1,2
9,9,9,4,0,7,7,4,-1,-1,2,-1
9,9,9,4,0,7,0,1,1,0,1,2
9,9,9,3,0,7,7,4,-1,-1,2,-1
9,9,9,3,0,7,0,1,1,0,1,2
9,9,0,2,0,7,7,4,-1,-1,2,-1
9,9,0,2,0,7,0,0,0,0,0,0
16,16,0,2,1,7,7,0,0,0,0,0
14,3,3,7,1,0,1,0,1,1,1,1
14,3,3,5,1,7,7,0,1,1,1,1
14,3,3,3,1,7,7,1,0,0,0,0
3,3,0,2,1,7,7,0,1,1,1,1
6,6,0,2,1,7,7,0,1,1,1,1
2,1,1,3,1,7,7,0,1,1,1,1
1,0,0,1,1,7,7,2,2,2,-1,-1
4,0,0,1,1,7,7,1,1,1,1,1
20,4,0,2,1,0,7,1,0,0,0,0
4,0,0,1,1,7,7,1,1,1,1,1
2,1,1,3,1,0,7,0,2,1,2,1
1,0,0,1,1,7,7,2,2,2,-1,-1
34,7,7,3,1,7,7,1,0,0,0,0
7,7,0,2,0,7,7,4,0,-1,-1,-1
7,7,0,2,0,0,7,0,0,0,0,0
9,3,0,2,1,7,7,0,0,0,0,0
16,0,0,1,1,7,7,1,0,0,0,0
9,1,1,8,1,7,7,0,1,1,1,1
9,1,1,6,1,7,7,0,1,1,1,1
9,1,1,4,1,7,7,2,2,2,-1,-1
9,1,1,3,0,7,7,3,-1,-1,2,2
9,1,0,2,0,7,7,1,1,1,1,2
1,0,0,1,0,7,7,2,2,2,-1,-1
22,21,21,3,1,7,7,1,0,0,0,0
21,21,0,2,1,7,7,4,2,-1,-1,-1
21,21,0,2,1,0,7,0,0,0,0,0
8,8,4,4,1,7,7,2,2,2,-1,-1
8,8,4,3,0,7,7,3,-1,-1,2,0
8,8,0,2,0,7,7,4,0,-1,-1,-1
8,8,0,2,0,0,7,0,0,0,0,0
11,11,11,8,1,0,1,1,1,1,1,1
11,11,11,7,1,7,7,4,-1,-1,0,-1
11,11,11,7,1,7,0,2,1,1,-1,-1
11,11,11,6,0,7,0,3,-1,-1,1,1
11,11,11,5,1,7,7,4,-1,-1,2,-1
11,11,11,5,1,7,0,2,1,2,-1,-1
11,11,11,4,0,7,0,3,-1,-1,0,0
11,11,11,3,0,7,7,4,0,-1,-1,-1
11,11,11,3,0,0,7,1,1,1,1,1
11,11,0,2,1,7,7,4,-1,-1,0,-1
11,11,0,2,1,7,0,2,0,0,-1,-1
11,0,0,1,0,7,7,3,-1,-1,0,2
64,0,0,1,1,0,7,1,0,0,0,0
11,11,5,4,1,7,7,0,1,0,1,1
11,11,0,2,0,7,7,4,-1,-1,2,-1
11,11,0,2,0,7,0,0,0,0,0,0
8,4,4,5,1,7,7,0,1,1,1,1
8,4,4,3,1,7,7,0,1,1,1,1
8,0,0,1,1,7,7,1,1,1,1,1
40,11,6,6,1,7,7,2,2,1,-1,-1
40,11,6,5,0,7,7,3,-1,-1,2,1
40,11,6,4,1,7,7,2,2,2,-1,-1
40,11,6,3,0,7,7,1,0,0,0,0
11,6,0,2,1,7,7,4,0,-1,-1,-1
11,6,0,2,1,0,7,1,1,1,1,1
6,0,0,1,1,7,7,1,1,1,1,1
22,2,2,6,1,7,7,2,2,2,-1,-1
22,2,2,5,0,7,7,3,-1,-1,2,2
22,2,2,4,0,7,7,2,2,2,-1,-1
22,2,2,3,0,7,7,3,-1,-1,2,2
22,2,0,2,0,7,7,1,0,0,1,0
2,0,0,1,0,7,7,2,2,2,-1,-1
4,4,4,6,1,7,7,0,1,1,1,1
4,4,4,4,1,7,7,0,1,1,1,1
4,4,0,2,1,7,7,0,1,1,1,1
5,1,1,8,1,7,7,0,1,1,1,1
5,1,1,6,1,7,7,0,1,1,1,1
5,1,1,4,1,7,7,0,1,1,1,1
5,1,0,2,1,7,7,0,1,1,0,2
21,11,0,2,1,0,7,1,0,0,0,0
11,0,0,1,0,7,7,1,1,1,1,1
16,16,0,2,1,0,1,0,0,0,0,0
32,9,4,4,1,7,7,2,1,1,-1,-1
32,9,3,3,0,7,7,3,-1,-1,1,2
32,9,0,2,0,7,7,1,0,0,0,0
9,0,0,1,1,7,7,1,1,0,1,1
32,12,7,8,1,0,7,2,1,1,-1,-1
32,12,7,7,0,7,7,3,-1,-1,1,1
32,12,7,6,1,7,7,2,2,1,-1,-1
32,12,7,5,0,7,7,3,-1,-1,1,1
32,12,7,4,0,7,7,2,1,2,-1,-1
32,12,7,3,0,7,7,1,0,0,0,0
12,7,0,2,1,7,7,4,0,-1,-1,-1
12,7,0,2,1,0,7,1,1,1,1,1
7,0,0,1,1,7,7,1,1,1,1,1
64,0,0,1,1,7,7,1,0,0,0,0
1,1,1,8,1,7,7,0,1,1,1,1
1,1,1,6,1,7,7,0,1,1,1,1
1,1,1,4,1,7,7,0,1,1,1,1
1,1,0,2,1,7,7,0,1,1,1,1
64,0,0,1,1,0,7,1,0,0,0,0
34,2,2,8,1,7,7,2,2,2,-1,-1
34,2,2,7,0,7,7,3,-1,-1,2,2
34,2,2,6,0,7,7,2,2,2,-1,-1
34,2,2,5,0,7,7,3,-1,-1,2,2
34,2,2,4,0,7,7,2,2,2,-1,-1
34,2,2,3,0,7,7,3,-1,-1,2,2
34,2,0,2,0,7,7,1,0,0,0,0
2,0,0,1,0,7,7,2,2,2,-1,-1
32,0,0,1,1,0,7,1,0,0,0,0
14,4,2,7,1,0,7,0,1,1,1,1
14,1,1,5,1,7,7,2,2,2,-1,-1
14,1,1,4,0,7,7,3,-1,-1,2,2
14,1,1,3,0,7,7,2,2,1,-1,-1
14,1,0,2,0,7,7,1,0,0,1,0
1,0,0,1,0,7,7,3,-1,-1,2,2
14,4,2,7,1,0,7,0,1,1,1,1
14,1,1,5,1,7,7,2,2,2,-1,-1
14,1,1,4,0,7,7,3,-1,-1,2,2
14,1,1,3,0,7,7,2,2,1,-1,-1
14,1,0,2,0,7,7,1,0,0,1,0
1,0,0,1,0,7,7,3,-1,-1,2,2
2,2,1,6,1,7,7,0,1,1,1,1
1,1,1,4,1,7,7,0,1,1,1,1
1,1,0,2,1,7,7,0,1,1,1,1
10,3,3,3,1,0,7,1,1,0,1,1
3,3,0,2,0,7,7,0,1,1,1,1
16,9,7,7,1,7,7,2,1,1,-1,-1
16,9,7,6,0,7,7,3,-1,-1,1,1
16,9,7,5,1,7,7,0,1,1,1,2
16,9,7,3,0,7,7,4,-1,-1,0,-1
16,9,7,3,0,7,0,1,0,0,0,1
9,7,0,2,1,7,7,4,-1,-1,2,-1
9,7,0,2,1,7,0,0,0,0,0,0
48,0,0,1,1,7,7,1,0,0,0,0
2,1,1,3,1,0,7,0,2,1,2,1
1,0,0,1,1,7,7,2,2,2,-1,-1
3,1,1,6,1,7,7,0,1,1,1,1
1,1,1,4,1,7,7,0,1,1,1,1
1,1,0,2,1,7,7,0,1,1,1,1
13,11,0,2,1,0,7,0,0,0,0,0
26,3,3,3,1,7,7,1,0,0,0,0
3,3,0,2,1,7,7,0,1,1,1,1
64,0,0,1,1,7,7,1,0,0,0,0
2,1,1,7,1,7,7,0,1,1,1,1
1,1,1,5,1,7,7,0,1,1,1,1
1,1,1,3,1,7,7,0,1,1,1,1
1,0,0,1,1,7,7,2,2,2,-1,-1
32,32,0,2,1,7,7,0,0,0,0,0
4,0,0,1,1,7,7,1,1,1,1,1
4,0,0,1,1,7,7,1,1,1,1,1
20,6,3,6,1,7,7,2,2,2,-1,-1
20,6,3,5,0,7,7,3,-1,-1,2,1
20,6,3,4,0,7,7,2,1,1,-1,-1
20,6,1,3,0,7,7,3,-1,-1,1,2
20,6,0,2,0,7,7,1,0,0,0,0
6,0,0,1,1,7,7,1,1,1,1,1
8,4,4,3,1,7,7,0,1,1,1,1
8,0,0,1,1,7,7,1,1,1,1,1
9,3,0,2,1,7,7,0,0,0,0,0
24,6,6,5,1,7,7,0,1,1,1,1
24,6,6,3,1,7,7,4,-1,-1,2,-1
24,6,6,3,1,7,0,2,1,1,-1,-1
24,6,0,2,0,7,0,3,-1,-1,1,0
24,0,0,1,1,7,7,1,0,0,0,0
18,1,1,7,1,0,7,0,1,1,1,1
18,1,1,5,1,7,7,2,2,2,-1,-1
18,1,1,4,0,7,7,3,-1,-1,2,2
18,1,1,3,0,7,7,2,2,2,-1,-1
18,1,0,2,0,7,7,1,0,0,0,0
1,0,0,1,0,7,7,2,2,2,-1,-1
2,2,2,8,1,7,7,0,1,1,1,1
2,2,1,6,1,7,7,0,1,1,1,1
1,1,1,4,1,7,7,0,1,1,1,1
1,1,0,2,1,7,7,0,1,1,1,1
37,8,3,3,1,7,7,1,0,1,0,0
8,3,0,2,0,7,7,4,0,-1,-1,-1
8,3,0,2,0,0,7,3,-1,-1,1,1
8,0,0,1,0,0,7,1,1,1,1,1
3,1,0,2,1,7,7,0,1,1,1,1
4,0,0,1,1,7,7,1,1,1,1,1
17,1,1,8,1,0,7,0,1,1,1,1
17,1,1,6,1,7,7,2,2,2,-1,-1
17,1,1,5,0,7,7,3,-1,-1,2,2
17,1,1,4,0,7,7,2,2,1,-1,-1
17,1,1,3,0,7,7,3,-1,-1,1,2
17,1,0,2,0,7,7,1,0,0,0,0
1,0,0,1,0,7,7,2,2,2,-1,-1
37,7,2,5,1,0,7,2,2,2,-1,-1
37,7,1,4,0,7,7,3,-1,-1,2,1
37,7,1,3,0,7,7,1,0,0,0,0
7,1,0,2,0,7,7,3,-1,-1,2,2
7,0,0,1,1,7,7,1,1,1,1,1
10,8,2,5,1,0,7,2,2,2,-1,-1
10,8,2,4,0,7,7,3,-1,-1,2,1
10,8,2,3,0,7,7,1,1,0,1,1
8,2,0,2,0,7,7,2,2,2,-1,-1
8,0,0,1,0,7,7,1,1,1,1,1
6,1,1,3,1,7,7,0,1,1,1,2
1,0,0,1,0,7,7,3,-1,-1,1,2
3,1,0,2,1,7,7,0,1,1,1,1
4,4,0,2,1,7,7,0,1,1,1,1
3,1,1,6,1,7,7,0,1,1,1,1
1,1,1,4,1,7,7,0,1,1,1,1
1,1,0,2,1,7,7,0,1,1,1,1
10,1,1,7,1,7,7,0,1,1,1,1
10,1,1,5,1,7,7,2,2,2,-1,-1
10,1,1,4,0,7,7,3,-1,-1,2,2
10,1,1,3,0,7,7,2,2,1,-1,-1
10,1,0,2,0,7,7,1,1,1,1,2
1,0,0,1,0,7,7,2,2,2,-1,-1
8,8,8,6,1,7,7,0,0,0,0,1
8,8,8,4,1,7,7,4,-1,-1,2,-1
8,8,8,4,1,7,0,1,1,1,1,1
8,8,8,3,1,7,7,1,1,1,1,1
8,8,0,2,1,7,7,0,0,0,0,0
4,0,0,1,1,0,7,1,2,1,2,1
14,10,10,6,1,7,7,0,0,0,0,1
14,10,10,4,1,7,7,4,-1,-1,2,-1
14,10,10,4,1,7,0,1,0,0,0,1
10,10,10,3,1,7,7,4,-1,-1,2,-1
10,10,10,3,1,7,0,1,1,0,1,2
10,10,0,2,0,7,7,4,-1,-1,2,-1
10,10,0,2,0,7,0,0,0,0,0,0
6,5,5,3,1,0,7,1,1,1,1,1
5,5,0,2,1,7,7,0,1,1,1,1
48,10,4,4,1,7,7,2,2,1,-1,-1
48,10,2,3,0,7,7,3,-1,-1,1,2
48,10,0,2,0,7,7,1,0,0,0,0
10,0,0,1,1,7,7,1,1,0,1,1
5,2,1,7,1,7,7,0,1,1,1,1
5,1,1,5,1,7,7,0,1,1,1,1
5,1,1,3,1,7,7,2,2,2,-1,-1
5,1,0,2,0,7,7,0,1,1,0,2
6,6,6,4,1,7,7,0,1,1,1,1
6,6,0,2,1,7,7,4,-1,-1,0,-1
6,6,0,2,1,7,0,2,1,1,-1,-1
6,0,0,1,0,7,7,3,-1,-1,1,2
12,0,0,1,1,7,7,1,1,1,1,1
9,1,1,8,1,0,7,0,1,1,1,1
9,1,1,6,1,7,7,0,1,1,1,1
9,1,1,4,1,7,7,2,2,2,-1,-1
9,1,1,3,0,7,7,3,-1,-1,2,2
9,1,0,2,0,7,7,1,1,1,1,2
1,0,0,1,0,7,7,2,2,2,-1,-1
2,1,1,3,1,7,7,0,1,1,1,1
1,0,0,1,1,7,7,2,2,2,-1,-1
17,16,5,5,1,0,7,0,1,1,1,1
17,16,5,3,1,7,7,4,-1,-1,0,-1
17,16,5,3,1,7,0,2,1,1,-1,-1
17,16,0,2,0,7,0,0,0,0,0,0
7,2,1,5,1,7,7,0,1,1,1,1
7,1,1,3,1,7,7,2,2,2,-1,-1
7,1,0,2,0,7,7,1,1,1,1,1
1,0,0,1,1,7,7,2,2,2,-1,-1
32,0,0,1,1,7,7,1,0,0,0,0
3,3,3,4,1,7,7,0,1,1,1,1
3,3,0,2,1,7,7,0,1,1,1,1
8,0,0,1,1,7,7,1,1,1,1,1
1,1,1,4,1,0,7,0,2,1,2,1
1,1,0,2,1,7,7,0,1,1,1,1
10,8,2,5,1,7,7,2,2,2,-1,-1
10,8,2,4,0,7,7,3,-1,-1,2,1
10,8,2,3,0,7,7,1,1,0,1,1
8,2,0,2,0,7,7,2,2,2,-1,-1
8,0,0,1,0,7,7,1,1,1,1,1
54,2,2,6,1,7,7,2,2,2,-1,-1
54,2,2,5,0,7,7,3,-1,-1,2,2
54,2,2,4,0,7,7,2,2,2,-1,-1
54,2,2,3,0,7,7,3,-1,-1,2,2
54,2,0,2,0,7,7,1,0,0,1,0
2,0,0,1,0,7,7,2,2,2,-1,-1
13,3,0,2,1,0,1,1,0,0,1,1
3,0,0,1,0,7,7,3,-1,-1,1,1
9,7,0,2,1,7,7,0,0,0,0,0
19,1,1,6,1,7,7,2,2,2,-1,-1
19,1,1,5,0,7,7,3,-1,-1,2,2
19,1,1,4,0,7,7,2,2,2,-1,-1
19,1,1,3,0,7,7,3,-1,-1,2,2
19,1,0,2,0,7,7,1,0,0,0,0
1,0,0,1,1,7,7,2,2,2,-1,-1
12,2,2,7,1,7,7,0,1,1,1,1
12,2,2,5,1,7,7,2,2,2,-1,-1
12,2,2,4,0,7,7,3,-1,-1,2,1
12,2,2,3,0,7,7,2,1,1,-1,-1
12,2,0,2,0,7,7,3,-1,-1,1,2
12,0,0,1,0,7,7,1,1,1,1,1
8,0,0,1,1,7,7,1,1,1,1,1
22,2,2,6,1,0,7,2,2,2,-1,-1
22,2,2,5,0,7,7,3,-1,-1,2,2
22,2,2,4,0,7,7,2,2,2,-1,-1
22,2,2,3,0,7,7,3,-1,-1,2,2
22,2,0,2,0,7,7,1,0,0,1,0
2,0,0,1,0,7,7,2,2,2,-1,-1
4,2,1,8,1,0,7,0,1,1,2,2
1,1,1,6,0,7,7,3,-1,-1,1,2
1,1,1,5,0,7,7,0,1,1,1,1
1,1,1,3,1,7,7,0,1,1,1,1
1,0,0,1,1,7,7,2,2,2,-1,-1
4,2,2,7,1,7,7,0,1,1,1,1
2,1,1,5,1,7,7,0,1,1,1,1
1,1,1,3,1,7,7,0,1,1,1,1
1,0,0,1,1,7,7,2,2,2,-1,-1
3,3,3,8,1,7,7,0,1,1,1,1
3,3,1,6,1,7,7,0,1,1,1,1
1,1,1,4,1,7,7,0,1,1,1,1
1,1,0,2,1,7,7,0,1,1,1,1
16,0,0,1,1,7,7,1,0,0,0,0
64,0,0,1,1,7,7,1,0,0,0,0
4,0,0,1,1,7,7,1,1,1,1,1
7,3,2,6,1,7,7,0,1,1,1,1
7,2,1,4,1,7,7,2,2,2,-1,-1
7,1,1,3,0,7,7,3,-1,-1,2,2
7,1,0,2,0,7,7,2,2,2,-1,-1
7,0,0,1,0,7,7,1,1,1,1,1
8,4,0,2,1,7,7,0,0,0,0,0
64,0,0,1,1,7,7,1,0,0,0,0
4,4,4,3,1,7,7,0,1,1,1,1
4,0,0,1,1,7,7,1,1,1,1,1
6,5,5,3,1,7,7,1,1,1,1,1
5,5,0,2,1,7,7,0,1,1,1,1
32,0,0,1,1,7,7,1,0,0,0,0
2,1,1,3,1,0,7,0,2,1,2,1
1,0,0,1,1,7,7,2,2,2,-1,-1
4,0,0,1,1,7,7,1,1,1,1,1
16,15,15,6,1,7,7,0,1,0,1,1
16,15,15,4,0,7,7,4,-1,-1,2,-1
16,15,15,4,0,7,0,1,0,0,0,1
15,15,6,3,1,7,7,4,-1,-1,0,-1
15,15,6,3,1,7,0,2,1,1,-1,-1
15,15,0,2,0,7,0,0,0,0,0,0
46,6,6,4,1,0,7,1,0,0,0,0
6,6,6,3,1,7,7,4,0,-1,-1,-1
6,6,6,3,1,0,7,4,-1,-1,0,-1
6,6,6,3,1,0,0,1,2,2,1,1
6,6,0,2,0,7,7,2,1,1,-1,-1
6,0,0,1,0,7,7,3,-1,-1,1,1
1,1,1,4,1,7,7,0,1,1,1,1
1,1,0,2,1,7,7,0,1,1,1,1
48,0,0,1,1,7,7,1,0,0,0,0
48,0,0,1,1,7,7,1,0,0,0,0
4,4,4,6,1,7,7,0,1,1,1,1
4,4,4,4,1,7,7,0,1,1,1,1
4,4,0,2,1,7,7,0,1,1,1,1
64,0,0,1,1,7,7,1,0,0,0,0
19,5,0,2,1,7,7,1,0,0,0,0
5,0,0,1,1,7,7,1,1,1,1,1
10,7,7,7,1,0,1,2,2,2,-1,-1
10,7,7,6,0,7,1,3,-1,-1,2,2
10,7,7,5,0,7,7,2,2,2,-1,-1
10,7,7,4,0,7,7,1,1,1,1,2
7,7,2,3,0,7,7,2,2,2,-1,-1
7,7,0,2,0,7,7,0,0,0,0,0
29,8,4,8,1,7,7,0,1,1,1,1
29,8,2,6,1,7,7,2,2,2,-1,-1
29,8,1,5,0,7,7,3,-1,-1,2,2
29,8,1,4,0,7,7,2,2,2,-1,-1
29,8,1,3,0,7,7,1,0,0,0,0
8,1,0,2,0,7,7,2,2,2,-1,-1
8,0,0,1,1,7,7,1,1,1,1,1
4,1,1,5,1,7,7,0,1,1,1,1
1,1,1,3,1,7,7,0,1,1,1,1
1,0,0,1,1,7,7,2,2,2,-1,-1
4,0,0,1,1,7,7,1,1,1,1,1
3,3,1,4,1,0,7,0,1,1,2,2
3,1,0,2,0,7,7,3,-1,-1,1,1
1,0,0,1,0,7,7,2,1,2,-1,-1
9,1,1,8,1,7,7,0,1,1,1,1
9,1,1,6,1,7,7,0,1,1,1,1
9,1,1,4,1,7,7,2,2,2,-1,-1
9,1,1,3,0,7,7,3,-1,-1,2,2
9,1,0,2,0,7,7,1,1,1,1,2
1,0,0,1,0,7,7,2,2,2,-1,-1
28,12,12,4,1,7,7,1,0,1,0,1
12,12,12,3,1,7,7,4,0,-1,-1,-1
12,12,12,3,1,0,7,4,-1,-1,0,-1
12,12,12,3,1,0,0,1,1,1,1,1
12,12,0,2,1,7,7,4,-1,-1,0,-1
12,12,0,2,1,7,0,2,0,0,-1,-1
12,0,0,1,0,7,7,3,-1,-1,0,2
18,7,4,4,1,7,7,2,1,1,-1,-1
18,7,3,3,0,7,7,3,-1,-1,1,2
18,7,0,2,0,7,7,1,0,0,0,0
7,0,0,1,0,7,7,1,1,1,1,1
6,2,2,4,1,7,7,2,2,2,-1,-1
6,2,2,3,0,7,7,3,-1,-1,2,2
6,2,0,2,0,7,7,2,2,2,-1,-1
6,0,0,1,0,7,7,1,1,1,1,1
8,6,6,5,1,0,1,0,1,1,1,1
8,6,6,3,1,7,7,4,-1,-1,0,-1
8,6,6,3,1,7,0,2,1,1,-1,-1
8,6,0,2,0,7,0,3,-1,-1,1,2
8,0,0,1,0,7,7,1,1,1,1,1
18,2,2,8,1,0,7,0,1,1,1,1
18,2,2,6,1,7,7,2,2,2,-1,-1
18,2,2,5,0,7,7,3,-1,-1,2,2
18,2,2,4,0,7,7,2,2,1,-1,-1
18,2,2,3,0,7,7,3,-1,-1,1,2
18,2,0,2,0,7,7,1,0,0,0,0
2,0,0,1,0,7,7,2,2,2,-1,-1
4,0,0,1,1,7,7,1,1,1,1,1
4,4,0,2,1,7,7,0,1,1,1,1
7,3,3,4,1,7,7,2,2,1,-1,-1
7,3,3,3,0,7,7,3,-1,-1,1,1
7,3,0,2,0,7,7,2,1,1,-1,-1
7,0,0,1,0,7,7,1,1,1,1,1
4,1,1,5,1,0,1,0,2,1,2,1
4,1,1,3,1,7,7,0,1,1,1,1
1,0,0,1,1,7,7,2,2,2,-1,-1
16,0,0,1,1,7,7,1,0,0,0,0
32,0,0,1,1,7,7,1,0,0,0,0
20,5,2,8,1,7,7,0,1,1,1,1
20,5,1,6,1,7,7,2,2,2,-1,-1
20,5,1,5,0,7,7,3,-1,-1,2,2
20,5,1,4,0,7,7,2,2,2,-1,-1
20,5,1,3,0,7,7,1,0,0,0,0
5,1,0,2,1,7,7,0,1,1,0,2
16,0,0,1,1,0,7,1,0,0,0,0
14,5,2,5,1,7,7,2,2,2,-1,-1
14,5,2,4,0,7,7,3,-1,-1,2,2
14,5,1,3,0,7,7,2,2,2,-1,-1
14,5,0,2,0,7,7,1,0,0,0,0
5,0,0,1,1,7,7,1,1,1,1,1
5,1,1,4,1,7,7,2,2,2,-1,-1
5,1,1,3,0,7,7,3,-1,-1,2,2
5,1,0,2,0,7,7,2,2,2,-1,-1
5,0,0,1,0,7,7,1,1,1,1,1
12,12,0,2,1,7,7,0,0,0,0,0
48,0,0,1,1,0,7,1,0,0,0,0
1,1,1,8,1,0,7,0,2,1,2,1
1,1,1,6,1,7,7,0,1,1,1,1
1,1,1,4,1,7,7,0,1,1,1,1
1,1,0,2,1,7,7,0,1,1,1,1
9,1,1,8,1,0,7,0,1,1,1,1
9,1,1,6,1,7,7,0,1,1,1,1
9,1,1,4,1,7,7,2,2,2,-1,-1
9,1,1,3,0,7,7,3,-1,-1,2,2
9,1,0,2,0,7,7,1,1,1,1,2
1,0,0,1,0,7,7,2,2,2,-1,-1
4,2,2,7,1,7,7,0,1,1,1,1
2,2,2,5,1,7,7,0,1,1,1,1
2,2,2,3,1,7,7,0,1,1,1,1
2,0,0,1,1,7,7,2,2,2,-1,-1
49,15,0,2,1,7,7,1,0,0,0,0
15,0,0,1,0,7,7,1,0,0,0,0
3,1,0,2,1,7,7,0,1,1,1,1
44,10,4,8,1,7,7,2,2,2,-1,-1
44,10,4,7,0,7,7,3,-1,-1,2,2
44,10,4,6,0,7,7,2,2,2,-1,-1
44,10,4,5,0,7,7,3,-1,-1,2,1
44,10,4,4,0,7,7,2,1,1,-1,-1
44,10,1,3,0,7,7,3,-1,-1,1,2
44,10,0,2,0,7,7,1,0,0,0,0
10,0,0,1,1,7,7,1,1,0,1,1
2,1,1,3,1,0,1,0,2,1,2,1
1,0,0,1,1,7,7,2,2,2,-1,-1
2,1,1,3,1,7,7,0,1,1,1,1
1,0,0,1,1,7,7,2,2,2,-1,-1
8,2,2,3,1,7,7,0,1,1,1,1
8,0,0,1,1,7,7,1,1,1,1,1
14,6,4,7,1,7,7,0,1,1,1,1
14,6,2,5,1,7,7,2,2,2,-1,-1
14,6,2,4,0,7,7,3,-1,-1,2,2
14,6,1,3,0,7,7,2,2,2,-1,-1
14,6,0,2,0,7,7,1,0,0,0,0
6,0,0,1,1,7,7,1,1,1,1,1
26,13,9,6,1,0,7,2,1,0,-1,-1
26,13,9,5,0,7,7,3,-1,-1,1,1
26,13,9,4,0,7,7,4,-1,-1,0,-1
26,13,9,4,0,7,0,2,0,0,-1,-1
26,13,9,3,0,7,0,3,-1,-1,0,0
26,13,0,2,0,7,7,1,0,0,0,0
13,0,0,1,1,7,7,1,0,0,0,0
4,1,1,5,1,7,7,0,1,1,1,1
1,1,1,3,1,7,7,0,1,1,1,1
1,0,0,1,1,7,7,2,2,2,-1,-1
26,22,0,2,1,0,7,0,0,0,0,0
34,7,3,7,1,7,7,2,1,1,-1,-1
34,7,1,6,0,7,7,3,-1,-1,1,1
34,7,1,5,1,7,7,2,2,2,-1,-1
34,7,1,4,0,7,7,3,-1,-1,2,2
34,7,1,3,0,7,7,2,2,2,-1,-1
34,7,0,2,0,7,7,1,0,0,0,0
7,0,0,1,0,7,7,1,1,1,1,1
20,7,7,5,1,7,7,1,0,0,0,1
7,7,7,4,1,7,7,4,-1,-1,2,-1
7,7,7,4,1,7,0,1,1,1,1,1
7,7,7,3,1,7,7,1,1,1,1,1
7,7,0,2,1,7,7,0,0,0,0,0
3,3,3,6,1,7,7,0,1,1,1,1
3,1,1,4,1,7,7,0,1,1,1,1
1,1,0,2,1,7,7,0,1,1,1,1
3,1,0,2,1,7,7,0,1,1,1,1
1,1,1,4,1,7,7,0,1,1,1,1
1,1,0,2,1,7,7,0,1,1,1,1
18,6,0,2,1,7,7,1,0,0,0,0
6,0,0,1,0,7,7,1,1,1,1,1
24,0,0,1,1,7,7,1,0,0,0,0
2,2,2,8,1,0,7,0,2,1,2,1
2,2,1,6,1,7,7,0,1,1,1,1
1,1,1,4,1,7,7,0,1,1,1,1
1,1,0,2,1,7,7,0,1,1,1,1
24,0,0,1,1,7,7,1,0,0,0,0
6,2,0,2,1,0,1,0,1,1,0,2
4,4,0,2,1,7,7,0,1,1,1,1
12,0,0,1,1,0,7,1,1,1,1,1
33,15,0,2,1,7,7,1,0,0,0,0
15,0,0,1,0,7,7,1,0,0,0,0
41,23,0,2,1,7,7,1,0,0,0,0
23,0,0,1,0,7,7,1,0,0,0,0
4,0,0,1,1,7,7,1,1,1,1,1
16,0,0,1,1,7,7,1,0,0,0,0
3,2,1,5,1,7,7,0,1,1,1,1
1,1,1,3,1,7,7,0,1,1,1,1
1,0,0,1,1,7,7,2,2,2,-1,-1
4,0,0,1,1,7,7,1,1,1,1,1
9,3,0,2,1,7,7,0,0,0,0,0
2,2,2,8,1,7,7,0,1,1,1,1
2,2,1,6,1,7,7,0,1,1,1,1
1,1,1,4,1,7,7,0,1,1,1,1
1,1,0,2,1,7,7,0,1,1,1,1
18,2,2,4,1,7,7,2,2,2,-1,-1
18,2,2,3,0,7,7,3,-1,-1,2,1
18,2,0,2,0,7,7,1,0,0,0,0
2,0,0,1,0,7,7,2,2,2,-1,-1
37,11,0,2,1,7,7,1,0,0,0,0
11,0,0,1,0,7,7,1,1,1,1,1
2,2,1,6,1,7,7,0,1,1,1,1
1,1,1,4,1,7,7,0,1,1,1,1
1,1,0,2,1,7,7,0,1,1,1,1
28,4,4,6,1,0,7,2,1,1,-1,-1
28,4,4,5,0,7,7,3,-1,-1,1,0
28,4,4,4,0,7,7,2,1,1,-1,-1
28,4,4,3,0,7,7,3,-1,-1,1,1
28,4,0,2,0,7,7,2,1,1,-1,-1
28,0,0,1,0,7,7,1,0,0,0,0
4,1,1,5,1,7,7,0,1,1,1,1
1,1,1,3,1,7,7,0,1,1,1,1
1,0,0,1,1,7,7,2,2,2,-1,-1
12,0,0,1,1,7,7,1,1,1,1,1
4,2,2,7,1,0,1,0,2,1,2,1
4,1,1,5,1,7,7,0,1,1,1,1
1,1,1,3,1,7,7,0,1,1,1,1
1,0,0,1,1,7,7,2,2,2,-1,-1
5,2,1,3,1,7,7,0,1,1,1,2
1,0,0,1,0,7,7,3,-1,-1,1,2
2,2,2,8,1,7,7,0,1,1,1,1
2,2,1,6,1,7,7,0,1,1,1,1
1,1,1,4,1,7,7,0,1,1,1,1
1,1,0,2,1,7,7,0,1,1,1,1
34,7,3,7,1,7,7,2,1,1,-1,-1
34,7,1,6,0,7,7,3,-1,-1,1,1
34,7,1,5,1,7,7,2,2,2,-1,-1
34,7,1,4,0,7,7,3,-1,-1,2,2
34,7,1,3,0,7,7,2,2,2,-1,-1
34,7,0,2,0,7,7,1,0,0,0,0
7,0,0,1,0,7,7,1,1,1,1,1
11,11,11,6,1,0,1,0,1,0,1,1
11,11,11,4,0,7,7,4,-1,-1,2,-1
11,11,11,4,0,7,0,1,1,1,1,1
11,11,5,3,1,7,7,4,-1,-1,0,-1
11,11,5,3,1,7,0,2,1,1,-1,-1
11,11,0,2,0,7,0,0,0,0,0,0
17,6,3,8,1,7,7,0,1,1,1,1
17,6,1,6,1,7,7,2,2,2,-1,-1
17,6,1,5,0,7,7,3,-1,-1,2,2
17,6,1,4,0,7,7,2,2,2,-1,-1
17,6,1,3,0,7,7,1,0,0,0,0
6,1,0,2,0,7,7,2,2,2,-1,-1
6,0,0,1,1,7,7,1,1,1,1,1
14,10,10,6,1,0,7,0,0,0,0,1
14,10,10,4,1,7,7,4,-1,-1,2,-1
14,10,10,4,1,7,0,1,0,0,0,1
10,10,10,3,1,7,7,4,-1,-1,2,-1
10,10,10,3,1,7,0,1,1,0,1,2
10,10,0,2,0,7,7,4,-1,-1,2,-1
10,10,0,2,0,7,0,0,0,0,0,0
6,6,2,4,1,7,7,0,1,1,1,1
6,6,0,2,1,7,7,0,1,1,1,1
8,3,2,5,1,7,7,0,1,1,1,1
8,2,1,3,1,7,7,2,2,2,-1,-1
8,1,0,2,0,7,7,1,1,1,1,1
1,0,0,1,1,7,7,2,2,2,-1,-1
5,2,1,7,1,7,7,0,1,1,1,1
5,1,1,5,1,7,7,0,1,1,1,1
5,1,1,3,1,7,7,2,2,2,-1,-1
5,1,0,2,0,7,7,0,1,1,0,2
1,1,1,4,1,7,7,0,1,1,1,1
1,1,0,2,1,7,7,0,1,1,1,1
48,0,0,1,1,7,7,1,0,0,0,0
16,16,16,4,1,7,7,1,0,0,0,1
16,16,16,3,1,7,7,4,-1,-1,2,-1
16,16,16,3,1,7,0,1,0,0,0,1
16,16,0,2,1,7,7,4,-1,-1,2,-1
16,16,0,2,1,7,0,0,0,0,0,0
2,1,1,3,1,7,7,0,1,1,1,1
1,0,0,1,1,7,7,2,2,2,-1,-1
4,0,0,1,1,7,7,1,1,1,1,1
9,7,7,6,1,0,1,2,1,1,-1,-1
9,7,7,5,0,7,1,3,-1,-1,1,1
9,7,7,4,1,7,7,1,1,0,1,1
7,7,3,3,0,7,7,4,-1,-1,0,-1
7,7,3,3,0,7,0,2,1,1,-1,-1
7,7,0,2,0,7,0,0,0,0,0,0
16,0,0,1,1,0,7,1,0,0,0,0
1,1,1,4,1,7,7,0,1,1,1,1
1,1,0,2,1,7,7,0,1,1,1,1
1,1,1,4,1,7,7,0,1,1,1,1
1,1,0,2,1,7,7,0,1,1,1,1
8,8,4,4,1,7,7,2,2,2,-1,-1
8,8,4,3,0,7,7,3,-1,-1,2,0
8,8,0,2,0,7,7,4,0,-1,-1,-1
8,8,0,2,0,0,7,0,0,0,0,0
1,1,1,8,1,7,7,0,1,1,1,1
1,1,1,6,1,7,7,0,1,1,1,1
1,1,1,4,1,7,7,0,1,1,1,1
1,1,0,2,1,7,7,0,1,1,1,1
7,5,3,7,1,0,7,0,1,1,1,1
7,5,2,5,1,7,7,2,2,2,-1,-1
7,5,2,4,0,7,7,3,-1,-1,2,1
7,5,2,3,0,7,7,2,1,1,-1,-1
7,5,0,2,0,7,7,3,-1,-1,1,1
7,0,0,1,0,7,7,1,1,1,1,1
6,6,6,6,1,0,7,2,2,2,-1,-1
6,6,6,5,0,7,7,3,-1,-1,2,2
6,6,6,4,0,7,7,0,1,1,1,1
6,2,0,2,1,7,7,4,-1,-1,0,-1
6,2,0,2,1,7,0,2,1,1,-1,-1
2,0,0,1,0,7,7,3,-1,-1,2,1
17,4,2,4,1,7,7,2,2,1,-1,-1
17,2,1,3,0,7,7,3,-1,-1,1,2
17,1,0,2,0,7,7,1,0,0,0,0
1,0,0,1,0,7,7,2,2,2,-1,-1
16,8,0,2,1,0,1,1,0,0,0,0
8,0,0,1,1,7,7,1,1,1,1,1
4,2,2,5,1,0,7,0,1,1,2,2
2,2,2,3,0,7,7,3,-1,-1,1,2
2,2,0,2,0,7,7,0,1,1,1,1
64,0,0,1,1,7,7,1,0,0,0,0
2,2,1,6,1,0,1,0,2,1,2,1
1,1,1,4,1,7,7,0,1,1,1,1
1,1,0,2,1,7,7,0,1,1,1,1
64,0,0,1,1,7,7,1,0,0,0,0
39,25,0,2,1,7,7,1,0,0,0,0
25,0,0,1,1,7,7,1,0,0,0,0
12,0,0,1,1,7,7,1,1,1,1,1
10,2,0,2,1,0,7,1,1,1,1,2
2,0,0,1,0,7,7,2,2,2,-1,-1
32,0,0,1,1,7,7,1,0,0,0,0
1,1,1,8,1,0,7,0,2,1,2,1
1,1,1,6,1,7,7,0,1,1,1,1
1,1,1,4,1,7,7,0,1,1,1,1
1,1,0,2,1,7,7,0,1,1,1,1
4,1,1,5,1,7,7,0,1,1,1,1
1,1,1,3,1,7,7,0,1,1,1,1
1,0,0,1,1,7,7,2,2,2,-1,-1
22,10,0,2,1,7,7,1,0,0,0,0
10,0,0,1,1,7,7,1,1,0,1,1
6,3,2,6,1,7,7,0,1,1,1,1
6,2,2,4,1,7,7,2,2,2,-1,-1
6,2,1,3,0,7,7,3,-1,-1,2,2
6,1,0,2,0,7,7,2,2,2,-1,-1
6,0,0,1,0,7,7,1,1,1,1,1
3,1,1,6,1,7,7,0,1,1,1,1
1,1,1,4,1,7,7,0,1,1,1,1
1,1,0,2,1,7,7,0,1,1,1,1
7,3,2,7,1,7,7,0,1,1,1,1
7,1,1,5,1,7,7,0,1,1,1,1
7,1,1,3,1,7,7,2,2,2,-1,-1
7,1,0,2,0,7,7,1,1,1,1,1
1,0,0,1,1,7,7,2,2,2,-1,-1
8,8,8,6,1,0,7,1,1,1,1,1
8,8,8,5,1,7,7,0,0,0,0,1
8,8,8,3,1,7,7,4,-1,-1,2,-1
8,8,8,3,1,7,0,1,1,1,1,1
8,8,0,2,1,7,7,0,0,0,0,0
18,4,1,4,1,7,7,2,2,1,-1,-1
18,1,1,3,0,7,7,3,-1,-1,1,2
18,1,0,2,0,7,7,1,0,0,0,0
1,0,0,1,0,7,7,2,2,2,-1,-1
4,0,0,1,1,7,7,1,1,1,1,1
19,7,4,4,1,0,1,2,2,1,-1,-1
19,7,2,3,0,7,1,3,-1,-1,1,2
19,7,0,2,0,7,7,1,0,0,0,0
7,0,0,1,1,7,7,1,1,1,1,1
29,8,4,8,1,7,7,0,1,1,1,1
29,8,2,6,1,7,7,2,2,2,-1,-1
29,8,1,5,0,7,7,3,-1,-1,2,2
29,8,1,4,0,7,7,2,2,2,-1,-1
29,8,1,3,0,7,7,1,0,0,0,0
8,1,0,2,0,7,7,2,2,2,-1,-1
8,0,0,1,1,7,7,1,1,1,1,1
3,2,1,5,1,7,7,0,1,1,1,1
1,1,1,3,1,7,7,0,1,1,1,1
1,0,0,1,1,7,7,2,2,2,-1,-1
14,4,2,7,1,7,7,0,1,1,1,1
14,1,1,5,1,7,7,2,2,2,-1,-1
14,1,1,4,0,7,7,3,-1,-1,2,2
14,1,1,3,0,7,7,2,2,1,-1,-1
14,1,0,2,0,7,7,1,0,0,1,0
1,0,0,1,0,7,7,3,-1,-1,2,2
32,0,0,1,1,7,7,1,0,0,0,0
4,1,1,5,1,0,7,0,1,1,2,2
1,1,1,3,0,7,7,3,-1,-1,1,2
1,1,0,2,0,7,7,0,1,1,1,1
8,1,1,5,1,7,7,0,1,1,1,1
8,1,1,3,1,7,7,2,2,2,-1,-1
8,1,0,2,0,7,7,1,1,1,1,1
1,0,0,1,1,7,7,2,2,2,-1,-1
5,1,1,8,1,7,7,0,1,1,1,1
5,1,1,6,1,7,7,0,1,1,1,1
5,1,1,4,1,7,7,0,1,1,1,1
5,1,0,2,1,7,7,0,1,1,0,2
6,1,1,3,1,7,7,0,1,1,1,2
1,0,0,1,0,7,7,3,-1,-1,1,2
17,1,1,8,1,7,7,0,1,1,1,1
17,1,1,6,1,7,7,2,2,2,-1,-1
17,1,1,5,0,7,7,3,-1,-1,2,2
17,1,1,4,0,7,7,2,2,1,-1,-1
17,1,1,3,0,7,7,3,-1,-1,1,2
17,1,0,2,0,7,7,1,0,0,0,0
1,0,0,1,0,7,7,2,2,2,-1,-1
12,0,0,1,1,7,7,1,1,1,1,1
13,1,1,4,1,7,7,2,2,2,-1,-1
13,1,1,3,0,7,7,3,-1,-1,2,1
13,1,0,2,0,7,7,1,0,0,1,0
1,0,0,1,0,7,7,3,-1,-1,2,2
4,2,2,7,1,7,7,0,1,1,1,1
2,2,2,5,1,7,7,0,1,1,1,1
2,2,2,3,1,7,7,0,1,1,1,1
2,0,0,1,1,7,7,2,2,2,-1,-1
33,8,3,6,1,7,7,2,2,1,-1,-1
33,8,2,5,0,7,7,3,-1,-1,2,1
33,8,1,4,1,7,7,2,2,2,-1,-1
33,8,1,3,0,7,7,3,-1,-1,2,2
33,8,0,2,0,7,7,1,0,0,0,0
8,0,0,1,0,7,7,1,1,1,1,1
12,0,0,1,1,7,7,1,1,1,1,1
16,0,0,1,1,0,7,1,0,0,0,0
12,4,0,2,1,7,7,1,1,1,1,1
4,0,0,1,1,7,7,1,1,1,1,1
24,8,0,2,1,0,1,1,0,0,0,0
8,0,0,1,1,7,7,1,1,1,1,1
29,19,0,2,1,7,7,1,0,0,0,0
19,0,0,1,0,7,7,1,0,0,0,0
6,2,0,2,1,7,7,0,1,1,0,2
11,1,1,6,1,7,7,0,1,1,1,1
11,1,1,4,1,7,7,2,2,2,-1,-1
11,1,1,3,0,7,7,3,-1,-1,2,2
11,1,0,2,0,7,7,1,1,1,1,1
1,0,0,1,1,7,7,2,2,2,-1,-1
11,5,0,2,1,7,7,1,1,1,1,1
5,0,0,1,1,7,7,1,1,1,1,1
30,9,9,3,1,0,7,1,0,0,0,0
9,9,0,2,0,7,7,4,0,-1,-1,-1
9,9,0,2,0,0,7,0,0,0,0,0
19,1,1,6,1,7,7,2,2,2,-1,-1
19,1,1,5,0,7,7,3,-1,-1,2,2
19,1,1,4,0,7,7,2,2,2,-1,-1
19,1,1,3,0,7,7,3,-1,-1,2,2
19,1,0,2,0,7,7,1,0,0,0,0
1,0,0,1,1,7,7,2,2,2,-1,-1
2,1,1,3,1,0,1,0,2,1,2,1
1,0,0,1,1,7,7,2,2,2,-1,-1
2,1,1,7,1,7,7,0,1,1,1,1
1,1,1,5,1,7,7,0,1,1,1,1
1,1,1,3,1,7,7,0,1,1,1,1
1,0,0,1,1,7,7,2,2,2,-1,-1
7,2,1,5,1,7,7,0,1,1,1,1
7,1,1,3,1,7,7,2,2,2,-1,-1
7,1,0,2,0,7,7,1,1,1,1,1
1,0,0,1,1,7,7,2,2,2,-1,-1
4,2,2,7,1,0,7,0,1,1,2,2
2,2,2,5,0,7,7,3,-1,-1,1,2
2,2,2,4,0,7,7,0,1,1,1,1
2,2,0,2,1,7,7,0,1,1,1,1
4,4,4,7,1,7,7,0,1,1,1,1
4,1,1,5,1,7,7,0,1,1,1,1
1,1,1,3,1,7,7,0,1,1,1,1
1,0,0,1,1,7,7,2,2,2,-1,-1
16,16,16,4,1,7,7,1,0,0,0,1
16,16,16,3,1,7,7,4,-1,-1,2,-1
16,16,16,3,1,7,0,1,0,0,0,1
16,16,0,2,1,7,7,4,-1,-1,2,-1
16,16,0,2,1,7,0,0,0,0,0,0
9,2,1,3,1,7,7,1,1,1,1,2
2,1,0,2,0,7,7,2,2,2,-1,-1
1,0,0,1,0,7,7,3,-1,-1,2,2
10,1,1,7,1,7,7,0,1,1,1,1
10,1,1,5,1,7,7,2,2,2,-1,-1
10,1,1,4,0,7,7,3,-1,-1,2,2
10,1,1,3,0,7,7,2,2,1,-1,-1
10,1,0,2,0,7,7,1,1,1,1,2
1,0,0,1,0,7,7,2,2,2,-1,-1
3,2,1,5,1,0,7,0,1,1,2,2
1,1,1,3,0,7,7,3,-1,-1,1,2
1,1,0,2,0,7,7,0,1,1,1,1
34,6,6,6,1,0,7,0,1,1,1,1
34,6,6,4,1,7,7,4,-1,-1,0,-1
34,6,6,4,1,7,0,2,1,1,-1,-1
34,6,6,3,0,7,0,3,-1,-1,1,2
34,6,0,2,0,7,7,4,2,-1,-1,-1
34,6,0,2,0,0,7,1,0,0,0,0
6,0,0,1,0,7,7,1,1,1,1,1
1,1,1,8,1,7,7,0,1,1,1,1
1,1,1,6,1,7,7,0,1,1,1,1
1,1,1,4,1,7,7,0,1,1,1,1
1,1,0,2,1,7,7,0,1,1,1,1
2,1,1,3,1,7,7,0,1,1,1,1
1,0,0,1,1,7,7,2,2,2,-1,-1
22,5,5,3,1,7,7,1,0,0,0,0
5,5,0,2,1,7,7,4,2,-1,-1,-1
5,5,0,2,1,0,7,0,1,1,1,1
12,3,1,3,1,7,7,1,1,1,1,1
3,1,0,2,1,7,7,0,1,1,1,1
20,12,0,2,1,7,7,1,0,0,0,0
12,0,0,1,1,7,7,1,1,1,1,1
44,10,4,8,1,0,7,2,2,2,-1,-1
44,10,4,7,0,7,7,3,-1,-1,2,2
44,10,4,6,0,7,7,2,2,2,-1,-1
44,10,4,5,0,7,7,3,-1,-1,2,1
44,10,4,4,0,7,7,2,1,1,-1,-1
44,10,1,3,0,7,7,3,-1,-1,1,2
44,10,0,2,0,7,7,1,0,0,0,0
10,0,0,1,1,7,7,1,1,0,1,1
3,1,1,6,1,0,1,0,2,1,2,1
3,1,1,4,1,7,7,0,1,1,1,1
1,1,0,2,1,7,7,0,1,1,1,1
3,3,3,6,1,7,7,0,1,1,1,1
3,1,1,4,1,7,7,0,1,1,1,1
1,1,0,2,1,7,7,0,1,1,1,1
28,12,8,3,1,0,1,1,0,0,0,0
12,8,0,2,1,7,7,4,2,-1,-1,-1
12,8,0,2,1,0,7,1,1,1,1,1
8,0,0,1,1,7,7,1,1,1,1,1
4,1,1,5,1,0,7,0,1,1,2,2
1,1,1,3,0,7,7,3,-1,-1,1,2
1,1,0,2,0,7,7,0,1,1,1,1
12,3,3,5,1,7,7,0,1,1,1,1
12,3,3,3,1,7,7,1,1,1,1,1
3,3,0,2,1,7,7,0,1,1,1,1
3,3,3,4,1,0,7,0,1,1,1,1
3,3,0,2,1,7,7,0,1,1,1,1
4,0,0,1,1,0,7,1,2,1,2,1
2,2,0,2,1,7,7,0,1,1,1,1
6,6,0,2,1,7,7,0,1,1,1,1
11,1,1,6,1,7,7,0,1,1,1,1
11,1,1,4,1,7,7,2,2,2,-1,-1
11,1,1,3,0,7,7,3,-1,-1,2,2
11,1,0,2,0,7,7,1,1,1,1,1
1,0,0,1,1,7,7,2,2,2,-1,-1
3,1,0,2,1,7,7,0,1,1,1,1
2,2,0,2,1,7,7,0,1,1,1,1
44,10,10,3,1,0,7,1,0,0,0,0
10,10,0,2,1,7,7,4,0,-1,-1,-1
10,10,0,2,1,0,7,0,0,0,0,0
32,0,0,1,1,7,7,1,0,0,0,0
3,1,0,2,1,7,7,0,1,1,1,1
1,1,1,4,1,7,7,0,1,1,1,1
1,1,0,2,1,7,7,0,1,1,1,1
1,1,1,8,1,7,7,0,1,1,1,1
1,1,1,6,1,7,7,0,1,1,1,1
1,1,1,4,1,7,7,0,1,1,1,1
1,1,0,2,1,7,7,0,1,1,1,1
8,8,8,6,1,0,7,1,1,1,1,1
8,8,8,5,1,7,7,0,0,0,0,1
8,8,8,3,1,7,7,4,-1,-1,2,-1
8,8,8,3,1,7,0,1,1,1,1,1
8,8,0,2,1,7,7,0,0,0,0,0
32,0,0,1,1,7,7,1,0,0,0,0
32,0,0,1,1,7,7,1,0,0,0,0
3,3,2,7,1,7,7,0,1,1,1,1
2,1,1,5,1,7,7,0,1,1,1,1
1,1,1,3,1,7,7,0,1,1,1,1
1,0,0,1,1,7,7,2,2,2,-1,-1
52,3,3,5,1,7,7,2,2,1,-1,-1
52,3,3,4,0,7,7,3,-1,-1,1,1
52,3,3,3,0,7,7,2,1,1,-1,-1
52,3,0,2,0,7,7,3,-1,-1,1,1
52,0,0,1,0,7,7,1,0,0,0,0
8,0,0,1,1,7,7,1,1,1,1,1
17,16,5,5,1,0,7,0,1,1,1,1
17,16,5,3,1,7,7,4,-1,-1,0,-1
17,16,5,3,1,7,0,2,1,1,-1,-1
17,16,0,2,0,7,0,0,0,0,0,0
40,12,12,3,1,7,7,1,0,0,0,0
12,12,0,2,1,7,7,4,0,-1,-1,-1
12,12,0,2,1,0,7,0,0,0,0,0
7,1,1,6,1,7,7,0,1,1,1,1
7,1,1,4,1,7,7,2,2,2,-1,-1
7,1,1,3,0,7,7,3,-1,-1,2,2
7,1,0,2,0,7,7,2,2,2,-1,-1
7,0,0,1,0,7,7,1,1,1,1,1
6,4,2,5,1,7,7,0,1,1,1,1
6,2,2,3,1,7,7,2,2,2,-1,-1
6,2,0,2,0,7,7,0,1,1,0,2
28,6,6,7,1,7,7,0,1,1,1,1
28,6,6,5,1,7,7,4,-1,-1,0,-1
28,6,6,5,1,7,0,2,1,1,-1,-1
28,6,6,4,0,7,0,3,-1,-1,1,2
28,6,6,3,0,7,7,4,2,-1,-1,-1
28,6,6,3,0,0,7,1,0,0,0,0
6,6,0,2,1,7,7,4,2,-1,-1,-1
6,6,0,2,1,0,7,0,1,1,1,1
7,1,1,6,1,7,7,0,1,1,1,1
7,1,1,4,1,7,7,2,2,2,-1,-1
7,1,1,3,0,7,7,3,-1,-1,2,2
7,1,0,2,0,7,7,2,2,2,-1,-1
7,0,0,1,0,7,7,1,1,1,1,1
4,1,1,5,1,0,7,0,1,1,2,2
1,1,1,3,0,7,7,3,-1,-1,1,2
1,1,0,2,0,7,7,0,1,1,1,1
4,0,0,1,1,7,7,1,1,1,1,1
3,1,0,2,1,7,7,0,1,1,1,1
7,5,0,2,1,7,7,0,0,0,0,0
2,1,1,3,1,7,7,0,1,1,1,1
1,0,0,1,1,7,7,2,2,2,-1,-1
21,5,2,7,1,7,7,0,1,1,1,1
21,5,1,5,1,7,7,2,2,2,-1,-1
21,5,1,4,0,7,7,3,-1,-1,2,2
21,5,1,3,0,7,7,1,0,0,0,0
5,1,0,2,0,7,7,3,-1,-1,2,2
5,0,0,1,1,7,7,1,1,1,1,1
9,5,5,4,1,7,7,1,1,0,1,2
5,5,5,3,0,7,7,4,-1,-1,2,-1
5,5,5,3,0,7,0,1,1,1,1,1
5,5,0,2,1,7,7,0,1,1,1,1
8,6,6,5,1,7,7,0,1,1,1,1
8,6,6,3,1,7,7,4,-1,-1,2,-1
8,6,6,3,1,7,0,2,1,1,-1,-1
8,6,0,2,0,7,0,3,-1,-1,1,0
8,0,0,1,1,7,7,1,1,1,1,1
24,2,2,5,1,7,7,2,2,2,-1,-1
24,2,2,4,0,7,7,3,-1,-1,2,2
24,2,2,3,0,7,7,2,2,2,-1,-1
24,2,0,2,0,7,7,1,0,0,0,0
2,0,0,1,1,7,7,2,2,2,-1,-1
28,4,4,6,1,0,7,2,1,1,-1,-1
28,4,4,5,0,7,7,3,-1,-1,1,0
28,4,4,4,0,7,7,2,1,1,-1,-1
28,4,4,3,0,7,7,3,-1,-1,1,1
28,4,0,2,0,7,7,2,1,1,-1,-1
28,0,0,1,0,7,7,1,0,0,0,0
10,1,1,7,1,7,7,0,1,1,1,1
10,1,1,5,1,7,7,2,2,2,-1,-1
10,1,1,4,0,7,7,3,-1,-1,2,2
10,1,1,3,0,7,7,2,2,1,-1,-1
10,1,0,2,0,7,7,1,1,1,1,2
1,0,0,1,0,7,7,2,2,2,-1,-1
12,4,0,2,1,7,7,1,1,1,1,1
4,0,0,1,1,7,7,1,1,1,1,1
4,0,0,1,1,7,7,1,1,1,1,1
1,1,1,4,1,7,7,0,1,1,1,1
1,1,0,2,1,7,7,0,1,1,1,1
12,3,1,3,1,7,7,1,1,1,1,1
3,1,0,2,1,7,7,0,1,1,1,1
1,1,1,8,1,7,7,0,1,1,1,1
1,1,1,6,1,7,7,0,1,1,1,1
1,1,1,4,1,7,7,0,1,1,1,1
1,1,0,2,1,7,7,0,1,1,1,1
53,11,0,2,1,0,7,1,0,0,0,0
11,0,0,1,0,7,7,1,1,1,1,1
10,3,1,5,1,7,7,2,2,2,-1,-1
10,3,1,4,0,7,7,3,-1,-1,2,1
10,3,1,3,0,7,7,2,1,1,-1,-1
10,1,0,2,0,7,7,3,-1,-1,1,2
10,0,0,1,0,7,7,1,1,0,1,1
8,4,4,5,1,7,7,0,1,1,1,1
8,4,4,3,1,7,7,0,1,1,1,1
8,0,0,1,1,7,7,1,1,1,1,1
8,0,0,1,1,0,7,1,1,1,1,1
14,3,3,7,1,7,7,0,1,1,1,1
14,3,3,5,1,7,7,0,1,1,1,1
14,3,3,3,1,7,7,1,0,0,0,0
3,3,0,2,1,7,7,0,1,1,1,1
12,4,0,2,1,7,7,1,1,1,1,1
4,0,0,1,1,7,7,1,1,1,1,1
12,9,9,5,1,7,7,1,1,0,1,1
9,9,9,4,0,7,7,4,-1,-1,2,-1
9,9,9,4,0,7,0,1,1,0,1,2
9,9,9,3,0,7,7,4,-1,-1,2,-1
9,9,9,3,0,7,0,1,1,0,1,2
9,9,0,2,0,7,7,4,-1,-1,2,-1
9,9,0,2,0,7,0,0,0,0,0,0
1,1,1,4,1,7,7,0,1,1,1,1
1,1,0,2,1,7,7,0,1,1,1,1
12,9,9,5,1,7,7,1,1,0,1,1
9,9,9,4,0,7,7,4,-1,-1,2,-1
9,9,9,4,0,7,0,1,1,0,1,2
9,9,9,3,0,7,7,4,-1,-1,2,-1
9,9,9,3,0,7,0,1,1,0,1,2
9,9,0,2,0,7,7,4,-1,-1,2,-1
9,9,0,2,0,7,0,0,0,0,0,0
6,6,6,8,1,7,7,0,1,1,1,1
6,6,6,6,1,7,7,4,-1,-1,0,-1
6,6,6,6,1,7,0,2,1,1,-1,-1
6,6,6,5,0,7,7,3,-1,-1,1,1
6,6,6,4,1,7,7,4,-1,-1,0,-1
6,6,6,4,1,7,0,2,1,1,-1,-1
6,6,6,3,0,7,7,3,-1,-1,1,2
6,6,0,2,0,7,7,4,2,-1,-1,-1
6,6,0,2,0,0,7,0,1,1,1,1
8,8,8,6,1,7,7,0,0,0,0,1
8,8,8,4,1,7,7,4,-1,-1,2,-1
8,8,8,4,1,7,0,1,1,1,1,1
8,8,8,3,1,7,7,1,1,1,1,1
8,8,0,2,1,7,7,0,0,0,0,0
12,0,0,1,1,0,7,1,1,1,1,1
19,1,1,6,1,7,7,2,2,2,-1,-1
19,1,1,5,0,7,7,3,-1,-1,2,2
19,1,1,4,0,7,7,2,2,2,-1,-1
19,1,1,3,0,7,7,3,-1,-1,2,2
19,1,0,2,0,7,7,1,0,0,0,0
1,0,0,1,1,7,7,2,2,2,-1,-1
12,4,0,2,1,0,1,1,1,1,1,1
4,0,0,1,1,7,7,1,1,1,1,1
12,11,3,5,1,7,7,2,2,1,-1,-1
12,11,3,4,0,7,7,3,-1,-1,1,2
12,11,3,3,0,7,7,2,1,1,-1,-1
12,11,0,2,0,7,7,0,0,0,0,0
45,19,0,2,1,0,7,1,0,0,0,0
19,0,0,1,0,7,7,1,0,0,0,0
1,1,1,4,1,0,7,0,2,1,2,1
1,1,0,2,1,7,7,0,1,1,1,1
12,0,0,1,1,0,7,1,1,1,1,1
16,0,0,1,1,7,7,1,0,0,0,0
35,9,4,3,1,7,7,1,0,0,0,0
9,4,0,2,1,7,7,4,0,-1,-1,-1
9,4,0,2,1,0,7,4,-1,-1,0,-1
9,4,0,2,1,0,0,1,1,1,1,1
4,0,0,1,0,7,7,2,1,1,-1,-1
5,3,0,2,1,7,7,0,1,1,1,0
45,9,4,8,1,7,7,2,2,2,-1,-1
45,9,4,7,0,7,7,3,-1,-1,2,2
45,9,4,6,0,7,7,2,2,2,-1,-1
45,9,4,5,0,7,7,3,-1,-1,2,1
45,9,4,4,0,7,7,2,1,1,-1,-1
45,9,1,3,0,7,7,3,-1,-1,1,2
45,9,0,2,0,7,7,1,0,0,0,0
9,0,0,1,0,7,7,1,1,0,1,1
4,0,0,1,1,7,7,1,1,1,1,1
7,2,1,5,1,7,7,0,1,1,1,1
7,1,1,3,1,7,7,2,2,2,-1,-1
7,1,0,2,0,7,7,1,1,1,1,1
1,0,0,1,1,7,7,2,2,2,-1,-1
16,4,4,3,1,7,7,1,0,0,0,0
4,4,0,2,1,7,7,0,1,1,1,1
20,12,9,7,1,7,7,0,0,1,1,0
20,12,9,5,0,7,7,4,0,-1,-1,-1
20,12,9,5,0,0,7,3,-1,-1,1,2
20,12,9,4,0,0,7,2,1,1,-1,-1
20,12,9,3,0,7,7,4,-1,-1,0,-1
20,12,9,3,0,7,0,1,0,0,0,1
12,9,0,2,1,7,7,4,-1,-1,2,-1
12,9,0,2,1,7,0,0,0,0,0,0
19,1,1,6,1,0,7,2,2,2,-1,-1
19,1,1,5,0,7,7,3,-1,-1,2,2
19,1,1,4,0,7,7,2,2,2,-1,-1
19,1,1,3,0,7,7,3,-1,-1,2,2
19,1,0,2,0,7,7,1,0,0,0,0
1,0,0,1,1,7,7,2,2,2,-1,-1
2,1,1,7,1,7,7,0,1,1,1,1
1,1,1,5,1,7,7,0,1,1,1,1
1,1,1,3,1,7,7,0,1,1,1,1
1,0,0,1,1,7,7,2,2,2,-1,-1
24,0,0,1,1,7,7,1,0,0,0,0
15,5,2,5,1,7,7,2,2,2,-1,-1
15,5,1,4,0,7,7,3,-1,-1,2,2
15,5,1,3,0,7,7,2,2,2,-1,-1
15,5,0,2,0,7,7,1,0,0,0,0
5,0,0,1,1,7,7,1,1,1,1,1
22,5,5,3,1,0,7,1,0,0,0,0
5,5,0,2,1,7,7,4,2,-1,-1,-1
5,5,0,2,1,0,7,0,1,1,1,1
3,3,3,8,1,7,7,0,1,1,1,1
3,3,1,6,1,7,7,0,1,1,1,1
1,1,1,4,1,7,7,0,1,1,1,1
1,1,0,2,1,7,7,0,1,1,1,1
1,1,1,4,1,0,1,0,2,1,2,1
1,1,0,2,1,7,7,0,1,1,1,1
49,3,3,6,1,7,7,2,1,1,-1,-1
49,3,3,5,0,7,7,3,-1,-1,1,0
49,3,3,4,0,7,7,2,1,1,-1,-1
49,3,3,3,0,7,7,3,-1,-1,1,1
49,3,0,2,0,7,7,1,0,0,0,0
3,0,0,1,0,7,7,2,1,1,-1,-1
2,2,0,2,1,7,7,0,1,1,1,1
64,0,0,1,1,7,7,1,0,0,0,0
4,3,2,5,1,0,1,0,1,1,2,2
3,2,1,3,0,7,7,3,-1,-1,1,2
3,1,0,2,0,7,7,0,1,1,1,1
5,3,2,7,1,0,7,0,1,1,1,1
5,2,2,5,1,7,7,0,1,1,1,1
5,1,1,3,1,7,7,2,2,2,-1,-1
5,1,0,2,0,7,7,0,1,1,0,2
8,0,0,1,1,0,7,1,1,1,1,1
33,7,3,7,1,7,7,2,1,1,-1,-1
33,7,2,6,0,7,7,3,-1,-1,1,1
33,7,2,5,1,7,7,2,2,2,-1,-1
33,7,2,4,0,7,7,3,-1,-1,2,2
33,7,1,3,0,7,7,2,2,2,-1,-1
33,7,0,2,0,7,7,1,0,0,0,0
7,0,0,1,0,7,7,1,1,1,1,1
6,1,1,7,1,0,1,0,2,1,2,1
6,1,1,5,1,7,7,0,1,1,1,1
6,1,1,3,1,7,7,2,2,2,-1,-1
6,1,0,2,0,7,7,0,1,1,0,2
5,2,1,7,1,7,7,0,1,1,1,1
5,1,1,5,1,7,7,0,1,1,1,1
5,1,1,3,1,7,7,2,2,2,-1,-1
5,1,0,2,0,7,7,0,1,1,0,2
38,10,0,2,1,7,7,1,0,0,0,0
10,0,0,1,1,7,7,1,1,0,1,1
64,0,0,1,1,7,7,1,0,0,0,0
12,2,2,3,1,7,7,1,1,1,1,1
2,2,0,2,1,7,7,0,1,1,1,1
8,8,8,4,1,0,1,1,1,1,1,1
8,8,8,3,1,7,7,1,1,1,1,1
8,8,0,2,1,7,7,0,0,0,0,0
24,0,0,1,1,7,7,1,0,0,0,0
23,6,2,4,1,7,7,2,2,2,-1,-1
23,6,1,3,0,7,7,1,0,1,0,1
6,1,0,2,1,7,7,4,0,-1,-1,-1
6,1,0,2,1,0,7,4,-1,-1,0,-1
6,1,0,2,1,0,0,1,1,1,2,2
1,0,0,1,0,7,7,3,-1,-1,1,2
14,5,3,4,1,0,7,2,2,2,-1,-1
14,5,3,3,0,7,7,1,0,0,0,0
5,3,0,2,1,7,7,0,1,1,1,0
11,5,0,2,1,7,7,1,1,1,1,1
5,0,0,1,1,7,7,1,1,1,1,1
10,3,2,4,1,7,7,2,2,1,-1,-1
10,2,1,3,0,7,7,3,-1,-1,1,2
10,1,0,2,0,7,7,1,1,1,1,2
1,0,0,1,0,7,7,2,2,2,-1,-1
5,2,1,7,1,0,7,0,1,1,1,1
5,1,1,5,1,7,7,0,1,1,1,1
5,1,1,3,1,7,7,2,2,2,-1,-1
5,1,0,2,0,7,7,0,1,1,0,2
28,9,4,7,1,7,7,0,1,1,1,1
28,9,2,5,1,7,7,2,2,2,-1,-1
28,9,1,4,0,7,7,3,-1,-1,2,2
28,9,1,3,0,7,7,2,2,2,-1,-1
28,9,0,2,0,7,7,1,0,0,0,0
9,0,0,1,1,7,7,1,1,0,1,1
4,4,4,3,1,7,7,0,1,1,1,1
4,0,0,1,1,7,7,1,1,1,1,1
4,0,0,1,1,7,7,1,1,1,1,1
23,4,2,6,1,7,7,2,2,2,-1,-1
23,4,1,5,0,7,7,3,-1,-1,2,2
23,4,1,4,0,7,7,2,2,1,-1,-1
23,4,1,3,0,7,7,3,-1,-1,1,1
23,1,0,2,0,7,7,2,1,2,-1,-1
23,0,0,1,0,7,7,1,0,0,0,0
24,8,0,2,1,7,7,1,0,0,0,0
8,0,0,1,1,7,7,1,1,1,1,1
4,3,3,5,1,7,7,0,1,1,1,1
3,3,3,3,1,7,7,0,1,1,1,1
3,0,0,1,1,7,7,1,1,1,1,1
4,1,1,5,1,7,7,0,1,1,1,1
1,1,1,3,1,7,7,0,1,1,1,1
1,0,0,1,1,7,7,2,2,2,-1,-1
6,6,6,8,1,0,1,2,2,2,-1,-1
6,6,6,7,0,7,1,3,-1,-1,2,2
6,6,6,6,0,7,7,2,2,2,-1,-1
6,6,6,5,0,7,7,3,-1,-1,2,2
6,6,6,4,0,7,7,0,1,1,1,1
6,6,0,2,1,7,7,4,-1,-1,0,-1
6,6,0,2,1,7,0,2,1,1,-1,-1
6,0,0,1,0,7,7,3,-1,-1,1,2
6,2,1,6,1,7,7,0,1,1,1,1
6,1,1,4,1,7,7,2,2,2,-1,-1
6,1,1,3,0,7,7,3,-1,-1,2,2
6,1,0,2,0,7,7,2,2,2,-1,-1
6,0,0,1,0,7,7,1,1,1,1,1
40,24,0,2,1,7,7,1,0,0,0,0
24,0,0,1,1,7,7,1,0,0,0,0
16,12,12,5,1,0,7,1,0,0,0,1
12,12,12,4,1,7,7,4,-1,-1,2,-1
12,12,12,4,1,7,0,1,1,1,1,1
12,12,12,3,1,7,7,4,-1,-1,0,-1
12,12,12,3,1,7,0,2,0,0,-1,-1
12,12,0,2,0,7,7,3,-1,-1,0,2
12,0,0,1,0,7,7,1,1,1,1,1
48,0,0,1,1,7,7,1,0,0,0,0
4,0,0,1,1,7,7,1,1,1,1,1
9,2,1,3,1,7,7,1,1,1,1,2
2,1,0,2,0,7,7,2,2,2,-1,-1
1,0,0,1,0,7,7,3,-1,-1,2,2
22,10,7,5,1,7,7,0,1,1,1,2
22,10,7,3,0,7,7,4,-1,-1,0,-1
22,10,7,3,0,7,0,1,0,0,0,0
10,7,0,2,1,7,7,4,2,-1,-1,-1
10,7,0,2,1,0,7,0,0,0,0,0
22,10,0,2,1,0,7,1,0,0,0,0
10,0,0,1,1,7,7,1,1,0,1,1
4,4,0,2,1,7,7,0,1,1,1,1
2,2,2,8,1,7,7,0,1,1,1,1
2,2,1,6,1,7,7,0,1,1,1,1
1,1,1,4,1,7,7,0,1,1,1,1
1,1,0,2,1,7,7,0,1,1,1,1
16,0,0,1,1,7,7,1,0,0,0,0
4,0,0,1,1,7,7,1,1,1,1,1
4,0,0,1,1,7,7,1,1,1,1,1
6,3,3,7,1,7,7,0,1,1,1,1
6,3,3,5,1,7,7,0,1,1,1,1
6,3,3,3,1,7,7,0,1,1,1,1
6,0,0,1,1,7,7,1,1,1,1,1
2,1,1,3,1,0,1,0,2,1,2,1
1,0,0,1,1,7,7,2,2,2,-1,-1
16,16,0,2,1,7,7,0,0,0,0,0
22,21,21,3,1,7,7,1,0,0,0,0
21,21,0,2,1,7,7,4,2,-1,-1,-1
21,21,0,2,1,0,7,0,0,0,0,0
12,0,0,1,1,7,7,1,1,1,1,1
16,2,2,5,1,7,7,2,2,2,-1,-1
16,2,2,4,0,7,7,3,-1,-1,2,2
16,2,2,3,0,7,7,2,2,2,-1,-1
16,2,0,2,0,7,7,1,0,0,0,0
2,0,0,1,1,7,7,2,2,2,-1,-1
26,9,5,7,1,0,7,2,2,2,-1,-1
26,9,5,6,0,7,7,3,-1,-1,2,1
26,9,5,5,0,7,7,2,1,1,-1,-1
26,9,5,4,0,7,7,3,-1,-1,1,1
26,9,5,3,0,7,7,2,1,1,-1,-1
26,9,0,2,0,7,7,3,-1,-1,0,0
26,0,0,1,0,7,7,1,0,0,0,0
21,1,1,4,1,7,7,2,2,2,-1,-1
21,1,1,3,0,7,7,3,-1,-1,2,1
21,1,0,2,0,7,7,1,0,0,0,0
1,0,0,1,0,7,7,3,-1,-1,2,2
4,1,1,5,1,7,7,0,1,1,1,1
1,1,1,3,1,7,7,0,1,1,1,1
1,0,0,1,1,7,7,2,2,2,-1,-1
14,2,2,6,1,7,7,0,1,1,1,1
14,2,2,4,1,7,7,2,2,2,-1,-1
14,2,2,3,0,7,7,3,-1,-1,2,2
14,2,0,2,0,7,7,1,0,0,1,0
2,0,0,1,0,7,7,3,-1,-1,2,2
6,2,0,2,1,7,7,0,1,1,0,2
37,27,0,2,1,7,7,1,0,0,0,0
27,0,0,1,0,7,7,1,0,0,0,0
20,1,1,5,1,7,7,2,2,2,-1,-1
20,1,1,4,0,7,7,3,-1,-1,2,2
20,1,1,3,0,7,7,2,2,2,-1,-1
20,1,0,2,0,7,7,1,0,0,0,0
1,0,0,1,1,7,7,2,2,2,-1,-1
20,1,1,5,1,0,7,2,2,2,-1,-1
20,1,1,4,0,7,7,3,-1,-1,2,2
20,1,1,3,0,7,7,2,2,2,-1,-1
20,1,0,2,0,7,7,1,0,0,0,0
1,0,0,1,1,7,7,2,2,2,-1,-1
4,4,4,6,1,7,7,0,1,1,1,1
4,4,4,4,1,7,7,0,1,1,1,1
4,4,0,2,1,7,7,0,1,1,1,1
3,1,1,6,1,7,7,0,1,1,1,1
1,1,1,4,1,7,7,0,1,1,1,1
1,1,0,2,1,7,7,0,1,1,1,1
6,1,1,7,1,7,7,0,1,1,1,1
6,1,1,5,1,7,7,0,1,1,1,1
6,1,1,3,1,7,7,2,2,2,-1,-1
6,1,0,2,0,7,7,0,1,1,0,2
3,2,1,5,1,0,1,0,2,1,2,1
3,1,1,3,1,7,7,0,1,1,1,1
1,0,0,1,1,7,7,2,2,2,-1,-1
6,3,3,7,1,7,7,0,1,1,1,1
6,3,3,5,1,7,7,0,1,1,1,1
6,3,3,3,1,7,7,0,1,1,1,1
6,0,0,1,1,7,7,1,1,1,1,1
22,5,2,6,1,7,7,2,2,2,-1,-1
22,5,1,5,0,7,7,3,-1,-1,2,2
22,5,1,4,0,7,7,2,2,2,-1,-1
22,5,1,3,0,7,7,1,0,0,1,0
5,1,0,2,0,7,7,2,2,2,-1,-1
5,0,0,1,1,7,7,1,1,1,1,1
5,1,1,4,1,7,7,2,2,2,-1,-1
5,1,1,3,0,7,7,3,-1,-1,2,2
5,1,0,2,0,7,7,2,2,2,-1,-1
5,0,0,1,0,7,7,1,1,1,1,1
43,3,3,8,1,7,7,2,1,1,-1,-1
43,3,3,7,0,7,7,3,-1,-1,1,1
43,3,3,6,1,7,7,2,1,1,-1,-1
43,3,3,5,0,7,7,3,-1,-1,1,1
43,3,3,4,1,7,7,2,2,1,-1,-1
43,3,3,3,0,7,7,3,-1,-1,1,1
43,3,0,2,0,7,7,2,1,1,-1,-1
43,0,0,1,0,7,7,1,0,0,0,0
64,0,0,1,1,7,7,1,0,0,0,0
12,6,6,7,1,0,7,0,1,1,1,1
12,6,6,5,1,7,7,4,-1,-1,0,-1
12,6,6,5,1,7,0,2,1,1,-1,-1
12,6,6,4,0,7,0,3,-1,-1,1,2
12,6,6,3,0,7,7,4,2,-1,-1,-1
12,6,6,3,0,0,7,1,1,1,1,1
6,6,0,2,1,7,7,4,-1,-1,2,-1
6,6,0,2,1,7,0,2,1,1,-1,-1
6,0,0,1,0,7,7,3,-1,-1,1,0
11,5,0,2,1,7,7,1,1,1,1,1
5,0,0,1,1,7,7,1,1,1,1,1
12,2,2,3,1,7,7,1,1,1,1,1
2,2,0,2,1,7,7,0,1,1,1,1
6,2,2,6,1,7,7,0,1,1,1,1
6,2,2,4,1,7,7,2,2,2,-1,-1
6,2,2,3,0,7,7,3,-1,-1,2,2
6,2,0,2,0,7,7,2,2,2,-1,-1
6,0,0,1,0,7,7,1,1,1,1,1
12,5,3,6,1,0,7,2,2,2,-1,-1
12,5,3,5,0,7,7,3,-1,-1,2,2
12,5,3,4,0,7,7,2,2,1,-1,-1
12,5,3,3,0,7,7,1,1,1,1,1
5,3,0,2,1,7,7,0,1,1,1,0
17,15,0,2,1,7,7,0,0,0,0,0
10,7,7,7,1,0,7,2,2,2,-1,-1
10,7,7,6,0,7,7,3,-1,-1,2,2
10,7,7,5,0,7,7,2,2,2,-1,-1
10,7,7,4,0,7,7,1,1,1,1,2
7,7,2,3,0,7,7,2,2,2,-1,-1
7,7,0,2,0,7,7,0,0,0,0,0
8,0,0,1,1,0,7,1,1,1,1,1
48,11,5,3,1,7,7,1,0,0,0,0
11,5,0,2,1,7,7,4,0,-1,-1,-1
11,5,0,2,1,0,7,1,1,1,1,1
5,0,0,1,1,7,7,1,1,1,1,1
15,4,2,6,1,7,7,0,1,1,1,1
15,1,1,4,1,7,7,2,2,2,-1,-1
15,1,1,3,0,7,7,3,-1,-1,2,2
15,1,0,2,0,7,7,1,0,0,0,0
1,0,0,1,1,7,7,2,2,2,-1,-1
13,4,2,8,1,7,7,0,1,1,1,1
13,1,1,6,1,7,7,0,1,1,1,1
13,1,1,4,1,7,7,2,2,2,-1,-1
13,1,1,3,0,7,7,3,-1,-1,2,2
13,1,0,2,0,7,7,1,0,0,1,0
1,0,0,1,0,7,7,3,-1,-1,2,2
12,2,2,7,1,7,7,0,1,1,1,1
12,2,2,5,1,7,7,2,2,2,-1,-1
12,2,2,4,0,7,7,3,-1,-1,2,1
12,2,2,3,0,7,7,2,1,1,-1,-1
12,2,0,2,0,7,7,3,-1,-1,1,2
12,0,0,1,0,7,7,1,1,1,1,1
10,7,6,5,1,7,7,0,1,1,1,2
10,7,5,3,0,7,7,4,-1,-1,0,-1
10,7,5,3,0,7,0,1,1,0,1,2
7,5,0,2,0,7,7,4,-1,-1,2,-1
7,5,0,2,0,7,0,0,0,0,0,0
4,4,4,3,1,7,7,0,1,1,1,1
4,0,0,1,1,7,7,1,1,1,1,1
2,2,2,4,1,7,7,0,1,1,1,1
2,2,0,2,1,7,7,0,1,1,1,1
16,0,0,1,1,7,7,1,0,0,0,0
4,4,4,3,1,7,7,0,1,1,1,1
4,0,0,1,1,7,7,1,1,1,1,1
17,7,0,2,1,0,1,1,0,0,0,0
7,0,0,1,0,7,7,1,1,1,1,1
64,0,0,1,1,0,7,1,0,0,0,0
8,4,4,3,1,0,1,0,1,1,1,1
8,0,0,1,1,7,7,1,1,1,1,1
24,0,0,1,1,7,7,1,0,0,0,0
40,11,5,8,1,7,7,2,2,2,-1,-1
40,11,5,7,0,7,7,3,-1,-1,2,2
40,11,5,6,0,7,7,2,2,2,-1,-1
40,11,5,5,0,7,7,3,-1,-1,1,2
40,11,5,4,0,7,7,2,1,1,-1,-1
40,11,3,3,0,7,7,3,-1,-1,1,1
40,11,0,2,0,7,7,1,0,0,0,0
11,0,0,1,1,7,7,1,1,1,1,1
37,8,3,3,1,7,7,1,0,1,0,0
8,3,0,2,0,7,7,4,0,-1,-1,-1
8,3,0,2,0,0,7,3,-1,-1,1,1
8,0,0,1,0,0,7,1,1,1,1,1
4,0,0,1,1,7,7,1,1,1,1,1
8,8,8,4,1,7,7,0,0,0,0,1
8,8,0,2,1,7,7,4,-1,-1,2,-1
8,8,0,2,1,7,0,0,0,0,0,0
8,2,2,5,1,7,7,0,1,1,1,1
8,2,2,3,1,7,7,2,2,2,-1,-1
8,2,0,2,0,7,7,1,1,1,1,1
2,0,0,1,1,7,7,2,2,2,-1,-1
28,10,6,4,1,7,7,0,1,1,1,2
28,10,0,2,0,7,7,4,-1,-1,0,-1
28,10,0,2,0,7,0,1,0,0,0,0
10,0,0,1,1,7,7,1,1,0,1,1
8,4,4,5,1,7,7,0,1,1,1,1
8,4,4,3,1,7,7,0,1,1,1,1
8,0,0,1,1,7,7,1,1,1,1,1
4,4,4,3,1,7,7,0,1,1,1,1
4,0,0,1,1,7,7,1,1,1,1,1
22,21,21,3,1,7,7,1,0,0,0,0
21,21,0,2,1,7,7,4,2,-1,-1,-1
21,21,0,2,1,0,7,0,0,0,0,0
8,8,8,4,1,0,7,1,1,1,1,1
8,8,8,3,1,7,7,1,1,1,1,1
8,8,0,2,1,7,7,0,0,0,0,0
7,5,5,6,1,0,7,0,1,1,1,1
7,5,5,4,1,7,7,4,-1,-1,0,-1
7,5,5,4,1,7,0,2,1,1,-1,-1
7,5,5,3,0,7,0,3,-1,-1,1,2
7,5,0,2,0,7,7,4,2,-1,-1,-1
7,5,0,2,0,0,7,0,0,0,0,0
32,0,0,1,1,7,7,1,0,0,0,0
48,0,0,1,1,7,7,1,0,0,0,0
12,2,2,3,1,0,1,0,2,1,2,1
12,0,0,1,1,7,7,1,1,1,1,1
4,0,0,1,1,7,7,1,1,1,1,1
6,2,1,6,1,7,7,0,1,1,1,1
6,1,1,4,1,7,7,2,2,2,-1,-1
6,1,1,3,0,7,7,3,-1,-1,2,2
6,1,0,2,0,7,7,2,2,2,-1,-1
6,0,0,1,0,7,7,1,1,1,1,1
22,5,5,3,1,0,7,1,0,0,0,0
5,5,0,2,1,7,7,4,2,-1,-1,-1
5,5,0,2,1,0,7,0,1,1,1,1
19,5,0,2,1,7,7,1,0,0,0,0
5,0,0,1,1,7,7,1,1,1,1,1
64,0,0,1,1,7,7,1,0,0,0,0
12,0,0,1,1,7,7,1,1,1,1,1
5,4,1,5,1,7,7,0,1,1,1,1
5,1,1,3,1,7,7,2,2,2,-1,-1
5,1,0,2,0,7,7,0,1,1,0,2
7,3,1,8,1,7,7,0,1,1,1,1
7,1,1,6,1,7,7,0,1,1,1,1
7,1,1,4,1,7,7,0,1,1,1,1
7,1,0,2,1,7,7,1,1,1,1,1
1,0,0,1,1,7,7,2,2,2,-1,-1
19,1,1,6,1,7,7,2,2,2,-1,-1
19,1,1,5,0,7,7,3,-1,-1,2,2
19,1,1,4,0,7,7,2,2,2,-1,-1
19,1,1,3,0,7,7,3,-1,-1,2,2
19,1,0,2,0,7,7,1,0,0,0,0
1,0,0,1,1,7,7,2,2,2,-1,-1
23,5,2,5,1,0,7,2,2,2,-1,-1
23,5,1,4,0,7,7,3,-1,-1,2,2
23,5,1,3,0,7,7,2,2,2,-1,-1
23,5,0,2,0,7,7,1,0,0,0,0
5,0,0,1,1,7,7,1,1,1,1,1
2,1,1,3,1,7,7,0,1,1,1,1
1,0,0,1,1,7,7,2,2,2,-1,-1
4,1,1,5,1,0,1,0,2,1,2,1
4,1,1,3,1,7,7,0,1,1,1,1
1,0,0,1,1,7,7,2,2,2,-1,-1
27,5,0,2,1,7,7,1,0,0,0,0
5,0,0,1,1,7,7,1,1,1,1,1
5,1,1,4,1,7,7,2,2,2,-1,-1
5,1,1,3,0,7,7,3,-1,-1,2,2
5,1,0,2,0,7,7,2,2,2,-1,-1
5,0,0,1,0,7,7,1,1,1,1,1
2,1,1,7,1,7,7,0,1,1,1,1
1,1,1,5,1,7,7,0,1,1,1,1
1,1,1,3,1,7,7,0,1,1,1,1
1,0,0,1,1,7,7,2,2,2,-1,-1
34,5,5,7,1,7,7,0,1,1,1,1
34,5,5,5,1,7,7,4,-1,-1,0,-1
34,5,5,5,1,7,0,2,1,1,-1,-1
34,5,5,4,0,7,0,3,-1,-1,1,2
34,5,5,3,0,7,7,4,2,-1,-1,-1
34,5,5,3,0,0,7,1,0,0,0,0
5,5,0,2,0,7,7,4,0,-1,-1,-1
5,5,0,2,0,0,7,0,1,1,1,1
4,1,1,5,1,7,7,0,1,1,1,1
1,1,1,3,1,7,7,0,1,1,1,1
1,0,0,1,1,7,7,2,2,2,-1,-1
4,2,2,5,1,0,1,0,2,1,2,1
4,2,2,3,1,7,7,0,1,1,1,1
2,0,0,1,1,7,7,2,2,2,-1,-1
16,12,12,5,1,7,7,1,0,0,0,1
12,12,12,4,1,7,7,4,-1,-1,2,-1
12,12,12,4,1,7,0,1,1,1,1,1
12,12,12,3,1,7,7,4,-1,-1,0,-1
12,12,12,3,1,7,0,2,0,0,-1,-1
12,12,0,2,0,7,7,3,-1,-1,0,2
12,0,0,1,0,7,7,1,1,1,1,1
64,0,0,1,1,0,7,1,0,0,0,0
17,6,3,7,1,0,7,0,1,1,1,1
17,6,2,5,1,7,7,2,2,2,-1,-1
17,6,1,4,0,7,7,3,-1,-1,2,2
17,6,1,3,0,7,7,1,0,0,0,0
6,1,0,2,0,7,7,2,2,2,-1,-1
6,0,0,1,1,7,7,1,1,1,1,1
4,2,2,7,1,7,7,0,1,1,1,1
2,2,2,5,1,7,7,0,1,1,1,1
2,2,2,3,1,7,7,0,1,1,1,1
2,0,0,1,1,7,7,2,2,2,-1,-1
28,4,4,6,1,7,7,2,1,1,-1,-1
28,4,4,5,0,7,7,3,-1,-1,1,0
28,4,4,4,0,7,7,2,1,1,-1,-1
28,4,4,3,0,7,7,3,-1,-1,1,1
28,4,0,2,0,7,7,2,1,1,-1,-1
28,0,0,1,0,7,7,1,0,0,0,0
1,1,1,8,1,0,7,0,2,1,2,1
1,1,1,6,1,7,7,0,1,1,1,1
1,1,1,4,1,7,7,0,1,1,1,1
1,1,0,2,1,7,7,0,1,1,1,1
45,13,6,3,1,7,7,1,0,0,0,0
13,6,0,2,0,7,7,4,0,-1,-1,-1
13,6,0,2,0,0,7,1,0,0,0,0
6,0,0,1,1,7,7,1,1,1,1,1
7,5,4,3,1,7,7,1,1,1,1,1
5,4,0,2,1,7,7,0,1,1,1,0
9,1,1,4,1,7,7,2,2,2,-1,-1
9,1,1,3,0,7,7,3,-1,-1,2,1
9,1,0,2,0,7,7,1,1,1,1,2
1,0,0,1,0,7,7,2,2,2,-1,-1
8,0,0,1,1,7,7,1,1,1,1,1
1,1,1,8,1,0,7,0,2,1,2,1
1,1,1,6,1,7,7,0,1,1,1,1
1,1,1,4,1,7,7,0,1,1,1,1
1,1,0,2,1,7,7,0,1,1,1,1
3,1,1,6,1,7,7,0,1,1,1,1
1,1,1,4,1,7,7,0,1,1,1,1
1,1,0,2,1,7,7,0,1,1,1,1
16,5,3,3,1,7,7,1,0,0,0,1
5,3,0,2,1,7,7,4,-1,-1,2,-1
5,3,0,2,1,7,0,0,1,0,1,1
6,1,1,3,1,7,7,0,1,1,1,2
1,0,0,1,0,7,7,3,-1,-1,1,2
64,0,0,1,1,0,7,1,0,0,0,0
5,1,1,8,1,0,7,0,1,1,1,1
5,1,1,6,1,7,7,0,1,1,1,1
5,1,1,4,1,7,7,0,1,1,1,1
5,1,0,2,1,7,7,0,1,1,0,2
10,1,1,7,1,7,7,0,1,1,1,1
10,1,1,5,1,7,7,2,2,2,-1,-1
10,1,1,4,0,7,7,3,-1,-1,2,2
10,1,1,3,0,7,7,2,2,1,-1,-1
10,1,0,2,0,7,7,1,1,1,1,2
1,0,0,1,0,7,7,2,2,2,-1,-1
3,3,3,8,1,7,7,0,1,1,1,1
3,3,3,6,1,7,7,0,1,1,1,1
3,3,3,4,1,7,7,0,1,1,1,1
3,3,0,2,1,7,7,0,1,1,1,1
2,2,1,6,1,7,7,0,1,1,1,1
1,1,1,4,1,7,7,0,1,1,1,1
1,1,0,2,1,7,7,0,1,1,1,1
24,4,4,7,1,7,7,0,1,1,1,1
24,4,4,5,1,7,7,2,2,1,-1,-1
24,4,4,4,0,7,7,3,-1,-1,1,1
24,4,4,3,0,7,7,2,1,1,-1,-1
24,4,0,2,0,7,7,3,-1,-1,1,1
24,0,0,1,0,7,7,1,0,0,0,0
5,1,1,8,1,7,7,0,1,1,1,1
5,1,1,6,1,7,7,0,1,1,1,1
5,1,1,4,1,7,7,0,1,1,1,1
5,1,0,2,1,7,7,0,1,1,0,2
8,0,0,1,1,0,7,1,1,1,1,1
6,6,2,4,1,7,7,0,1,1,1,1
6,6,0,2,1,7,7,0,1,1,1,1
12,5,3,6,1,7,7,2,2,2,-1,-1
12,5,3,5,0,7,7,3,-1,-1,2,2
12,5,3,4,0,7,7,2,2,1,-1,-1
12,5,3,3,0,7,7,1,1,1,1,1
5,3,0,2,1,7,7,0,1,1,1,0
12,0,0,1,1,7,7,1,1,1,1,1
2,2,0,2,1,7,7,0,1,1,1,1
10,1,1,7,1,7,7,0,1,1,1,1
10,1,1,5,1,7,7,2,2,2,-1,-1
10,1,1,4,0,7,7,3,-1,-1,2,2
10,1,1,3,0,7,7,2,2,1,-1,-1
10,1,0,2,0,7,7,1,1,1,1,2
1,0,0,1,0,7,7,2,2,2,-1,-1
16,8,0,2,1,7,7,1,0,0,0,0
8,0,0,1,1,7,7,1,1,1,1,1
2,1,1,3,1,7,7,0,1,1,1,1
1,0,0,1,1,7,7,2,2,2,-1,-1
45,13,6,3,1,0,7,1,0,0,0,0
13,6,0,2,0,7,7,4,0,-1,-1,-1
13,6,0,2,0,0,7,1,0,0,0,0
6,0,0,1,1,7,7,1,1,1,1,1
6,2,2,4,1,7,7,2,2,2,-1,-1
6,2,2,3,0,7,7,3,-1,-1,2,2
6,2,0,2,0,7,7,2,2,2,-1,-1
6,0,0,1,0,7,7,1,1,1,1,1
5,1,1,8,1,0,7,0,1,1,1,1
5,1,1,6,1,7,7,0,1,1,1,1
5,1,1,4,1,7,7,0,1,1,1,1
5,1,0,2,1,7,7,0,1,1,0,2
10,5,3,7,1,7,7,0,1,1,1,1
10,5,2,5,1,7,7,2,2,2,-1,-1
10,5,1,4,0,7,7,3,-1,-1,2,2
10,5,1,3,0,7,7,2,2,2,-1,-1
10,5,0,2,0,7,7,0,0,0,0,0
7,3,2,3,1,7,7,0,1,1,1,1
7,0,0,1,1,7,7,1,1,1,1,1
2,1,1,7,1,7,7,0,1,1,1,1
1,1,1,5,1,7,7,0,1,1,1,1
1,1,1,3,1,7,7,0,1,1,1,1
1,0,0,1,1,7,7,2,2,2,-1,-1
8,4,4,3,1,7,7,0,1,1,1,1
8,0,0,1,1,7,7,1,1,1,1,1
5,3,2,4,1,7,7,2,2,1,-1,-1
5,3,2,3,0,7,7,3,-1,-1,1,1
5,2,0,2,0,7,7,2,1,1,-1,-1
2,0,0,1,0,7,7,3,-1,-1,1,2
3,1,0,2,1,7,7,0,1,1,1,1
24,0,0,1,1,7,7,1,0,0,0,0
13,2,1,3,1,7,7,1,0,0,1,0
2,1,0,2,0,7,7,3,-1,-1,2,2
1,0,0,1,0,7,7,2,2,2,-1,-1
29,19,0,2,1,7,7,1,0,0,0,0
19,0,0,1,0,7,7,1,0,0,0,0
2,1,1,7,1,7,7,0,1,1,1,1
1,1,1,5,1,7,7,0,1,1,1,1
1,1,1,3,1,7,7,0,1,1,1,1
1,0,0,1,1,7,7,2,2,2,-1,-1
16,0,0,1,1,7,7,1,0,0,0,0
8,4,0,2,1,7,7,0,0,0,0,0
13,7,5,5,1,0,7,0,1,1,1,1
13,7,5,3,1,7,7,1,0,0,0,1
7,5,0,2,1,7,7,4,-1,-1,2,-1
7,5,0,2,1,7,0,0,0,0,0,0
4,0,0,1,1,0,7,1,2,1,2,1
16,4,4,3,1,7,7,1,0,0,0,0
4,4,0,2,1,7,7,0,1,1,1,1
16,16,16,4,1,0,7,1,0,0,0,1
16,16,16,3,1,7,7,4,-1,-1,2,-1
16,16,16,3,1,7,0,1,0,0,0,1
16,16,0,2,1,7,7,4,-1,-1,2,-1
16,16,0,2,1,7,0,0,0,0,0,0
32,0,0,1,1,0,7,1,0,0,0,0
12,2,2,3,1,7,7,1,1,1,1,1
2,2,0,2,1,7,7,0,1,1,1,1
2,2,0,2,1,0,1,0,2,1,2,1
10,1,1,7,1,7,7,0,1,1,1,1
10,1,1,5,1,7,7,2,2,2,-1,-1
10,1,1,4,0,7,7,3,-1,-1,2,2
10,1,1,3,0,7,7,2,2,1,-1,-1
10,1,0,2,0,7,7,1,1,1,1,2
1,0,0,1,0,7,7,2,2,2,-1,-1
6,6,6,8,1,7,7,2,2,2,-1,-1
6,6,6,7,0,7,7,3,-1,-1,2,2
6,6,6,6,0,7,7,2,2,2,-1,-1
6,6,6,5,0,7,7,3,-1,-1,2,2
6,6,6,4,0,7,7,0,1,1,1,1
6,6,0,2,1,7,7,4,-1,-1,0,-1
6,6,0,2,1,7,0,2,1,1,-1,-1
6,0,0,1,0,7,7,3,-1,-1,1,2
6,6,6,8,1,7,7,2,2,2,-1,-1
6,6,6,7,0,7,7,3,-1,-1,2,2
6,6,6,6,0,7,7,2,2,2,-1,-1
6,6,6,5,0,7,7,3,-1,-1,2,2
6,6,6,4,0,7,7,0,1,1,1,1
6,6,0,2,1,7,7,4,-1,-1,0,-1
6,6,0,2,1,7,0,2,1,1,-1,-1
6,0,0,1,0,7,7,3,-1,-1,1,2
20,4,4,4,1,7,7,2,2,1,-1,-1
20,4,4,3,0,7,7,3,-1,-1,1,1
20,4,0,2,0,7,7,2,1,1,-1,-1
20,0,0,1,0,7,7,1,0,0,0,0
6,4,2,5,1,7,7,0,1,1,1,1
6,2,2,3,1,7,7,2,2,2,-1,-1
6,2,0,2,0,7,7,0,1,1,0,2
28,5,5,5,1,7,7,0,1,1,1,1
28,5,5,3,1,7,7,4,-1,-1,2,-1
28,5,5,3,1,7,0,2,1,1,-1,-1
28,5,0,2,0,7,0,3,-1,-1,1,0
28,0,0,1,1,7,7,1,0,0,0,0
12,0,0,1,1,7,7,1,1,1,1,1
1,1,1,4,1,7,7,0,1,1,1,1
1,1,0,2,1,7,7,0,1,1,1,1
2,1,1,3,1,7,7,0,1,1,1,1
1,0,0,1,1,7,7,2,2,2,-1,-1
3,2,2,8,1,0,7,0,1,1,2,2
2,1,1,6,0,7,7,3,-1,-1,1,2
1,1,1,5,0,7,7,0,1,1,1,1
1,1,1,3,1,7,7,0,1,1,1,1
1,0,0,1,1,7,7,2,2,2,-1,-1
22,21,21,3,1,0,7,1,0,0,0,0
21,21,0,2,1,7,7,4,2,-1,-1,-1
21,21,0,2,1,0,7,0,0,0,0,0
6,2,0,2,1,7,7,0,1,1,0,2
19,9,6,8,1,7,7,0,1,1,1,1
19,9,6,6,1,7,7,2,2,2,-1,-1
19,9,6,5,0,7,7,3,-1,-1,1,2
19,9,6,4,0,7,7,2,1,1,-1,-1
19,9,3,3,0,7,7,3,-1,-1,1,1
19,9,0,2,0,7,7,1,0,0,0,0
9,0,0,1,1,7,7,1,1,0,1,1
8,0,0,1,1,0,7,1,1,1,1,1
16,4,2,5,1,7,7,2,2,1,-1,-1
16,4,1,4,0,7,7,3,-1,-1,1,1
16,1,1,3,0,7,7,2,1,2,-1,-1
16,1,0,2,0,7,7,1,0,0,0,0
1,0,0,1,1,7,7,2,2,2,-1,-1
36,28,0,2,1,0,7,1,0,0,0,0
28,0,0,1,1,7,7,1,0,0,0,0
16,0,0,1,1,7,7,1,0,0,0,0
9,1,1,4,1,7,7,2,2,2,-1,-1
9,1,1,3,0,7,7,3,-1,-1,2,1
9,1,0,2,0,7,7,1,1,1,1,2
1,0,0,1,0,7,7,2,2,2,-1,-1
12,2,1,4,1,0,7,2,2,2,-1,-1
12,1,1,3,0,7,7,3,-1,-1,2,2
12,1,0,2,0,7,7,2,2,2,-1,-1
12,0,0,1,0,7,7,1,1,1,1,1
9,7,7,6,1,7,7,2,1,1,-1,-1
9,7,7,5,0,7,7,3,-1,-1,1,1
9,7,7,4,1,7,7,1,1,0,1,1
7,7,3,3,0,7,7,4,-1,-1,0,-1
7,7,3,3,0,7,0,2,1,1,-1,-1
7,7,0,2,0,7,0,0,0,0,0,0
16,0,0,1,1,7,7,1,0,0,0,0
3,1,0,2,1,7,7,0,1,1,1,1
4,2,1,4,1,7,7,0,1,1,1,1
1,1,0,2,1,7,7,0,1,1,1,1
32,0,0,1,1,7,7,1,0,0,0,0
1,1,1,8,1,0,7,0,2,1,2,1
1,1,1,6,1,7,7,0,1,1,1,1
1,1,1,4,1,7,7,0,1,1,1,1
1,1,0,2,1,7,7,0,1,1,1,1
6,3,3,3,1,0,7,0,1,1,1,1
6,0,0,1,1,7,7,1,1,1,1,1
4,4,2,4,1,0,7,0,1,1,2,2
4,2,0,2,0,7,7,3,-1,-1,1,1
2,0,0,1,0,7,7,2,1,2,-1,-1
8,0,0,1,1,0,7,1,1,1,1,1
17,17,7,4,1,7,7,0,0,0,0,1
17,17,0,2,1,7,7,4,-1,-1,2,-1
17,17,0,2,1,7,0,0,0,0,0,0
2,1,1,7,1,7,7,0,1,1,1,1
1,1,1,5,1,7,7,0,1,1,1,1
1,1,1,3,1,7,7,0,1,1,1,1
1,0,0,1,1,7,7,2,2,2,-1,-1
6,6,6,8,1,0,1,0,1,1,1,1
6,6,6,6,1,7,7,4,-1,-1,0,-1
6,6,6,6,1,7,0,2,1,1,-1,-1
6,6,6,5,0,7,7,3,-1,-1,1,1
6,6,6,4,1,7,7,4,-1,-1,0,-1
6,6,6,4,1,7,0,2,1,1,-1,-1
6,6,6,3,0,7,7,3,-1,-1,1,2
6,6,0,2,0,7,7,4,2,-1,-1,-1
6,6,0,2,0,0,7,0,1,1,1,1
10,8,2,5,1,7,7,2,2,2,-1,-1
10,8,2,4,0,7,7,3,-1,-1,2,1
10,8,2,3,0,7,7,1,1,0,1,1
8,2,0,2,0,7,7,2,2,2,-1,-1
8,0,0,1,0,7,7,1,1,1,1,1
16,16,0,2,1,7,7,0,0,0,0,0
2,2,2,8,1,7,7,0,1,1,1,1
2,2,1,6,1,7,7,0,1,1,1,1
1,1,1,4,1,7,7,0,1,1,1,1
1,1,0,2,1,7,7,0,1,1,1,1
20,5,2,8,1,7,7,0,1,1,1,1
20,5,1,6,1,7,7,2,2,2,-1,-1
20,5,1,5,0,7,7,3,-1,-1,2,2
20,5,1,4,0,7,7,2,2,2,-1,-1
20,5,1,3,0,7,7,1,0,0,0,0
5,1,0,2,1,7,7,0,1,1,0,2
37,17,10,3,1,7,7,1,0,0,0,0
17,10,0,2,0,7,7,4,-1,-1,0,-1
17,10,0,2,0,7,0,1,0,0,0,0
10,0,0,1,0,7,7,1,1,0,1,1
8,2,2,3,1,7,7,0,1,1,1,1
8,0,0,1,1,7,7,1,1,1,1,1
12,10,10,3,1,7,7,1,1,0,1,1
10,10,0,2,0,7,7,4,-1,-1,2,-1
10,10,0,2,0,7,0,0,0,0,0,0
50,10,4,3,1,7,7,1,0,0,0,1
10,4,0,2,0,7,7,4,-1,-1,0,-1
10,4,0,2,0,7,0,2,1,1,-1,-1
10,0,0,1,0,7,0,1,1,0,1,1
13,11,0,2,1,7,7,0,0,0,0,0
5,2,1,7,1,0,7,0,1,1,1,1
5,1,1,5,1,7,7,0,1,1,1,1
5,1,1,3,1,7,7,2,2,2,-1,-1
5,1,0,2,0,7,7,0,1,1,0,2
40,11,5,8,1,7,7,2,2,2,-1,-1
40,11,5,7,0,7,7,3,-1,-1,2,2
40,11,5,6,0,7,7,2,2,2,-1,-1
40,11,5,5,0,7,7,3,-1,-1,1,2
40,11,5,4,0,7,7,2,1,1,-1,-1
40,11,3,3,0,7,7,3,-1,-1,1,1
40,11,0,2,0,7,7,1,0,0,0,0
11,0,0,1,1,7,7,1,1,1,1,1
2,1,1,3,1,0,7,0,2,1,2,1
1,0,0,1,1,7,7,2,2,2,-1,-1
24,22,6,5,1,7,7,0,1,1,1,1
24,22,6,3,1,7,7,4,-1,-1,0,-1
24,22,6,3,1,7,0,2,1,1,-1,-1
24,22,0,2,0,7,0,0,0,0,0,0
32,9,4,4,1,0,1,2,1,1,-1,-1
32,9,3,3,0,7,1,3,-1,-1,1,2
32,9,0,2,0,7,7,1,0,0,0,0
9,0,0,1,1,7,7,1,1,0,1,1
2,1,1,7,1,0,7,0,2,1,2,1
1,1,1,5,1,7,7,0,1,1,1,1
1,1,1,3,1,7,7,0,1,1,1,1
1,0,0,1,1,7,7,2,2,2,-1,-1
8,4,0,2,1,0,7,0,0,0,0,0
48,0,0,1,1,7,7,1,0,0,0,0
6,2,0,2,1,7,7,0,1,1,0,2
50,2,2,8,1,7,7,2,2,2,-1,-1
50,2,2,7,0,7,7,3,-1,-1,2,2
50,2,2,6,0,7,7,2,2,2,-1,-1
50,2,2,5,0,7,7,3,-1,-1,2,2
50,2,2,4,0,7,7,2,2,2,-1,-1
50,2,2,3,0,7,7,3,-1,-1,2,2
50,2,0,2,0,7,7,1,0,0,0,0
2,0,0,1,0,7,7,2,2,2,-1,-1
5,2,1,7,1,7,7,0,1,1,1,1
5,1,1,5,1,7,7,0,1,1,1,1
5,1,1,3,1,7,7,2,2,2,-1,-1
5,1,0,2,0,7,7,0,1,1,0,2
64,0,0,1,1,7,7,1,0,0,0,0
5,1,1,4,1,7,7,2,2,2,-1,-1
5,1,1,3,0,7,7,3,-1,-1,2,2
5,1,0,2,0,7,7,2,2,2,-1,-1
5,0,0,1,0,7,7,1,1,1,1,1
10,8,2,5,1,7,7,2,2,2,-1,-1
10,8,2,4,0,7,7,3,-1,-1,2,1
10,8,2,3,0,7,7,1,1,0,1,1
8,2,0,2,0,7,7,2,2,2,-1,-1
8,0,0,1,0,7,7,1,1,1,1,1
12,11,3,5,1,0,7,2,2,1,-1,-1
12,11,3,4,0,7,7,3,-1,-1,1,2
12,11,3,3,0,7,7,2,1,1,-1,-1
12,11,0,2,0,7,7,0,0,0,0,0
50,2,2,8,1,7,7,2,2,2,-1,-1
50,2,2,7,0,7,7,3,-1,-1,2,2
50,2,2,6,0,7,7,2,2,2,-1,-1
50,2,2,5,0,7,7,3,-1,-1,2,2
50,2,2,4,0,7,7,2,2,2,-1,-1
50,2,2,3,0,7,7,3,-1,-1,2,2
50,2,0,2,0,7,7,1,0,0,0,0
2,0,0,1,0,7,7,2,2,2,-1,-1
64,0,0,1,1,7,7,1,0,0,0,0
24,0,0,1,1,0,7,1,0,0,0,0
16,4,4,3,1,0,7,1,0,0,0,0
4,4,0,2,1,7,7,0,1,1,1,1
8,2,1,8,1,7,7,0,1,1,1,1
8,1,1,6,1,7,7,0,1,1,1,1
8,1,1,4,1,7,7,0,1,1,1,1
8,1,0,2,1,7,7,1,1,1,1,1
1,0,0,1,1,7,7,2,2,2,-1,-1
10,9,9,7,1,7,7,1,1,0,1,2
9,9,9,6,0,7,7,4,-1,-1,2,-1
9,9,9,6,0,7,0,1,1,0,1,2
9,9,9,5,0,7,7,4,-1,-1,2,-1
9,9,9,5,0,7,0,1,1,0,1,2
9,9,9,4,0,7,7,4,-1,-1,2,-1
9,9,9,4,0,7,0,1,1,0,1,2
9,9,9,3,0,7,7,4,-1,-1,2,-1
9,9,9,3,0,7,0,1,1,0,1,2
9,9,0,2,0,7,7,4,-1,-1,2,-1
9,9,0,2,0,7,0,0,0,0,0,0
16,0,0,1,1,0,7,1,0,0,0,0
4,0,0,1,1,7,7,1,1,1,1,1
5,2,1,7,1,7,7,0,1,1,1,1
5,1,1,5,1,7,7,0,1,1,1,1
5,1,1,3,1,7,7,2,2,2,-1,-1
5,1,0,2,0,7,7,0,1,1,0,2
6,6,6,8,1,7,7,0,1,1,1,1
6,6,6,6,1,7,7,4,-1,-1,0,-1
6,6,6,6,1,7,0,2,1,1,-1,-1
6,6,6,5,0,7,7,3,-1,-1,1,1
6,6,6,4,1,7,7,4,-1,-1,0,-1
6,6,6,4,1,7,0,2,1,1,-1,-1
6,6,6,3,0,7,7,3,-1,-1,1,2
6,6,0,2,0,7,7,4,2,-1,-1,-1
6,6,0,2,0,0,7,0,1,1,1,1
8,2,2,3,1,7,7,0,1,1,1,1
8,0,0,1,1,7,7,1,1,1,1,1
7,4,3,4,1,7,7,0,1,1,1,1
7,2,0,2,1,7,7,1,1,1,1,1
2,0,0,1,1,7,7,2,2,2,-1,-1
9,1,1,8,1,7,7,0,1,1,1,1
9,1,1,6,1,7,7,0,1,1,1,1
9,1,1,4,1,7,7,2,2,2,-1,-1
9,1,1,3,0,7,7,3,-1,-1,2,2
9,1,0,2,0,7,7,1,1,1,1,2
1,0,0,1,0,7,7,2,2,2,-1,-1
24,0,0,1,1,7,7,1,0,0,0,0
12,0,0,1,1,7,7,1,1,1,1,1
4,0,0,1,1,7,7,1,1,1,1,1
4,4,4,8,1,0,1,0,1,1,2,2
4,4,4,6,0,7,7,3,-1,-1,1,2
4,4,4,5,0,7,7,0,1,1,1,1
4,2,2,3,1,7,7,0,1,1,1,1
2,0,0,1,1,7,7,2,2,2,-1,-1
20,4,4,8,1,7,7,0,1,1,1,1
20,4,4,6,1,7,7,0,1,1,1,1
20,4,4,4,1,7,7,2,2,1,-1,-1
20,4,4,3,0,7,7,3,-1,-1,1,1
20,4,0,2,0,7,7,2,1,1,-1,-1
20,0,0,1,0,7,7,1,0,0,0,0
4,2,2,5,1,7,7,0,1,1,1,1
2,2,2,3,1,7,7,0,1,1,1,1
2,0,0,1,1,7,7,2,2,2,-1,-1
23,9,0,2,1,7,7,1,0,0,0,0
9,0,0,1,1,7,7,1,1,0,1,1
4,1,1,5,1,0,1,0,2,1,2,1
4,1,1,3,1,7,7,0,1,1,1,1
1,0,0,1,1,7,7,2,2,2,-1,-1
3,2,1,5,1,7,7,0,1,1,1,1
1,1,1,3,1,7,7,0,1,1,1,1
1,0,0,1,1,7,7,2,2,2,-1,-1
12,0,0,1,1,0,7,1,1,1,1,1
6,2,2,6,1,7,7,0,1,1,1,1
6,2,2,4,1,7,7,2,2,2,-1,-1
6,2,2,3,0,7,7,3,-1,-1,2,2
6,2,0,2,0,7,7,2,2,2,-1,-1
6,0,0,1,0,7,7,1,1,1,1,1
26,1,1,7,1,7,7,2,2,2,-1,-1
26,1,1,6,0,7,7,3,-1,-1,2,2
26,1,1,5,0,7,7,2,2,2,-1,-1
26,1,1,4,0,7,7,3,-1,-1,2,2
26,1,1,3,0,7,7,2,2,2,-1,-1
26,1,0,2,0,7,7,1,0,0,1,0
1,0,0,1,0,7,7,3,-1,-1,2,2
4,3,3,5,1,7,7,0,1,1,1,1
3,3,3,3,1,7,7,0,1,1,1,1
3,0,0,1,1,7,7,1,1,1,1,1
16,15,15,6,1,0,1,0,1,0,1,1
16,15,15,4,0,7,7,4,-1,-1,2,-1
16,15,15,4,0,7,0,1,0,0,0,1
15,15,6,3,1,7,7,4,-1,-1,0,-1
15,15,6,3,1,7,0,2,1,1,-1,-1
15,15,0,2,0,7,0,0,0,0,0,0
8,2,2,3,1,7,7,0,1,1,1,1
8,0,0,1,1,7,7,1,1,1,1,1
32,0,0,1,1,7,7,1,0,0,0,0
12,4,0,2,1,7,7,1,1,1,1,1
4,0,0,1,1,7,7,1,1,1,1,1
5,2,2,6,1,7,7,0,1,1,1,1
5,1,1,4,1,7,7,2,2,2,-1,-1
5,1,1,3,0,7,7,3,-1,-1,2,2
5,1,0,2,0,7,7,2,2,2,-1,-1
5,0,0,1,0,7,7,1,1,1,1,1
2,2,0,2,1,7,7,0,1,1,1,1
6,2,1,6,1,0,7,0,1,1,1,1
6,1,1,4,1,7,7,2,2,2,-1,-1
6,1,1,3,0,7,7,3,-1,-1,2,2
6,1,0,2,0,7,7,2,2,2,-1,-1
6,0,0,1,0,7,7,1,1,1,1,1
7,3,2,7,1,7,7,0,1,1,1,1
7,1,1,5,1,7,7,0,1,1,1,1
7,1,1,3,1,7,7,2,2,2,-1,-1
7,1,0,2,0,7,7,1,1,1,1,1
1,0,0,1,1,7,7,2,2,2,-1,-1
1,1,1,4,1,7,7,0,1,1,1,1
1,1,0,2,1,7,7,0,1,1,1,1
1,1,1,4,1,0,7,0,2,1,2,1
1,1,0,2,1,7,7,0,1,1,1,1
4,0,0,1,1,7,7,1,1,1,1,1
1,1,1,8,1,7,7,0,1,1,1,1
1,1,1,6,1,7,7,0,1,1,1,1
1,1,1,4,1,7,7,0,1,1,1,1
1,1,0,2,1,7,7,0,1,1,1,1
4,1,1,5,1,7,7,0,1,1,1,1
1,1,1,3,1,7,7,0,1,1,1,1
1,0,0,1,1,7,7,2,2,2,-1,-1
3,1,0,2,1,7,7,0,1,1,1,1
32,0,0,1,1,7,7,1,0,0,0,0
24,0,0,1,1,7,7,1,0,0,0,0
10,1,1,3,1,0,7,1,1,1,1,2
1,1,0,2,0,7,7,2,2,2,-1,-1
1,0,0,1,0,7,7,3,-1,-1,2,2
8,2,2,3,1,7,7,0,1,1,1,1
8,0,0,1,1,7,7,1,1,1,1,1
6,2,0,2,1,0,7,0,1,1,0,2
48,0,0,1,1,7,7,1,0,0,0,0
24,0,0,1,1,0,7,1,0,0,0,0
17,4,2,4,1,0,7,2,2,1,-1,-1
17,2,1,3,0,7,7,3,-1,-1,1,2
17,1,0,2,0,7,7,1,0,0,0,0
1,0,0,1,0,7,7,2,2,2,-1,-1
12,4,0,2,1,7,7,1,1,1,1,1
4,0,0,1,1,7,7,1,1,1,1,1
17,3,1,6,1,7,7,2,2,2,-1,-1
17,3,1,5,0,7,7,3,-1,-1,2,2
17,3,1,4,0,7,7,2,2,1,-1,-1
17,3,1,3,0,7,7,3,-1,-1,1,1
17,1,0,2,0,7,7,1,0,0,0,0
1,0,0,1,0,7,7,2,2,2,-1,-1
10,9,9,7,1,7,7,1,1,0,1,2
9,9,9,6,0,7,7,4,-1,-1,2,-1
9,9,9,6,0,7,0,1,1,0,1,2
9,9,9,5,0,7,7,4,-1,-1,2,-1
9,9,9,5,0,7,0,1,1,0,1,2
9,9,9,4,0,7,7,4,-1,-1,2,-1
9,9,9,4,0,7,0,1,1,0,1,2
9,9,9,3,0,7,7,4,-1,-1,2,-1
9,9,9,3,0,7,0,1,1,0,1,2
9,9,0,2,0,7,7,4,-1,-1,2,-1
9,9,0,2,0,7,0,0,0,0,0,0
32,0,0,1,1,0,7,1,0,0,0,0
18,6,3,6,1,0,7,2,2,2,-1,-1
18,6,3,5,0,7,7,3,-1,-1,2,1
18,6,3,4,0,7,7,2,1,1,-1,-1
18,6,1,3,0,7,7,3,-1,-1,1,2
18,6,0,2,0,7,7,1,0,0,0,0
6,0,0,1,0,7,7,1,1,1,1,1
18,5,5,7,1,0,7,0,1,1,1,1
18,5,5,5,1,7,7,4,-1,-1,0,-1
18,5,5,5,1,7,0,2,1,1,-1,-1
18,5,5,4,0,7,0,3,-1,-1,1,2
18,5,5,3,0,7,7,4,2,-1,-1,-1
18,5,5,3,0,0,7,1,0,0,0,1
5,5,0,2,0,7,7,4,-1,-1,2,-1
5,5,0,2,0,7,0,0,1,1,1,1
6,2,0,2,1,0,7,0,1,1,0,2
9,4,3,8,1,0,1,0,2,1,1,2
9,3,2,6,0,7,7,2,2,2,-1,-1
9,3,2,5,0,7,7,0,1,1,1,1
9,1,1,3,1,7,7,2,2,2,-1,-1
9,1,0,2,0,7,7,1,1,0,1,1
1,0,0,1,0,7,7,2,2,2,-1,-1
16,7,4,5,1,0,1,2,2,1,-1,-1
16,7,4,4,0,7,1,3,-1,-1,1,1
16,7,3,3,0,7,7,2,1,1,-1,-1
16,7,0,2,0,7,7,1,0,0,0,0
7,0,0,1,1,7,7,1,1,1,1,1
1,1,1,4,1,7,7,0,1,1,1,1
1,1,0,2,1,7,7,0,1,1,1,1
24,5,2,4,1,0,7,2,2,2,-1,-1
24,5,1,3,0,7,7,1,0,1,0,1
5,1,0,2,1,7,7,4,0,-1,-1,-1
5,1,0,2,1,0,7,4,-1,-1,0,-1
5,1,0,2,1,0,0,1,1,1,2,2
1,0,0,1,0,7,7,3,-1,-1,1,2
12,2,2,3,1,7,7,1,1,1,1,1
2,2,0,2,1,7,7,0,1,1,1,1
4,4,0,2,1,7,7,0,1,1,1,1
8,8,8,8,1,7,7,0,0,0,0,1
8,8,8,6,1,7,7,4,-1,-1,2,-1
8,8,8,6,1,7,0,1,1,1,1,1
8,8,8,5,1,7,7,0,0,0,0,1
8,8,8,3,1,7,7,4,-1,-1,2,-1
8,8,8,3,1,7,0,1,1,1,1,1
8,8,0,2,1,7,7,0,0,0,0,0
8,4,4,7,1,0,7,0,1,1,1,1
8,4,4,5,1,7,7,0,1,1,1,1
8,4,4,3,1,7,7,0,1,1,1,1
8,0,0,1,1,7,7,1,1,1,1,1
2,1,1,3,1,7,7,0,1,1,1,1
1,0,0,1,1,7,7,2,2,2,-1,-1
2,1,1,3,1,7,7,0,1,1,1,1
1,0,0,1,1,7,7,2,2,2,-1,-1
6,3,3,7,1,0,7,0,1,1,1,1
6,3,3,5,1,7,7,0,1,1,1,1
6,3,3,3,1,7,7,0,1,1,1,1
6,0,0,1,1,7,7,1,1,1,1,1
10,4,2,3,1,7,7,1,1,1,1,1
4,2,0,2,0,7,7,2,1,1,-1,-1
2,0,0,1,0,7,7,3,-1,-1,1,2
7,4,3,4,1,7,7,0,1,1,1,1
7,2,0,2,1,7,7,1,1,1,1,1
2,0,0,1,1,7,7,2,2,2,-1,-1
3,3,3,6,1,7,7,0,1,1,1,1
3,1,1,4,1,7,7,0,1,1,1,1
1,1,0,2,1,7,7,0,1,1,1,1
10,1,1,3,1,0,1,0,2,1,2,1
10,0,0,1,1,7,7,1,1,0,1,1
27,9,5,6,1,0,7,2,2,2,-1,-1
27,9,5,5,0,7,7,3,-1,-1,2,1
27,9,5,4,0,7,7,2,1,1,-1,-1
27,9,5,3,0,7,7,3,-1,-1,1,1
27,9,0,2,0,7,7,1,0,0,0,0
9,0,0,1,1,7,7,1,1,0,1,1
